name,branch,region,district,phone,email
ALBEHIJE PRIMARY SCHOOL,,Arusha,Arusha,,
BANGATA PRIMARY SCHOOL,,Arusha,Arusha,,
BWAWANI PRIMARY SCHOOL,,Arusha,Arusha,,
DINKA PRIMARY SCHOOL,,Arusha,Arusha,,
EKICA PRIMARY SCHOOL,,Arusha,Arusha,,
ENABOISHU PRIMARY SCHOOL,,Arusha,Arusha,,
ENGEDEKO PRIMARY SCHOOL,,Arusha,Arusha,,
ENGORIKA PRIMARY SCHOOL,,Arusha,Arusha,,
ENJORO PRIMARY SCHOOL,,Arusha,Arusha,,
EUNOTO PRIMARY SCHOOL,,Arusha,Arusha,,
GREEN ACRES PRIMARY SCHOOL,,Arusha,Arusha,,
IKIRWA PRIMARY SCHOOL,,Arusha,Arusha,,
ILKERINI PRIMARY SCHOOL,,Arusha,Arusha,,
ILKIUREI PRIMARY SCHOOL,,Arusha,Arusha,,
IMBIBIA PRIMARY SCHOOL,,Arusha,Arusha,,
JOBREAS PRIMARY SCHOOL,,Arusha,Arusha,,
KIMNYAKI PRIMARY SCHOOL,,Arusha,Arusha,,
KIRANYI PRIMARY SCHOOL,,Arusha,Arusha,,
LAMOLOKI PRIMARY SCHOOL,,Arusha,Arusha,,
LEMAADILI PRIMARY SCHOOL,,Arusha,Arusha,,
LEMUGUR PRIMARY SCHOOL,,Arusha,Arusha,,
LIKAMBA INTEGRITY PRIMARY SCHOOL,,Arusha,Arusha,,
LORUVANI PRIMARY SCHOOL,,Arusha,Arusha,,
MAASAI JOY PRIMARY SCHOOL,,Arusha,Arusha,,
MARGRETH ENGLANDS BURKS PRIMARY SCHOOL,,Arusha,Arusha,,
MBUYUNI PRIMARY SCHOOL,,Arusha,Arusha,,
MIRONGOINE PRIMARY SCHOOL,,Arusha,Arusha,,
MOKOLOI PRIMARY SCHOOL,,Arusha,Arusha,,
MSHIKAMANO PRIMARY SCHOOL,,Arusha,Arusha,,
MUUNGANO PRIMARY SCHOOL,,Arusha,Arusha,,
NAMBERE PRIMARY SCHOOL,,Arusha,Arusha,,
NAUREI PRIMARY SCHOOL,,Arusha,Arusha,,
NEW LIFE PRIMARY SCHOOL,,Arusha,Arusha,,
NG'IRESI PRIMARY SCHOOL,,Arusha,Arusha,,
OLBAK PRIMARY SCHOOL,,Arusha,Arusha,,
OLDADAI PRIMARY SCHOOL,,Arusha,Arusha,,
OLDONYOSAPUK PRIMARY SCHOOL,,Arusha,Arusha,,
OLGILAI PRIMARY SCHOOL,,Arusha,Arusha,,
OLMOTONYI PRIMARY SCHOOL,,Arusha,Arusha,,
OLOMITU PRIMARY SCHOOL,,Arusha,Arusha,,
OLTUROTO PRIMARY SCHOOL,,Arusha,Arusha,,
ROCKLAND PRIMARY SCHOOL,,Arusha,Arusha,,
SAMMENA PRIMARY SCHOOL,,Arusha,Arusha,,
SEIA EBENEZER PRIMARY SCHOOL,,Arusha,Arusha,,
SHINING STAR PRIMARY SCHOOL,,Arusha,Arusha,,
SOTWA WILSON PRIMARY SCHOOL,,Arusha,Arusha,,
ST PAULO PRIMARY SCHOOL,,Arusha,Arusha,,
TIMBOLO PRIMARY SCHOOL,,Arusha,Arusha,,
UMOJA PRIMARY SCHOOL,,Arusha,Arusha,,
WINNERS PRIMARY SCHOOL,,Arusha,Arusha,,
ASSALAF ISLAMIC PRIMARY SCHOOL,,Arusha,Arusha,,
BLUE BELL PRIMARY SCHOOL,,Arusha,Arusha,,
DEANERY PRIMARY SCHOOL,,Arusha,Arusha,,
EKENYWA PRIMARY SCHOOL,,Arusha,Arusha,,
EMAYAN PRIMARY SCHOOL,,Arusha,Arusha,,
ENGALAONI PRIMARY SCHOOL,,Arusha,Arusha,,
ENGILANG'ET PRIMARY SCHOOL,,Arusha,Arusha,,
ENGUTUKOITI PRIMARY SCHOOL,,Arusha,Arusha,,
ERETO PRIMARY SCHOOL,,Arusha,Arusha,,
GRACIOUS PRIMARY SCHOOL,,Arusha,Arusha,,
HEDA PRIMARY SCHOOL,,Arusha,Arusha,,
ILBORU PRIMARY SCHOOL,,Arusha,Arusha,,
ILKISONGO PRIMARY SCHOOL,,Arusha,Arusha,,
ILKUROTI PRIMARY SCHOOL,,Arusha,Arusha,,
JK NYERERE PRIMARY SCHOOL,,Arusha,Arusha,,
KIGONGONI PRIMARY SCHOOL,,Arusha,Arusha,,
KIOGA PRIMARY SCHOOL,,Arusha,Arusha,,
KISONGO PRIMARY SCHOOL,,Arusha,Arusha,,
LASTING BLESS PRIMARY SCHOOL,,Arusha,Arusha,,
LEMINYOR PRIMARY SCHOOL,,Arusha,Arusha,,
LESIRAA PRIMARY SCHOOL,,Arusha,Arusha,,
LOOVILUKUNY PRIMARY SCHOOL,,Arusha,Arusha,,
LOSINONI PRIMARY SCHOOL,,Arusha,Arusha,,
MANYIRE PRIMARY SCHOOL,,Arusha,Arusha,,
MATIM PRIMARY SCHOOL,,Arusha,Arusha,,
MIDAWE PRIMARY SCHOOL,,Arusha,Arusha,,
MOIVO PRIMARY SCHOOL,,Arusha,Arusha,,
MRINGA PRIMARY SCHOOL,,Arusha,Arusha,,
MUSA PRIMARY SCHOOL,,Arusha,Arusha,,
MZIMUNI PRIMARY SCHOOL,,Arusha,Arusha,,
NATEMA PRIMARY SCHOOL,,Arusha,Arusha,,
NENGUNGU PRIMARY SCHOOL,,Arusha,Arusha,,
NGARAMTONI PRIMARY SCHOOL,,Arusha,Arusha,,
NURU PRIMARY SCHOOL,,Arusha,Arusha,,
OLCHOROVUS PRIMARY SCHOOL,,Arusha,Arusha,,
OLDONYOSAMBU PRIMARY SCHOOL,,Arusha,Arusha,,
OLEMEDEYE PRIMARY SCHOOL,,Arusha,Arusha,,
OLKOKOLA PRIMARY SCHOOL,,Arusha,Arusha,,
OLOKII PRIMARY SCHOOL,,Arusha,Arusha,,
OLOSIVA PRIMARY SCHOOL,,Arusha,Arusha,,
PELICAN PRIMARY SCHOOL,,Arusha,Arusha,,
SAMBASHA PRIMARY SCHOOL,,Arusha,Arusha,,
SASI PRIMARY SCHOOL,,Arusha,Arusha,,
SELIANI PRIMARY SCHOOL,,Arusha,Arusha,,
SONGAMBELE PRIMARY SCHOOL,,Arusha,Arusha,,
ST MAGRET PRIMARY SCHOOL,,Arusha,Arusha,,
THEMI YA SIMBA PRIMARY SCHOOL,,Arusha,Arusha,,
TURKISH MAARIF PRIMARY SCHOOL,,Arusha,Arusha,,
WILMARK PRIMARY SCHOOL,,Arusha,Arusha,,
ARUSHA VICTORY PRIMARY SCHOOL,,Arusha,Arusha,,
BETHANY PRIMARY SCHOOL,,Arusha,Arusha,,
CLEVER KIDS PRIMARY SCHOOL,,Arusha,Arusha,,
EBENEZER PRIMARY SCHOOL,,Arusha,Arusha,,
EMAOI PRIMARY SCHOOL,,Arusha,Arusha,,
ENDONYOESOIYE PRIMARY SCHOOL,,Arusha,Arusha,,
ENGIKARET PRIMARY SCHOOL,,Arusha,Arusha,,
ENGORORA BAY PRIMARY SCHOOL,,Arusha,Arusha,,
ENYUATA PRIMARY SCHOOL,,Arusha,Arusha,,
GOODWILL PRIMARY SCHOOL,,Arusha,Arusha,,
GREEN PASTURES PRIMARY SCHOOL,,Arusha,Arusha,,
ILBORU LUTHERAN PRIMARY SCHOOL,,Arusha,Arusha,,
ILKIDING'A PRIMARY SCHOOL,,Arusha,Arusha,,
ILKONERE PRIMARY SCHOOL,,Arusha,Arusha,,
ISLONG PRIMARY SCHOOL,,Arusha,Arusha,,
KAMBI YA MAZIWA PRIMARY SCHOOL,,Arusha,Arusha,,
KINGDOM PRIMARY SCHOOL,,Arusha,Arusha,,
KISERIAN PRIMARY SCHOOL,,Arusha,Arusha,,
LAROI PRIMARY SCHOOL,,Arusha,Arusha,,
LEMANYATA PRIMARY SCHOOL,,Arusha,Arusha,,
LENGIJAVE PRIMARY SCHOOL,,Arusha,Arusha,,
LIKAMBA PRIMARY SCHOOL,,Arusha,Arusha,,
LOSIKITO PRIMARY SCHOOL,,Arusha,Arusha,,
MAJIMOTO PRIMARY SCHOOL,,Arusha,Arusha,,
MARURANI PRIMARY SCHOOL,,Arusha,Arusha,,
MIALE PRIMARY SCHOOL,,Arusha,Arusha,,
MLANGARINI PRIMARY SCHOOL,,Arusha,Arusha,,
MOSESEM PRIMARY SCHOOL,,Arusha,Arusha,,
MUNGUSHI PRIMARY SCHOOL,,Arusha,Arusha,,
MWANDETI PRIMARY SCHOOL,,Arusha,Arusha,,
NAMELOK PRIMARY SCHOOL,,Arusha,Arusha,,
NDURUMA PRIMARY SCHOOL,,Arusha,Arusha,,
NEW VISION PRIMARY SCHOOL,,Arusha,Arusha,,
NGORBOB PRIMARY SCHOOL,,Arusha,Arusha,,
OLCHOKI PRIMARY SCHOOL,,Arusha,Arusha,,
OLDENDERETI PRIMARY SCHOOL,,Arusha,Arusha,,
OLDONYOWAS PRIMARY SCHOOL,,Arusha,Arusha,,
OLJORO PRIMARY SCHOOL,,Arusha,Arusha,,
OLMRINGIRINGA PRIMARY SCHOOL,,Arusha,Arusha,,
OLORIEN VALLEY PRIMARY SCHOOL,,Arusha,Arusha,,
OLTURUMET PRIMARY SCHOOL,,Arusha,Arusha,,
SAIDE PRIMARY SCHOOL,,Arusha,Arusha,,
SAMWA PRIMARY SCHOOL,,Arusha,Arusha,,
SEKEI PRIMARY SCHOOL,,Arusha,Arusha,,
SITI MWINYI PRIMARY SCHOOL,,Arusha,Arusha,,
ST AUGUSTINE PRIMARY SCHOOL,,Arusha,Arusha,,
ST. PIUS PRIMARY SCHOOL,,Arusha,Arusha,,
TRUST ST PATRICK PRIMARY SCHOOL,,Arusha,Arusha,,
USHINDI PRIMARY SCHOOL,,Arusha,Arusha,,
YAKINI PRIMARY SCHOOL,,Arusha,Arusha,,
ANGELICO PRIMARY SCHOOL,,Arusha,Arusha Cc,,
ARUSHA MODERN PRIMARY SCHOOL,,Arusha,Arusha Cc,,
ASSUMPTION PRIMARY SCHOOL,,Arusha,Arusha Cc,,
BARBRA PRIMARY SCHOOL,,Arusha,Arusha Cc,,
BRIGHT SOULS PRIMARY SCHOOL,,Arusha,Arusha Cc,,
CAMP JOSHUA PRIMARY SCHOOL,,Arusha,Arusha Cc,,
CHETI PRIMARY SCHOOL,,Arusha,Arusha Cc,,
DOMINION PRIMARY SCHOOL,,Arusha,Arusha Cc,,
ENALEPO PRIMARY SCHOOL,,Arusha,Arusha Cc,,
ENGOSENGIU PRIMARY SCHOOL,,Arusha,Arusha Cc,,
ERNEST MEYNER PRIMARY SCHOOL,,Arusha,Arusha Cc,,
GLORIOUS PRIMARY SCHOOL,,Arusha,Arusha Cc,,
GOOD HOPE PRIMARY SCHOOL,,Arusha,Arusha Cc,,
GREENWHICH PRIMARY SCHOOL,,Arusha,Arusha Cc,,
HEAVEN PRIMARY SCHOOL,,Arusha,Arusha Cc,,
HIGHRIDGE PRIMARY SCHOOL,,Arusha,Arusha Cc,,
IMANI PRIMARY SCHOOL,,Arusha,Arusha Cc,,
JITIHADA PRIMARY SCHOOL,,Arusha,Arusha Cc,,
KIJENGE PRIMARY SCHOOL,,Arusha,Arusha Cc,,
KIMANDOLU PRIMARY SCHOOL,,Arusha,Arusha Cc,,
LADY OF MERCY PRIMARY SCHOOL,,Arusha,Arusha Cc,,
LISE PRIMARY SCHOOL,,Arusha,Arusha Cc,,
LUCKY VINCENT PRIMARY SCHOOL,,Arusha,Arusha Cc,,
MAJENGO PRIMARY SCHOOL,,Arusha,Arusha Cc,,
MAROMBOSO-BAPTIST PRIMARY SCHOOL,,Arusha,Arusha Cc,,
MATONYOK PRIMARY SCHOOL,,Arusha,Arusha Cc,,
MERU PRIMARY SCHOOL,,Arusha,Arusha Cc,,
MOIVOI PRIMARY SCHOOL,,Arusha,Arusha Cc,,
MOUNT SINAI PRIMARY SCHOOL,,Arusha,Arusha Cc,,
MURIET DARAJANI PRIMARY SCHOOL,,Arusha,Arusha Cc,,
MWANGAZA PRIMARY SCHOOL,,Arusha,Arusha Cc,,
NALOPA PRIMARY SCHOOL,,Arusha,Arusha Cc,,
NEW LIFE SOKON I PRIMARY SCHOOL,,Arusha,Arusha Cc,,
NGARENARO PRIMARY SCHOOL,,Arusha,Arusha Cc,,
NYAHIRI PRIMARY SCHOOL,,Arusha,Arusha Cc,,
OLOIRIEN PRIMARY SCHOOL,,Arusha,Arusha Cc,,
PATMOS ISLANDS PRIMARY SCHOOL,,Arusha,Arusha Cc,,
PRIME PRIMARY SCHOOL,,Arusha,Arusha Cc,,
SALEI PRIMARY SCHOOL,,Arusha,Arusha Cc,,
SHALOM PRIMARY SCHOOL,,Arusha,Arusha Cc,,
SHINDA BASIC PRIMARY SCHOOL,,Arusha,Arusha Cc,,
SOJEMA PRIMARY SCHOOL,,Arusha,Arusha Cc,,
SOUVENIR PRIMARY SCHOOL,,Arusha,Arusha Cc,,
ST JUDE PRIMARY SCHOOL,,Arusha,Arusha Cc,,
ST THADEUS PRIMARY SCHOOL,,Arusha,Arusha Cc,,
SUYE PRIMARY SCHOOL,,Arusha,Arusha Cc,,
TEREZA NUZZO PRIMARY SCHOOL,,Arusha,Arusha Cc,,
THEMI PRIMARY SCHOOL,,Arusha,Arusha Cc,,
UHURU PRIMARY SCHOOL,,Arusha,Arusha Cc,,
UNITY PRIMARY SCHOOL,,Arusha,Arusha Cc,,
WINNING SPIRIT PRIMARY SCHOOL,,Arusha,Arusha Cc,,
ARUSHA INTERGRATED PRIMARY SCHOOL,,Arusha,Arusha Cc,,
ARUSHA ROYAL VISION PRIMARY SCHOOL,,Arusha,Arusha Cc,,
BARAA PRIMARY SCHOOL,,Arusha,Arusha Cc,,
BRIGHT FUTURE PRIMARY SCHOOL,,Arusha,Arusha Cc,,
BURKA PRIMARY SCHOOL,,Arusha,Arusha Cc,,
CARMEL PRIMARY SCHOOL,,Arusha,Arusha Cc,,
DARAJA- II PRIMARY SCHOOL,,Arusha,Arusha Cc,,
ELYON PRIMARY SCHOOL,,Arusha,Arusha Cc,,
ENGIRA PRIMARY SCHOOL,,Arusha,Arusha Cc,,
GHATI MEMORIAL PRIMARY SCHOOL,,Arusha,Arusha Cc,,
GOLGOTHA PRIMARY SCHOOL,,Arusha,Arusha Cc,,
GREEN VALLEY PRIMARY SCHOOL,,Arusha,Arusha Cc,,
HEALSUN PRIMARY SCHOOL,,Arusha,Arusha Cc,,
HIGH VIEW PRIMARY SCHOOL,,Arusha,Arusha Cc,,
HOPE PRIMARY SCHOOL,,Arusha,Arusha Cc,,
INTEL PRIMARY SCHOOL,,Arusha,Arusha Cc,,
KALOLENI PRIMARY SCHOOL,,Arusha,Arusha Cc,,
KIMANDOLU LUTH PRIMARY SCHOOL,,Arusha,Arusha Cc,,
KISIMANI PRIMARY SCHOOL,,Arusha,Arusha Cc,,
LEVOLOSI PRIMARY SCHOOL,,Arusha,Arusha Cc,,
LOSIYO PRIMARY SCHOOL,,Arusha,Arusha Cc,,
MAGEREZA PRIMARY SCHOOL,,Arusha,Arusha Cc,,
MARANATHA MISSION PRIMARY SCHOOL,,Arusha,Arusha Cc,,
MATEVES PRIMARY SCHOOL,,Arusha,Arusha Cc,,
MECSON PRIMARY SCHOOL,,Arusha,Arusha Cc,,
MKONOO PRIMARY SCHOOL,,Arusha,Arusha Cc,,
MOUNT MERU PRIMARY SCHOOL,,Arusha,Arusha Cc,,
MSASANI PRIMARY SCHOOL,,Arusha,Arusha Cc,,
MURONGOINE PRIMARY SCHOOL,,Arusha,Arusha Cc,,
NAKIDO PRIMARY SCHOOL,,Arusha,Arusha Cc,,
NEJOLA PRIMARY SCHOOL,,Arusha,Arusha Cc,,
NEW WISDOM PRIMARY SCHOOL,,Arusha,Arusha Cc,,
NOTRE DAME PRIMARY SCHOOL,,Arusha,Arusha Cc,,
OLKERYAN PRIMARY SCHOOL,,Arusha,Arusha Cc,,
PARENTS PRIMARY SCHOOL,,Arusha,Arusha Cc,,
PISON PRIMARY SCHOOL,,Arusha,Arusha Cc,,
ROYAL PRIMARY SCHOOL,,Arusha,Arusha Cc,,
SHADES OF HOPE PRIMARY SCHOOL,,Arusha,Arusha Cc,,
SHEPHERDS PRIMARY SCHOOL,,Arusha,Arusha Cc,,
SOCRATES PRIMARY SCHOOL,,Arusha,Arusha Cc,,
SOMBETINI PRIMARY SCHOOL,,Arusha,Arusha Cc,,
ST GEMMA GALGAN PRIMARY SCHOOL,,Arusha,Arusha Cc,,
ST MONICA PRIMARY SCHOOL,,Arusha,Arusha Cc,,
STAR LIGHT PRIMARY SCHOOL,,Arusha,Arusha Cc,,
TANGANYIKA PRIMARY SCHOOL,,Arusha,Arusha Cc,,
TESTMONY PRIMARY SCHOOL,,Arusha,Arusha Cc,,
UHURU PEAK PRIMARY SCHOOL,,Arusha,Arusha Cc,,
UNGA-LIMITED PRIMARY SCHOOL,,Arusha,Arusha Cc,,
WEMA PRIMARY SCHOOL,,Arusha,Arusha Cc,,
ARUSHA ALLIANCE PRIMARY SCHOOL,,Arusha,Arusha Cc,,
ARUSHA PRIMARY SCHOOL,,Arusha,Arusha Cc,,
AZIMIO PRIMARY SCHOOL,,Arusha,Arusha Cc,,
BIBLE BAPTIST PRIMARY SCHOOL,,Arusha,Arusha Cc,,
BURKA ESTATE PRIMARY SCHOOL,,Arusha,Arusha Cc,,
CANOSSA PRIMARY SCHOOL,,Arusha,Arusha Cc,,
CLASSIC PRIMARY SCHOOL,,Arusha,Arusha Cc,,
ELERAI PRIMARY SCHOOL,,Arusha,Arusha Cc,,
ENGARENAROK LUTH TETRA PRIMARY SCHOOL,,Arusha,Arusha Cc,,
ENYORATA PRIMARY SCHOOL,,Arusha,Arusha Cc,,
ESERIAN PRIMARY SCHOOL,,Arusha,Arusha Cc,,
GLORYLAND PRIMARY SCHOOL,,Arusha,Arusha Cc,,
GOSHENI BLESSED PRIMARY SCHOOL,,Arusha,Arusha Cc,,
HADY PRIMARY SCHOOL,,Arusha,Arusha Cc,,
HEDA DIVINE PRIMARY SCHOOL,,Arusha,Arusha Cc,,
HOPE GIRLS AND BOYS PRIMARY SCHOOL,,Arusha,Arusha Cc,,
INTEGRITY PRIMARY SCHOOL,,Arusha,Arusha Cc,,
JOSHUA PRIMARY SCHOOL,,Arusha,Arusha Cc,,
KILIMANI PRIMARY SCHOOL,,Arusha,Arusha Cc,,
KING DAVID PRIMARY SCHOOL,,Arusha,Arusha Cc,,
LEMARA PRIMARY SCHOOL,,Arusha,Arusha Cc,,
LOAMO PRIMARY SCHOOL,,Arusha,Arusha Cc,,
MACHWA PRIMARY SCHOOL,,Arusha,Arusha Cc,,
MAKUMBUSHO PRIMARY SCHOOL,,Arusha,Arusha Cc,,
MARY IMMACULATE COMPLEX PRIMARY SCHOOL,,Arusha,Arusha Cc,,
MAWENI PRIMARY SCHOOL,,Arusha,Arusha Cc,,
MICHAEL PRIMARY SCHOOL,,Arusha,Arusha Cc,,
MOSHONO PRIMARY SCHOOL,,Arusha,Arusha Cc,,
MSASANI 'B' PRIMARY SCHOOL,,Arusha,Arusha Cc,,
MURIET PRIMARY SCHOOL,,Arusha,Arusha Cc,,
NADOSOITO PRIMARY SCHOOL,,Arusha,Arusha Cc,,
NARIVA HILL PRIMARY SCHOOL,,Arusha,Arusha Cc,,
NEW PRECIOUS PRIMARY SCHOOL,,Arusha,Arusha Cc,,
NJIRO-HILL PRIMARY SCHOOL,,Arusha,Arusha Cc,,
OLASITI PRIMARY SCHOOL,,Arusha,Arusha Cc,,
OSUNYAI PRIMARY SCHOOL,,Arusha,Arusha Cc,,
PEACE PRIMARY SCHOOL,,Arusha,Arusha Cc,,
RENEA PRIMARY SCHOOL,,Arusha,Arusha Cc,,
SANAWARI PRIMARY SCHOOL,,Arusha,Arusha Cc,,
SHANGARAO PRIMARY SCHOOL,,Arusha,Arusha Cc,,
SINON PRIMARY SCHOOL,,Arusha,Arusha Cc,,
SOKONI I PRIMARY SCHOOL,,Arusha,Arusha Cc,,
ST ANDREWS PRIMARY SCHOOL,,Arusha,Arusha Cc,,
ST MARY GORETTI PRIMARY SCHOOL,,Arusha,Arusha Cc,,
ST. ARNOLD JANSEN PRIMARY SCHOOL,,Arusha,Arusha Cc,,
SWIFTS PRIMARY SCHOOL,,Arusha,Arusha Cc,,
TERRAT PRIMARY SCHOOL,,Arusha,Arusha Cc,,
TUISHIME PRIMARY SCHOOL,,Arusha,Arusha Cc,,
UKOMBOZI PRIMARY SCHOOL,,Arusha,Arusha Cc,,
UPENDO FRIENDS PRIMARY SCHOOL,,Arusha,Arusha Cc,,
ZASHAZ PRIMARY SCHOOL,,Arusha,Arusha Cc,,
AFRICAN GALLERIA PRIMARY SCHOOL,,Arusha,Karatu,,
ASKOFU HHANDO PRIMARY SCHOOL,,Arusha,Karatu,,
AYALABE PRIMARY SCHOOL,,Arusha,Karatu,,
BARAKTA PRIMARY SCHOOL,,Arusha,Karatu,,
BASSODAWISH PRIMARY SCHOOL,,Arusha,Karatu,,
CHARM MODERN PRIMARY SCHOOL,,Arusha,Karatu,,
DIRANGW PRIMARY SCHOOL,,Arusha,Karatu,,
ENDABASH PRIMARY SCHOOL,,Arusha,Karatu,,
ENDAGESH PRIMARY SCHOOL,,Arusha,Karatu,,
ENDAMARARIEK PRIMARY SCHOOL,,Arusha,Karatu,,
ENDONYAWE PRIMARY SCHOOL,,Arusha,Karatu,,
EYASI PRIMARY SCHOOL,,Arusha,Karatu,,
GANAKO PRIMARY SCHOOL,,Arusha,Karatu,,
GETAMOCK PRIMARY SCHOOL,,Arusha,Karatu,,
GILALA PRIMARY SCHOOL,,Arusha,Karatu,,
GYEKURUM LAMBO PRIMARY SCHOOL,,Arusha,Karatu,,
HAREABI PRIMARY SCHOOL,,Arusha,Karatu,,
JUHUDI PRIMARY SCHOOL,,Arusha,Karatu,,
KAMBI YA NYOKA PRIMARY SCHOOL,,Arusha,Karatu,,
KARATU NEW VISION PRIMARY SCHOOL,,Arusha,Karatu,,
KILIMAMOJA HOT SPRING PRIMARY SCHOOL,,Arusha,Karatu,,
KINIHHE PRIMARY SCHOOL,,Arusha,Karatu,,
KITETE WS PRIMARY SCHOOL,,Arusha,Karatu,,
LAGHANGARERY PRIMARY SCHOOL,,Arusha,Karatu,,
MAGESHO PRIMARY SCHOOL,,Arusha,Karatu,,
MAKHOROMBA PRIMARY SCHOOL,,Arusha,Karatu,,
MANG'OLA JUU PRIMARY SCHOOL,,Arusha,Karatu,,
MARAR PRIMARY SCHOOL,,Arusha,Karatu,,
MASABEDA PRIMARY SCHOOL,,Arusha,Karatu,,
MBULUMBULU PRIMARY SCHOOL,,Arusha,Karatu,,
MEALI PRIMARY SCHOOL,,Arusha,Karatu,,
MIKOCHENI PRIMARY SCHOOL,,Arusha,Karatu,,
NGORONGORO HERITAGE PRIMARY SCHOOL,,Arusha,Karatu,,
OLDEANI PRIMARY SCHOOL,,Arusha,Karatu,,
QARU SARAMAY PRIMARY SCHOOL,,Arusha,Karatu,,
RHOTIA PRIMARY SCHOOL,,Arusha,Karatu,,
SHAURIAWAKI PRIMARY SCHOOL,,Arusha,Karatu,,
SUMAWE PRIMARY SCHOOL,,Arusha,Karatu,,
TUMAINI JUNIOR PRIMARY SCHOOL,,Arusha,Karatu,,
ANTSA PRIMARY SCHOOL,,Arusha,Karatu,,
ASLINI GONGALI PRIMARY SCHOOL,,Arusha,Karatu,,
AYATSERE PRIMARY SCHOOL,,Arusha,Karatu,,
BASHAYKARATU PRIMARY SCHOOL,,Arusha,Karatu,,
BUGER PRIMARY SCHOOL,,Arusha,Karatu,,
CHANGARAWE PRIMARY SCHOOL,,Arusha,Karatu,,
COSTIGAN PRIMARY SCHOOL,,Arusha,Karatu,,
DUUMA PRIMARY SCHOOL,,Arusha,Karatu,,
ENDABASH-MANGISA PRIMARY SCHOOL,,Arusha,Karatu,,
ENDAMAGHAN PRIMARY SCHOOL,,Arusha,Karatu,,
ENDESH PRIMARY SCHOOL,,Arusha,Karatu,,
ESHAW PRIMARY SCHOOL,,Arusha,Karatu,,
GAMDI PRIMARY SCHOOL,,Arusha,Karatu,,
GENDAA PRIMARY SCHOOL,,Arusha,Karatu,,
GIDBASSO PRIMARY SCHOOL,,Arusha,Karatu,,
GYEKRUM ARUSHA PRIMARY SCHOOL,,Arusha,Karatu,,
HARAA PRIMARY SCHOOL,,Arusha,Karatu,,
HAYMU PRIMARY SCHOOL,,Arusha,Karatu,,
KAMBI YA FARU PRIMARY SCHOOL,,Arusha,Karatu,,
KANSAY PRIMARY SCHOOL,,Arusha,Karatu,,
KIBAONI PRIMARY SCHOOL,,Arusha,Karatu,,
KILIMATEMBO PRIMARY SCHOOL,,Arusha,Karatu,,
KITETE KCU PRIMARY SCHOOL,,Arusha,Karatu,,
KORIDO PRIMARY SCHOOL,,Arusha,Karatu,,
LOSITETE PRIMARY SCHOOL,,Arusha,Karatu,,
MANG'OLA CHINI PRIMARY SCHOOL,,Arusha,Karatu,,
MANUSAY PRIMARY SCHOOL,,Arusha,Karatu,,
MARMO PRIMARY SCHOOL,,Arusha,Karatu,,
MBUGANYEKUNDU PRIMARY SCHOOL,,Arusha,Karatu,,
MCHANGANI PRIMARY SCHOOL,,Arusha,Karatu,,
MIDABINI PRIMARY SCHOOL,,Arusha,Karatu,,
MURUS PRIMARY SCHOOL,,Arusha,Karatu,,
NJORO PRIMARY SCHOOL,,Arusha,Karatu,,
QARU PRIMARY SCHOOL,,Arusha,Karatu,,
QURUS PRIMARY SCHOOL,,Arusha,Karatu,,
SHANGIT PRIMARY SCHOOL,,Arusha,Karatu,,
SLAHHAMO PRIMARY SCHOOL,,Arusha,Karatu,,
TLOMA PRIMARY SCHOOL,,Arusha,Karatu,,
UMBANG'W PRIMARY SCHOOL,,Arusha,Karatu,,
AKKO PRIMARY SCHOOL,,Arusha,Karatu,,
ASLIN PRIMARY SCHOOL,,Arusha,Karatu,,
AYALALIYO PRIMARY SCHOOL,,Arusha,Karatu,,
BARAY-KHUSUMAYI PRIMARY SCHOOL,,Arusha,Karatu,,
BONDELAFARU PRIMARY SCHOOL,,Arusha,Karatu,,
CATHERINE PRIMARY SCHOOL,,Arusha,Karatu,,
CHEMCHEM PRIMARY SCHOOL,,Arusha,Karatu,,
DUMBECHAND PRIMARY SCHOOL,,Arusha,Karatu,,
ENDABASH-LAJA PRIMARY SCHOOL,,Arusha,Karatu,,
ENDALLAH PRIMARY SCHOOL,,Arusha,Karatu,,
ENDASHANGWET PRIMARY SCHOOL,,Arusha,Karatu,,
ENDORO PRIMARY SCHOOL,,Arusha,Karatu,,
FATHER LIBERMANN PRIMARY SCHOOL,,Arusha,Karatu,,
GEER PRIMARY SCHOOL,,Arusha,Karatu,,
GIDAMILANDA PRIMARY SCHOOL,,Arusha,Karatu,,
GONGALI PRIMARY SCHOOL,,Arusha,Karatu,,
GYETIGHI PRIMARY SCHOOL,,Arusha,Karatu,,
HAYEDESH PRIMARY SCHOOL,,Arusha,Karatu,,
KAINAMRHOTIA PRIMARY SCHOOL,,Arusha,Karatu,,
KAMBI YA SIMBA PRIMARY SCHOOL,,Arusha,Karatu,,
KARATU PRIMARY SCHOOL,,Arusha,Karatu,,
KILIMAMOJA PRIMARY SCHOOL,,Arusha,Karatu,,
KISIMANGEDA PRIMARY SCHOOL,,Arusha,Karatu,,
KITUMA PRIMARY SCHOOL,,Arusha,Karatu,,
LAJA PRIMARY SCHOOL,,Arusha,Karatu,,
MAHHAHHA PRIMARY SCHOOL,,Arusha,Karatu,,
MANG'OLA BARAZANI PRIMARY SCHOOL,,Arusha,Karatu,,
MANG'OLA NT PRIMARY SCHOOL,,Arusha,Karatu,,
MARERA PRIMARY SCHOOL,,Arusha,Karatu,,
MATALA PRIMARY SCHOOL,,Arusha,Karatu,,
MENDAY PRIMARY SCHOOL,,Arusha,Karatu,,
MOHEDAGEW PRIMARY SCHOOL,,Arusha,Karatu,,
NJIAPANDA PRIMARY SCHOOL,,Arusha,Karatu,,
QANGDEND PRIMARY SCHOOL,,Arusha,Karatu,,
QARULAMBO PRIMARY SCHOOL,,Arusha,Karatu,,
SABASABA PRIMARY SCHOOL,,Arusha,Karatu,,
SIMBA MILIMA PRIMARY SCHOOL,,Arusha,Karatu,,
TIDIVI PRIMARY SCHOOL,,Arusha,Karatu,,
TUMAINI TX PRIMARY SCHOOL,,Arusha,Karatu,,
YAMAWEEGA PRIMARY SCHOOL,,Arusha,Karatu,,
ABERNATHY PRIMARY SCHOOL,,Arusha,Longido,,
ENGARENAIBOR PRIMARY SCHOOL,,Arusha,Longido,,
EORENDEKE PRIMARY SCHOOL,,Arusha,Longido,,
GREEN EDEN PRIMARY SCHOOL,,Arusha,Longido,,
IRKASWA 'B' PRIMARY SCHOOL,,Arusha,Longido,,
JEONDONG ENGASURAI PRIMARY SCHOOL,,Arusha,Longido,,
KARAO PRIMARY SCHOOL,,Arusha,Longido,,
KIMWATI PRIMARY SCHOOL,,Arusha,Longido,,
KITENDENI PRIMARY SCHOOL,,Arusha,Longido,,
LONGIDO MODERN PRIMARY SCHOOL,,Arusha,Longido,,
LOPOLOSEK PRIMARY SCHOOL,,Arusha,Longido,,
MAGADINI PRIMARY SCHOOL,,Arusha,Longido,,
MASAI LAND PRIMARY SCHOOL,,Arusha,Longido,,
MUNDARARA PRIMARY SCHOOL,,Arusha,Longido,,
NAMANGA PRIMARY SCHOOL,,Arusha,Longido,,
NGEREYANI PRIMARY SCHOOL,,Arusha,Longido,,
OLCHORONYOKIE PRIMARY SCHOOL,,Arusha,Longido,,
OLTEPES PRIMARY SCHOOL,,Arusha,Longido,,
RANCH PRIMARY SCHOOL,,Arusha,Longido,,
SOKON PRIMARY SCHOOL,,Arusha,Longido,,
ELANG'ATADAPASH PRIMARY SCHOOL,,Arusha,Longido,,
ENDIRIMA PRIMARY SCHOOL,,Arusha,Longido,,
ENGONGOSUNYAI PRIMARY SCHOOL,,Arusha,Longido,,
GELAI LUMBWA PRIMARY SCHOOL,,Arusha,Longido,,
ILOIRIENITO PRIMARY SCHOOL,,Arusha,Longido,,
IRNG'ONG'WEN PRIMARY SCHOOL,,Arusha,Longido,,
KAMWANGA PRIMARY SCHOOL,,Arusha,Longido,,
KIMOKOUWA PRIMARY SCHOOL,,Arusha,Longido,,
KITARINI PRIMARY SCHOOL,,Arusha,Longido,,
LESING'ITA PRIMARY SCHOOL,,Arusha,Longido,,
LOONDOLWA PRIMARY SCHOOL,,Arusha,Longido,,
MAASAI PRIMARY SCHOOL,,Arusha,Longido,,
MANGULA PRIMARY SCHOOL,,Arusha,Longido,,
MELOC PRIMARY SCHOOL,,Arusha,Longido,,
NAIBORSOIT PRIMARY SCHOOL,,Arusha,Longido,,
NEW VISION ENGIKARET PRIMARY SCHOOL,,Arusha,Longido,,
NOONDOTO PRIMARY SCHOOL,,Arusha,Longido,,
OLMOTI PRIMARY SCHOOL,,Arusha,Longido,,
ORMEE PRIMARY SCHOOL,,Arusha,Longido,,
SINYA PRIMARY SCHOOL,,Arusha,Longido,,
TINGATINGA PRIMARY SCHOOL,,Arusha,Longido,,
BUGURUNI PRIMARY SCHOOL,,Arusha,Longido,,
EMURUTOTO PRIMARY SCHOOL,,Arusha,Longido,,
ENGIKARETI PRIMARY SCHOOL,,Arusha,Longido,,
GELAI BOMBA PRIMARY SCHOOL,,Arusha,Longido,,
ILCHANG'SAPUKIN PRIMARY SCHOOL,,Arusha,Longido,,
IRKASWA PRIMARY SCHOOL,,Arusha,Longido,,
JEONDONG IMATIAN PRIMARY SCHOOL,,Arusha,Longido,,
KETUMBEINE PRIMARY SCHOOL,,Arusha,Longido,,
LERANG'WA PRIMARY SCHOOL,,Arusha,Longido,,
LONGIDO PRIMARY SCHOOL,,Arusha,Longido,,
LOSIRWA PRIMARY SCHOOL,,Arusha,Longido,,
MAIROWA INTERGRITY PRIMARY SCHOOL,,Arusha,Longido,,
MATALE PRIMARY SCHOOL,,Arusha,Longido,,
NAADARE PRIMARY SCHOOL,,Arusha,Longido,,
NGOSWAK PRIMARY SCHOOL,,Arusha,Longido,,
OLMOLOG PRIMARY SCHOOL,,Arusha,Longido,,
ORBOMBA PRIMARY SCHOOL,,Arusha,Longido,,
SINONIK PRIMARY SCHOOL,,Arusha,Longido,,
ST THERESA PRIMARY SCHOOL,,Arusha,Longido,,
AKERI HOPE PRIMARY SCHOOL,,Arusha,Meru,,
AMANI PRIMARY SCHOOL,,Arusha,Meru,,
BETHLEHEM STAR PRIMARY SCHOOL,,Arusha,Meru,,
DESTINY PRIMARY SCHOOL,,Arusha,Meru,,
EAST MERU COMMUNITY PRIMARY SCHOOL,,Arusha,Meru,,
ENGATANI PRIMARY SCHOOL,,Arusha,Meru,,
ESTHA MEMORIAL ACADEMY PRIMARY SCHOOL,,Arusha,Meru,,
FIKIRIA KWANZA PRIMARY SCHOOL,,Arusha,Meru,,
HOLY PEAK PRIMARY SCHOOL,,Arusha,Meru,,
IMBASSENY PEACE PRIMARY SCHOOL,,Arusha,Meru,,
KERIKENY PRIMARY SCHOOL,,Arusha,Meru,,
KIKWE PRIMARY SCHOOL,,Arusha,Meru,,
KIMANDAFU PRIMARY SCHOOL,,Arusha,Meru,,
KING'ORI PRIMARY SCHOOL,,Arusha,Meru,,
KISIMIRI JUU PRIMARY SCHOOL,,Arusha,Meru,,
KIWAWA PRIMARY SCHOOL,,Arusha,Meru,,
KWATULELE PRIMARY SCHOOL,,Arusha,Meru,,
LEGURUKI PRIMARY SCHOOL,,Arusha,Meru,,
LOSITETI PRIMARY SCHOOL,,Arusha,Meru,,
MAJI YA CHAI PRIMARY SCHOOL,,Arusha,Meru,,
MALULA PRIMARY SCHOOL,,Arusha,Meru,,
MAREU PRIMARY SCHOOL,,Arusha,Meru,,
MARUANGO PRIMARY SCHOOL,,Arusha,Meru,,
MERU VISION PRIMARY SCHOOL,,Arusha,Meru,,
MIGANDINI PRIMARY SCHOOL,,Arusha,Meru,,
MIRIRINI PRIMARY SCHOOL,,Arusha,Meru,,
MSITU WA MBOGO PRIMARY SCHOOL,,Arusha,Meru,,
MWAKENY PRIMARY SCHOOL,,Arusha,Meru,,
NASHOLI PRIMARY SCHOOL,,Arusha,Meru,,
NAZARETI PRIMARY SCHOOL,,Arusha,Meru,,
NGABOBO PRIMARY SCHOOL,,Arusha,Meru,,
NGONGONGARE PRIMARY SCHOOL,,Arusha,Meru,,
NGURUMA PRIMARY SCHOOL,,Arusha,Meru,,
NIRUVANDE PRIMARY SCHOOL,,Arusha,Meru,,
NKOANEKOLI PRIMARY SCHOOL,,Arusha,Meru,,
NKOARANGA PRIMARY SCHOOL,,Arusha,Meru,,
NRUMANGENY PRIMARY SCHOOL,,Arusha,Meru,,
PATANDI PRIMARY SCHOOL,,Arusha,Meru,,
PIERALBA PRIMARY SCHOOL,,Arusha,Meru,,
SAKILA PRIMARY SCHOOL,,Arusha,Meru,,
SAVANA PRIMARY SCHOOL,,Arusha,Meru,,
SHAKINA PRIMARY SCHOOL,,Arusha,Meru,,
SHISHTONY PRIMARY SCHOOL,,Arusha,Meru,,
SIMBA VISION ACADEMY PRIMARY SCHOOL,,Arusha,Meru,,
SLUYS ANDERSON PRIMARY SCHOOL,,Arusha,Meru,,
STAR PRIMARY SCHOOL,,Arusha,Meru,,
SUNSHIELD PRIMARY SCHOOL,,Arusha,Meru,,
TANZANIA ADVENTIST PRIMARY SCHOOL,,Arusha,Meru,,
TENGERU PRIMARY SCHOOL,,Arusha,Meru,,
TUVAILA PRIMARY SCHOOL,,Arusha,Meru,,
UPENDO PRIMARY SCHOOL,,Arusha,Meru,,
USA PRIMARY SCHOOL,,Arusha,Meru,,
WORSEG VISION PRIMARY SCHOOL,,Arusha,Meru,,
ALBERT THE GREAT PRIMARY SCHOOL,,Arusha,Meru,,
ANGAZA LUTHERAN PRIMARY SCHOOL,,Arusha,Meru,,
CAPRICORN PRIMARY SCHOOL,,Arusha,Meru,,
DAVIS PREPARATORY PRIMARY SCHOOL,,Arusha,Meru,,
DOLLY PRIMARY SCHOOL,,Arusha,Meru,,
EMMANUEL PRIMARY SCHOOL,,Arusha,Meru,,
FAYE CRANE CHEMCHEM PRIMARY SCHOOL,,Arusha,Meru,,
HARADALI PRIMARY SCHOOL,,Arusha,Meru,,
IMBASENI PRIMARY SCHOOL,,Arusha,Meru,,
JOY'S MILLENIUM PRIMARY SCHOOL,,Arusha,Meru,,
KARANGAI PRIMARY SCHOOL,,Arusha,Meru,,
KIKULETWA PRIMARY SCHOOL,,Arusha,Meru,,
KILINGA PRIMARY SCHOOL,,Arusha,Meru,,
KIMUNDO PRIMARY SCHOOL,,Arusha,Meru,,
KISIMIRI CHINI PRIMARY SCHOOL,,Arusha,Meru,,
KIWAHUMU PRIMARY SCHOOL,,Arusha,Meru,,
KOMBO PRIMARY SCHOOL,,Arusha,Meru,,
LEGANGA PRIMARY SCHOOL,,Arusha,Meru,,
LERAI PRIMARY SCHOOL,,Arusha,Meru,,
MAKUMIRA PRIMARY SCHOOL,,Arusha,Meru,,
MANYOTA PRIMARY SCHOOL,,Arusha,Meru,,
MARORONI PRIMARY SCHOOL,,Arusha,Meru,,
MAVINUNI PRIMARY SCHOOL,,Arusha,Meru,,
MBORENYI PRIMARY SCHOOL,,Arusha,Meru,,
MIEMBENI PRIMARY SCHOOL,,Arusha,Meru,,
MIKUUNI PRIMARY SCHOOL,,Arusha,Meru,,
MOWARA PRIMARY SCHOOL,,Arusha,Meru,,
MULALA PRIMARY SCHOOL,,Arusha,Meru,,
NARIVA ACADEMY PRIMARY SCHOOL,,Arusha,Meru,,
NAZARETH LERAI PRIMARY SCHOOL,,Arusha,Meru,,
NEW HOPE PRIMARY SCHOOL,,Arusha,Meru,,
NGARENANYUKI PRIMARY SCHOOL,,Arusha,Meru,,
NGURDOTO PRIMARY SCHOOL,,Arusha,Meru,,
NGYEKU PRIMARY SCHOOL,,Arusha,Meru,,
NKOAMANGASHA PRIMARY SCHOOL,,Arusha,Meru,,
NKOANSIYO PRIMARY SCHOOL,,Arusha,Meru,,
NOSEIYA PRIMARY SCHOOL,,Arusha,Meru,,
NTUWE PRIMARY SCHOOL,,Arusha,Meru,,
OLKUNG'WADO PRIMARY SCHOOL,,Arusha,Meru,,
PEACE MATUNDA PRIMARY SCHOOL,,Arusha,Meru,,
PRECIOUS PRIMARY SCHOOL,,Arusha,Meru,,
SANGANANU PRIMARY SCHOOL,,Arusha,Meru,,
SEELA PRIMARY SCHOOL,,Arusha,Meru,,
SHINE PRIMARY SCHOOL,,Arusha,Meru,,
SILVERMERU PRIMARY SCHOOL,,Arusha,Meru,,
SING'ISI PRIMARY SCHOOL,,Arusha,Meru,,
ST. FRANCIS DE SALE PRIMARY SCHOOL,,Arusha,Meru,,
SUN OF HOPE PRIMARY SCHOOL,,Arusha,Meru,,
SURUMALA PRIMARY SCHOOL,,Arusha,Meru,,
TUMAINI MISSION TRUST PRIMARY SCHOOL,,Arusha,Meru,,
UPENDO ACADEMY PRIMARY SCHOOL,,Arusha,Meru,,
URISHO PRIMARY SCHOOL,,Arusha,Meru,,
VALESKA PRIMARY SCHOOL,,Arusha,Meru,,
AKERI PRIMARY SCHOOL,,Arusha,Meru,,
AMBURENI PRIMARY SCHOOL,,Arusha,Meru,,
BLUE SKY PRIMARY SCHOOL,,Arusha,Meru,,
CHERITH JUNIOR PRIMARY SCHOOL,,Arusha,Meru,,
DIAMOND PRIMARY SCHOOL,,Arusha,Meru,,
ELIZABETH CENTRE PRIMARY SCHOOL,,Arusha,Meru,,
ENGEJISOSIA PRIMARY SCHOOL,,Arusha,Meru,,
ETINGARE PRIMARY SCHOOL,,Arusha,Meru,,
GRACE ULONG'A PRIMARY SCHOOL,,Arusha,Meru,,
ILKIRIMUNI PRIMARY SCHOOL,,Arusha,Meru,,
JALIGREEN PRIMARY SCHOOL,,Arusha,Meru,,
KANDASHE PRIMARY SCHOOL,,Arusha,Meru,,
KIKATITI PRIMARY SCHOOL,,Arusha,Meru,,
KIMOSONU PRIMARY SCHOOL,,Arusha,Meru,,
KIRENGA PRIMARY SCHOOL,,Arusha,Meru,,
KITEFU PRIMARY SCHOOL,,Arusha,Meru,,
KOLILA PRIMARY SCHOOL,,Arusha,Meru,,
KWAUGORO PRIMARY SCHOOL,,Arusha,Meru,,
LENDOIYA PRIMARY SCHOOL,,Arusha,Meru,,
MAASAI VISION PRIMARY SCHOOL,,Arusha,Meru,,
MAKIBA PRIMARY SCHOOL,,Arusha,Meru,,
MANYATA PRIMARY SCHOOL,,Arusha,Meru,,
MARIADO PRIMARY SCHOOL,,Arusha,Meru,,
MAUA PRIMARY SCHOOL,,Arusha,Meru,,
MBAASENY PRIMARY SCHOOL,,Arusha,Meru,,
MFULONYI PRIMARY SCHOOL,,Arusha,Meru,,
MIKUNGANI PRIMARY SCHOOL,,Arusha,Meru,,
MOIVARO PRIMARY SCHOOL,,Arusha,Meru,,
MUKURU PRIMARY SCHOOL,,Arusha,Meru,,
NAMBALA PRIMARY SCHOOL,,Arusha,Meru,,
NASULA PRIMARY SCHOOL,,Arusha,Meru,,
NDOOMBO PRIMARY SCHOOL,,Arusha,Meru,,
NGANANA PRIMARY SCHOOL,,Arusha,Meru,,
NGORIKA HAPPY WATOTO PRIMARY SCHOOL,,Arusha,Meru,,
NGYANI PRIMARY SCHOOL,,Arusha,Meru,,
NKOAKIRIKA PRIMARY SCHOOL,,Arusha,Meru,,
NKOANRUA PRIMARY SCHOOL,,Arusha,Meru,,
NKOASENGA PRIMARY SCHOOL,,Arusha,Meru,,
NSHUPU PRIMARY SCHOOL,,Arusha,Meru,,
OLDEVES PRIMARY SCHOOL,,Arusha,Meru,,
PATANUMBE PRIMARY SCHOOL,,Arusha,Meru,,
POLI PRIMARY SCHOOL,,Arusha,Meru,,
SAMARIA PRIMARY SCHOOL,,Arusha,Meru,,
SAYUNI PRIMARY SCHOOL,,Arusha,Meru,,
SHIKABANIA PRIMARY SCHOOL,,Arusha,Meru,,
SILVERLEAF PRIMARY SCHOOL,,Arusha,Meru,,
SINAI PRIMARY SCHOOL,,Arusha,Meru,,
SONGORO PRIMARY SCHOOL,,Arusha,Meru,,
STEPS PRIMARY SCHOOL,,Arusha,Meru,,
SURA PRIMARY SCHOOL,,Arusha,Meru,,
TANZANITE PRIMARY SCHOOL,,Arusha,Meru,,
THE SCHOOL OF KELLY PRIMARY SCHOOL,,Arusha,Meru,,
ULONG'A PRIMARY SCHOOL,,Arusha,Meru,,
URAKI PRIMARY SCHOOL,,Arusha,Meru,,
USHILI PRIMARY SCHOOL,,Arusha,Meru,,
YOUNG ROSES PRIMARY SCHOOL,,Arusha,Meru,,
ARKARIA PRIMARY SCHOOL,,Arusha,Monduli,,
BARAKA PRIMARY SCHOOL,,Arusha,Monduli,,
EMAIRETE PRIMARY SCHOOL,,Arusha,Monduli,,
ENG'AROJI PRIMARY SCHOOL,,Arusha,Monduli,,
ENGARUKA PRIMARY SCHOOL,,Arusha,Monduli,,
ESILALEI PRIMARY SCHOOL,,Arusha,Monduli,,
IRMORIJO PRIMARY SCHOOL,,Arusha,Monduli,,
KHATAMULANBIYAA PRIMARY SCHOOL,,Arusha,Monduli,,
KIPOK PRIMARY SCHOOL,,Arusha,Monduli,,
LASHAINE PRIMARY SCHOOL,,Arusha,Monduli,,
LENGIJAPE PRIMARY SCHOOL,,Arusha,Monduli,,
LEPURKO PRIMARY SCHOOL,,Arusha,Monduli,,
LUCAS MHINA PRIMARY SCHOOL,,Arusha,Monduli,,
MANYARA PRIMARY SCHOOL,,Arusha,Monduli,,
MEYER'S PRIMARY SCHOOL,,Arusha,Monduli,,
MLIMANI PRIMARY SCHOOL,,Arusha,Monduli,,
MONDULI JUU PRIMARY SCHOOL,,Arusha,Monduli,,
MSWAKINI PRIMARY SCHOOL,,Arusha,Monduli,,
MWALIMU ANNA ACADEMY PRIMARY SCHOOL,,Arusha,Monduli,,
NAITI PRIMARY SCHOOL,,Arusha,Monduli,,
NANJA PRIMARY SCHOOL,,Arusha,Monduli,,
NDUKUSI PRIMARY SCHOOL,,Arusha,Monduli,,
OLARASH PRIMARY SCHOOL,,Arusha,Monduli,,
ORKEESWA PRIMARY SCHOOL,,Arusha,Monduli,,
SELELA PRIMARY SCHOOL,,Arusha,Monduli,,
SOKOINE PRIMARY SCHOOL,,Arusha,Monduli,,
BANDARI PRIMARY SCHOOL,,Arusha,Monduli,,
ELUWAI PRIMARY SCHOOL,,Arusha,Monduli,,
ENDEPES PRIMARY SCHOOL,,Arusha,Monduli,,
ENGARUKA JUU PRIMARY SCHOOL,,Arusha,Monduli,,
ENGUIKI PRIMARY SCHOOL,,Arusha,Monduli,,
HIHA PRIMARY SCHOOL,,Arusha,Monduli,,
JANGWANI PRIMARY SCHOOL,,Arusha,Monduli,,
KILIMATINDE PRIMARY SCHOOL,,Arusha,Monduli,,
LAKE MANYARA PRIMARY SCHOOL,,Arusha,Monduli,,
LENDIKINYA PRIMARY SCHOOL,,Arusha,Monduli,,
LENGOLWA PRIMARY SCHOOL,,Arusha,Monduli,,
LOOSINGIRANI PRIMARY SCHOOL,,Arusha,Monduli,,
MAKUYUNI PRIMARY SCHOOL,,Arusha,Monduli,,
MBAASH PRIMARY SCHOOL,,Arusha,Monduli,,
MESERANI JUU PRIMARY SCHOOL,,Arusha,Monduli,,
MIGOMBANI PRIMARY SCHOOL,,Arusha,Monduli,,
MOITA KILORITI PRIMARY SCHOOL,,Arusha,Monduli,,
MSWAKINI JUU PRIMARY SCHOOL,,Arusha,Monduli,,
MTO WA MBU PRIMARY SCHOOL,,Arusha,Monduli,,
NAFCO PRIMARY SCHOOL,,Arusha,Monduli,,
NANINA PRIMARY SCHOOL,,Arusha,Monduli,,
NDINYIKA PRIMARY SCHOOL,,Arusha,Monduli,,
NGARASHI PRIMARY SCHOOL,,Arusha,Monduli,,
OOLA ACADEMY PRIMARY SCHOOL,,Arusha,Monduli,,
SASA PRIMARY SCHOOL,,Arusha,Monduli,,
SIRONGA PRIMARY SCHOOL,,Arusha,Monduli,,
ARKATANI PRIMARY SCHOOL,,Arusha,Monduli,,
DRIVE CHANGE PRIMARY SCHOOL,,Arusha,Monduli,,
EMBURIS PRIMARY SCHOOL,,Arusha,Monduli,,
ENGARUKA CHINI PRIMARY SCHOOL,,Arusha,Monduli,,
ENGIRGIR PRIMARY SCHOOL,,Arusha,Monduli,,
JAERIM PRIMARY SCHOOL,,Arusha,Monduli,,
LAIBONI PRIMARY SCHOOL,,Arusha,Monduli,,
LEMOOT PRIMARY SCHOOL,,Arusha,Monduli,,
LENGILORIT PRIMARY SCHOOL,,Arusha,Monduli,,
LOLKISALE PRIMARY SCHOOL,,Arusha,Monduli,,
LOSIMINGORI PRIMARY SCHOOL,,Arusha,Monduli,,
MAZOEZI PRIMARY SCHOOL,,Arusha,Monduli,,
MESERANI CHINI PRIMARY SCHOOL,,Arusha,Monduli,,
MFEREJI PRIMARY SCHOOL,,Arusha,Monduli,,
MOITA BWAWANI PRIMARY SCHOOL,,Arusha,Monduli,,
MONDULI VALLEY PRIMARY SCHOOL,,Arusha,Monduli,,
MTI MMOJA PRIMARY SCHOOL,,Arusha,Monduli,,
NAALARAMI PRIMARY SCHOOL,,Arusha,Monduli,,
NAITOLIA PRIMARY SCHOOL,,Arusha,Monduli,,
NASHIPAY PRIMARY SCHOOL,,Arusha,Monduli,,
NGALAWA ACADEMY PRIMARY SCHOOL,,Arusha,Monduli,,
OLTUKAI PRIMARY SCHOOL,,Arusha,Monduli,,
PERFECT PRIMARY SCHOOL,,Arusha,Monduli,,
SINONI PRIMARY SCHOOL,,Arusha,Monduli,,
ST.JUDE THADEUS PRIMARY SCHOOL,,Arusha,Monduli,,
ALAILELAI PRIMARY SCHOOL,,Arusha,Ngorongoro,,
BRIGHT PRIMARY SCHOOL,,Arusha,Ngorongoro,,
CHRISTOPHER HALLORAN PRIMARY SCHOOL,,Arusha,Ngorongoro,,
EMBAASI PRIMARY SCHOOL,,Arusha,Ngorongoro,,
ENGUSEROSAMBU PRIMARY SCHOOL,,Arusha,Ngorongoro,,
ILTULELE PRIMARY SCHOOL,,Arusha,Ngorongoro,,
IRKIPOR PRIMARY SCHOOL,,Arusha,Ngorongoro,,
KAPENJIRO PRIMARY SCHOOL,,Arusha,Ngorongoro,,
LEMISHIRI PRIMARY SCHOOL,,Arusha,Ngorongoro,,
LORESHO PRIMARY SCHOOL,,Arusha,Ngorongoro,,
LOSOITO PRIMARY SCHOOL,,Arusha,Ngorongoro,,
MAGERI PRIMARY SCHOOL,,Arusha,Ngorongoro,,
MALAMBO PRIMARY SCHOOL,,Arusha,Ngorongoro,,
MASAMBURAI PRIMARY SCHOOL,,Arusha,Ngorongoro,,
MGONGO PRIMARY SCHOOL,,Arusha,Ngorongoro,,
MONDOROS PRIMARY SCHOOL,,Arusha,Ngorongoro,,
NAINOKANOKA PRIMARY SCHOOL,,Arusha,Ngorongoro,,
NDIAN PRIMARY SCHOOL,,Arusha,Ngorongoro,,
NJOROI PRIMARY SCHOOL,,Arusha,Ngorongoro,,
OLCHANIMELOK PRIMARY SCHOOL,,Arusha,Ngorongoro,,
OLOIPIRI PRIMARY SCHOOL,,Arusha,Ngorongoro,,
OLPIRO PRIMARY SCHOOL,,Arusha,Ngorongoro,,
OSINONI PRIMARY SCHOOL,,Arusha,Ngorongoro,,
RERA PRIMARY SCHOOL,,Arusha,Ngorongoro,,
SAMUNGE PRIMARY SCHOOL,,Arusha,Ngorongoro,,
ST. LUKE PRIMARY SCHOOL,,Arusha,Ngorongoro,,
TUMAINI PRIMARY SCHOOL,,Arusha,Ngorongoro,,
BISIKENE PRIMARY SCHOOL,,Arusha,Ngorongoro,,
BUTEMINE PRIMARY SCHOOL,,Arusha,Ngorongoro,,
DIGODIGO PRIMARY SCHOOL,,Arusha,Ngorongoro,,
ENGARESERO PRIMARY SCHOOL,,Arusha,Ngorongoro,,
ESERE PRIMARY SCHOOL,,Arusha,Ngorongoro,,
IRKEEPUSI PRIMARY SCHOOL,,Arusha,Ngorongoro,,
KAKESIO PRIMARY SCHOOL,,Arusha,Ngorongoro,,
KISANGIRO PRIMARY SCHOOL,,Arusha,Ngorongoro,,
LOLIONDO PRIMARY SCHOOL,,Arusha,Ngorongoro,,
MAALON PRIMARY SCHOOL,,Arusha,Ngorongoro,,
MAKAO MAPYA PRIMARY SCHOOL,,Arusha,Ngorongoro,,
MARIE CORRENSON PRIMARY SCHOOL,,Arusha,Ngorongoro,,
MDITO PRIMARY SCHOOL,,Arusha,Ngorongoro,,
MOKILAL PRIMARY SCHOOL,,Arusha,Ngorongoro,,
NAAN PRIMARY SCHOOL,,Arusha,Ngorongoro,,
NASERIAN PRIMARY SCHOOL,,Arusha,Ngorongoro,,
NGOILE PRIMARY SCHOOL,,Arusha,Ngorongoro,,
OLBALBAL PRIMARY SCHOOL,,Arusha,Ngorongoro,,
OLOLOSOKWAN PRIMARY SCHOOL,,Arusha,Ngorongoro,,
ORMANIE PRIMARY SCHOOL,,Arusha,Ngorongoro,,
PIYAYA PRIMARY SCHOOL,,Arusha,Ngorongoro,,
SALE PRIMARY SCHOOL,,Arusha,Ngorongoro,,
SOITSAMBU PRIMARY SCHOOL,,Arusha,Ngorongoro,,
TINAGA PRIMARY SCHOOL,,Arusha,Ngorongoro,,
YASIMDITO PRIMARY SCHOOL,,Arusha,Ngorongoro,,
ARASH PRIMARY SCHOOL,,Arusha,Ngorongoro,,
BULATI PRIMARY SCHOOL,,Arusha,Ngorongoro,,
DIGODIGO GCCT PRIMARY SCHOOL,,Arusha,Ngorongoro,,
ENDULEN PRIMARY SCHOOL,,Arusha,Ngorongoro,,
EREKO PRIMARY SCHOOL,,Arusha,Ngorongoro,,
INDOINYO PRIMARY SCHOOL,,Arusha,Ngorongoro,,
JEMA PRIMARY SCHOOL,,Arusha,Ngorongoro,,
KIRTALO PRIMARY SCHOOL,,Arusha,Ngorongoro,,
LOLIONDO GCCT PRIMARY SCHOOL,,Arusha,Ngorongoro,,
LORIEN PRIMARY SCHOOL,,Arusha,Ngorongoro,,
LUMO PRIMARY SCHOOL,,Arusha,Ngorongoro,,
MAIROWA PRIMARY SCHOOL,,Arusha,Ngorongoro,,
MAMA SARA PRIMARY SCHOOL,,Arusha,Ngorongoro,,
MASUSU PRIMARY SCHOOL,,Arusha,Ngorongoro,,
MISIGIYO PRIMARY SCHOOL,,Arusha,Ngorongoro,,
MONIC PRIMARY SCHOOL,,Arusha,Ngorongoro,,
NAIYOBI PRIMARY SCHOOL,,Arusha,Ngorongoro,,
NG'ARWA PRIMARY SCHOOL,,Arusha,Ngorongoro,,
OLALAA PRIMARY SCHOOL,,Arusha,Ngorongoro,,
OLOIROBI PRIMARY SCHOOL,,Arusha,Ngorongoro,,
ORKIU PRIMARY SCHOOL,,Arusha,Ngorongoro,,
PINYINYI PRIMARY SCHOOL,,Arusha,Ngorongoro,,
SAKALA PRIMARY SCHOOL,,Arusha,Ngorongoro,,
SENDUI PRIMARY SCHOOL,,Arusha,Ngorongoro,,
SUKENYA PRIMARY SCHOOL,,Arusha,Ngorongoro,,
WASSO PRIMARY SCHOOL,,Arusha,Ngorongoro,,
AIM HAI PRIMARY SCHOOL,,Kilimanjaro,Hai,,
ASSUMPTA PRIMARY SCHOOL,,Kilimanjaro,Hai,,
BOMANI PRIMARY SCHOOL,,Kilimanjaro,Hai,,
CHEMKA PRIMARY SCHOOL,,Kilimanjaro,Hai,,
GEZAULOLE PRIMARY SCHOOL,,Kilimanjaro,Hai,,
IQRA PRIMARY SCHOOL,,Kilimanjaro,Hai,,
KAWAYA-KATI PRIMARY SCHOOL,,Kilimanjaro,Hai,,
KILANYA PRIMARY SCHOOL,,Kilimanjaro,Hai,,
KIMBUSHI PRIMARY SCHOOL,,Kilimanjaro,Hai,,
KISHAPUY PRIMARY SCHOOL,,Kilimanjaro,Hai,,
KITIFU PRIMARY SCHOOL,,Kilimanjaro,Hai,,
KYARASA PRIMARY SCHOOL,,Kilimanjaro,Hai,,
LAMBO-ESTATE PRIMARY SCHOOL,,Kilimanjaro,Hai,,
LYAMUNGO-SINDE PRIMARY SCHOOL,,Kilimanjaro,Hai,,
MAILISITA PRIMARY SCHOOL,,Kilimanjaro,Hai,,
MARTIN RUSSEL PRIMARY SCHOOL,,Kilimanjaro,Hai,,
MBATAKERO PRIMARY SCHOOL,,Kilimanjaro,Hai,,
MGUNGANI PRIMARY SCHOOL,,Kilimanjaro,Hai,,
MKALAMA PRIMARY SCHOOL,,Kilimanjaro,Hai,,
MTAKUJA PRIMARY SCHOOL,,Kilimanjaro,Hai,,
MULAMA PRIMARY SCHOOL,,Kilimanjaro,Hai,,
NALUTI PRIMARY SCHOOL,,Kilimanjaro,Hai,,
NGIRA PRIMARY SCHOOL,,Kilimanjaro,Hai,,
NGUZONNE PRIMARY SCHOOL,,Kilimanjaro,Hai,,
NKORAYA PRIMARY SCHOOL,,Kilimanjaro,Hai,,
NKWAMAKUU PRIMARY SCHOOL,,Kilimanjaro,Hai,,
NKWANNARA PRIMARY SCHOOL,,Kilimanjaro,Hai,,
NKWASANGARE PRIMARY SCHOOL,,Kilimanjaro,Hai,,
NKWESEKO PRIMARY SCHOOL,,Kilimanjaro,Hai,,
NSHARA-UFUNDI PRIMARY SCHOOL,,Kilimanjaro,Hai,,
O`BRIEN PRIMARY SCHOOL,,Kilimanjaro,Hai,,
RAFIKI FOUNDATION PRIMARY SCHOOL,,Kilimanjaro,Hai,,
RUNDUGAI PRIMARY SCHOOL,,Kilimanjaro,Hai,,
SAWE-SAMANGA PRIMARY SCHOOL,,Kilimanjaro,Hai,,
SHARI PRIMARY SCHOOL,,Kilimanjaro,Hai,,
SHIRIMATUNDA PRIMARY SCHOOL,,Kilimanjaro,Hai,,
STELLA MARIS PRIMARY SCHOOL,,Kilimanjaro,Hai,,
TOLU PRIMARY SCHOOL,,Kilimanjaro,Hai,,
UFUMBO PRIMARY SCHOOL,,Kilimanjaro,Hai,,
UMATI PRIMARY SCHOOL,,Kilimanjaro,Hai,,
WARAMU PRIMARY SCHOOL,,Kilimanjaro,Hai,,
ARIZONA PRIMARY SCHOOL,,Kilimanjaro,Hai,,
BOMANG'OMBE PRIMARY SCHOOL,,Kilimanjaro,Hai,,
CHEKERENI PRIMARY SCHOOL,,Kilimanjaro,Hai,,
HAI PRIMARY SCHOOL,,Kilimanjaro,Hai,,
KAO LA AMANI PRIMARY SCHOOL,,Kilimanjaro,Hai,,
KIA PRIMARY SCHOOL,,Kilimanjaro,Hai,,
KIKAVUCHINI PRIMARY SCHOOL,,Kilimanjaro,Hai,,
KIMASHUKU PRIMARY SCHOOL,,Kilimanjaro,Hai,,
KISERENI PRIMARY SCHOOL,,Kilimanjaro,Hai,,
KISOLOLI PRIMARY SCHOOL,,Kilimanjaro,Hai,,
KWARE PRIMARY SCHOOL,,Kilimanjaro,Hai,,
KYUU PRIMARY SCHOOL,,Kilimanjaro,Hai,,
LEMIRA PRIMARY SCHOOL,,Kilimanjaro,Hai,,
LYAMUNGO-ARI PRIMARY SCHOOL,,Kilimanjaro,Hai,,
MAFETO PRIMARY SCHOOL,,Kilimanjaro,Hai,,
MARIRE PRIMARY SCHOOL,,Kilimanjaro,Hai,,
MASAMA-TEMA PRIMARY SCHOOL,,Kilimanjaro,Hai,,
MBWEERA PRIMARY SCHOOL,,Kilimanjaro,Hai,,
MIJONGWENI PRIMARY SCHOOL,,Kilimanjaro,Hai,,
MOTHER'S CITY PRIMARY SCHOOL,,Kilimanjaro,Hai,,
MSAMADI PRIMARY SCHOOL,,Kilimanjaro,Hai,,
MUDIO PRIMARY SCHOOL,,Kilimanjaro,Hai,,
MWOWE PRIMARY SCHOOL,,Kilimanjaro,Hai,,
NARUMU-TELLA PRIMARY SCHOOL,,Kilimanjaro,Hai,,
NG'UNI PRIMARY SCHOOL,,Kilimanjaro,Hai,,
NKOKASHU PRIMARY SCHOOL,,Kilimanjaro,Hai,,
NKWAKININI PRIMARY SCHOOL,,Kilimanjaro,Hai,,
NKWAMWATU PRIMARY SCHOOL,,Kilimanjaro,Hai,,
NKWARUNGO PRIMARY SCHOOL,,Kilimanjaro,Hai,,
NKWAWANGYA PRIMARY SCHOOL,,Kilimanjaro,Hai,,
NRONGA PRIMARY SCHOOL,,Kilimanjaro,Hai,,
NURE PRIMARY SCHOOL,,Kilimanjaro,Hai,,
ORORI PRIMARY SCHOOL,,Kilimanjaro,Hai,,
ROOF OF AFRICA PRIMARY SCHOOL,,Kilimanjaro,Hai,,
SANYA-STATION PRIMARY SCHOOL,,Kilimanjaro,Hai,,
SERE-UFUNDI PRIMARY SCHOOL,,Kilimanjaro,Hai,,
SHILELA ACADEMY PRIMARY SCHOOL,,Kilimanjaro,Hai,,
ST. FRANCIS PRIMARY SCHOOL,,Kilimanjaro,Hai,,
TINDIGANI-MASAMA PRIMARY SCHOOL,,Kilimanjaro,Hai,,
UDURU PRIMARY SCHOOL,,Kilimanjaro,Hai,,
ULALI PRIMARY SCHOOL,,Kilimanjaro,Hai,,
USWAA PRIMARY SCHOOL,,Kilimanjaro,Hai,,
ALHIJRA PRIMARY SCHOOL,,Kilimanjaro,Hai,,
BOMA ISLAMIC PRIMARY SCHOOL,,Kilimanjaro,Hai,,
BONDENI PRIMARY SCHOOL,,Kilimanjaro,Hai,,
DHAHIRI PRIMARY SCHOOL,,Kilimanjaro,Hai,,
KAMBI YA RAHA PRIMARY SCHOOL,,Kilimanjaro,Hai,,
KENGEREKA PRIMARY SCHOOL,,Kilimanjaro,Hai,,
KIBOHEHE PRIMARY SCHOOL,,Kilimanjaro,Hai,,
KILIMA MSWAKI PRIMARY SCHOOL,,Kilimanjaro,Hai,,
KISELU PRIMARY SCHOOL,,Kilimanjaro,Hai,,
KISHARE PRIMARY SCHOOL,,Kilimanjaro,Hai,,
KUSIRYE-U PRIMARY SCHOOL,,Kilimanjaro,Hai,,
KYEERI PRIMARY SCHOOL,,Kilimanjaro,Hai,,
LAMBO-EXTENDED PRIMARY SCHOOL,,Kilimanjaro,Hai,,
LUKANI PRIMARY SCHOOL,,Kilimanjaro,Hai,,
MACHAME PRIMARY SCHOOL,,Kilimanjaro,Hai,,
MAKERESHO PRIMARY SCHOOL,,Kilimanjaro,Hai,,
MASAMA PRIMARY SCHOOL,,Kilimanjaro,Hai,,
MBOSHO PRIMARY SCHOOL,,Kilimanjaro,Hai,,
MIASENI PRIMARY SCHOOL,,Kilimanjaro,Hai,,
MLIMA SHABAHA PRIMARY SCHOOL,,Kilimanjaro,Hai,,
MROMA PRIMARY SCHOOL,,Kilimanjaro,Hai,,
MUDIO ISLAMIC PRIMARY SCHOOL,,Kilimanjaro,Hai,,
MWEEKI PRIMARY SCHOOL,,Kilimanjaro,Hai,,
NARUMU PRIMARY SCHOOL,,Kilimanjaro,Hai,,
NGOSERO PRIMARY SCHOOL,,Kilimanjaro,Hai,,
NKUU PRIMARY SCHOOL,,Kilimanjaro,Hai,,
NKWAMWASI PRIMARY SCHOOL,,Kilimanjaro,Hai,,
NKWANSIRA PRIMARY SCHOOL,,Kilimanjaro,Hai,,
NKWASARINGE PRIMARY SCHOOL,,Kilimanjaro,Hai,,
NKWESHOO PRIMARY SCHOOL,,Kilimanjaro,Hai,,
NSONGORO PRIMARY SCHOOL,,Kilimanjaro,Hai,,
ORKUNG'UU PRIMARY SCHOOL,,Kilimanjaro,Hai,,
ROO PRIMARY SCHOOL,,Kilimanjaro,Hai,,
SAFINA PRIMARY SCHOOL,,Kilimanjaro,Hai,,
SEMINDU PRIMARY SCHOOL,,Kilimanjaro,Hai,,
SHEKINA PRIMARY SCHOOL,,Kilimanjaro,Hai,,
ST DORCAS KINDER PRIMARY SCHOOL,,Kilimanjaro,Hai,,
SUFI PRIMARY SCHOOL,,Kilimanjaro,Hai,,
TRINITY ACADEMY PRIMARY SCHOOL,,Kilimanjaro,Hai,,
USARI PRIMARY SCHOOL,,Kilimanjaro,Hai,,
WERUWERU PRIMARY SCHOOL,,Kilimanjaro,Hai,,
BETHEL PRIMARY SCHOOL,,Kilimanjaro,Moshi,,
DENNIS MORLEY PRIMARY SCHOOL,,Kilimanjaro,Moshi,,
FOUNTAIN OF HOPE PRIMARY SCHOOL,,Kilimanjaro,Moshi,,
FUMBUNI PRIMARY SCHOOL,,Kilimanjaro,Moshi,,
GOODSHEPHERD PRIMARY SCHOOL,,Kilimanjaro,Moshi,,
HIMO-POFO PRIMARY SCHOOL,,Kilimanjaro,Moshi,,
IWA PRIMARY SCHOOL,,Kilimanjaro,Moshi,,
KANJI PRIMARY SCHOOL,,Kilimanjaro,Moshi,,
KATANINI PRIMARY SCHOOL,,Kilimanjaro,Moshi,,
KIDACHINI PRIMARY SCHOOL,,Kilimanjaro,Moshi,,
KIFUNI PRIMARY SCHOOL,,Kilimanjaro,Moshi,,
KILEMA PRIMARY SCHOOL,,Kilimanjaro,Moshi,,
KIMANGANUNI PRIMARY SCHOOL,,Kilimanjaro,Moshi,,
KINDI-KATI PRIMARY SCHOOL,,Kilimanjaro,Moshi,,
KIRIMA-JUU PRIMARY SCHOOL,,Kilimanjaro,Moshi,,
KIRUNDA PRIMARY SCHOOL,,Kilimanjaro,Moshi,,
KISASENI PRIMARY SCHOOL,,Kilimanjaro,Moshi,,
KISOWONI PRIMARY SCHOOL,,Kilimanjaro,Moshi,,
KITOWO PRIMARY SCHOOL,,Kilimanjaro,Moshi,,
KIWEI PRIMARY SCHOOL,,Kilimanjaro,Moshi,,
KOCHAKINDO PRIMARY SCHOOL,,Kilimanjaro,Moshi,,
KOMAKUNDI PRIMARY SCHOOL,,Kilimanjaro,Moshi,,
KORONA PRIMARY SCHOOL,,Kilimanjaro,Moshi,,
KYASENI PRIMARY SCHOOL,,Kilimanjaro,Moshi,,
LASSO PRIMARY SCHOOL,,Kilimanjaro,Moshi,,
LIBERTY PRIMARY SCHOOL,,Kilimanjaro,Moshi,,
LONGUO PRIMARY SCHOOL,,Kilimanjaro,Moshi,,
LYAKOMBILA PRIMARY SCHOOL,,Kilimanjaro,Moshi,,
MABIRANGA PRIMARY SCHOOL,,Kilimanjaro,Moshi,,
MAENDELEO PRIMARY SCHOOL,,Kilimanjaro,Moshi,,
MAKAA PRIMARY SCHOOL,,Kilimanjaro,Moshi,,
MAKERERE PRIMARY SCHOOL,,Kilimanjaro,Moshi,,
MANDANGENI PRIMARY SCHOOL,,Kilimanjaro,Moshi,,
MANU PRIMARY SCHOOL,,Kilimanjaro,Moshi,,
MARANGU HILLS PRIMARY SCHOOL,,Kilimanjaro,Moshi,,
MARING'A-CHINI PRIMARY SCHOOL,,Kilimanjaro,Moshi,,
MARY-BENET PRIMARY SCHOOL,,Kilimanjaro,Moshi,,
MASOKA PRIMARY SCHOOL,,Kilimanjaro,Moshi,,
MATERUNI PRIMARY SCHOOL,,Kilimanjaro,Moshi,,
MAWALA PRIMARY SCHOOL,,Kilimanjaro,Moshi,,
MAWELLA PRIMARY SCHOOL,,Kilimanjaro,Moshi,,
MBOKOMU PRIMARY SCHOOL,,Kilimanjaro,Moshi,,
MEERA PRIMARY SCHOOL,,Kilimanjaro,Moshi,,
MIERESINI PRIMARY SCHOOL,,Kilimanjaro,Moshi,,
MIWALENI PRIMARY SCHOOL,,Kilimanjaro,Moshi,,
MKOMONGO PRIMARY SCHOOL,,Kilimanjaro,Moshi,,
MONGAI PRIMARY SCHOOL,,Kilimanjaro,Moshi,,
MRIENY PRIMARY SCHOOL,,Kilimanjaro,Moshi,,
MRUPANGA PRIMARY SCHOOL,,Kilimanjaro,Moshi,,
MSUFINI PRIMARY SCHOOL,,Kilimanjaro,Moshi,,
MULO PRIMARY SCHOOL,,Kilimanjaro,Moshi,,
MVULENI PRIMARY SCHOOL,,Kilimanjaro,Moshi,,
MWASI-KASKAZINI PRIMARY SCHOOL,,Kilimanjaro,Moshi,,
MWIKA INTEGRITY PRIMARY SCHOOL,,Kilimanjaro,Moshi,,
NAPAKU PRIMARY SCHOOL,,Kilimanjaro,Moshi,,
NDUONI PRIMARY SCHOOL,,Kilimanjaro,Moshi,,
NGANGU PRIMARY SCHOOL,,Kilimanjaro,Moshi,,
NGARUMA PRIMARY SCHOOL,,Kilimanjaro,Moshi,,
NGUMENI PRIMARY SCHOOL,,Kilimanjaro,Moshi,,
NKONYAKU PRIMARY SCHOOL,,Kilimanjaro,Moshi,,
OKASENI PRIMARY SCHOOL,,Kilimanjaro,Moshi,,
ONANA PRIMARY SCHOOL,,Kilimanjaro,Moshi,,
OTARUNI PRIMARY SCHOOL,,Kilimanjaro,Moshi,,
PAUL ALBERT PRIMARY SCHOOL,,Kilimanjaro,Moshi,,
RIATA PRIMARY SCHOOL,,Kilimanjaro,Moshi,,
ROSE PRIMARY SCHOOL,,Kilimanjaro,Moshi,,
SAA PRIMARY SCHOOL,,Kilimanjaro,Moshi,,
SAMANGA PRIMARY SCHOOL,,Kilimanjaro,Moshi,,
SANINGO PRIMARY SCHOOL,,Kilimanjaro,Moshi,,
SHIA PRIMARY SCHOOL,,Kilimanjaro,Moshi,,
SHOKONY PRIMARY SCHOOL,,Kilimanjaro,Moshi,,
SINGA-BORA PRIMARY SCHOOL,,Kilimanjaro,Moshi,,
ST URUSULA PRIMARY SCHOOL,,Kilimanjaro,Moshi,,
TELLA PRIMARY SCHOOL,,Kilimanjaro,Moshi,,
UCHAU PRIMARY SCHOOL,,Kilimanjaro,Moshi,,
UMBWE PRIMARY SCHOOL,,Kilimanjaro,Moshi,,
URI PRIMARY SCHOOL,,Kilimanjaro,Moshi,,
USAGARA PRIMARY SCHOOL,,Kilimanjaro,Moshi,,
WONDO PRIMARY SCHOOL,,Kilimanjaro,Moshi,,
ASHIRA PRIMARY SCHOOL,,Kilimanjaro,Moshi,,
BENJAMINI MOSHI PRIMARY SCHOOL,,Kilimanjaro,Moshi,,
DARAJANI PRIMARY SCHOOL,,Kilimanjaro,Moshi,,
FUKENI PRIMARY SCHOOL,,Kilimanjaro,Moshi,,
GHONA PRIMARY SCHOOL,,Kilimanjaro,Moshi,,
HIMO PRIMARY SCHOOL,,Kilimanjaro,Moshi,,
KAHE PRIMARY SCHOOL,,Kilimanjaro,Moshi,,
KARORO PRIMARY SCHOOL,,Kilimanjaro,Moshi,,
KIBOSHO PRIMARY SCHOOL,,Kilimanjaro,Moshi,,
KIFUMBU PRIMARY SCHOOL,,Kilimanjaro,Moshi,,
KILAREMO PRIMARY SCHOOL,,Kilimanjaro,Moshi,,
KILOTOTONI PRIMARY SCHOOL,,Kilimanjaro,Moshi,,
KINDI-JUU PRIMARY SCHOOL,,Kilimanjaro,Moshi,,
KIREFURE PRIMARY SCHOOL,,Kilimanjaro,Moshi,,
KIROSHA PRIMARY SCHOOL,,Kilimanjaro,Moshi,,
KISANGESANGENI PRIMARY SCHOOL,,Kilimanjaro,Moshi,,
KITERINI PRIMARY SCHOOL,,Kilimanjaro,Moshi,,
KIWALAA PRIMARY SCHOOL,,Kilimanjaro,Moshi,,
KIYUNGI PRIMARY SCHOOL,,Kilimanjaro,Moshi,,
KOKIRIE PRIMARY SCHOOL,,Kilimanjaro,Moshi,,
KOMALYANGOE PRIMARY SCHOOL,,Kilimanjaro,Moshi,,
KONDENI PRIMARY SCHOOL,,Kilimanjaro,Moshi,,
KWAGINJA PRIMARY SCHOOL,,Kilimanjaro,Moshi,,
LANGASANI PRIMARY SCHOOL,,Kilimanjaro,Moshi,,
LEKURA PRIMARY SCHOOL,,Kilimanjaro,Moshi,,
LOLE PRIMARY SCHOOL,,Kilimanjaro,Moshi,,
LYAKIRIMU PRIMARY SCHOOL,,Kilimanjaro,Moshi,,
MAANDE PRIMARY SCHOOL,,Kilimanjaro,Moshi,,
MABUNGO PRIMARY SCHOOL,,Kilimanjaro,Moshi,,
MAKAMI-JUU PRIMARY SCHOOL,,Kilimanjaro,Moshi,,
MAKUNDUSHI PRIMARY SCHOOL,,Kilimanjaro,Moshi,,
MANDAKA - MAZOEZI PRIMARY SCHOOL,,Kilimanjaro,Moshi,,
MANGO PRIMARY SCHOOL,,Kilimanjaro,Moshi,,
MANUSHI-JUU PRIMARY SCHOOL,,Kilimanjaro,Moshi,,
MARAWA PRIMARY SCHOOL,,Kilimanjaro,Moshi,,
MARIMENI PRIMARY SCHOOL,,Kilimanjaro,Moshi,,
MARINGENI PRIMARY SCHOOL,,Kilimanjaro,Moshi,,
MASIA-MARANGU PRIMARY SCHOOL,,Kilimanjaro,Moshi,,
MATEMBONI PRIMARY SCHOOL,,Kilimanjaro,Moshi,,
MAWANJENI PRIMARY SCHOOL,,Kilimanjaro,Moshi,,
MBAHE PRIMARY SCHOOL,,Kilimanjaro,Moshi,,
MDAWI PRIMARY SCHOOL,,Kilimanjaro,Moshi,,
MENGENI PRIMARY SCHOOL,,Kilimanjaro,Moshi,,
MINNESOTA PRIMARY SCHOOL,,Kilimanjaro,Moshi,,
MKOMILO PRIMARY SCHOOL,,Kilimanjaro,Moshi,,
MNINI PRIMARY SCHOOL,,Kilimanjaro,Moshi,,
MRAWI PRIMARY SCHOOL,,Kilimanjaro,Moshi,,
MRUMENI PRIMARY SCHOOL,,Kilimanjaro,Moshi,,
MSARENI PRIMARY SCHOOL,,Kilimanjaro,Moshi,,
MSEROE PRIMARY SCHOOL,,Kilimanjaro,Moshi,,
MSINGA PRIMARY SCHOOL,,Kilimanjaro,Moshi,,
MUE PRIMARY SCHOOL,,Kilimanjaro,Moshi,,
MUYUNI PRIMARY SCHOOL,,Kilimanjaro,Moshi,,
MWANGARIA PRIMARY SCHOOL,,Kilimanjaro,Moshi,,
MWEKA PRIMARY SCHOOL,,Kilimanjaro,Moshi,,
NANGA PRIMARY SCHOOL,,Kilimanjaro,Moshi,,
NAZARENNE PRIMARY SCHOOL,,Kilimanjaro,Moshi,,
NEVILLE PRIMARY SCHOOL,,Kilimanjaro,Moshi,,
NGARONI PRIMARY SCHOOL,,Kilimanjaro,Moshi,,
NGOROSHI PRIMARY SCHOOL,,Kilimanjaro,Moshi,,
NJIA-PANDA PRIMARY SCHOOL,,Kilimanjaro,Moshi,,
OKAONI PRIMARY SCHOOL,,Kilimanjaro,Moshi,,
OMI PRIMARY SCHOOL,,Kilimanjaro,Moshi,,
ORIA PRIMARY SCHOOL,,Kilimanjaro,Moshi,,
PAPILIKI PRIMARY SCHOOL,,Kilimanjaro,Moshi,,
RAUYA PRIMARY SCHOOL,,Kilimanjaro,Moshi,,
RONGOMA PRIMARY SCHOOL,,Kilimanjaro,Moshi,,
RUWA PRIMARY SCHOOL,,Kilimanjaro,Moshi,,
SAMALI PRIMARY SCHOOL,,Kilimanjaro,Moshi,,
SANGO PRIMARY SCHOOL,,Kilimanjaro,Moshi,,
SEMBETI PRIMARY SCHOOL,,Kilimanjaro,Moshi,,
SHIMBWE-JUU PRIMARY SCHOOL,,Kilimanjaro,Moshi,,
SINGA CHINI - MAZOEZI PRIMARY SCHOOL,,Kilimanjaro,Moshi,,
SOKO PRIMARY SCHOOL,,Kilimanjaro,Moshi,,
SUNGU PRIMARY SCHOOL,,Kilimanjaro,Moshi,,
TUMAINI FOUNDATION PRIMARY SCHOOL,,Kilimanjaro,Moshi,,
UCHIRA PRIMARY SCHOOL,,Kilimanjaro,Moshi,,
URU PRIMARY SCHOOL,,Kilimanjaro,Moshi,,
WERENI PRIMARY SCHOOL,,Kilimanjaro,Moshi,,
ARUSHA-CHINI PRIMARY SCHOOL,,Kilimanjaro,Moshi,,
BENJAMINI MKAPA PRIMARY SCHOOL,,Kilimanjaro,Moshi,,
CHOMBO PRIMARY SCHOOL,,Kilimanjaro,Moshi,,
DR SHEIN PRIMARY SCHOOL,,Kilimanjaro,Moshi,,
FOYENI PRIMARY SCHOOL,,Kilimanjaro,Moshi,,
FUMVUHU PRIMARY SCHOOL,,Kilimanjaro,Moshi,,
GREEN MADINA PRIMARY SCHOOL,,Kilimanjaro,Moshi,,
HOLY CHILDHOOD PRIMARY SCHOOL,,Kilimanjaro,Moshi,,
JAMES OLE MILLYA PRIMARY SCHOOL,,Kilimanjaro,Moshi,,
KARIWA PRIMARY SCHOOL,,Kilimanjaro,Moshi,,
KEURA PRIMARY SCHOOL,,Kilimanjaro,Moshi,,
KIDIA PRIMARY SCHOOL,,Kilimanjaro,Moshi,,
KIKORO PRIMARY SCHOOL,,Kilimanjaro,Moshi,,
KILINDINI PRIMARY SCHOOL,,Kilimanjaro,Moshi,,
KIMBOGHO PRIMARY SCHOOL,,Kilimanjaro,Moshi,,
KIRARACHA PRIMARY SCHOOL,,Kilimanjaro,Moshi,,
KIRIMENI PRIMARY SCHOOL,,Kilimanjaro,Moshi,,
KIRUWENI PRIMARY SCHOOL,,Kilimanjaro,Moshi,,
KISHUMUNDU PRIMARY SCHOOL,,Kilimanjaro,Moshi,,
KISULUNI PRIMARY SCHOOL,,Kilimanjaro,Moshi,,
KIUNGUNI PRIMARY SCHOOL,,Kilimanjaro,Moshi,,
KIYUNGI MPYA PRIMARY SCHOOL,,Kilimanjaro,Moshi,,
KOKIRA PRIMARY SCHOOL,,Kilimanjaro,Moshi,,
KOMAKYA PRIMARY SCHOOL,,Kilimanjaro,Moshi,,
KOMELA PRIMARY SCHOOL,,Kilimanjaro,Moshi,,
KOTELA PRIMARY SCHOOL,,Kilimanjaro,Moshi,,
KYOMU PRIMARY SCHOOL,,Kilimanjaro,Moshi,,
LEGHO PRIMARY SCHOOL,,Kilimanjaro,Moshi,,
LITTLE ACORNS PRIMARY SCHOOL,,Kilimanjaro,Moshi,,
LOTIMA PRIMARY SCHOOL,,Kilimanjaro,Moshi,,
LYASOMBORO PRIMARY SCHOOL,,Kilimanjaro,Moshi,,
MABOGINI PRIMARY SCHOOL,,Kilimanjaro,Moshi,,
MAHOMA PRIMARY SCHOOL,,Kilimanjaro,Moshi,,
MAKAMI-CHINI PRIMARY SCHOOL,,Kilimanjaro,Moshi,,
MAKOMU PRIMARY SCHOOL,,Kilimanjaro,Moshi,,
MALILO PRIMARY SCHOOL,,Kilimanjaro,Moshi,,
MANGI SABAS PRIMARY SCHOOL,,Kilimanjaro,Moshi,,
MANUSHI-CHINI PRIMARY SCHOOL,,Kilimanjaro,Moshi,,
MARANGU-MAZOEZI PRIMARY SCHOOL,,Kilimanjaro,Moshi,,
MARIA MAGRETH PRIMARY SCHOOL,,Kilimanjaro,Moshi,,
MARING'A-JUU PRIMARY SCHOOL,,Kilimanjaro,Moshi,,
MASIA-MAMBA PRIMARY SCHOOL,,Kilimanjaro,Moshi,,
MATUNYA PRIMARY SCHOOL,,Kilimanjaro,Moshi,,
MAWANDA PRIMARY SCHOOL,,Kilimanjaro,Moshi,,
MBONI PRIMARY SCHOOL,,Kilimanjaro,Moshi,,
MEMA PRIMARY SCHOOL,,Kilimanjaro,Moshi,,
MKOLOWONY PRIMARY SCHOOL,,Kilimanjaro,Moshi,,
MKYASHI PRIMARY SCHOOL,,Kilimanjaro,Moshi,,
MOWO PRIMARY SCHOOL,,Kilimanjaro,Moshi,,
MROKORA PRIMARY SCHOOL,,Kilimanjaro,Moshi,,
MRUWIA PRIMARY SCHOOL,,Kilimanjaro,Moshi,,
MSERIKIA PRIMARY SCHOOL,,Kilimanjaro,Moshi,,
MSHIRI PRIMARY SCHOOL,,Kilimanjaro,Moshi,,
MWAMKO PRIMARY SCHOOL,,Kilimanjaro,Moshi,,
MWASI-KUSINI PRIMARY SCHOOL,,Kilimanjaro,Moshi,,
MWIKA PRIMARY SCHOOL,,Kilimanjaro,Moshi,,
NAZARENE TOWNSHIP PRIMARY SCHOOL,,Kilimanjaro,Moshi,,
NDUWENI PRIMARY SCHOOL,,Kilimanjaro,Moshi,,
NGANYENI PRIMARY SCHOOL,,Kilimanjaro,Moshi,,
NGASINI PRIMARY SCHOOL,,Kilimanjaro,Moshi,,
NJIA PANDA WALEMAVU PRIMARY SCHOOL,,Kilimanjaro,Moshi,,
NKOSANGANA PRIMARY SCHOOL,,Kilimanjaro,Moshi,,
OLIMO PRIMARY SCHOOL,,Kilimanjaro,Moshi,,
ONGOMA PRIMARY SCHOOL,,Kilimanjaro,Moshi,,
PALANGENY PRIMARY SCHOOL,,Kilimanjaro,Moshi,,
RAU-RIVER PRIMARY SCHOOL,,Kilimanjaro,Moshi,,
RONGA PRIMARY SCHOOL,,Kilimanjaro,Moshi,,
SAGHANA PRIMARY SCHOOL,,Kilimanjaro,Moshi,,
SAMBARAI PRIMARY SCHOOL,,Kilimanjaro,Moshi,,
SCOLASTICA PRIMARY SCHOOL,,Kilimanjaro,Moshi,,
SHIMBWE-CHINI PRIMARY SCHOOL,,Kilimanjaro,Moshi,,
SIA-SHIMBWE PRIMARY SCHOOL,,Kilimanjaro,Moshi,,
SISAMARO PRIMARY SCHOOL,,Kilimanjaro,Moshi,,
SUMAYE PRIMARY SCHOOL,,Kilimanjaro,Moshi,,
TIMOTHY PRIMARY SCHOOL,,Kilimanjaro,Moshi,,
UCHIRA ISLAMIC PRIMARY SCHOOL,,Kilimanjaro,Moshi,,
UPARO PRIMARY SCHOOL,,Kilimanjaro,Moshi,,
URU COMMUNITY PRIMARY SCHOOL,,Kilimanjaro,Moshi,,
UUWO PRIMARY SCHOOL,,Kilimanjaro,Moshi,,
YAMU PRIMARY SCHOOL,,Kilimanjaro,Moshi,,
ALHUDA PRIMARY SCHOOL,,Kilimanjaro,Moshi Mc,,
BRIDGE PRIMARY SCHOOL,,Kilimanjaro,Moshi Mc,,
FM FOUNDATION PRIMARY SCHOOL,,Kilimanjaro,Moshi Mc,,
JITEGEMEE PRIMARY SCHOOL,,Kilimanjaro,Moshi Mc,,
K E A PRIMARY SCHOOL,,Kilimanjaro,Moshi Mc,,
KIBO PRIMARY SCHOOL,,Kilimanjaro,Moshi Mc,,
KILIMANJARO PRIMARY SCHOOL,,Kilimanjaro,Moshi Mc,,
MAWENZI PRIMARY SCHOOL,,Kilimanjaro,Moshi Mc,,
MJIMPYA PRIMARY SCHOOL,,Kilimanjaro,Moshi Mc,,
MOSHI AIRPORT PRIMARY SCHOOL,,Kilimanjaro,Moshi Mc,,
MSANDAKA VIZIWI PRIMARY SCHOOL,,Kilimanjaro,Moshi Mc,,
MZALENDO PRIMARY SCHOOL,,Kilimanjaro,Moshi Mc,,
PATRICK PRIMARY SCHOOL,,Kilimanjaro,Moshi Mc,,
SHAURIMOYO PRIMARY SCHOOL,,Kilimanjaro,Moshi Mc,,
SOWETO PRIMARY SCHOOL,,Kilimanjaro,Moshi Mc,,
ST. MARY CIARA PRIMARY SCHOOL,,Kilimanjaro,Moshi Mc,,
VALLEY VIEW PRIMARY SCHOOL,,Kilimanjaro,Moshi Mc,,
EDEN GARDEN PRIMARY SCHOOL,,Kilimanjaro,Moshi Mc,,
JAMHURI PRIMARY SCHOOL,,Kilimanjaro,Moshi Mc,,
KARANGA PRIMARY SCHOOL,,Kilimanjaro,Moshi Mc,,
KIBORILONI PRIMARY SCHOOL,,Kilimanjaro,Moshi Mc,,
LANGONI PRIMARY SCHOOL,,Kilimanjaro,Moshi Mc,,
MANDELA PRIMARY SCHOOL,,Kilimanjaro,Moshi Mc,,
MOSHI ACADEMY PRIMARY SCHOOL,,Kilimanjaro,Moshi Mc,,
MSANDAKA PRIMARY SCHOOL,,Kilimanjaro,Moshi Mc,,
MWERENI PRIMARY SCHOOL,,Kilimanjaro,Moshi Mc,,
PASUA PRIMARY SCHOOL,,Kilimanjaro,Moshi Mc,,
ST LOUIS PRIMARY SCHOOL,,Kilimanjaro,Moshi Mc,,
ARCHANGELS PRIMARY SCHOOL,,Kilimanjaro,Moshi Mc,,
GUARDIAN ANGELS PRIMARY SCHOOL,,Kilimanjaro,Moshi Mc,,
KIBO SHANTY PRIMARY SCHOOL,,Kilimanjaro,Moshi Mc,,
KORONGONI PRIMARY SCHOOL,,Kilimanjaro,Moshi Mc,,
MCF PARADISE PRIMARY SCHOOL,,Kilimanjaro,Moshi Mc,,
MNAZI PRIMARY SCHOOL,,Kilimanjaro,Moshi Mc,,
MOSHI PRIMARY SCHOOL,,Kilimanjaro,Moshi Mc,,
MSARANGA PRIMARY SCHOOL,,Kilimanjaro,Moshi Mc,,
MWENGE PRIMARY SCHOOL,,Kilimanjaro,Moshi Mc,,
RAU PRIMARY SCHOOL,,Kilimanjaro,Moshi Mc,,
ST ANNE PRIMARY SCHOOL,,Kilimanjaro,Moshi Mc,,
AMAN HILLS PRIMARY SCHOOL,,Kilimanjaro,Mwanga,,
BUTU PRIMARY SCHOOL,,Kilimanjaro,Mwanga,,
CHANJALE PRIMARY SCHOOL,,Kilimanjaro,Mwanga,,
DR.OMARI PRIMARY SCHOOL,,Kilimanjaro,Mwanga,,
GREEN BIRD PRIMARY SCHOOL,,Kilimanjaro,Mwanga,,
JIPE PRIMARY SCHOOL,,Kilimanjaro,Mwanga,,
KAILI PRIMARY SCHOOL,,Kilimanjaro,Mwanga,,
KAMBI-YA-SIMBA PRIMARY SCHOOL,,Kilimanjaro,Mwanga,,
KASENI PRIMARY SCHOOL,,Kilimanjaro,Mwanga,,
KAVAZUNGU PRIMARY SCHOOL,,Kilimanjaro,Mwanga,,
KIFULA PRIMARY SCHOOL,,Kilimanjaro,Mwanga,,
KILEO PRIMARY SCHOOL,,Kilimanjaro,Mwanga,,
KIRIKI PRIMARY SCHOOL,,Kilimanjaro,Mwanga,,
KIRYA PRIMARY SCHOOL,,Kilimanjaro,Mwanga,,
KITI-CHA-MUNGU PRIMARY SCHOOL,,Kilimanjaro,Mwanga,,
KITOPENI PRIMARY SCHOOL,,Kilimanjaro,Mwanga,,
KIVINDU PRIMARY SCHOOL,,Kilimanjaro,Mwanga,,
KWAKIHINDI PRIMARY SCHOOL,,Kilimanjaro,Mwanga,,
KWAMSEMBEA PRIMARY SCHOOL,,Kilimanjaro,Mwanga,,
LANGA'TA PRIMARY SCHOOL,,Kilimanjaro,Mwanga,,
LWAMI PRIMARY SCHOOL,,Kilimanjaro,Mwanga,,
MAMBA PRIMARY SCHOOL,,Kilimanjaro,Mwanga,,
MANGARA PRIMARY SCHOOL,,Kilimanjaro,Mwanga,,
MARETI PRIMARY SCHOOL,,Kilimanjaro,Mwanga,,
MBORE PRIMARY SCHOOL,,Kilimanjaro,Mwanga,,
MGAGAO PRIMARY SCHOOL,,Kilimanjaro,Mwanga,,
MLEVO PRIMARY SCHOOL,,Kilimanjaro,Mwanga,,
MRAMBA PRIMARY SCHOOL,,Kilimanjaro,Mwanga,,
MSAFIRI PRIMARY SCHOOL,,Kilimanjaro,Mwanga,,
MWANGONDI PRIMARY SCHOOL,,Kilimanjaro,Mwanga,,
NDEA PRIMARY SCHOOL,,Kilimanjaro,Mwanga,,
NJUWENI PRIMARY SCHOOL,,Kilimanjaro,Mwanga,,
RAA PRIMARY SCHOOL,,Kilimanjaro,Mwanga,,
RURU PRIMARY SCHOOL,,Kilimanjaro,Mwanga,,
SIMBOMU PRIMARY SCHOOL,,Kilimanjaro,Mwanga,,
ST. IMELDA PRIMARY SCHOOL,,Kilimanjaro,Mwanga,,
TESTIMONY PRIMARY SCHOOL,,Kilimanjaro,Mwanga,,
VIZIWI-MWANGA PRIMARY SCHOOL,,Kilimanjaro,Mwanga,,
BISHOP STANLEY HOTAY PRIMARY SCHOOL,,Kilimanjaro,Mwanga,,
CHANGALAVO PRIMARY SCHOOL,,Kilimanjaro,Mwanga,,
CHOMVU PRIMARY SCHOOL,,Kilimanjaro,Mwanga,,
FUMBUANG'OMBE PRIMARY SCHOOL,,Kilimanjaro,Mwanga,,
IBAYA PRIMARY SCHOOL,,Kilimanjaro,Mwanga,,
KAGONGO PRIMARY SCHOOL,,Kilimanjaro,Mwanga,,
KAMANI PRIMARY SCHOOL,,Kilimanjaro,Mwanga,,
KARAMBACHA PRIMARY SCHOOL,,Kilimanjaro,Mwanga,,
KAUZENI PRIMARY SCHOOL,,Kilimanjaro,Mwanga,,
KIFARU PRIMARY SCHOOL,,Kilimanjaro,Mwanga,,
KILAWENI PRIMARY SCHOOL,,Kilimanjaro,Mwanga,,
KINGONDI PRIMARY SCHOOL,,Kilimanjaro,Mwanga,,
KIRURU PRIMARY SCHOOL,,Kilimanjaro,Mwanga,,
KISANGARA-JUU PRIMARY SCHOOL,,Kilimanjaro,Mwanga,,
KISEKIBAHA PRIMARY SCHOOL,,Kilimanjaro,Mwanga,,
KITOGHOTO PRIMARY SCHOOL,,Kilimanjaro,Mwanga,,
KIVERENGE PRIMARY SCHOOL,,Kilimanjaro,Mwanga,,
KIVULINI PRIMARY SCHOOL,,Kilimanjaro,Mwanga,,
KWAMAVUSHA PRIMARY SCHOOL,,Kilimanjaro,Mwanga,,
LAMBO PRIMARY SCHOOL,,Kilimanjaro,Mwanga,,
LOMWE PRIMARY SCHOOL,,Kilimanjaro,Mwanga,,
MAKANDENI PRIMARY SCHOOL,,Kilimanjaro,Mwanga,,
MANDAKA PRIMARY SCHOOL,,Kilimanjaro,Mwanga,,
MANGIO PRIMARY SCHOOL,,Kilimanjaro,Mwanga,,
MBAMBUA PRIMARY SCHOOL,,Kilimanjaro,Mwanga,,
MFINGA PRIMARY SCHOOL,,Kilimanjaro,Mwanga,,
MKONGEA PRIMARY SCHOOL,,Kilimanjaro,Mwanga,,
MOMBEA PRIMARY SCHOOL,,Kilimanjaro,Mwanga,,
MRUMA PRIMARY SCHOOL,,Kilimanjaro,Mwanga,,
MSANGENI PRIMARY SCHOOL,,Kilimanjaro,Mwanga,,
MWANGA PRIMARY SCHOOL,,Kilimanjaro,Mwanga,,
NDAMBWE PRIMARY SCHOOL,,Kilimanjaro,Mwanga,,
NGULU PRIMARY SCHOOL,,Kilimanjaro,Mwanga,,
PROF MAGHEMBE PRIMARY SCHOOL,,Kilimanjaro,Mwanga,,
RELI JUU PRIMARY SCHOOL,,Kilimanjaro,Mwanga,,
SHIGHATINI PRIMARY SCHOOL,,Kilimanjaro,Mwanga,,
SONGOA PRIMARY SCHOOL,,Kilimanjaro,Mwanga,,
SUNGO PRIMARY SCHOOL,,Kilimanjaro,Mwanga,,
USANGI PRIMARY SCHOOL,,Kilimanjaro,Mwanga,,
AMANI VUMWE PRIMARY SCHOOL,,Kilimanjaro,Mwanga,,
CHIMBI PRIMARY SCHOOL,,Kilimanjaro,Mwanga,,
EMANGULAI PRIMARY SCHOOL,,Kilimanjaro,Mwanga,,
HANDENI PRIMARY SCHOOL,,Kilimanjaro,Mwanga,,
JOHANE SCHNEIDER PRIMARY SCHOOL,,Kilimanjaro,Mwanga,,
KALIMANI PRIMARY SCHOOL,,Kilimanjaro,Mwanga,,
KAMWALA PRIMARY SCHOOL,,Kilimanjaro,Mwanga,,
KATOLA PRIMARY SCHOOL,,Kilimanjaro,Mwanga,,
KAWAWA PRIMARY SCHOOL,,Kilimanjaro,Mwanga,,
KIGONIGONI PRIMARY SCHOOL,,Kilimanjaro,Mwanga,,
KILOMENI PRIMARY SCHOOL,,Kilimanjaro,Mwanga,,
KIRONGWE PRIMARY SCHOOL,,Kilimanjaro,Mwanga,,
KISANGARA PRIMARY SCHOOL,,Kilimanjaro,Mwanga,,
KISANJUNI PRIMARY SCHOOL,,Kilimanjaro,Mwanga,,
KITIVONI PRIMARY SCHOOL,,Kilimanjaro,Mwanga,,
KITURI PRIMARY SCHOOL,,Kilimanjaro,Mwanga,,
KIVISINI PRIMARY SCHOOL,,Kilimanjaro,Mwanga,,
KWAKOA PRIMARY SCHOOL,,Kilimanjaro,Mwanga,,
KWANYANGE PRIMARY SCHOOL,,Kilimanjaro,Mwanga,,
LEMBENI PRIMARY SCHOOL,,Kilimanjaro,Mwanga,,
MANAGUGU PRIMARY SCHOOL,,Kilimanjaro,Mwanga,,
MANGATU PRIMARY SCHOOL,,Kilimanjaro,Mwanga,,
MASUMBENI PRIMARY SCHOOL,,Kilimanjaro,Mwanga,,
MCHENI PRIMARY SCHOOL,,Kilimanjaro,Mwanga,,
MKOMBOZI PRIMARY SCHOOL,,Kilimanjaro,Mwanga,,
MNOA PRIMARY SCHOOL,,Kilimanjaro,Mwanga,,
MRITI PRIMARY SCHOOL,,Kilimanjaro,Mwanga,,
MSALENI PRIMARY SCHOOL,,Kilimanjaro,Mwanga,,
MWAI PRIMARY SCHOOL,,Kilimanjaro,Mwanga,,
MWERO PRIMARY SCHOOL,,Kilimanjaro,Mwanga,,
NDORWE PRIMARY SCHOOL,,Kilimanjaro,Mwanga,,
NYABINDA PRIMARY SCHOOL,,Kilimanjaro,Mwanga,,
RANGAA PRIMARY SCHOOL,,Kilimanjaro,Mwanga,,
SHIGHATI PRIMARY SCHOOL,,Kilimanjaro,Mwanga,,
SOFFE PRIMARY SCHOOL,,Kilimanjaro,Mwanga,,
ST.KIZITO-RUPERT PRIMARY SCHOOL,,Kilimanjaro,Mwanga,,
TOLOHA PRIMARY SCHOOL,,Kilimanjaro,Mwanga,,
VUCHAMA PRIMARY SCHOOL,,Kilimanjaro,Mwanga,,
AMRUSHU PRIMARY SCHOOL,,Kilimanjaro,Rombo,,
BOONI PRIMARY SCHOOL,,Kilimanjaro,Rombo,,
ERNICX PRIMARY SCHOOL,,Kilimanjaro,Rombo,,
HOLILI PRIMARY SCHOOL,,Kilimanjaro,Rombo,,
IBURIENI PRIMARY SCHOOL,,Kilimanjaro,Rombo,,
KAFUFUU PRIMARY SCHOOL,,Kilimanjaro,Rombo,,
KATANGARA PRIMARY SCHOOL,,Kilimanjaro,Rombo,,
KENI-MRERE PRIMARY SCHOOL,,Kilimanjaro,Rombo,,
KIBOSOU PRIMARY SCHOOL,,Kilimanjaro,Rombo,,
KIKELELWA PRIMARY SCHOOL,,Kilimanjaro,Rombo,,
KILULINI PRIMARY SCHOOL,,Kilimanjaro,Rombo,,
KINGACHI PRIMARY SCHOOL,,Kilimanjaro,Rombo,,
KIRAENI PRIMARY SCHOOL,,Kilimanjaro,Rombo,,
KIROKOMU PRIMARY SCHOOL,,Kilimanjaro,Rombo,,
KISEENI PRIMARY SCHOOL,,Kilimanjaro,Rombo,,
KITONGORIA PRIMARY SCHOOL,,Kilimanjaro,Rombo,,
KIUNGWE PRIMARY SCHOOL,,Kilimanjaro,Rombo,,
KWAIKURU PRIMARY SCHOOL,,Kilimanjaro,Rombo,,
KWAMAKSAU PRIMARY SCHOOL,,Kilimanjaro,Rombo,,
KWANAKUYA PRIMARY SCHOOL,,Kilimanjaro,Rombo,,
KWASONDO PRIMARY SCHOOL,,Kilimanjaro,Rombo,,
MACHAME-ALENI PRIMARY SCHOOL,,Kilimanjaro,Rombo,,
MAHARO PRIMARY SCHOOL,,Kilimanjaro,Rombo,,
MARIENI PRIMARY SCHOOL,,Kilimanjaro,Rombo,,
MAURENI PRIMARY SCHOOL,,Kilimanjaro,Rombo,,
MAWELISA PRIMARY SCHOOL,,Kilimanjaro,Rombo,,
MAWETETA PRIMARY SCHOOL,,Kilimanjaro,Rombo,,
MBOMAI-KATI PRIMARY SCHOOL,,Kilimanjaro,Rombo,,
MFORO PRIMARY SCHOOL,,Kilimanjaro,Rombo,,
MKOKYAMA PRIMARY SCHOOL,,Kilimanjaro,Rombo,,
MLEMBEA PRIMARY SCHOOL,,Kilimanjaro,Rombo,,
MOKOMBERO PRIMARY SCHOOL,,Kilimanjaro,Rombo,,
MSIRWAI TENE PRIMARY SCHOOL,,Kilimanjaro,Rombo,,
MTERINI PRIMARY SCHOOL,,Kilimanjaro,Rombo,,
MUNGA PRIMARY SCHOOL,,Kilimanjaro,Rombo,,
NGOYONI PRIMARY SCHOOL,,Kilimanjaro,Rombo,,
RAFIKI PRIMARY SCHOOL,,Kilimanjaro,Rombo,,
RITALIZA OF MT CARMEL PRIMARY SCHOOL,,Kilimanjaro,Rombo,,
SIMBALO PRIMARY SCHOOL,,Kilimanjaro,Rombo,,
ST. PIO IX PRIMARY SCHOOL,,Kilimanjaro,Rombo,,
TANYA PRIMARY SCHOOL,,Kilimanjaro,Rombo,,
UBAA PRIMARY SCHOOL,,Kilimanjaro,Rombo,,
URAURI PRIMARY SCHOOL,,Kilimanjaro,Rombo,,
USONGO PRIMARY SCHOOL,,Kilimanjaro,Rombo,,
WAMA PRIMARY SCHOOL,,Kilimanjaro,Rombo,,
BOMA PRIMARY SCHOOL,,Kilimanjaro,Rombo,,
ENDONETI PRIMARY SCHOOL,,Kilimanjaro,Rombo,,
HITI PRIMARY SCHOOL,,Kilimanjaro,Rombo,,
IBUKONI PRIMARY SCHOOL,,Kilimanjaro,Rombo,,
ITEMBWENI PRIMARY SCHOOL,,Kilimanjaro,Rombo,,
KAHE-USSERI PRIMARY SCHOOL,,Kilimanjaro,Rombo,,
KASTAMU PRIMARY SCHOOL,,Kilimanjaro,Rombo,,
KENI-MENGENI PRIMARY SCHOOL,,Kilimanjaro,Rombo,,
KIISHI PRIMARY SCHOOL,,Kilimanjaro,Rombo,,
KILESI PRIMARY SCHOOL,,Kilimanjaro,Rombo,,
KIMWINGENI PRIMARY SCHOOL,,Kilimanjaro,Rombo,,
KIRACHI PRIMARY SCHOOL,,Kilimanjaro,Rombo,,
KIRARO PRIMARY SCHOOL,,Kilimanjaro,Rombo,,
KIRONGO-JUU PRIMARY SCHOOL,,Kilimanjaro,Rombo,,
KISALE PRIMARY SCHOOL,,Kilimanjaro,Rombo,,
KITIRIMA PRIMARY SCHOOL,,Kilimanjaro,Rombo,,
KIUNGU PRIMARY SCHOOL,,Kilimanjaro,Rombo,,
KLASARA PRIMARY SCHOOL,,Kilimanjaro,Rombo,,
KWALAMAHONDO PRIMARY SCHOOL,,Kilimanjaro,Rombo,,
KWAMWERA PRIMARY SCHOOL,,Kilimanjaro,Rombo,,
KWANGAO PRIMARY SCHOOL,,Kilimanjaro,Rombo,,
LOKORO PRIMARY SCHOOL,,Kilimanjaro,Rombo,,
MAHAHENI PRIMARY SCHOOL,,Kilimanjaro,Rombo,,
MAKAENI PRIMARY SCHOOL,,Kilimanjaro,Rombo,,
MANDA PRIMARY SCHOOL,,Kilimanjaro,Rombo,,
MASHO PRIMARY SCHOOL,,Kilimanjaro,Rombo,,
MAWANDA-MKEI PRIMARY SCHOOL,,Kilimanjaro,Rombo,,
MBOMAI-JUU PRIMARY SCHOOL,,Kilimanjaro,Rombo,,
MENGWE PRIMARY SCHOOL,,Kilimanjaro,Rombo,,
MHARU PRIMARY SCHOOL,,Kilimanjaro,Rombo,,
MKUINI PRIMARY SCHOOL,,Kilimanjaro,Rombo,,
MOKALA PRIMARY SCHOOL,,Kilimanjaro,Rombo,,
MREYAI PRIMARY SCHOOL,,Kilimanjaro,Rombo,,
MTEMBONI PRIMARY SCHOOL,,Kilimanjaro,Rombo,,
MTIMHOO PRIMARY SCHOOL,,Kilimanjaro,Rombo,,
NAYEME PRIMARY SCHOOL,,Kilimanjaro,Rombo,,
NGALEKU PRIMARY SCHOOL,,Kilimanjaro,Rombo,,
OLELE PRIMARY SCHOOL,,Kilimanjaro,Rombo,,
RIMA PRIMARY SCHOOL,,Kilimanjaro,Rombo,,
ROYA PRIMARY SCHOOL,,Kilimanjaro,Rombo,,
SHIMBI PRIMARY SCHOOL,,Kilimanjaro,Rombo,,
ST. JOHN VIANNEY PRIMARY SCHOOL,,Kilimanjaro,Rombo,,
TAVARINI PRIMARY SCHOOL,,Kilimanjaro,Rombo,,
UDANGENI PRIMARY SCHOOL,,Kilimanjaro,Rombo,,
USHIRI PRIMARY SCHOOL,,Kilimanjaro,Rombo,,
UWA PRIMARY SCHOOL,,Kilimanjaro,Rombo,,
CHALA PRIMARY SCHOOL,,Kilimanjaro,Rombo,,
HAKWE PRIMARY SCHOOL,,Kilimanjaro,Rombo,,
HURUMA PRIMARY SCHOOL,,Kilimanjaro,Rombo,,
IKUINI PRIMARY SCHOOL,,Kilimanjaro,Rombo,,
KAFUMBU PRIMARY SCHOOL,,Kilimanjaro,Rombo,,
KASIRWA PRIMARY SCHOOL,,Kilimanjaro,Rombo,,
KENI-ALENI PRIMARY SCHOOL,,Kilimanjaro,Rombo,,
KERYO PRIMARY SCHOOL,,Kilimanjaro,Rombo,,
KIFUFUU PRIMARY SCHOOL,,Kilimanjaro,Rombo,,
KILAWOI PRIMARY SCHOOL,,Kilimanjaro,Rombo,,
KIMANYATU PRIMARY SCHOOL,,Kilimanjaro,Rombo,,
KINYAULI PRIMARY SCHOOL,,Kilimanjaro,Rombo,,
KIRAI PRIMARY SCHOOL,,Kilimanjaro,Rombo,,
KIRONGO-CHINI PRIMARY SCHOOL,,Kilimanjaro,Rombo,,
KIRWA-ROMBO PRIMARY SCHOOL,,Kilimanjaro,Rombo,,
KITERO PRIMARY SCHOOL,,Kilimanjaro,Rombo,,
KITUKUNI PRIMARY SCHOOL,,Kilimanjaro,Rombo,,
KIURA PRIMARY SCHOOL,,Kilimanjaro,Rombo,,
KWAKTAU PRIMARY SCHOOL,,Kilimanjaro,Rombo,,
KWAMBOKO PRIMARY SCHOOL,,Kilimanjaro,Rombo,,
KWANDELE PRIMARY SCHOOL,,Kilimanjaro,Rombo,,
LESOROMA PRIMARY SCHOOL,,Kilimanjaro,Rombo,,
MAHAA PRIMARY SCHOOL,,Kilimanjaro,Rombo,,
MAHOROSHA PRIMARY SCHOOL,,Kilimanjaro,Rombo,,
MAMONJO PRIMARY SCHOOL,,Kilimanjaro,Rombo,,
MASHIMA PRIMARY SCHOOL,,Kilimanjaro,Rombo,,
MBALANGASHENI PRIMARY SCHOOL,,Kilimanjaro,Rombo,,
MHAKA PRIMARY SCHOOL,,Kilimanjaro,Rombo,,
MKOVANDA PRIMARY SCHOOL,,Kilimanjaro,Rombo,,
MMOMWE PRIMARY SCHOOL,,Kilimanjaro,Rombo,,
MOTAMBURU-CHINI PRIMARY SCHOOL,,Kilimanjaro,Rombo,,
MSANGAI PRIMARY SCHOOL,,Kilimanjaro,Rombo,,
MSUU PRIMARY SCHOOL,,Kilimanjaro,Rombo,,
MTIKOME PRIMARY SCHOOL,,Kilimanjaro,Rombo,,
NANJARA PRIMARY SCHOOL,,Kilimanjaro,Rombo,,
NESSAE PRIMARY SCHOOL,,Kilimanjaro,Rombo,,
NJAMTA PRIMARY SCHOOL,,Kilimanjaro,Rombo,,
REHA PRIMARY SCHOOL,,Kilimanjaro,Rombo,,
RONGAI PRIMARY SCHOOL,,Kilimanjaro,Rombo,,
SASENI PRIMARY SCHOOL,,Kilimanjaro,Rombo,,
ST JOSEPH PRIMARY SCHOOL,,Kilimanjaro,Rombo,,
ST. PIUS X PRIMARY SCHOOL,,Kilimanjaro,Rombo,,
TARAKEA PRIMARY SCHOOL,,Kilimanjaro,Rombo,,
UBETU PRIMARY SCHOOL,,Kilimanjaro,Rombo,,
URUWA PRIMARY SCHOOL,,Kilimanjaro,Rombo,,
USSERI PRIMARY SCHOOL,,Kilimanjaro,Rombo,,
WOKA PRIMARY SCHOOL,,Kilimanjaro,Rombo,,
ANNE KILANGO PRIMARY SCHOOL,,Kilimanjaro,Same,,
BENDERA PRIMARY SCHOOL,,Kilimanjaro,Same,,
CHABARU PRIMARY SCHOOL,,Kilimanjaro,Same,,
CHANI PRIMARY SCHOOL,,Kilimanjaro,Same,,
CHANKOMA PRIMARY SCHOOL,,Kilimanjaro,Same,,
DAGHASETA PRIMARY SCHOOL,,Kilimanjaro,Same,,
DINDIMO PRIMARY SCHOOL,,Kilimanjaro,Same,,
ENDEVES PRIMARY SCHOOL,,Kilimanjaro,Same,,
GITI PRIMARY SCHOOL,,Kilimanjaro,Same,,
GONJA PRIMARY SCHOOL,,Kilimanjaro,Same,,
GUNGE PRIMARY SCHOOL,,Kilimanjaro,Same,,
HEMBUA PRIMARY SCHOOL,,Kilimanjaro,Same,,
IGULUNDI PRIMARY SCHOOL,,Kilimanjaro,Same,,
IVUGA PRIMARY SCHOOL,,Kilimanjaro,Same,,
KADANDO PRIMARY SCHOOL,,Kilimanjaro,Same,,
KALEMAWE PRIMARY SCHOOL,,Kilimanjaro,Same,,
KAMPERA PRIMARY SCHOOL,,Kilimanjaro,Same,,
KAVAMBUGU PRIMARY SCHOOL,,Kilimanjaro,Same,,
KIDUNDAI PRIMARY SCHOOL,,Kilimanjaro,Same,,
KIHURIO PRIMARY SCHOOL,,Kilimanjaro,Same,,
KINARU PRIMARY SCHOOL,,Kilimanjaro,Same,,
KIRANGARE PRIMARY SCHOOL,,Kilimanjaro,Same,,
KIRINJIKO PRIMARY SCHOOL,,Kilimanjaro,Same,,
KISHAA PRIMARY SCHOOL,,Kilimanjaro,Same,,
KITALA PRIMARY SCHOOL,,Kilimanjaro,Same,,
KIWANJA PRIMARY SCHOOL,,Kilimanjaro,Same,,
KWAKOKO HILL PRIMARY SCHOOL,,Kilimanjaro,Same,,
KWASERIKA PRIMARY SCHOOL,,Kilimanjaro,Same,,
KWIZU PRIMARY SCHOOL,,Kilimanjaro,Same,,
LUNGWANA PRIMARY SCHOOL,,Kilimanjaro,Same,,
MAHANDE PRIMARY SCHOOL,,Kilimanjaro,Same,,
MAKANYA ISLAMIC PRIMARY SCHOOL,,Kilimanjaro,Same,,
MAKERENI PRIMARY SCHOOL,,Kilimanjaro,Same,,
MANKA PRIMARY SCHOOL,,Kilimanjaro,Same,,
MARINDI PRIMARY SCHOOL,,Kilimanjaro,Same,,
MBAKWENI PRIMARY SCHOOL,,Kilimanjaro,Same,,
MDARIANI PRIMARY SCHOOL,,Kilimanjaro,Same,,
MGAMBO PRIMARY SCHOOL,,Kilimanjaro,Same,,
MGWASI PRIMARY SCHOOL,,Kilimanjaro,Same,,
MHEZI PRIMARY SCHOOL,,Kilimanjaro,Same,,
MJEMA PRIMARY SCHOOL,,Kilimanjaro,Same,,
MKUME PRIMARY SCHOOL,,Kilimanjaro,Same,,
MOKANDA PRIMARY SCHOOL,,Kilimanjaro,Same,,
MOUNT SOVAVI PRIMARY SCHOOL,,Kilimanjaro,Same,,
MPIRANI PRIMARY SCHOOL,,Kilimanjaro,Same,,
MSASA PRIMARY SCHOOL,,Kilimanjaro,Same,,
MSINDO PRIMARY SCHOOL,,Kilimanjaro,Same,,
MTII PRIMARY SCHOOL,,Kilimanjaro,Same,,
MTURO PRIMARY SCHOOL,,Kilimanjaro,Same,,
MVANGO PRIMARY SCHOOL,,Kilimanjaro,Same,,
MWALA PRIMARY SCHOOL,,Kilimanjaro,Same,,
NADURURU PRIMARY SCHOOL,,Kilimanjaro,Same,,
NDIVENI PRIMARY SCHOOL,,Kilimanjaro,Same,,
NGAMA PRIMARY SCHOOL,,Kilimanjaro,Same,,
NJAGU PRIMARY SCHOOL,,Kilimanjaro,Same,,
NKWINI PRIMARY SCHOOL,,Kilimanjaro,Same,,
PANGANI PRIMARY SCHOOL,,Kilimanjaro,Same,,
PARENI PRIMARY SCHOOL,,Kilimanjaro,Same,,
RIKA PRIMARY SCHOOL,,Kilimanjaro,Same,,
RUVU PRIMARY SCHOOL,,Kilimanjaro,Same,,
SAME PRIMARY SCHOOL,,Kilimanjaro,Same,,
ST. RITA PRIMARY SCHOOL,,Kilimanjaro,Same,,
TINTINI PRIMARY SCHOOL,,Kilimanjaro,Same,,
VUGWAMA PRIMARY SCHOOL,,Kilimanjaro,Same,,
VUMBA PRIMARY SCHOOL,,Kilimanjaro,Same,,
ASSIS PRIMARY SCHOOL,,Kilimanjaro,Same,,
BWAMBO PRIMARY SCHOOL,,Kilimanjaro,Same,,
CHANGULUE PRIMARY SCHOOL,,Kilimanjaro,Same,,
CHANKOKO PRIMARY SCHOOL,,Kilimanjaro,Same,,
CHOME PRIMARY SCHOOL,,Kilimanjaro,Same,,
DIMBWI PRIMARY SCHOOL,,Kilimanjaro,Same,,
EMUGURI PRIMARY SCHOOL,,Kilimanjaro,Same,,
GIRIAMA PRIMARY SCHOOL,,Kilimanjaro,Same,,
GOMBELESA PRIMARY SCHOOL,,Kilimanjaro,Same,,
GUNDU PRIMARY SCHOOL,,Kilimanjaro,Same,,
HEDARU PRIMARY SCHOOL,,Kilimanjaro,Same,,
IDARU PRIMARY SCHOOL,,Kilimanjaro,Same,,
ISHINDE PRIMARY SCHOOL,,Kilimanjaro,Same,,
JIUNGENI PRIMARY SCHOOL,,Kilimanjaro,Same,,
KALEMANE PRIMARY SCHOOL,,Kilimanjaro,Same,,
KAMBENI PRIMARY SCHOOL,,Kilimanjaro,Same,,
KARAMBA PRIMARY SCHOOL,,Kilimanjaro,Same,,
KIDUNDA PRIMARY SCHOOL,,Kilimanjaro,Same,,
KIGHARE PRIMARY SCHOOL,,Kilimanjaro,Same,,
KIKWETE PRIMARY SCHOOL,,Kilimanjaro,Same,,
KIRANGA PRIMARY SCHOOL,,Kilimanjaro,Same,,
KIRINJIKO ISLAMIC PRIMARY SCHOOL,,Kilimanjaro,Same,,
KIRORE PRIMARY SCHOOL,,Kilimanjaro,Same,,
KISIWANI PRIMARY SCHOOL,,Kilimanjaro,Same,,
KITUBWA PRIMARY SCHOOL,,Kilimanjaro,Same,,
KWAINKA PRIMARY SCHOOL,,Kilimanjaro,Same,,
KWASEKINGA PRIMARY SCHOOL,,Kilimanjaro,Same,,
KWESASU PRIMARY SCHOOL,,Kilimanjaro,Same,,
LUGULU PRIMARY SCHOOL,,Kilimanjaro,Same,,
MAGANDA PRIMARY SCHOOL,,Kilimanjaro,Same,,
MAJEVU PRIMARY SCHOOL,,Kilimanjaro,Same,,
MAKASA PRIMARY SCHOOL,,Kilimanjaro,Same,,
MALINDI PRIMARY SCHOOL,,Kilimanjaro,Same,,
MARARO PRIMARY SCHOOL,,Kilimanjaro,Same,,
MASANDARE PRIMARY SCHOOL,,Kilimanjaro,Same,,
MFEREJINI PRIMARY SCHOOL,,Kilimanjaro,Same,,
MGHUNGANI PRIMARY SCHOOL,,Kilimanjaro,Same,,
MHEZA PRIMARY SCHOOL,,Kilimanjaro,Same,,
MISUFINI PRIMARY SCHOOL,,Kilimanjaro,Same,,
MKAPA PRIMARY SCHOOL,,Kilimanjaro,Same,,
MOIPO PRIMARY SCHOOL,,Kilimanjaro,Same,,
MOTHER KEVIN PRIMARY SCHOOL,,Kilimanjaro,Same,,
MPINJI PRIMARY SCHOOL,,Kilimanjaro,Same,,
MROYO PRIMARY SCHOOL,,Kilimanjaro,Same,,
MSHIHWI PRIMARY SCHOOL,,Kilimanjaro,Same,,
MTEKE PRIMARY SCHOOL,,Kilimanjaro,Same,,
MTUNGUJA PRIMARY SCHOOL,,Kilimanjaro,Same,,
MVAA PRIMARY SCHOOL,,Kilimanjaro,Same,,
MVURENI PRIMARY SCHOOL,,Kilimanjaro,Same,,
MWEMBE PRIMARY SCHOOL,,Kilimanjaro,Same,,
MYOMBO PRIMARY SCHOOL,,Kilimanjaro,Same,,
NASURO PRIMARY SCHOOL,,Kilimanjaro,Same,,
NDUNGU PRIMARY SCHOOL,,Kilimanjaro,Same,,
NGUJINI PRIMARY SCHOOL,,Kilimanjaro,Same,,
NTENGA PRIMARY SCHOOL,,Kilimanjaro,Same,,
PARANE PRIMARY SCHOOL,,Kilimanjaro,Same,,
RAMU PRIMARY SCHOOL,,Kilimanjaro,Same,,
RINDINI PRIMARY SCHOOL,,Kilimanjaro,Same,,
SAME HILL PRIMARY SCHOOL,,Kilimanjaro,Same,,
ST. JOHN BAPTIST PRIMARY SCHOOL,,Kilimanjaro,Same,,
TAE PRIMARY SCHOOL,,Kilimanjaro,Same,,
TURIANI PRIMARY SCHOOL,,Kilimanjaro,Same,,
VUDEE PRIMARY SCHOOL,,Kilimanjaro,Same,,
VUMARI PRIMARY SCHOOL,,Kilimanjaro,Same,,
ARCHBISHOP JOSEPHAT LEBULU PRIMARY SCHOOL,,Kilimanjaro,Same,,
BODA PRIMARY SCHOOL,,Kilimanjaro,Same,,
CHANIKA PRIMARY SCHOOL,,Kilimanjaro,Same,,
DIDO PRIMARY SCHOOL,,Kilimanjaro,Same,,
DUMA PRIMARY SCHOOL,,Kilimanjaro,Same,,
GAVAO PRIMARY SCHOOL,,Kilimanjaro,Same,,
GOMA PRIMARY SCHOOL,,Kilimanjaro,Same,,
GONJANZA PRIMARY SCHOOL,,Kilimanjaro,Same,,
GWANG'A PRIMARY SCHOOL,,Kilimanjaro,Same,,
HENRY WINKELMOLEN PRIMARY SCHOOL,,Kilimanjaro,Same,,
IJINYU PRIMARY SCHOOL,,Kilimanjaro,Same,,
JITENGENI PRIMARY SCHOOL,,Kilimanjaro,Same,,
KAFINGIRO PRIMARY SCHOOL,,Kilimanjaro,Same,,
KAMADUFA MASAI PRIMARY SCHOOL,,Kilimanjaro,Same,,
KANZA PRIMARY SCHOOL,,Kilimanjaro,Same,,
KIDARU PRIMARY SCHOOL,,Kilimanjaro,Same,,
KIGANGO PRIMARY SCHOOL,,Kilimanjaro,Same,,
KIJOMU PRIMARY SCHOOL,,Kilimanjaro,Same,,
KIOMANDE PRIMARY SCHOOL,,Kilimanjaro,Same,,
KIRINGA PRIMARY SCHOOL,,Kilimanjaro,Same,,
KISIMA PRIMARY SCHOOL,,Kilimanjaro,Same,,
KITAMURI PRIMARY SCHOOL,,Kilimanjaro,Same,,
KIZERUI PRIMARY SCHOOL,,Kilimanjaro,Same,,
KWAMSHITU PRIMARY SCHOOL,,Kilimanjaro,Same,,
KWERESHA PRIMARY SCHOOL,,Kilimanjaro,Same,,
LESIRWAI PRIMARY SCHOOL,,Kilimanjaro,Same,,
MABILIONI PRIMARY SCHOOL,,Kilimanjaro,Same,,
MAKANYA PRIMARY SCHOOL,,Kilimanjaro,Same,,
MAKOKANE PRIMARY SCHOOL,,Kilimanjaro,Same,,
MAORE PRIMARY SCHOOL,,Kilimanjaro,Same,,
MARWA PRIMARY SCHOOL,,Kilimanjaro,Same,,
MBONO PRIMARY SCHOOL,,Kilimanjaro,Same,,
MESERANI PRIMARY SCHOOL,,Kilimanjaro,Same,,
MGANDU PRIMARY SCHOOL,,Kilimanjaro,Same,,
MHERO PRIMARY SCHOOL,,Kilimanjaro,Same,,
MINYALA PRIMARY SCHOOL,,Kilimanjaro,Same,,
MKANYENI PRIMARY SCHOOL,,Kilimanjaro,Same,,
MNG'ENDE PRIMARY SCHOOL,,Kilimanjaro,Same,,
MONGOLOMA PRIMARY SCHOOL,,Kilimanjaro,Same,,
MPATWA PRIMARY SCHOOL,,Kilimanjaro,Same,,
MSHEWA PRIMARY SCHOOL,,Kilimanjaro,Same,,
MSOROHA PRIMARY SCHOOL,,Kilimanjaro,Same,,
MTUNDU PRIMARY SCHOOL,,Kilimanjaro,Same,,
MUNZE PRIMARY SCHOOL,,Kilimanjaro,Same,,
MVUNGWE PRIMARY SCHOOL,,Kilimanjaro,Same,,
MWANYA PRIMARY SCHOOL,,Kilimanjaro,Same,,
MYAMBA PRIMARY SCHOOL,,Kilimanjaro,Same,,
NAREMA PRIMARY SCHOOL,,Kilimanjaro,Same,,
NDOLWA PRIMARY SCHOOL,,Kilimanjaro,Same,,
NGARITO PRIMARY SCHOOL,,Kilimanjaro,Same,,
NJIRO PRIMARY SCHOOL,,Kilimanjaro,Same,,
NTAMBWE PRIMARY SCHOOL,,Kilimanjaro,Same,,
PAPA PRIMARY SCHOOL,,Kilimanjaro,Same,,
PUTU PRIMARY SCHOOL,,Kilimanjaro,Same,,
RIKWENI PRIMARY SCHOOL,,Kilimanjaro,Same,,
SAWENI PRIMARY SCHOOL,,Kilimanjaro,Same,,
SUJI PRIMARY SCHOOL,,Kilimanjaro,Same,,
TONGWENI PRIMARY SCHOOL,,Kilimanjaro,Same,,
UZAMBARA PRIMARY SCHOOL,,Kilimanjaro,Same,,
VUJE PRIMARY SCHOOL,,Kilimanjaro,Same,,
VUNTA PRIMARY SCHOOL,,Kilimanjaro,Same,,
AFRILIGHT PRIMARY SCHOOL,,Kilimanjaro,Siha,,
DONYOMURWA PRIMARY SCHOOL,,Kilimanjaro,Siha,,
FAITH LIGHT PRIMARY SCHOOL,,Kilimanjaro,Siha,,
GARARAGUA PRIMARY SCHOOL,,Kilimanjaro,Siha,,
KIBONG'OTO PRIMARY SCHOOL,,Kilimanjaro,Siha,,
KIRISHA PRIMARY SCHOOL,,Kilimanjaro,Siha,,
KOBOKO PRIMARY SCHOOL,,Kilimanjaro,Siha,,
LEKRIMUNI PRIMARY SCHOOL,,Kilimanjaro,Siha,,
LOMAKAA PRIMARY SCHOOL,,Kilimanjaro,Siha,,
MERALI PRIMARY SCHOOL,,Kilimanjaro,Siha,,
MONIKO PRIMARY SCHOOL,,Kilimanjaro,Siha,,
NAIBILI PRIMARY SCHOOL,,Kilimanjaro,Siha,,
NAWERU PRIMARY SCHOOL,,Kilimanjaro,Siha,,
NGARENAIROBI PRIMARY SCHOOL,,Kilimanjaro,Siha,,
NKYARE PRIMARY SCHOOL,,Kilimanjaro,Siha,,
ORMELILI PRIMARY SCHOOL,,Kilimanjaro,Siha,,
SABUKU PRIMARY SCHOOL,,Kilimanjaro,Siha,,
SANYA JUU PRIMARY SCHOOL,,Kilimanjaro,Siha,,
WANRI KATI PRIMARY SCHOOL,,Kilimanjaro,Siha,,
ASHENGAI PRIMARY SCHOOL,,Kilimanjaro,Siha,,
EMBUKOI PRIMARY SCHOOL,,Kilimanjaro,Siha,,
FUKA PRIMARY SCHOOL,,Kilimanjaro,Siha,,
KARANSI PRIMARY SCHOOL,,Kilimanjaro,Siha,,
KILINGI PRIMARY SCHOOL,,Kilimanjaro,Siha,,
KITAHEMWA PRIMARY SCHOOL,,Kilimanjaro,Siha,,
LAWATE PRIMARY SCHOOL,,Kilimanjaro,Siha,,
LOKIRI PRIMARY SCHOOL,,Kilimanjaro,Siha,,
MAWASILIANO PRIMARY SCHOOL,,Kilimanjaro,Siha,,
NASAI PRIMARY SCHOOL,,Kilimanjaro,Siha,,
NGARE MJI PRIMARY SCHOOL,,Kilimanjaro,Siha,,
NGARONY PRIMARY SCHOOL,,Kilimanjaro,Siha,,
NRAO MAARABO PRIMARY SCHOOL,,Kilimanjaro,Siha,,
OLMOLOG VETY PRIMARY SCHOOL,,Kilimanjaro,Siha,,
ROSSANA PRIMARY SCHOOL,,Kilimanjaro,Siha,,
SANYA HOYEE PRIMARY SCHOOL,,Kilimanjaro,Siha,,
SIHA PRIMARY SCHOOL,,Kilimanjaro,Siha,,
TINDIGANI NAIBILI PRIMARY SCHOOL,,Kilimanjaro,Siha,,
WIRI PRIMARY SCHOOL,,Kilimanjaro,Siha,,
ARISE COMMUNITY PRIMARY SCHOOL,,Kilimanjaro,Siha,,
KANDASHI PRIMARY SCHOOL,,Kilimanjaro,Siha,,
KILARI PRIMARY SCHOOL,,Kilimanjaro,Siha,,
KISHISHA PRIMARY SCHOOL,,Kilimanjaro,Siha,,
KYENGIA PRIMARY SCHOOL,,Kilimanjaro,Siha,,
LEMOSHO PRIMARY SCHOOL,,Kilimanjaro,Siha,,
MAE JUU PRIMARY SCHOOL,,Kilimanjaro,Siha,,
MAKIWARU PRIMARY SCHOOL,,Kilimanjaro,Siha,,
MESE PRIMARY SCHOOL,,Kilimanjaro,Siha,,
MUNGE PRIMARY SCHOOL,,Kilimanjaro,Siha,,
NAMWAI PRIMARY SCHOOL,,Kilimanjaro,Siha,,
NEW BEGINNING PRIMARY SCHOOL,,Kilimanjaro,Siha,,
NGARITATI PRIMARY SCHOOL,,Kilimanjaro,Siha,,
NKYEKU PRIMARY SCHOOL,,Kilimanjaro,Siha,,
OLKOLILI PRIMARY SCHOOL,,Kilimanjaro,Siha,,
ROSELINE PRIMARY SCHOOL,,Kilimanjaro,Siha,,
SAMAKI PRIMARY SCHOOL,,Kilimanjaro,Siha,,
SIHA LEADERSHIP PRIMARY SCHOOL,,Kilimanjaro,Siha,,
SUUMU PRIMARY SCHOOL,,Kilimanjaro,Siha,,
ABZOMA PRIMARY SCHOOL,,Manyara,Babati,,
AYAMANGO PRIMARY SCHOOL,,Manyara,Babati,,
AYATSEA PRIMARY SCHOOL,,Manyara,Babati,,
BERMI PRIMARY SCHOOL,,Manyara,Babati,,
BUBU PRIMARY SCHOOL,,Manyara,Babati,,
DABIL PRIMARY SCHOOL,,Manyara,Babati,,
DARWEDICK PRIMARY SCHOOL,,Manyara,Babati,,
DOHOM PRIMARY SCHOOL,,Manyara,Babati,,
DUDUMERA PRIMARY SCHOOL,,Manyara,Babati,,
ENDABERG PRIMARY SCHOOL,,Manyara,Babati,,
ENDADOSH PRIMARY SCHOOL,,Manyara,Babati,,
ENDAKISO PRIMARY SCHOOL,,Manyara,Babati,,
ENDANACHAN PRIMARY SCHOOL,,Manyara,Babati,,
ENDAW PRIMARY SCHOOL,,Manyara,Babati,,
GAJAL PRIMARY SCHOOL,,Manyara,Babati,,
GAWAL PRIMARY SCHOOL,,Manyara,Babati,,
GETABUSKE PRIMARY SCHOOL,,Manyara,Babati,,
GIDABAGHAR SCHOOL PRIMARY SCHOOL,,Manyara,Babati,,
GIDNG'ATA PRIMARY SCHOOL,,Manyara,Babati,,
GLORY JUNIOR PRIMARY SCHOOL,,Manyara,Babati,,
HALLU PRIMARY SCHOOL,,Manyara,Babati,,
HAYTEMBA PRIMARY SCHOOL,,Manyara,Babati,,
HOSHAN PRIMARY SCHOOL,,Manyara,Babati,,
KAKOI PRIMARY SCHOOL,,Manyara,Babati,,
KIRUDICK PRIMARY SCHOOL,,Manyara,Babati,,
KISANGAJI PRIMARY SCHOOL,,Manyara,Babati,,
KWANKWARI PRIMARY SCHOOL,,Manyara,Babati,,
LAKITA MPC PRIMARY SCHOOL,,Manyara,Babati,,
LUXMANDA PRIMARY SCHOOL,,Manyara,Babati,,
MAGARA PRIMARY SCHOOL,,Manyara,Babati,,
MAHOLEY PRIMARY SCHOOL,,Manyara,Babati,,
MAMIRE PRIMARY SCHOOL,,Manyara,Babati,,
MATUFA PRIMARY SCHOOL,,Manyara,Babati,,
MBUGWE PRIMARY SCHOOL,,Manyara,Babati,,
MERR PRIMARY SCHOOL,,Manyara,Babati,,
MINJINGU PRIMARY SCHOOL,,Manyara,Babati,,
MORONGI PRIMARY SCHOOL,,Manyara,Babati,,
MWIKANTSI PRIMARY SCHOOL,,Manyara,Babati,,
NGOLLEY PRIMARY SCHOOL,,Manyara,Babati,,
PATRICIA ELIZABETH PRIMARY SCHOOL,,Manyara,Babati,,
QAMDAY PRIMARY SCHOOL,,Manyara,Babati,,
QAYMANDA PRIMARY SCHOOL,,Manyara,Babati,,
SABILO PRIMARY SCHOOL,,Manyara,Babati,,
SANGARA PRIMARY SCHOOL,,Manyara,Babati,,
SECHEK PRIMARY SCHOOL,,Manyara,Babati,,
ST. JASINTA PRIMARY SCHOOL,,Manyara,Babati,,
UFANA PRIMARY SCHOOL,,Manyara,Babati,,
VILIMAVITATU PRIMARY SCHOOL,,Manyara,Babati,,
ARRI PRIMARY SCHOOL,,Manyara,Babati,,
AYAQANJA PRIMARY SCHOOL,,Manyara,Babati,,
BACHO PRIMARY SCHOOL,,Manyara,Babati,,
BIRSIMA PRIMARY SCHOOL,,Manyara,Babati,,
BULKERI PRIMARY SCHOOL,,Manyara,Babati,,
DAREDA KATI PRIMARY SCHOOL,,Manyara,Babati,,
DIFFIR PRIMARY SCHOOL,,Manyara,Babati,,
DONYA PRIMARY SCHOOL,,Manyara,Babati,,
DURU PRIMARY SCHOOL,,Manyara,Babati,,
ENDABOK PRIMARY SCHOOL,,Manyara,Babati,,
ENDAGILE PRIMARY SCHOOL,,Manyara,Babati,,
ENDANOGA PRIMARY SCHOOL,,Manyara,Babati,,
ERRI PRIMARY SCHOOL,,Manyara,Babati,,
GALLAPO FOUNDATION PRIMARY SCHOOL,,Manyara,Babati,,
GEDAMAR PRIMARY SCHOOL,,Manyara,Babati,,
GETARA PRIMARY SCHOOL,,Manyara,Babati,,
GIDAS PRIMARY SCHOOL,,Manyara,Babati,,
GIDNG'WAR PRIMARY SCHOOL,,Manyara,Babati,,
GREENLAND PRIMARY SCHOOL,,Manyara,Babati,,
HAYDADONGA PRIMARY SCHOOL,,Manyara,Babati,,
HEWASI PRIMARY SCHOOL,,Manyara,Babati,,
KAMBI PRIMARY SCHOOL,,Manyara,Babati,,
KING'S MODERN PRIMARY SCHOOL,,Manyara,Babati,,
KIRUNDOGO PRIMARY SCHOOL,,Manyara,Babati,,
KISESE PRIMARY SCHOOL,,Manyara,Babati,,
KWARAA PRIMARY SCHOOL,,Manyara,Babati,,
LOMUHONG PRIMARY SCHOOL,,Manyara,Babati,,
MADUNGA PRIMARY SCHOOL,,Manyara,Babati,,
MAGUGU P.A.G PRIMARY SCHOOL,,Manyara,Babati,,
MANDAGEW PRIMARY SCHOOL,,Manyara,Babati,,
MAPEA PRIMARY SCHOOL,,Manyara,Babati,,
MDORI PRIMARY SCHOOL,,Manyara,Babati,,
MIGUNGANI PRIMARY SCHOOL,,Manyara,Babati,,
MIYAQW PRIMARY SCHOOL,,Manyara,Babati,,
MOYA PRIMARY SCHOOL,,Manyara,Babati,,
NAAMO PRIMARY SCHOOL,,Manyara,Babati,,
NG'WANG'WERI PRIMARY SCHOOL,,Manyara,Babati,,
ORBESH PRIMARY SCHOOL,,Manyara,Babati,,
PATRICK WINTERS PRIMARY SCHOOL,,Manyara,Babati,,
QAMEYU PRIMARY SCHOOL,,Manyara,Babati,,
QWAAM PRIMARY SCHOOL,,Manyara,Babati,,
SAMTA PRIMARY SCHOOL,,Manyara,Babati,,
SARAME PRIMARY SCHOOL,,Manyara,Babati,,
SELOTO PRIMARY SCHOOL,,Manyara,Babati,,
TARANGIRE PRIMARY SCHOOL,,Manyara,Babati,,
UFANI PRIMARY SCHOOL,,Manyara,Babati,,
WALLAHU PRIMARY SCHOOL,,Manyara,Babati,,
ARRITSAAYO PRIMARY SCHOOL,,Manyara,Babati,,
AYASANDA PRIMARY SCHOOL,,Manyara,Babati,,
BASHNET PRIMARY SCHOOL,,Manyara,Babati,,
BOAY PRIMARY SCHOOL,,Manyara,Babati,,
CHALLO PRIMARY SCHOOL,,Manyara,Babati,,
DAREDA MISSION PRIMARY SCHOOL,,Manyara,Babati,,
DITSOMA PRIMARY SCHOOL,,Manyara,Babati,,
DUDIYE PRIMARY SCHOOL,,Manyara,Babati,,
ELUWAY PRIMARY SCHOOL,,Manyara,Babati,,
ENDADIMET PRIMARY SCHOOL,,Manyara,Babati,,
ENDAGWE PRIMARY SCHOOL,,Manyara,Babati,,
ENDAMAGHAI PRIMARY SCHOOL,,Manyara,Babati,,
ENDASAGO PRIMARY SCHOOL,,Manyara,Babati,,
GABADAW PRIMARY SCHOOL,,Manyara,Babati,,
GALLAPO PRIMARY SCHOOL,,Manyara,Babati,,
GESBERT PRIMARY SCHOOL,,Manyara,Babati,,
GICHAMEDA PRIMARY SCHOOL,,Manyara,Babati,,
GIDEWARI PRIMARY SCHOOL,,Manyara,Babati,,
GIJEDABUNG PRIMARY SCHOOL,,Manyara,Babati,,
GUSE PRIMARY SCHOOL,,Manyara,Babati,,
HAYSAM PRIMARY SCHOOL,,Manyara,Babati,,
HOLLYLAND PRIMARY SCHOOL,,Manyara,Babati,,
JOSHUA FOUNDATION PRIMARY SCHOOL,,Manyara,Babati,,
KAZAROHO PRIMARY SCHOOL,,Manyara,Babati,,
KIROROMA PRIMARY SCHOOL,,Manyara,Babati,,
KIRUSIX PRIMARY SCHOOL,,Manyara,Babati,,
KOKOMAY PRIMARY SCHOOL,,Manyara,Babati,,
LAGHANADESH PRIMARY SCHOOL,,Manyara,Babati,,
LONG PRIMARY SCHOOL,,Manyara,Babati,,
MAGANJWA PRIMARY SCHOOL,,Manyara,Babati,,
MAGUGU PRIMARY SCHOOL,,Manyara,Babati,,
MALESHI PRIMARY SCHOOL,,Manyara,Babati,,
MANDI PRIMARY SCHOOL,,Manyara,Babati,,
MASWARE PRIMARY SCHOOL,,Manyara,Babati,,
MAYOKA PRIMARY SCHOOL,,Manyara,Babati,,
MEKIROY PRIMARY SCHOOL,,Manyara,Babati,,
MINDEY PRIMARY SCHOOL,,Manyara,Babati,,
MONIKAMU JUNIOR PRIMARY SCHOOL,,Manyara,Babati,,
MUHEDA PRIMARY SCHOOL,,Manyara,Babati,,
NAR PRIMARY SCHOOL,,Manyara,Babati,,
OIM PRIMARY SCHOOL,,Manyara,Babati,,
ORNG'ADIDA PRIMARY SCHOOL,,Manyara,Babati,,
PONGAY PRIMARY SCHOOL,,Manyara,Babati,,
QASH PRIMARY SCHOOL,,Manyara,Babati,,
RIRODA PRIMARY SCHOOL,,Manyara,Babati,,
SANGAIWE PRIMARY SCHOOL,,Manyara,Babati,,
SAYDODA PRIMARY SCHOOL,,Manyara,Babati,,
SHARMO PRIMARY SCHOOL,,Manyara,Babati,,
SORA PRIMARY SCHOOL,,Manyara,Babati,,
TSAMASI PRIMARY SCHOOL,,Manyara,Babati,,
UTWARI PRIMARY SCHOOL,,Manyara,Babati,,
YAROTONIK PRIMARY SCHOOL,,Manyara,Babati,,
ALDERSGATE PRIMARY SCHOOL,,Manyara,Babati Tc,,
BABATI MUSLIM PRIMARY SCHOOL,,Manyara,Babati Tc,,
BONGA PRIMARY SCHOOL,,Manyara,Babati Tc,,
GENDI PRIMARY SCHOOL,,Manyara,Babati Tc,,
HANGONI PRIMARY SCHOOL,,Manyara,Babati Tc,,
HAYATUL ISLAMIYA PRIMARY SCHOOL,,Manyara,Babati Tc,,
KIONGOZI PRIMARY SCHOOL,,Manyara,Babati Tc,,
MAISAKA PRIMARY SCHOOL,,Manyara,Babati Tc,,
MUTUKA PRIMARY SCHOOL,,Manyara,Babati Tc,,
OYSTERBAY PRIMARY SCHOOL,,Manyara,Babati Tc,,
RIFT VALLEY PRIMARY SCHOOL,,Manyara,Babati Tc,,
SIGINO PRIMARY SCHOOL,,Manyara,Babati Tc,,
ST CLARE OF ASSISI PRIMARY SCHOOL,,Manyara,Babati Tc,,
WANGBAY PRIMARY SCHOOL,,Manyara,Babati Tc,,
AMKA AFRIKA PRIMARY SCHOOL,,Manyara,Babati Tc,,
BABATI PRIMARY SCHOOL,,Manyara,Babati Tc,,
DEBORA PRIMARY SCHOOL,,Manyara,Babati Tc,,
HIMITI PRIMARY SCHOOL,,Manyara,Babati Tc,,
KOMOTO PRIMARY SCHOOL,,Manyara,Babati Tc,,
MALANGI PRIMARY SCHOOL,,Manyara,Babati Tc,,
NAKWA PRIMARY SCHOOL,,Manyara,Babati Tc,,
QARES PRIMARY SCHOOL,,Manyara,Babati Tc,,
SAWE PRIMARY SCHOOL,,Manyara,Babati Tc,,
ZIWANI PRIMARY SCHOOL,,Manyara,Babati Tc,,
ANGAZA MANYARA PRIMARY SCHOOL,,Manyara,Babati Tc,,
BAMBAY PRIMARY SCHOOL,,Manyara,Babati Tc,,
DAGHAILOY PRIMARY SCHOOL,,Manyara,Babati Tc,,
DEIRA PRIMARY SCHOOL,,Manyara,Babati Tc,,
HALLA PRIMARY SCHOOL,,Manyara,Babati Tc,,
HARAMBEE PRIMARY SCHOOL,,Manyara,Babati Tc,,
IMBILILI PRIMARY SCHOOL,,Manyara,Babati Tc,,
KWAANG'W PRIMARY SCHOOL,,Manyara,Babati Tc,,
MANAGHA PRIMARY SCHOOL,,Manyara,Babati Tc,,
NANGARA PRIMARY SCHOOL,,Manyara,Babati Tc,,
QUEEN CUTHBERT SENDIGA PRIMARY SCHOOL,,Manyara,Babati Tc,,
SENDO PRIMARY SCHOOL,,Manyara,Babati Tc,,
SINGU PRIMARY SCHOOL,,Manyara,Babati Tc,,
WAANG'WARAY PRIMARY SCHOOL,,Manyara,Babati Tc,,
BALANG'DALALU PRIMARY SCHOOL,,Manyara,Hanang,,
BARJOMOT PRIMARY SCHOOL,,Manyara,Hanang,,
BASSODAMY PRIMARY SCHOOL,,Manyara,Hanang,,
BASSOTUGHANG PRIMARY SCHOOL,,Manyara,Hanang,,
DABASCHAND PRIMARY SCHOOL,,Manyara,Hanang,,
DILODA PRIMARY SCHOOL,,Manyara,Hanang,,
DR. MARY NAGU PRIMARY SCHOOL,,Manyara,Hanang,,
DUMBETA PRIMARY SCHOOL,,Manyara,Hanang,,
ENDASABOGHECHAN PRIMARY SCHOOL,,Manyara,Hanang,,
ESHKESH PRIMARY SCHOOL,,Manyara,Hanang,,
GABESH PRIMARY SCHOOL,,Manyara,Hanang,,
GARBAPI PRIMARY SCHOOL,,Manyara,Hanang,,
GAWIDU PRIMARY SCHOOL,,Manyara,Hanang,,
GETAGHUL PRIMARY SCHOOL,,Manyara,Hanang,,
GETASAM PRIMARY SCHOOL,,Manyara,Hanang,,
GIDABWANJA PRIMARY SCHOOL,,Manyara,Hanang,,
GIDAGONGU PRIMARY SCHOOL,,Manyara,Hanang,,
GIDAMULA PRIMARY SCHOOL,,Manyara,Hanang,,
GIJEGA PRIMARY SCHOOL,,Manyara,Hanang,,
GISAMBALANG PRIMARY SCHOOL,,Manyara,Hanang,,
GITTING PRIMARY SCHOOL,,Manyara,Hanang,,
GUNILA PRIMARY SCHOOL,,Manyara,Hanang,,
HIDET PRIMARY SCHOOL,,Manyara,Hanang,,
JORODOM PRIMARY SCHOOL,,Manyara,Hanang,,
KINYAMBURI PRIMARY SCHOOL,,Manyara,Hanang,,
LAGHANGA PRIMARY SCHOOL,,Manyara,Hanang,,
LAMAY PRIMARY SCHOOL,,Manyara,Hanang,,
MALIWA PRIMARY SCHOOL,,Manyara,Hanang,,
MAREGA PRIMARY SCHOOL,,Manyara,Hanang,,
MEASKRON PRIMARY SCHOOL,,Manyara,Hanang,,
MIRONGORI PRIMARY SCHOOL,,Manyara,Hanang,,
MORIAH PARADISE PRIMARY SCHOOL,,Manyara,Hanang,,
MULBADAW PRIMARY SCHOOL,,Manyara,Hanang,,
NG'ABATI PRIMARY SCHOOL,,Manyara,Hanang,,
NINAWI PRIMARY SCHOOL,,Manyara,Hanang,,
NYOWSECHAND PRIMARY SCHOOL,,Manyara,Hanang,,
QAREDAN PRIMARY SCHOOL,,Manyara,Hanang,,
RAGHONYANDA PRIMARY SCHOOL,,Manyara,Hanang,,
SARJANDA PRIMARY SCHOOL,,Manyara,Hanang,,
SIMBAY PRIMARY SCHOOL,,Manyara,Hanang,,
ST.JOSEPH PRIMARY SCHOOL,,Manyara,Hanang,,
WAAMA PRIMARY SCHOOL,,Manyara,Hanang,,
WARETA PRIMARY SCHOOL,,Manyara,Hanang,,
BAGARA PRIMARY SCHOOL,,Manyara,Hanang,,
BAMA PRIMARY SCHOOL,,Manyara,Hanang,,
BASHANG PRIMARY SCHOOL,,Manyara,Hanang,,
BASSODESH PRIMARY SCHOOL,,Manyara,Hanang,,
BISHOP MAZZOLDI PRIMARY SCHOOL,,Manyara,Hanang,,
DAJAMEDA PRIMARY SCHOOL,,Manyara,Hanang,,
DAWAR PRIMARY SCHOOL,,Manyara,Hanang,,
DIRMA PRIMARY SCHOOL,,Manyara,Hanang,,
DRMARY MICHAEL NAGU PRIMARY SCHOOL,,Manyara,Hanang,,
ENDAGAW PRIMARY SCHOOL,,Manyara,Hanang,,
ENDASAK PRIMARY SCHOOL,,Manyara,Hanang,,
FILUK PRIMARY SCHOOL,,Manyara,Hanang,,
GAGHATA PRIMARY SCHOOL,,Manyara,Hanang,,
GASABOY PRIMARY SCHOOL,,Manyara,Hanang,,
GEHANDU PRIMARY SCHOOL,,Manyara,Hanang,,
GETAK PRIMARY SCHOOL,,Manyara,Hanang,,
GHAIRO PRIMARY SCHOOL,,Manyara,Hanang,,
GIDAGAMOWD PRIMARY SCHOOL,,Manyara,Hanang,,
GIDAHABABIEG PRIMARY SCHOOL,,Manyara,Hanang,,
GIDANGU PRIMARY SCHOOL,,Manyara,Hanang,,
GIJETAMUHOG PRIMARY SCHOOL,,Manyara,Hanang,,
GISAMJANGA PRIMARY SCHOOL,,Manyara,Hanang,,
GOCHO PRIMARY SCHOOL,,Manyara,Hanang,,
GWANAYA PRIMARY SCHOOL,,Manyara,Hanang,,
HIRBADAW PRIMARY SCHOOL,,Manyara,Hanang,,
KATESH 'A' PRIMARY SCHOOL,,Manyara,Hanang,,
KWELI LEARNING CENTRE PRIMARY SCHOOL,,Manyara,Hanang,,
MANANG'RARAY PRIMARY SCHOOL,,Manyara,Hanang,,
MASAKTA PRIMARY SCHOOL,,Manyara,Hanang,,
MATANGARIMO PRIMARY SCHOOL,,Manyara,Hanang,,
MIDLAND PRIMARY SCHOOL,,Manyara,Hanang,,
MT HANANG PRIMARY SCHOOL,,Manyara,Hanang,,
MURERU PRIMARY SCHOOL,,Manyara,Hanang,,
NG'ALDA PRIMARY SCHOOL,,Manyara,Hanang,,
NYANGHURA PRIMARY SCHOOL,,Manyara,Hanang,,
QEDANG'ONYI PRIMARY SCHOOL,,Manyara,Hanang,,
SAGHADERU PRIMARY SCHOOL,,Manyara,Hanang,,
SASUMNG'EGA PRIMARY SCHOOL,,Manyara,Hanang,,
SIROP PRIMARY SCHOOL,,Manyara,Hanang,,
WANDELA PRIMARY SCHOOL,,Manyara,Hanang,,
YEROSIRONG PRIMARY SCHOOL,,Manyara,Hanang,,
BAKCHAN PRIMARY SCHOOL,,Manyara,Hanang,,
BARARI PRIMARY SCHOOL,,Manyara,Hanang,,
BASSODAGAW PRIMARY SCHOOL,,Manyara,Hanang,,
BASSOTU B PRIMARY SCHOOL,,Manyara,Hanang,,
DANG'AIDA PRIMARY SCHOOL,,Manyara,Hanang,,
DILING'ANG PRIMARY SCHOOL,,Manyara,Hanang,,
DIYAGWA PRIMARY SCHOOL,,Manyara,Hanang,,
DUMANANG PRIMARY SCHOOL,,Manyara,Hanang,,
ENDAMUDAYGA PRIMARY SCHOOL,,Manyara,Hanang,,
ENDASIWOLD PRIMARY SCHOOL,,Manyara,Hanang,,
GARAWJA PRIMARY SCHOOL,,Manyara,Hanang,,
GAULAL PRIMARY SCHOOL,,Manyara,Hanang,,
GENDABI PRIMARY SCHOOL,,Manyara,Hanang,,
GETANUWAS PRIMARY SCHOOL,,Manyara,Hanang,,
GICHBORD PRIMARY SCHOOL,,Manyara,Hanang,,
GIDAGHARBU PRIMARY SCHOOL,,Manyara,Hanang,,
GIDAMAMBURA PRIMARY SCHOOL,,Manyara,Hanang,,
GIDIKA PRIMARY SCHOOL,,Manyara,Hanang,,
GINIRISH PRIMARY SCHOOL,,Manyara,Hanang,,
GISYALI PRIMARY SCHOOL,,Manyara,Hanang,,
GORIMBA PRIMARY SCHOOL,,Manyara,Hanang,,
HARGHUSHAY PRIMARY SCHOOL,,Manyara,Hanang,,
ISHPONGA PRIMARY SCHOOL,,Manyara,Hanang,,
KATESH B PRIMARY SCHOOL,,Manyara,Hanang,,
LABAY PRIMARY SCHOOL,,Manyara,Hanang,,
LALAJI PRIMARY SCHOOL,,Manyara,Hanang,,
MARA PRIMARY SCHOOL,,Manyara,Hanang,,
MASQARODA PRIMARY SCHOOL,,Manyara,Hanang,,
MATSAHA PRIMARY SCHOOL,,Manyara,Hanang,,
MING'ENYI PRIMARY SCHOOL,,Manyara,Hanang,,
MOGITU PRIMARY SCHOOL,,Manyara,Hanang,,
MUGHUCHI PRIMARY SCHOOL,,Manyara,Hanang,,
MURUMBA PRIMARY SCHOOL,,Manyara,Hanang,,
NANGWA PRIMARY SCHOOL,,Manyara,Hanang,,
NGORONGORO PRIMARY SCHOOL,,Manyara,Hanang,,
NYAYEMI PRIMARY SCHOOL,,Manyara,Hanang,,
QALOSENDO PRIMARY SCHOOL,,Manyara,Hanang,,
QUEEN SENDIGA PRIMARY SCHOOL,,Manyara,Hanang,,
SAGONG PRIMARY SCHOOL,,Manyara,Hanang,,
SAUTE PRIMARY SCHOOL,,Manyara,Hanang,,
ST. AUGUSTINE PRIMARY SCHOOL,,Manyara,Hanang,,
WARANGA PRIMARY SCHOOL,,Manyara,Hanang,,
ALMAROROI PRIMARY SCHOOL,,Manyara,Kiteto,,
AZIMIO 'A' PRIMARY SCHOOL,,Manyara,Kiteto,,
CHECHENZA PRIMARY SCHOOL,,Manyara,Kiteto,,
DONGO PRIMARY SCHOOL,,Manyara,Kiteto,,
EMURTOTO PRIMARY SCHOOL,,Manyara,Kiteto,,
ENGUSEROENGINE PRIMARY SCHOOL,,Manyara,Kiteto,,
ILERA PRIMARY SCHOOL,,Manyara,Kiteto,,
KAZINGUMU PRIMARY SCHOOL,,Manyara,Kiteto,,
KIMANA PRIMARY SCHOOL,,Manyara,Kiteto,,
KIPERESA PRIMARY SCHOOL,,Manyara,Kiteto,,
KITITENEBO PRIMARY SCHOOL,,Manyara,Kiteto,,
LAALAKIR PRIMARY SCHOOL,,Manyara,Kiteto,,
LENGARE PRIMARY SCHOOL,,Manyara,Kiteto,,
LESOIT PRIMARY SCHOOL,,Manyara,Kiteto,,
LOOLERA PRIMARY SCHOOL,,Manyara,Kiteto,,
MALIMOGO PRIMARY SCHOOL,,Manyara,Kiteto,,
MATUI PRIMARY SCHOOL,,Manyara,Kiteto,,
MBIGIRI PRIMARY SCHOOL,,Manyara,Kiteto,,
MESERA PRIMARY SCHOOL,,Manyara,Kiteto,,
MSENTE PRIMARY SCHOOL,,Manyara,Kiteto,,
MWITIKIRA PRIMARY SCHOOL,,Manyara,Kiteto,,
NAPILUKUNYA PRIMARY SCHOOL,,Manyara,Kiteto,,
NDEDO PRIMARY SCHOOL,,Manyara,Kiteto,,
NDIRIGISHI PRIMARY SCHOOL,,Manyara,Kiteto,,
NHATI PRIMARY SCHOOL,,Manyara,Kiteto,,
OLCHANIODO PRIMARY SCHOOL,,Manyara,Kiteto,,
OLKITIKITI PRIMARY SCHOOL,,Manyara,Kiteto,,
ORKINE PRIMARY SCHOOL,,Manyara,Kiteto,,
PARTIMBO PRIMARY SCHOOL,,Manyara,Kiteto,,
TWANGA PRIMARY SCHOOL,,Manyara,Kiteto,,
UTAWALA PRIMARY SCHOOL,,Manyara,Kiteto,,
ASAMATWA PRIMARY SCHOOL,,Manyara,Kiteto,,
BOMA SIDAN PRIMARY SCHOOL,,Manyara,Kiteto,,
CHAPAKAZI PRIMARY SCHOOL,,Manyara,Kiteto,,
EMARTI PRIMARY SCHOOL,,Manyara,Kiteto,,
ENGUSERO SIDAN PRIMARY SCHOOL,,Manyara,Kiteto,,
ILDOROKONY PRIMARY SCHOOL,,Manyara,Kiteto,,
KAZAMOYO PRIMARY SCHOOL,,Manyara,Kiteto,,
KIJUNGU PRIMARY SCHOOL,,Manyara,Kiteto,,
KINUA PRIMARY SCHOOL,,Manyara,Kiteto,,
KITETO PRIMARY SCHOOL,,Manyara,Kiteto,,
KURASHI PRIMARY SCHOOL,,Manyara,Kiteto,,
LEMBAPULI PRIMARY SCHOOL,,Manyara,Kiteto,,
LERUGU PRIMARY SCHOOL,,Manyara,Kiteto,,
LOLTEPESI PRIMARY SCHOOL,,Manyara,Kiteto,,
MAKAME PRIMARY SCHOOL,,Manyara,Kiteto,,
MATEREKA PRIMARY SCHOOL,,Manyara,Kiteto,,
MBELI PRIMARY SCHOOL,,Manyara,Kiteto,,
MDUNKU PRIMARY SCHOOL,,Manyara,Kiteto,,
MINNAH PRIMARY SCHOOL,,Manyara,Kiteto,,
NAMELOCK PRIMARY SCHOOL,,Manyara,Kiteto,,
NDALETA PRIMARY SCHOOL,,Manyara,Kiteto,,
NDILALI PRIMARY SCHOOL,,Manyara,Kiteto,,
NGABOLO PRIMARY SCHOOL,,Manyara,Kiteto,,
NGUZOSITA PRIMARY SCHOOL,,Manyara,Kiteto,,
OLGIRA PRIMARY SCHOOL,,Manyara,Kiteto,,
OLPOPONG'I PRIMARY SCHOOL,,Manyara,Kiteto,,
OSTETI PRIMARY SCHOOL,,Manyara,Kiteto,,
TAIGO PRIMARY SCHOOL,,Manyara,Kiteto,,
ZAMBIA PRIMARY SCHOOL,,Manyara,Kiteto,,
AMEI PRIMARY SCHOOL,,Manyara,Kiteto,,
CHANG'OMBE PRIMARY SCHOOL,,Manyara,Kiteto,,
CHEKANAO PRIMARY SCHOOL,,Manyara,Kiteto,,
DOSIDOSI PRIMARY SCHOOL,,Manyara,Kiteto,,
ENGUSERO PRIMARY SCHOOL,,Manyara,Kiteto,,
ESUKUTA PRIMARY SCHOOL,,Manyara,Kiteto,,
IRKIUSHIOIBOR PRIMARY SCHOOL,,Manyara,Kiteto,,
KATIKATI PRIMARY SCHOOL,,Manyara,Kiteto,,
KIBAYA PRIMARY SCHOOL,,Manyara,Kiteto,,
KINANGALI PRIMARY SCHOOL,,Manyara,Kiteto,,
KITETO CHRISTIAN CENTRE PRIMARY SCHOOL,,Manyara,Kiteto,,
KRASHI PRIMARY SCHOOL,,Manyara,Kiteto,,
LEGOET PRIMARY SCHOOL,,Manyara,Kiteto,,
LENGATEI PRIMARY SCHOOL,,Manyara,Kiteto,,
LOBOSOIT PRIMARY SCHOOL,,Manyara,Kiteto,,
MAGUNGU PRIMARY SCHOOL,,Manyara,Kiteto,,
MAPINDUZI PRIMARY SCHOOL,,Manyara,Kiteto,,
MBARBAL PRIMARY SCHOOL,,Manyara,Kiteto,,
MBIKASI PRIMARY SCHOOL,,Manyara,Kiteto,,
MGULI PRIMARY SCHOOL,,Manyara,Kiteto,,
NALANG'TOMON PRIMARY SCHOOL,,Manyara,Kiteto,,
NCHINILA PRIMARY SCHOOL,,Manyara,Kiteto,,
NDEPESI PRIMARY SCHOOL,,Manyara,Kiteto,,
NDOTOI PRIMARY SCHOOL,,Manyara,Kiteto,,
NGIPA PRIMARY SCHOOL,,Manyara,Kiteto,,
OLENGASHU PRIMARY SCHOOL,,Manyara,Kiteto,,
OLOIMUGI PRIMARY SCHOOL,,Manyara,Kiteto,,
ORMEMEI PRIMARY SCHOOL,,Manyara,Kiteto,,
SACHANDE PRIMARY SCHOOL,,Manyara,Kiteto,,
SUNYA PRIMARY SCHOOL,,Manyara,Kiteto,,
WEZAMTIMA PRIMARY SCHOOL,,Manyara,Kiteto,,
BASODARER PRIMARY SCHOOL,,Manyara,Mbulu,,
BISIGETA PRIMARY SCHOOL,,Manyara,Mbulu,,
DOMANGA PRIMARY SCHOOL,,Manyara,Mbulu,,
DONGOBESH PRIMARY SCHOOL,,Manyara,Mbulu,,
ENDAGEW PRIMARY SCHOOL,,Manyara,Mbulu,,
ENDAHARGHADATK PRIMARY SCHOOL,,Manyara,Mbulu,,
ENDAMASAK PRIMARY SCHOOL,,Manyara,Mbulu,,
ENDANYAWISH PRIMARY SCHOOL,,Manyara,Mbulu,,
ENDOJI PRIMARY SCHOOL,,Manyara,Mbulu,,
GARBABI PRIMARY SCHOOL,,Manyara,Mbulu,,
GETAGUJO PRIMARY SCHOOL,,Manyara,Mbulu,,
GETESH PRIMARY SCHOOL,,Manyara,Mbulu,,
GIDERU PRIMARY SCHOOL,,Manyara,Mbulu,,
GIDMOSA PRIMARY SCHOOL,,Manyara,Mbulu,,
GOTTE PRIMARY SCHOOL,,Manyara,Mbulu,,
HARAR PRIMARY SCHOOL,,Manyara,Mbulu,,
HARSHA PRIMARY SCHOOL,,Manyara,Mbulu,,
HAYEDA PRIMARY SCHOOL,,Manyara,Mbulu,,
LAGHANGESH PRIMARY SCHOOL,,Manyara,Mbulu,,
MAGOMA PRIMARY SCHOOL,,Manyara,Mbulu,,
MAMAGI PRIMARY SCHOOL,,Manyara,Mbulu,,
MARETADU JUU PRIMARY SCHOOL,,Manyara,Mbulu,,
MUGURUCHAN PRIMARY SCHOOL,,Manyara,Mbulu,,
NG'ORAT PRIMARY SCHOOL,,Manyara,Mbulu,,
QABUSH PRIMARY SCHOOL,,Manyara,Mbulu,,
QAMBASIRONG PRIMARY SCHOOL,,Manyara,Mbulu,,
SAGHA PRIMARY SCHOOL,,Manyara,Mbulu,,
SIMHHA PRIMARY SCHOOL,,Manyara,Mbulu,,
UMBUR PRIMARY SCHOOL,,Manyara,Mbulu,,
YAMAY PRIMARY SCHOOL,,Manyara,Mbulu,,
BARAZANI PRIMARY SCHOOL,,Manyara,Mbulu,,
BASONYAGWE PRIMARY SCHOOL,,Manyara,Mbulu,,
DIRIM PRIMARY SCHOOL,,Manyara,Mbulu,,
DONGOBESH CHINI PRIMARY SCHOOL,,Manyara,Mbulu,,
DOTINA PRIMARY SCHOOL,,Manyara,Mbulu,,
ELIET PRIMARY SCHOOL,,Manyara,Mbulu,,
ENDAGULDA PRIMARY SCHOOL,,Manyara,Mbulu,,
ENDAJACHI PRIMARY SCHOOL,,Manyara,Mbulu,,
ENDAMILAY PRIMARY SCHOOL,,Manyara,Mbulu,,
ENDASIRONG PRIMARY SCHOOL,,Manyara,Mbulu,,
ERBOSHAN PRIMARY SCHOOL,,Manyara,Mbulu,,
GARKAWE PRIMARY SCHOOL,,Manyara,Mbulu,,
GETANYAMBA PRIMARY SCHOOL,,Manyara,Mbulu,,
GIDARUDAGAW PRIMARY SCHOOL,,Manyara,Mbulu,,
GIDHIM PRIMARY SCHOOL,,Manyara,Mbulu,,
GILODARI PRIMARY SCHOOL,,Manyara,Mbulu,,
GURAWE PRIMARY SCHOOL,,Manyara,Mbulu,,
HARBANGHET PRIMARY SCHOOL,,Manyara,Mbulu,,
HAYDARER PRIMARY SCHOOL,,Manyara,Mbulu,,
HAYESENG PRIMARY SCHOOL,,Manyara,Mbulu,,
LEA ENGLISH PRIMARY SCHOOL,,Manyara,Mbulu,,
MAGONG PRIMARY SCHOOL,,Manyara,Mbulu,,
MANGISA PRIMARY SCHOOL,,Manyara,Mbulu,,
MEWADAN PRIMARY SCHOOL,,Manyara,Mbulu,,
MURKUCHIDA PRIMARY SCHOOL,,Manyara,Mbulu,,
NAEMI PRIMARY SCHOOL,,Manyara,Mbulu,,
NG'WANDAKW PRIMARY SCHOOL,,Manyara,Mbulu,,
QALODA PRIMARY SCHOOL,,Manyara,Mbulu,,
QANDACH PRIMARY SCHOOL,,Manyara,Mbulu,,
SEMONYANDI PRIMARY SCHOOL,,Manyara,Mbulu,,
YAEDA AMPA PRIMARY SCHOOL,,Manyara,Mbulu,,
YAROTA-MBURDA PRIMARY SCHOOL,,Manyara,Mbulu,,
BASHAY-DONGOBESH PRIMARY SCHOOL,,Manyara,Mbulu,,
BERIT PRIMARY SCHOOL,,Manyara,Mbulu,,
DIYOMAT PRIMARY SCHOOL,,Manyara,Mbulu,,
DONGOBESH DEAF UNIT PRIMARY SCHOOL,,Manyara,Mbulu,,
DUGMOSH PRIMARY SCHOOL,,Manyara,Mbulu,,
ENDADUBU PRIMARY SCHOOL,,Manyara,Mbulu,,
ENDAHAGICHAN PRIMARY SCHOOL,,Manyara,Mbulu,,
ENDALAT PRIMARY SCHOOL,,Manyara,Mbulu,,
FLATEI MASSAY PRIMARY SCHOOL,,Manyara,Mbulu,,
GEMBAKW PRIMARY SCHOOL,,Manyara,Mbulu,,
GETASHABAT PRIMARY SCHOOL,,Manyara,Mbulu,,
GIDBIYO PRIMARY SCHOOL,,Manyara,Mbulu,,
GIDMADOY PRIMARY SCHOOL,,Manyara,Mbulu,,
GINYABUDEL PRIMARY SCHOOL,,Manyara,Mbulu,,
HAMROY PRIMARY SCHOOL,,Manyara,Mbulu,,
HAYDOM PRIMARY SCHOOL,,Manyara,Mbulu,,
HENGENI PRIMARY SCHOOL,,Manyara,Mbulu,,
MAGHANG PRIMARY SCHOOL,,Manyara,Mbulu,,
MAHINGE PRIMARY SCHOOL,,Manyara,Mbulu,,
MARETADU CHINI PRIMARY SCHOOL,,Manyara,Mbulu,,
MASIEDA PRIMARY SCHOOL,,Manyara,Mbulu,,
MONGAHAY PRIMARY SCHOOL,,Manyara,Mbulu,,
MUSLUR PRIMARY SCHOOL,,Manyara,Mbulu,,
NAMBA SITA A PRIMARY SCHOOL,,Manyara,Mbulu,,
NYAMUSTA PRIMARY SCHOOL,,Manyara,Mbulu,,
QAMATANANAT PRIMARY SCHOOL,,Manyara,Mbulu,,
QATABELA PRIMARY SCHOOL,,Manyara,Mbulu,,
SIDGI PRIMARY SCHOOL,,Manyara,Mbulu,,
TUMATI PRIMARY SCHOOL,,Manyara,Mbulu,,
YAEDA CHINI PRIMARY SCHOOL,,Manyara,Mbulu,,
AICHO PRIMARY SCHOOL,,Manyara,Mbulu Tc,,
ANSLAY PRIMARY SCHOOL,,Manyara,Mbulu Tc,,
AYAMAAMI PRIMARY SCHOOL,,Manyara,Mbulu Tc,,
BAMBE PRIMARY SCHOOL,,Manyara,Mbulu Tc,,
BARGISH-UWA PRIMARY SCHOOL,,Manyara,Mbulu Tc,,
DATLAA PRIMARY SCHOOL,,Manyara,Mbulu Tc,,
ENDAGIKOT PRIMARY SCHOOL,,Manyara,Mbulu Tc,,
GUNYODA PRIMARY SCHOOL,,Manyara,Mbulu Tc,,
GWANDUMEHHI PRIMARY SCHOOL,,Manyara,Mbulu Tc,,
HAYSALI PRIMARY SCHOOL,,Manyara,Mbulu Tc,,
ISSALE PRIMARY SCHOOL,,Manyara,Mbulu Tc,,
KHADAY PRIMARY SCHOOL,,Manyara,Mbulu Tc,,
LAGHANDAMUR PRIMARY SCHOOL,,Manyara,Mbulu Tc,,
MORINGA PRIMARY SCHOOL,,Manyara,Mbulu Tc,,
QALIEDA PRIMARY SCHOOL,,Manyara,Mbulu Tc,,
SANUBARAY PRIMARY SCHOOL,,Manyara,Mbulu Tc,,
SILALODA PRIMARY SCHOOL,,Manyara,Mbulu Tc,,
TLAWI PRIMARY SCHOOL,,Manyara,Mbulu Tc,,
ZAKARIA ISAAY PRIMARY SCHOOL,,Manyara,Mbulu Tc,,
AMAQAWAY PRIMARY SCHOOL,,Manyara,Mbulu Tc,,
AYAGENDA PRIMARY SCHOOL,,Manyara,Mbulu Tc,,
AYAMOHE PRIMARY SCHOOL,,Manyara,Mbulu Tc,,
BANEE PRIMARY SCHOOL,,Manyara,Mbulu Tc,,
BOBOA PRIMARY SCHOOL,,Manyara,Mbulu Tc,,
DAUDI PRIMARY SCHOOL,,Manyara,Mbulu Tc,,
ENDERE PRIMARY SCHOOL,,Manyara,Mbulu Tc,,
GIDAMBA PRIMARY SCHOOL,,Manyara,Mbulu Tc,,
GUWANGW PRIMARY SCHOOL,,Manyara,Mbulu Tc,,
HARKA PRIMARY SCHOOL,,Manyara,Mbulu Tc,,
HHASAMA PRIMARY SCHOOL,,Manyara,Mbulu Tc,,
JARANJAR PRIMARY SCHOOL,,Manyara,Mbulu Tc,,
KUTA PRIMARY SCHOOL,,Manyara,Mbulu Tc,,
MAHERI PRIMARY SCHOOL,,Manyara,Mbulu Tc,,
MURRAY PRIMARY SCHOOL,,Manyara,Mbulu Tc,,
QATESH PRIMARY SCHOOL,,Manyara,Mbulu Tc,,
SHANG'WAT PRIMARY SCHOOL,,Manyara,Mbulu Tc,,
TIPRI PRIMARY SCHOOL,,Manyara,Mbulu Tc,,
TSAAYO PRIMARY SCHOOL,,Manyara,Mbulu Tc,,
AMOWA PRIMARY SCHOOL,,Manyara,Mbulu Tc,,
AYAINGI PRIMARY SCHOOL,,Manyara,Mbulu Tc,,
AYAMUHALE PRIMARY SCHOOL,,Manyara,Mbulu Tc,,
BARGISH-ANTSI PRIMARY SCHOOL,,Manyara,Mbulu Tc,,
DANDA PRIMARY SCHOOL,,Manyara,Mbulu Tc,,
DKT. SAMIA SULUHU HASSAN PRIMARY SCHOOL,,Manyara,Mbulu Tc,,
GUNENEDA PRIMARY SCHOOL,,Manyara,Mbulu Tc,,
GWAAMI PRIMARY SCHOOL,,Manyara,Mbulu Tc,,
HAYLOTO PRIMARY SCHOOL,,Manyara,Mbulu Tc,,
IMBORU PRIMARY SCHOOL,,Manyara,Mbulu Tc,,
KAINAM PRIMARY SCHOOL,,Manyara,Mbulu Tc,,
KWERMUSL PRIMARY SCHOOL,,Manyara,Mbulu Tc,,
MBULU ALDERSGATE PRIMARY SCHOOL,,Manyara,Mbulu Tc,,
NAHASEY PRIMARY SCHOOL,,Manyara,Mbulu Tc,,
QWAM PRIMARY SCHOOL,,Manyara,Mbulu Tc,,
SIDAY PRIMARY SCHOOL,,Manyara,Mbulu Tc,,
TITIWI PRIMARY SCHOOL,,Manyara,Mbulu Tc,,
ACRONIS LOONGUNG PRIMARY SCHOOL,,Manyara,Simanjiro,,
BLUE TANZANITE PRIMARY SCHOOL,,Manyara,Simanjiro,,
EMISHIYE PRIMARY SCHOOL,,Manyara,Simanjiro,,
ENDUPOTO PRIMARY SCHOOL,,Manyara,Simanjiro,,
GLISTEN PRIMARY SCHOOL,,Manyara,Simanjiro,,
J.M.KIKWETE PRIMARY SCHOOL,,Manyara,Simanjiro,,
KAMBI YA CHOKAA PRIMARY SCHOOL,,Manyara,Simanjiro,,
KANGALA PRIMARY SCHOOL,,Manyara,Simanjiro,,
KILOMBERO PRIMARY SCHOOL,,Manyara,Simanjiro,,
KISERIANI PRIMARY SCHOOL,,Manyara,Simanjiro,,
KOMOLO PRIMARY SCHOOL,,Manyara,Simanjiro,,
LANGAI PRIMARY SCHOOL,,Manyara,Simanjiro,,
LENGASIT PRIMARY SCHOOL,,Manyara,Simanjiro,,
LERUMO PRIMARY SCHOOL,,Manyara,Simanjiro,,
LOIBORSOIT 'B' PRIMARY SCHOOL,,Manyara,Simanjiro,,
LOONDREKES PRIMARY SCHOOL,,Manyara,Simanjiro,,
LORIMORIJOI PRIMARY SCHOOL,,Manyara,Simanjiro,,
LOSWAKI PRIMARY SCHOOL,,Manyara,Simanjiro,,
MIRERANI PRIMARY SCHOOL,,Manyara,Simanjiro,,
NADONJUKIN PRIMARY SCHOOL,,Manyara,Simanjiro,,
NAKWENI PRIMARY SCHOOL,,Manyara,Simanjiro,,
NARAKAUO PRIMARY SCHOOL,,Manyara,Simanjiro,,
NEW LIGHT PRIMARY SCHOOL,,Manyara,Simanjiro,,
NGORIKA PRIMARY SCHOOL,,Manyara,Simanjiro,,
NYUMBA-YA-MUNGU PRIMARY SCHOOL,,Manyara,Simanjiro,,
OLBIL PRIMARY SCHOOL,,Manyara,Simanjiro,,
OLOSHONYOKIE PRIMARY SCHOOL,,Manyara,Simanjiro,,
ORMOTOO PRIMARY SCHOOL,,Manyara,Simanjiro,,
RUVU-REMIT PRIMARY SCHOOL,,Manyara,Simanjiro,,
ALAIKA PRIMARY SCHOOL,,Manyara,Simanjiro,,
EINOTI PRIMARY SCHOOL,,Manyara,Simanjiro,,
ENDIAMTU PRIMARY SCHOOL,,Manyara,Simanjiro,,
ENGATA PRIMARY SCHOOL,,Manyara,Simanjiro,,
KAMPUNI PRIMARY SCHOOL,,Manyara,Simanjiro,,
KIMELOK PRIMARY SCHOOL,,Manyara,Simanjiro,,
KITWAI 'A' PRIMARY SCHOOL,,Manyara,Simanjiro,,
KORONGO PRIMARY SCHOOL,,Manyara,Simanjiro,,
LEMKUNA PRIMARY SCHOOL,,Manyara,Simanjiro,,
LOIBOR-SIRET PRIMARY SCHOOL,,Manyara,Simanjiro,,
LOLTEPES PRIMARY SCHOOL,,Manyara,Simanjiro,,
LOORNG'OSWANI PRIMARY SCHOOL,,Manyara,Simanjiro,,
LOSINYAI PRIMARY SCHOOL,,Manyara,Simanjiro,,
MBUKO PRIMARY SCHOOL,,Manyara,Simanjiro,,
MSITU WA TEMBO PRIMARY SCHOOL,,Manyara,Simanjiro,,
NAEPO PRIMARY SCHOOL,,Manyara,Simanjiro,,
NAMALULU PRIMARY SCHOOL,,Manyara,Simanjiro,,
NAROSOITO PRIMARY SCHOOL,,Manyara,Simanjiro,,
NOTRE DAME OSOTWA PRIMARY SCHOOL,,Manyara,Simanjiro,,
OIBORKISHU PRIMARY SCHOOL,,Manyara,Simanjiro,,
OLCHORONYORI PRIMARY SCHOOL,,Manyara,Simanjiro,,
ORKESUMET PRIMARY SCHOOL,,Manyara,Simanjiro,,
OSILALEI PRIMARY SCHOOL,,Manyara,Simanjiro,,
SHAMBARAI PRIMARY SCHOOL,,Manyara,Simanjiro,,
ST. AUGUSTINO PRIMARY SCHOOL,,Manyara,Simanjiro,,
AL-FALLAH PRIMARY SCHOOL,,Manyara,Simanjiro,,
EMBOREET PRIMARY SCHOOL,,Manyara,Simanjiro,,
ENDONYONGIJAPE PRIMARY SCHOOL,,Manyara,Simanjiro,,
ENGONONGOI PRIMARY SCHOOL,,Manyara,Simanjiro,,
IRKUJIT PRIMARY SCHOOL,,Manyara,Simanjiro,,
KANDASIKIRA PRIMARY SCHOOL,,Manyara,Simanjiro,,
KIRUANI PRIMARY SCHOOL,,Manyara,Simanjiro,,
KITWAI 'B' PRIMARY SCHOOL,,Manyara,Simanjiro,,
LANDANAI PRIMARY SCHOOL,,Manyara,Simanjiro,,
LEMOOTI PRIMARY SCHOOL,,Manyara,Simanjiro,,
LENGUNGUMWA PRIMARY SCHOOL,,Manyara,Simanjiro,,
LOIBORSOIT 'A' PRIMARY SCHOOL,,Manyara,Simanjiro,,
LONDOTO PRIMARY SCHOOL,,Manyara,Simanjiro,,
LORBENE PRIMARY SCHOOL,,Manyara,Simanjiro,,
LOSOKONOI PRIMARY SCHOOL,,Manyara,Simanjiro,,
MIRERANI ADVENTIST PRIMARY SCHOOL,,Manyara,Simanjiro,,
NABERERA PRIMARY SCHOOL,,Manyara,Simanjiro,,
NAISINYAI PRIMARY SCHOOL,,Manyara,Simanjiro,,
NDEPES PRIMARY SCHOOL,,Manyara,Simanjiro,,
NGAGE PRIMARY SCHOOL,,Manyara,Simanjiro,,
NYORITI PRIMARY SCHOOL,,Manyara,Simanjiro,,
OKUTU PRIMARY SCHOOL,,Manyara,Simanjiro,,
OLJORO-NO.5 PRIMARY SCHOOL,,Manyara,Simanjiro,,
ORKIRUNG'URUNG PRIMARY SCHOOL,,Manyara,Simanjiro,,
PENDO LENAITUNYO PRIMARY SCHOOL,,Manyara,Simanjiro,,
SIMANJIRO PRIMARY SCHOOL,,Manyara,Simanjiro,,
SUKURO PRIMARY SCHOOL,,Manyara,Simanjiro,,
BAGA PRIMARY SCHOOL,,Tanga,Bumbuli,,
BANGALA PRIMARY SCHOOL,,Tanga,Bumbuli,,
BUMBULI PRIMARY SCHOOL,,Tanga,Bumbuli,,
FUMBAI PRIMARY SCHOOL,,Tanga,Bumbuli,,
GANGACHA PRIMARY SCHOOL,,Tanga,Bumbuli,,
KILUWAI PRIMARY SCHOOL,,Tanga,Bumbuli,,
KITAMBI PRIMARY SCHOOL,,Tanga,Bumbuli,,
KIVILICHA PRIMARY SCHOOL,,Tanga,Bumbuli,,
KWABOSA PRIMARY SCHOOL,,Tanga,Bumbuli,,
KWAMHE PRIMARY SCHOOL,,Tanga,Bumbuli,,
KWAMZUZA PRIMARY SCHOOL,,Tanga,Bumbuli,,
KWEBAMBA PRIMARY SCHOOL,,Tanga,Bumbuli,,
KWEKITUI PRIMARY SCHOOL,,Tanga,Bumbuli,,
KWEMBALAZI PRIMARY SCHOOL,,Tanga,Bumbuli,,
KWEMISAMBIA PRIMARY SCHOOL,,Tanga,Bumbuli,,
KWEMPULULE PRIMARY SCHOOL,,Tanga,Bumbuli,,
KWENGEZA PRIMARY SCHOOL,,Tanga,Bumbuli,,
MADUDA PRIMARY SCHOOL,,Tanga,Bumbuli,,
MAHEZANGULU PRIMARY SCHOOL,,Tanga,Bumbuli,,
MAYO PRIMARY SCHOOL,,Tanga,Bumbuli,,
MHANKO PRIMARY SCHOOL,,Tanga,Bumbuli,,
MKAALIE PRIMARY SCHOOL,,Tanga,Bumbuli,,
MPALALU PRIMARY SCHOOL,,Tanga,Bumbuli,,
MSAMAKA PRIMARY SCHOOL,,Tanga,Bumbuli,,
MTUNDA PRIMARY SCHOOL,,Tanga,Bumbuli,,
NGUGHUI PRIMARY SCHOOL,,Tanga,Bumbuli,,
SAGARA PRIMARY SCHOOL,,Tanga,Bumbuli,,
SONI FALLS PRIMARY SCHOOL,,Tanga,Bumbuli,,
TEKWA PRIMARY SCHOOL,,Tanga,Bumbuli,,
VUGA PRIMARY SCHOOL,,Tanga,Bumbuli,,
WANGA PRIMARY SCHOOL,,Tanga,Bumbuli,,
ZILA PRIMARY SCHOOL,,Tanga,Bumbuli,,
BAGHAI PRIMARY SCHOOL,,Tanga,Bumbuli,,
BARA PRIMARY SCHOOL,,Tanga,Bumbuli,,
EMAO PRIMARY SCHOOL,,Tanga,Bumbuli,,
FUNTA PRIMARY SCHOOL,,Tanga,Bumbuli,,
HAMBALAI PRIMARY SCHOOL,,Tanga,Bumbuli,,
KIGULUNDE 'M' PRIMARY SCHOOL,,Tanga,Bumbuli,,
KISINGA PRIMARY SCHOOL,,Tanga,Bumbuli,,
KITO PRIMARY SCHOOL,,Tanga,Bumbuli,,
KIVILU PRIMARY SCHOOL,,Tanga,Bumbuli,,
KWADOE PRIMARY SCHOOL,,Tanga,Bumbuli,,
KWAMONGO PRIMARY SCHOOL,,Tanga,Bumbuli,,
KWANGURUWE PRIMARY SCHOOL,,Tanga,Bumbuli,,
KWEDIWA PRIMARY SCHOOL,,Tanga,Bumbuli,,
KWEMAKONKO PRIMARY SCHOOL,,Tanga,Bumbuli,,
KWEMIHAFA PRIMARY SCHOOL,,Tanga,Bumbuli,,
KWEMKOLE PRIMARY SCHOOL,,Tanga,Bumbuli,,
KWEMVUMO PRIMARY SCHOOL,,Tanga,Bumbuli,,
KWESINE PRIMARY SCHOOL,,Tanga,Bumbuli,,
MAGILA PRIMARY SCHOOL,,Tanga,Bumbuli,,
MALALO PRIMARY SCHOOL,,Tanga,Bumbuli,,
MASHINE PRIMARY SCHOOL,,Tanga,Bumbuli,,
MBUZII PRIMARY SCHOOL,,Tanga,Bumbuli,,
MILINGANO PRIMARY SCHOOL,,Tanga,Bumbuli,,
MONGWE PRIMARY SCHOOL,,Tanga,Bumbuli,,
MPONDE PRIMARY SCHOOL,,Tanga,Bumbuli,,
MZIASAA PRIMARY SCHOOL,,Tanga,Bumbuli,,
NKONGOI PRIMARY SCHOOL,,Tanga,Bumbuli,,
SHASHUI PRIMARY SCHOOL,,Tanga,Bumbuli,,
SONI PRIMARY SCHOOL,,Tanga,Bumbuli,,
TULIANI PRIMARY SCHOOL,,Tanga,Bumbuli,,
VULII PRIMARY SCHOOL,,Tanga,Bumbuli,,
YAMBA PRIMARY SCHOOL,,Tanga,Bumbuli,,
BAMBALETA PRIMARY SCHOOL,,Tanga,Bumbuli,,
BAZO PRIMARY SCHOOL,,Tanga,Bumbuli,,
FRONTEVER PRIMARY SCHOOL,,Tanga,Bumbuli,,
GALAMBO PRIMARY SCHOOL,,Tanga,Bumbuli,,
KIDOLOGHWAI PRIMARY SCHOOL,,Tanga,Bumbuli,,
KIHITU PRIMARY SCHOOL,,Tanga,Bumbuli,,
KITUNDA PRIMARY SCHOOL,,Tanga,Bumbuli,,
KIVUMO PRIMARY SCHOOL,,Tanga,Bumbuli,,
KWALEI PRIMARY SCHOOL,,Tanga,Bumbuli,,
KWAMPUNDA PRIMARY SCHOOL,,Tanga,Bumbuli,,
KWANGW'ENDA PRIMARY SCHOOL,,Tanga,Bumbuli,,
KWEHANGALA PRIMARY SCHOOL,,Tanga,Bumbuli,,
KWEMASHAI 'T' PRIMARY SCHOOL,,Tanga,Bumbuli,,
KWEMILUNGU PRIMARY SCHOOL,,Tanga,Bumbuli,,
KWEMKOMOLE PRIMARY SCHOOL,,Tanga,Bumbuli,,
KWENDOGHOI PRIMARY SCHOOL,,Tanga,Bumbuli,,
KWEULASI PRIMARY SCHOOL,,Tanga,Bumbuli,,
MAHANGE PRIMARY SCHOOL,,Tanga,Bumbuli,,
MALOMBOI PRIMARY SCHOOL,,Tanga,Bumbuli,,
MAVUMBI PRIMARY SCHOOL,,Tanga,Bumbuli,,
MGWASHI PRIMARY SCHOOL,,Tanga,Bumbuli,,
MITANDAI PRIMARY SCHOOL,,Tanga,Bumbuli,,
MPALAI PRIMARY SCHOOL,,Tanga,Bumbuli,,
MSALAKA PRIMARY SCHOOL,,Tanga,Bumbuli,,
MSONGOLO PRIMARY SCHOOL,,Tanga,Bumbuli,,
NDEKAI PRIMARY SCHOOL,,Tanga,Bumbuli,,
NTUMUI PRIMARY SCHOOL,,Tanga,Bumbuli,,
SHEMBEKEZA PRIMARY SCHOOL,,Tanga,Bumbuli,,
TANDA PRIMARY SCHOOL,,Tanga,Bumbuli,,
UKOLONGWE PRIMARY SCHOOL,,Tanga,Bumbuli,,
VULUNI PRIMARY SCHOOL,,Tanga,Bumbuli,,
ZEBA PRIMARY SCHOOL,,Tanga,Bumbuli,,
AHADI PRIMARY SCHOOL,,Tanga,Handeni,,
BUMBA PRIMARY SCHOOL,,Tanga,Handeni,,
GENDAGENDA PRIMARY SCHOOL,,Tanga,Handeni,,
GUMBONNEKA PRIMARY SCHOOL,,Tanga,Handeni,,
ISAFINA ACADEMY PRIMARY SCHOOL,,Tanga,Handeni,,
KABUKU NDANI PRIMARY SCHOOL,,Tanga,Handeni,,
KIGODA PRIMARY SCHOOL,,Tanga,Handeni,,
KOBILI PRIMARY SCHOOL,,Tanga,Handeni,,
KOMKOMBA PRIMARY SCHOOL,,Tanga,Handeni,,
KOMSANGA PRIMARY SCHOOL,,Tanga,Handeni,,
KWACHAGA PRIMARY SCHOOL,,Tanga,Handeni,,
KWAMAGOMBE PRIMARY SCHOOL,,Tanga,Handeni,,
KWAMDAMI PRIMARY SCHOOL,,Tanga,Handeni,,
KWAMKONO PRIMARY SCHOOL,,Tanga,Handeni,,
KWAMNELE PRIMARY SCHOOL,,Tanga,Handeni,,
KWAMSISI PRIMARY SCHOOL,,Tanga,Handeni,,
KWAMWANAMANGALE PRIMARY SCHOOL,,Tanga,Handeni,,
KWANDUGWA PRIMARY SCHOOL,,Tanga,Handeni,,
KWANYANJE PRIMARY SCHOOL,,Tanga,Handeni,,
KWASUNGA PRIMARY SCHOOL,,Tanga,Handeni,,
KWEDIGUGU PRIMARY SCHOOL,,Tanga,Handeni,,
KWEDIHWAHWALA PRIMARY SCHOOL,,Tanga,Handeni,,
KWEDIKWAZU MASHARIKI PRIMARY SCHOOL,,Tanga,Handeni,,
KWEDIZINGA PRIMARY SCHOOL,,Tanga,Handeni,,
KWEMIGUNGA PRIMARY SCHOOL,,Tanga,Handeni,,
LUIYE PRIMARY SCHOOL,,Tanga,Handeni,,
MAGAMBA PRIMARY SCHOOL,,Tanga,Handeni,,
MAJANIMAPANA PRIMARY SCHOOL,,Tanga,Handeni,,
MASATU PRIMARY SCHOOL,,Tanga,Handeni,,
MBWENI PRIMARY SCHOOL,,Tanga,Handeni,,
MICHUNGWANI MASHARIKI PRIMARY SCHOOL,,Tanga,Handeni,,
MKATA PRIMARY SCHOOL,,Tanga,Handeni,,
MNYUZI PRIMARY SCHOOL,,Tanga,Handeni,,
MSILWA PRIMARY SCHOOL,,Tanga,Handeni,,
MUMBWI PRIMARY SCHOOL,,Tanga,Handeni,,
MZULE PRIMARY SCHOOL,,Tanga,Handeni,,
NKUMBA PRIMARY SCHOOL,,Tanga,Handeni,,
POZO PRIMARY SCHOOL,,Tanga,Handeni,,
SINDENI PRIMARY SCHOOL,,Tanga,Handeni,,
TEWE PRIMARY SCHOOL,,Tanga,Handeni,,
UGWENO PRIMARY SCHOOL,,Tanga,Handeni,,
CHANIKA KOFI PRIMARY SCHOOL,,Tanga,Handeni,,
GOLANI PRIMARY SCHOOL,,Tanga,Handeni,,
HOZA PRIMARY SCHOOL,,Tanga,Handeni,,
KABUKU NJE PRIMARY SCHOOL,,Tanga,Handeni,,
KIBINDU PRIMARY SCHOOL,,Tanga,Handeni,,
KILIMAMZINGA PRIMARY SCHOOL,,Tanga,Handeni,,
KOMDUDU PRIMARY SCHOOL,,Tanga,Handeni,,
KOMKONGA PRIMARY SCHOOL,,Tanga,Handeni,,
KWABALANGA PRIMARY SCHOOL,,Tanga,Handeni,,
KWACHIGWE PRIMARY SCHOOL,,Tanga,Handeni,,
KWAMATUKU PRIMARY SCHOOL,,Tanga,Handeni,,
KWAMGALA PRIMARY SCHOOL,,Tanga,Handeni,,
KWAMKORO PRIMARY SCHOOL,,Tanga,Handeni,,
KWAMSANGAZI PRIMARY SCHOOL,,Tanga,Handeni,,
KWAMSUNDI PRIMARY SCHOOL,,Tanga,Handeni,,
KWAMWAZALA PRIMARY SCHOOL,,Tanga,Handeni,,
KWANGAHU PRIMARY SCHOOL,,Tanga,Handeni,,
KWAPALA PRIMARY SCHOOL,,Tanga,Handeni,,
KWEDIBAGO PRIMARY SCHOOL,,Tanga,Handeni,,
KWEDIGUNDA PRIMARY SCHOOL,,Tanga,Handeni,,
KWEDIKABU PRIMARY SCHOOL,,Tanga,Handeni,,
KWEDILOKO PRIMARY SCHOOL,,Tanga,Handeni,,
KWEINGOMA PRIMARY SCHOOL,,Tanga,Handeni,,
KWENKWALE PRIMARY SCHOOL,,Tanga,Handeni,,
LUKOLONGWE PRIMARY SCHOOL,,Tanga,Handeni,,
MAILIKUMI PRIMARY SCHOOL,,Tanga,Handeni,,
MANDERA PRIMARY SCHOOL,,Tanga,Handeni,,
MAZINGARA PRIMARY SCHOOL,,Tanga,Handeni,,
MICHUNGWANI PRIMARY SCHOOL,,Tanga,Handeni,,
MKOMBA PRIMARY SCHOOL,,Tanga,Handeni,,
MPALAGWE PRIMARY SCHOOL,,Tanga,Handeni,,
MSOCHA PRIMARY SCHOOL,,Tanga,Handeni,,
MZUNDU PRIMARY SCHOOL,,Tanga,Handeni,,
NYASA PRIMARY SCHOOL,,Tanga,Handeni,,
SAMIA SULUHU HASSAN PRIMARY SCHOOL,,Tanga,Handeni,,
SUWA PRIMARY SCHOOL,,Tanga,Handeni,,
TIM HARRINGTON PRIMARY SCHOOL,,Tanga,Handeni,,
ZAVUZA PRIMARY SCHOOL,,Tanga,Handeni,,
BONGI PRIMARY SCHOOL,,Tanga,Handeni,,
CHAKA LA TEMBO PRIMARY SCHOOL,,Tanga,Handeni,,
CHOGO PRIMARY SCHOOL,,Tanga,Handeni,,
GOLE PRIMARY SCHOOL,,Tanga,Handeni,,
KABUKU MJINI PRIMARY SCHOOL,,Tanga,Handeni,,
KANG'ATA PRIMARY SCHOOL,,Tanga,Handeni,,
KICHWANG'OMBE PRIMARY SCHOOL,,Tanga,Handeni,,
KITUMBI PRIMARY SCHOOL,,Tanga,Handeni,,
KOMFUNGO PRIMARY SCHOOL,,Tanga,Handeni,,
KOMSALA PRIMARY SCHOOL,,Tanga,Handeni,,
KWABOJO PRIMARY SCHOOL,,Tanga,Handeni,,
KWAKILIGA PRIMARY SCHOOL,,Tanga,Handeni,,
KWAMBALU PRIMARY SCHOOL,,Tanga,Handeni,,
KWAMGWE PRIMARY SCHOOL,,Tanga,Handeni,,
KWAMKUNGA PRIMARY SCHOOL,,Tanga,Handeni,,
KWAMSENGA PRIMARY SCHOOL,,Tanga,Handeni,,
KWAMWACHALIMA PRIMARY SCHOOL,,Tanga,Handeni,,
KWAMWENDA PRIMARY SCHOOL,,Tanga,Handeni,,
KWANKONJE PRIMARY SCHOOL,,Tanga,Handeni,,
KWARAGURU PRIMARY SCHOOL,,Tanga,Handeni,,
KWEDIBANGALA PRIMARY SCHOOL,,Tanga,Handeni,,
KWEDIHUO PRIMARY SCHOOL,,Tanga,Handeni,,
KWEDIKWAZU PRIMARY SCHOOL,,Tanga,Handeni,,
KWEDITILIBE PRIMARY SCHOOL,,Tanga,Handeni,,
KWEISASU PRIMARY SCHOOL,,Tanga,Handeni,,
LUGURUNI PRIMARY SCHOOL,,Tanga,Handeni,,
MADEBE PRIMARY SCHOOL,,Tanga,Handeni,,
MAINGA PRIMARY SCHOOL,,Tanga,Handeni,,
MANGA PRIMARY SCHOOL,,Tanga,Handeni,,
MBAGWI PRIMARY SCHOOL,,Tanga,Handeni,,
MHALANGO PRIMARY SCHOOL,,Tanga,Handeni,,
MKALAMO PRIMARY SCHOOL,,Tanga,Handeni,,
MKUMBURU PRIMARY SCHOOL,,Tanga,Handeni,,
MSIKA PRIMARY SCHOOL,,Tanga,Handeni,,
MSOMELA PRIMARY SCHOOL,,Tanga,Handeni,,
MZERI PRIMARY SCHOOL,,Tanga,Handeni,,
NKALE PRIMARY SCHOOL,,Tanga,Handeni,,
OSOTWA PRIMARY SCHOOL,,Tanga,Handeni,,
SEZA KOFI PRIMARY SCHOOL,,Tanga,Handeni,,
TAULA PRIMARY SCHOOL,,Tanga,Handeni,,
ANTAKAE PRIMARY SCHOOL,,Tanga,Handeni Tc,,
BIRIKANI PRIMARY SCHOOL,,Tanga,Handeni Tc,,
KILIMILANG'OMBE PRIMARY SCHOOL,,Tanga,Handeni Tc,,
KWABAYA PRIMARY SCHOOL,,Tanga,Handeni Tc,,
KWAMAGOME PRIMARY SCHOOL,,Tanga,Handeni Tc,,
KWAMNGODI PRIMARY SCHOOL,,Tanga,Handeni Tc,,
KWEDIZANDO PRIMARY SCHOOL,,Tanga,Handeni Tc,,
LUMBIZI PRIMARY SCHOOL,,Tanga,Handeni Tc,,
MISIMA PRIMARY SCHOOL,,Tanga,Handeni Tc,,
MNAZI MMOJA PRIMARY SCHOOL,,Tanga,Handeni Tc,,
PONGWE PRIMARY SCHOOL,,Tanga,Handeni Tc,,
VIBAONI PRIMARY SCHOOL,,Tanga,Handeni Tc,,
KWAKIVESA PRIMARY SCHOOL,,Tanga,Handeni Tc,,
KWAMASAKA PRIMARY SCHOOL,,Tanga,Handeni Tc,,
KWAMNGUMI PRIMARY SCHOOL,,Tanga,Handeni Tc,,
KWEDIZIWA PRIMARY SCHOOL,,Tanga,Handeni Tc,,
MALEZI PRIMARY SCHOOL,,Tanga,Handeni Tc,,
MASALAKA PRIMARY SCHOOL,,Tanga,Handeni Tc,,
MKONJE PRIMARY SCHOOL,,Tanga,Handeni Tc,,
MPAKANI PRIMARY SCHOOL,,Tanga,Handeni Tc,,
NGUGWINI PRIMARY SCHOOL,,Tanga,Handeni Tc,,
SEUTA PRIMARY SCHOOL,,Tanga,Handeni Tc,,
BANGU PRIMARY SCHOOL,,Tanga,Handeni Tc,,
EASTERN ARC PRIMARY SCHOOL,,Tanga,Handeni Tc,,
KIDELEKO PRIMARY SCHOOL,,Tanga,Handeni Tc,,
KONJE PRIMARY SCHOOL,,Tanga,Handeni Tc,,
KWALUWALA PRIMARY SCHOOL,,Tanga,Handeni Tc,,
KWAMNEKE PRIMARY SCHOOL,,Tanga,Handeni Tc,,
KWEDIYAMBA PRIMARY SCHOOL,,Tanga,Handeni Tc,,
KWEINJUGO PRIMARY SCHOOL,,Tanga,Handeni Tc,,
MANKINDA PRIMARY SCHOOL,,Tanga,Handeni Tc,,
MDOE PRIMARY SCHOOL,,Tanga,Handeni Tc,,
PARAKUYO PRIMARY SCHOOL,,Tanga,Handeni Tc,,
TUMAINI JEMA PRIMARY SCHOOL,,Tanga,Handeni Tc,,
DOLOSENTA PRIMARY SCHOOL,,Tanga,Kilindi,,
GOMBERO PRIMARY SCHOOL,,Tanga,Kilindi,,
KIBIRASHI PRIMARY SCHOOL,,Tanga,Kilindi,,
KIKUNDE PRIMARY SCHOOL,,Tanga,Kilindi,,
KILINDI PRIMARY SCHOOL,,Tanga,Kilindi,,
KIMBE PRIMARY SCHOOL,,Tanga,Kilindi,,
KISANGASA PRIMARY SCHOOL,,Tanga,Kilindi,,
KOMSILO PRIMARY SCHOOL,,Tanga,Kilindi,,
KWAFUMBILI PRIMARY SCHOOL,,Tanga,Kilindi,,
KWAMALIGWA PRIMARY SCHOOL,,Tanga,Kilindi,,
KWAMFYOMI PRIMARY SCHOOL,,Tanga,Kilindi,,
KWANDILWA PRIMARY SCHOOL,,Tanga,Kilindi,,
KWEDIBOMA PRIMARY SCHOOL,,Tanga,Kilindi,,
KWEDISWATI PRIMARY SCHOOL,,Tanga,Kilindi,,
KWEKIVU PRIMARY SCHOOL,,Tanga,Kilindi,,
LUKOLE PRIMARY SCHOOL,,Tanga,Kilindi,,
LUSANE PRIMARY SCHOOL,,Tanga,Kilindi,,
MABALANGA PRIMARY SCHOOL,,Tanga,Kilindi,,
MAFULETA PRIMARY SCHOOL,,Tanga,Kilindi,,
MAKASINI PRIMARY SCHOOL,,Tanga,Kilindi,,
MALALI PRIMARY SCHOOL,,Tanga,Kilindi,,
MASAGALU PRIMARY SCHOOL,,Tanga,Kilindi,,
MATANGAGONJA PRIMARY SCHOOL,,Tanga,Kilindi,,
MBOGO PRIMARY SCHOOL,,Tanga,Kilindi,,
MDUGUYU PRIMARY SCHOOL,,Tanga,Kilindi,,
MGOMBEZI PRIMARY SCHOOL,,Tanga,Kilindi,,
MNYINGWA PRIMARY SCHOOL,,Tanga,Kilindi,,
MSIMBAZI PRIMARY SCHOOL,,Tanga,Kilindi,,
MTEGO PRIMARY SCHOOL,,Tanga,Kilindi,,
NEGERO PRIMARY SCHOOL,,Tanga,Kilindi,,
NGOBORE PRIMARY SCHOOL,,Tanga,Kilindi,,
PAGWI PRIMARY SCHOOL,,Tanga,Kilindi,,
SAMBU PRIMARY SCHOOL,,Tanga,Kilindi,,
SAUNYI PRIMARY SCHOOL,,Tanga,Kilindi,,
SONGE PRIMARY SCHOOL,,Tanga,Kilindi,,
TUNGULI PRIMARY SCHOOL,,Tanga,Kilindi,,
VUNILA PRIMARY SCHOOL PRIMARY SCHOOL,,Tanga,Kilindi,,
ANTONIO ROSMIN PRIMARY SCHOOL,,Tanga,Kilindi,,
CHAMTUI PRIMARY SCHOOL,,Tanga,Kilindi,,
HEROES PRIMARY SCHOOL,,Tanga,Kilindi,,
KIGUNGA PRIMARY SCHOOL,,Tanga,Kilindi,,
KIKWAZU PRIMARY SCHOOL,,Tanga,Kilindi,,
KILWA PRIMARY SCHOOL,,Tanga,Kilindi,,
KIMEMBE PRIMARY SCHOOL,,Tanga,Kilindi,,
KITINGI PRIMARY SCHOOL,,Tanga,Kilindi,,
KWADUDU PRIMARY SCHOOL,,Tanga,Kilindi,,
KWAKIWELE PRIMARY SCHOOL,,Tanga,Kilindi,,
KWAMAZUMA PRIMARY SCHOOL,,Tanga,Kilindi,,
KWAMNGWAJI PRIMARY SCHOOL,,Tanga,Kilindi,,
KWANKANDE PRIMARY SCHOOL,,Tanga,Kilindi,,
KWEDIGOLE PRIMARY SCHOOL,,Tanga,Kilindi,,
KWEISAPO PRIMARY SCHOOL,,Tanga,Kilindi,,
LAIPERA PRIMARY SCHOOL,,Tanga,Kilindi,,
LUANGA PRIMARY SCHOOL,,Tanga,Kilindi,,
LULAGO PRIMARY SCHOOL,,Tanga,Kilindi,,
LUSIMBI PRIMARY SCHOOL,,Tanga,Kilindi,,
MABOMBWE PRIMARY SCHOOL,,Tanga,Kilindi,,
MAFULILA PRIMARY SCHOOL,,Tanga,Kilindi,,
MAKELELE PRIMARY SCHOOL,,Tanga,Kilindi,,
MANYINGA PRIMARY SCHOOL,,Tanga,Kilindi,,
MASAGUSA PRIMARY SCHOOL,,Tanga,Kilindi,,
MATINDI PRIMARY SCHOOL,,Tanga,Kilindi,,
MBOGOI PRIMARY SCHOOL,,Tanga,Kilindi,,
MGORA PRIMARY SCHOOL,,Tanga,Kilindi,,
MJI MPYA PRIMARY SCHOOL,,Tanga,Kilindi,,
MNEMBULE PRIMARY SCHOOL,,Tanga,Kilindi,,
MPALAHALA PRIMARY SCHOOL,,Tanga,Kilindi,,
MSWAKI PRIMARY SCHOOL,,Tanga,Kilindi,,
MTONGA PRIMARY SCHOOL,,Tanga,Kilindi,,
MZINGA PRIMARY SCHOOL,,Tanga,Kilindi,,
NKAMA PRIMARY SCHOOL,,Tanga,Kilindi,,
SAGASA PRIMARY SCHOOL,,Tanga,Kilindi,,
SAMIA PRIMARY SCHOOL,,Tanga,Kilindi,,
SELEWA PRIMARY SCHOOL,,Tanga,Kilindi,,
TAMOTA PRIMARY SCHOOL,,Tanga,Kilindi,,
UWANJA NDEGE PRIMARY SCHOOL,,Tanga,Kilindi,,
VYADIGWA PRIMARY SCHOOL,,Tanga,Kilindi,,
BALANG'A PRIMARY SCHOOL,,Tanga,Kilindi,,
BOKWA PRIMARY SCHOOL,,Tanga,Kilindi,,
CHANUNGU PRIMARY SCHOOL,,Tanga,Kilindi,,
GITU PRIMARY SCHOOL,,Tanga,Kilindi,,
JUNGU PRIMARY SCHOOL,,Tanga,Kilindi,,
KIGWAMA PRIMARY SCHOOL,,Tanga,Kilindi,,
KILEGURU PRIMARY SCHOOL,,Tanga,Kilindi,,
KIMAMBA PRIMARY SCHOOL,,Tanga,Kilindi,,
KINGO PRIMARY SCHOOL,,Tanga,Kilindi,,
KOLANG'A PRIMARY SCHOOL,,Tanga,Kilindi,,
KWADUNDWA PRIMARY SCHOOL,,Tanga,Kilindi,,
KWALUGURU PRIMARY SCHOOL,,Tanga,Kilindi,,
KWAMBA PRIMARY SCHOOL,,Tanga,Kilindi,,
KWAMWANDE PRIMARY SCHOOL,,Tanga,Kilindi,,
KWEDIBOKO PRIMARY SCHOOL,,Tanga,Kilindi,,
KWEDIJELO PRIMARY SCHOOL,,Tanga,Kilindi,,
KWEKINKWEMBE PRIMARY SCHOOL,,Tanga,Kilindi,,
LEKITINGE PRIMARY SCHOOL,,Tanga,Kilindi,,
LUDEWA PRIMARY SCHOOL,,Tanga,Kilindi,,
LUMOTIO PRIMARY SCHOOL,,Tanga,Kilindi,,
LWANDE PRIMARY SCHOOL,,Tanga,Kilindi,,
MAFISA PRIMARY SCHOOL,,Tanga,Kilindi,,
MAKINGO PRIMARY SCHOOL,,Tanga,Kilindi,,
MAPANGA PRIMARY SCHOOL,,Tanga,Kilindi,,
MASILEI PRIMARY SCHOOL,,Tanga,Kilindi,,
MAZASA PRIMARY SCHOOL,,Tanga,Kilindi,,
MGERA PRIMARY SCHOOL,,Tanga,Kilindi,,
MKINDI PRIMARY SCHOOL,,Tanga,Kilindi,,
MNKONDE PRIMARY SCHOOL,,Tanga,Kilindi,,
NDWATI PRIMARY SCHOOL,,Tanga,Kilindi,,
NGEZE PRIMARY SCHOOL,,Tanga,Kilindi,,
NKOA PRIMARY SCHOOL,,Tanga,Kilindi,,
SAJA PRIMARY SCHOOL,,Tanga,Kilindi,,
SANGENI PRIMARY SCHOOL,,Tanga,Kilindi,,
SONGE ISLAMIC PRIMARY SCHOOL,,Tanga,Kilindi,,
TILWE PRIMARY SCHOOL,,Tanga,Kilindi,,
VILINDWA PRIMARY SCHOOL,,Tanga,Kilindi,,
BAMUNUA PRIMARY SCHOOL,,Tanga,Korogwe,,
BUNGU PRIMARY SCHOOL,,Tanga,Korogwe,,
CHEKELEI PRIMARY SCHOOL,,Tanga,Korogwe,,
FOROFORO PRIMARY SCHOOL,,Tanga,Korogwe,,
GEMAI PRIMARY SCHOOL,,Tanga,Korogwe,,
GOMBA PRIMARY SCHOOL,,Tanga,Korogwe,,
HUNDU PRIMARY SCHOOL,,Tanga,Korogwe,,
KASIGA PRIMARY SCHOOL,,Tanga,Korogwe,,
KIBAONI KULASI PRIMARY SCHOOL,,Tanga,Korogwe,,
KIGWASE PRIMARY SCHOOL,,Tanga,Korogwe,,
KILANGANGUA PRIMARY SCHOOL,,Tanga,Korogwe,,
KIZARA PRIMARY SCHOOL,,Tanga,Korogwe,,
KWALUKONGE PRIMARY SCHOOL,,Tanga,Korogwe,,
KWASHEMSHI PRIMARY SCHOOL,,Tanga,Korogwe,,
KWEDEGE PRIMARY SCHOOL,,Tanga,Korogwe,,
KWEMAZANDU PRIMARY SCHOOL,,Tanga,Korogwe,,
KWEMSHAI PRIMARY SCHOOL,,Tanga,Korogwe,,
LAMU PRIMARY SCHOOL,,Tanga,Korogwe,,
LUTINDI PRIMARY SCHOOL,,Tanga,Korogwe,,
MADALA PRIMARY SCHOOL,,Tanga,Korogwe,,
MAGOMA KIWANDANI PRIMARY SCHOOL,,Tanga,Korogwe,,
MAKINYUMBI PRIMARY SCHOOL,,Tanga,Korogwe,,
MAKORORA PRIMARY SCHOOL,,Tanga,Korogwe,,
MAKWELI PRIMARY SCHOOL,,Tanga,Korogwe,,
MANGA MIKOCHENI PRIMARY SCHOOL,,Tanga,Korogwe,,
MASHINDEI PRIMARY SCHOOL,,Tanga,Korogwe,,
MAZINDE ESTATE PRIMARY SCHOOL,,Tanga,Korogwe,,
MBAGHAI PRIMARY SCHOOL,,Tanga,Korogwe,,
MISAJINI PRIMARY SCHOOL,,Tanga,Korogwe,,
MKOMAZI PRIMARY SCHOOL,,Tanga,Korogwe,,
MNG'AZA PRIMARY SCHOOL,,Tanga,Korogwe,,
MSEKO PRIMARY SCHOOL,,Tanga,Korogwe,,
MWELYA PRIMARY SCHOOL,,Tanga,Korogwe,,
MZIYA PRIMARY SCHOOL,,Tanga,Korogwe,,
NGAZI PRIMARY SCHOOL,,Tanga,Korogwe,,
NKALEKWA PRIMARY SCHOOL,,Tanga,Korogwe,,
PAMBEI PRIMARY SCHOOL,,Tanga,Korogwe,,
VUGIRI PRIMARY SCHOOL,,Tanga,Korogwe,,
WELEI PRIMARY SCHOOL,,Tanga,Korogwe,,
BOMBOMAJIMOTO PRIMARY SCHOOL,,Tanga,Korogwe,,
BUNGUMSIGA PRIMARY SCHOOL,,Tanga,Korogwe,,
CHEPETE PRIMARY SCHOOL,,Tanga,Korogwe,,
FUMBO PRIMARY SCHOOL,,Tanga,Korogwe,,
GEREZA PRIMARY SCHOOL,,Tanga,Korogwe,,
KERENGE MLEMWA PRIMARY SCHOOL,,Tanga,Korogwe,,
KICHANGANI PRIMARY SCHOOL,,Tanga,Korogwe,,
KIJANGO PRIMARY SCHOOL,,Tanga,Korogwe,,
KIMBO PRIMARY SCHOOL,,Tanga,Korogwe,,
KWAGUNDA PRIMARY SCHOOL,,Tanga,Korogwe,,
KWALUMA PRIMARY SCHOOL,,Tanga,Korogwe,,
KWEISEWA PRIMARY SCHOOL,,Tanga,Korogwe,,
KWEMDIMU PRIMARY SCHOOL,,Tanga,Korogwe,,
KWENKEYU PRIMARY SCHOOL,,Tanga,Korogwe,,
LEWA PRIMARY SCHOOL,,Tanga,Korogwe,,
LWENGERA ESTATE PRIMARY SCHOOL,,Tanga,Korogwe,,
MAGUNDI PRIMARY SCHOOL,,Tanga,Korogwe,,
MAKABURINI PRIMARY SCHOOL,,Tanga,Korogwe,,
MAKINYUMBI STATION PRIMARY SCHOOL,,Tanga,Korogwe,,
MAKUMBA PRIMARY SCHOOL,,Tanga,Korogwe,,
MALI PRIMARY SCHOOL,,Tanga,Korogwe,,
MANGA MTINDIRO PRIMARY SCHOOL,,Tanga,Korogwe,,
MASANGE PRIMARY SCHOOL,,Tanga,Korogwe,,
MASIMBANI PRIMARY SCHOOL,,Tanga,Korogwe,,
MAZINDE MSHANGAI PRIMARY SCHOOL,,Tanga,Korogwe,,
MBOGHOI PRIMARY SCHOOL,,Tanga,Korogwe,,
MGILA PRIMARY SCHOOL,,Tanga,Korogwe,,
MKUMBARA PRIMARY SCHOOL,,Tanga,Korogwe,,
MPALE PRIMARY SCHOOL,,Tanga,Korogwe,,
MRUAZI PRIMARY SCHOOL,,Tanga,Korogwe,,
MSWAHA PRIMARY SCHOOL,,Tanga,Korogwe,,
MWENGA PRIMARY SCHOOL,,Tanga,Korogwe,,
NANYOGIE PRIMARY SCHOOL,,Tanga,Korogwe,,
NGOMENI PRIMARY SCHOOL,,Tanga,Korogwe,,
NTALAWANDA PRIMARY SCHOOL,,Tanga,Korogwe,,
SEKIOGA PRIMARY SCHOOL,,Tanga,Korogwe,,
TABORA PRIMARY SCHOOL,,Tanga,Korogwe,,
TORONTO PRIMARY SCHOOL,,Tanga,Korogwe,,
UNYANYEMBE PRIMARY SCHOOL,,Tanga,Korogwe,,
ZEGE PRIMARY SCHOOL,,Tanga,Korogwe,,
BUIKO PRIMARY SCHOOL,,Tanga,Korogwe,,
CHANGALIKWA PRIMARY SCHOOL,,Tanga,Korogwe,,
DINDIRA PRIMARY SCHOOL,,Tanga,Korogwe,,
FUNE PRIMARY SCHOOL,,Tanga,Korogwe,,
GOHA PRIMARY SCHOOL,,Tanga,Korogwe,,
HALE PRIMARY SCHOOL,,Tanga,Korogwe,,
KALALANI PRIMARY SCHOOL,,Tanga,Korogwe,,
KERENGE PRIMARY SCHOOL,,Tanga,Korogwe,,
KIETI PRIMARY SCHOOL,,Tanga,Korogwe,,
KIJUNGUMOTO PRIMARY SCHOOL,,Tanga,Korogwe,,
KITIVO PRIMARY SCHOOL,,Tanga,Korogwe,,
KWAKIBOMI PRIMARY SCHOOL,,Tanga,Korogwe,,
KWAMZINDAWA PRIMARY SCHOOL,,Tanga,Korogwe,,
KWATA PRIMARY SCHOOL,,Tanga,Korogwe,,
KWEMANOLO PRIMARY SCHOOL,,Tanga,Korogwe,,
KWEMEMO PRIMARY SCHOOL,,Tanga,Korogwe,,
KWETONGE PRIMARY SCHOOL,,Tanga,Korogwe,,
LUSANGA PRIMARY SCHOOL,,Tanga,Korogwe,,
MABOGO PRIMARY SCHOOL,,Tanga,Korogwe,,
MAGUNGA MTEMI PRIMARY SCHOOL,,Tanga,Korogwe,,
MAKAYO PRIMARY SCHOOL,,Tanga,Korogwe,,
MAKOLE PRIMARY SCHOOL,,Tanga,Korogwe,,
MANJAMA PRIMARY SCHOOL,,Tanga,Korogwe,,
MASHEWA PRIMARY SCHOOL,,Tanga,Korogwe,,
MAZINDE BAGAMOYO PRIMARY SCHOOL,,Tanga,Korogwe,,
MAZINDE NGUA PRIMARY SCHOOL,,Tanga,Korogwe,,
MBOGOIYOLA PRIMARY SCHOOL,,Tanga,Korogwe,,
MGOBE PRIMARY SCHOOL,,Tanga,Korogwe,,
MKAMENI PRIMARY SCHOOL,,Tanga,Korogwe,,
MLALO PRIMARY SCHOOL,,Tanga,Korogwe,,
MOMBO PRIMARY SCHOOL,,Tanga,Korogwe,,
MPASILASI PRIMARY SCHOOL,,Tanga,Korogwe,,
MTONI BOMBO PRIMARY SCHOOL,,Tanga,Korogwe,,
MWISHO WA SHAMBA PRIMARY SCHOOL,,Tanga,Korogwe,,
NEW AMBANGULU PRIMARY SCHOOL,,Tanga,Korogwe,,
OLD AMBANGULU PRIMARY SCHOOL,,Tanga,Korogwe,,
SHARAKA PRIMARY SCHOOL,,Tanga,Korogwe,,
UBIRI PRIMARY SCHOOL,,Tanga,Korogwe,,
VINGO PRIMARY SCHOOL,,Tanga,Korogwe,,
ANTAKAYE PRIMARY SCHOOL,,Tanga,Korogwe Tc,,
GOOD FOUNDATION PRIMARY SCHOOL,,Tanga,Korogwe Tc,,
KILOLE PRIMARY SCHOOL,,Tanga,Korogwe Tc,,
KWAMDULU PRIMARY SCHOOL,,Tanga,Korogwe Tc,,
KWAZOMOLO PRIMARY SCHOOL,,Tanga,Korogwe Tc,,
LWENGERA DARAJANI PRIMARY SCHOOL,,Tanga,Korogwe Tc,,
MBEZA MAZOEZI PRIMARY SCHOOL,,Tanga,Korogwe Tc,,
MSAMBIAZI PRIMARY SCHOOL,,Tanga,Korogwe Tc,,
NEW KOROGWE PRIMARY SCHOOL,,Tanga,Korogwe Tc,,
WINNERS ENG MED PRIMARY SCHOOL,,Tanga,Korogwe Tc,,
BAGAMOYO PRIMARY SCHOOL,,Tanga,Korogwe Tc,,
HILLS VIEW PRIMARY SCHOOL,,Tanga,Korogwe Tc,,
KWAMKOLE PRIMARY SCHOOL,,Tanga,Korogwe Tc,,
KWEMASIMBA PRIMARY SCHOOL,,Tanga,Korogwe Tc,,
MAGUNGA PRIMARY SCHOOL,,Tanga,Korogwe Tc,,
MANUNDU PRIMARY SCHOOL,,Tanga,Korogwe Tc,,
OLD KOROGWE PRIMARY SCHOOL,,Tanga,Korogwe Tc,,
ZUNG'NAT PRIMARY SCHOOL,,Tanga,Korogwe Tc,,
KWAKOMBO PRIMARY SCHOOL,,Tanga,Korogwe Tc,,
KWAMNDOLWA PRIMARY SCHOOL,,Tanga,Korogwe Tc,,
KWASEMANGUBE PRIMARY SCHOOL,,Tanga,Korogwe Tc,,
LILAC PRIMARY SCHOOL,,Tanga,Korogwe Tc,,
MAHENGE PRIMARY SCHOOL,,Tanga,Korogwe Tc,,
MATONDORO PRIMARY SCHOOL,,Tanga,Korogwe Tc,,
MUZDALIFAH PRIMARY SCHOOL,,Tanga,Korogwe Tc,,
SILABU PRIMARY SCHOOL,,Tanga,Korogwe Tc,,
BOMBO PRIMARY SCHOOL,,Tanga,Lushoto,,
CHAUMBA PRIMARY SCHOOL,,Tanga,Lushoto,,
DULE JUU PRIMARY SCHOOL,,Tanga,Lushoto,,
FUIZAI PRIMARY SCHOOL,,Tanga,Lushoto,,
GARE PRIMARY SCHOOL,,Tanga,Lushoto,,
HAMBOYO PRIMARY SCHOOL,,Tanga,Lushoto,,
HEMKEYU PRIMARY SCHOOL,,Tanga,Lushoto,,
IKOI PRIMARY SCHOOL,,Tanga,Lushoto,,
KAGAMBE PRIMARY SCHOOL,,Tanga,Lushoto,,
KALUSIRU PRIMARY SCHOOL,,Tanga,Lushoto,,
KIFULIO PRIMARY SCHOOL,,Tanga,Lushoto,,
KILANGWI PRIMARY SCHOOL,,Tanga,Lushoto,,
KINKO PRIMARY SCHOOL,,Tanga,Lushoto,,
KWAI PRIMARY SCHOOL,,Tanga,Lushoto,,
KWEDAU PRIMARY SCHOOL,,Tanga,Lushoto,,
KWEKANDA PRIMARY SCHOOL,,Tanga,Lushoto,,
KWEKIFINYU PRIMARY SCHOOL,,Tanga,Lushoto,,
KWEMARAMBA PRIMARY SCHOOL,,Tanga,Lushoto,,
KWEMSHAZI PRIMARY SCHOOL,,Tanga,Lushoto,,
KWESHINDO PRIMARY SCHOOL,,Tanga,Lushoto,,
KWEZIGHA PRIMARY SCHOOL,,Tanga,Lushoto,,
LUKOZI PRIMARY SCHOOL,,Tanga,Lushoto,,
LWANDAI PRIMARY SCHOOL,,Tanga,Lushoto,,
MAITO PRIMARY SCHOOL,,Tanga,Lushoto,,
MALIBWI PRIMARY SCHOOL,,Tanga,Lushoto,,
MALINDI JUU PRIMARY SCHOOL,,Tanga,Lushoto,,
MAMBO PRIMARY SCHOOL,,Tanga,Lushoto,,
MASEREKA PRIMARY SCHOOL,,Tanga,Lushoto,,
MAVUMO PRIMARY SCHOOL,,Tanga,Lushoto,,
MAZUMBAI PRIMARY SCHOOL,,Tanga,Lushoto,,
MBELEI PRIMARY SCHOOL,,Tanga,Lushoto,,
MBULA PRIMARY SCHOOL,,Tanga,Lushoto,,
MHELO PRIMARY SCHOOL,,Tanga,Lushoto,,
MIEGEO PRIMARY SCHOOL,,Tanga,Lushoto,,
MKULUMUZI PRIMARY SCHOOL,,Tanga,Lushoto,,
MKUNKI 'B' PRIMARY SCHOOL,,Tanga,Lushoto,,
MLOLA PRIMARY SCHOOL,,Tanga,Lushoto,,
MNYANDEGE PRIMARY SCHOOL,,Tanga,Lushoto,,
MPUNGI PRIMARY SCHOOL,,Tanga,Lushoto,,
MTAE PRIMARY SCHOOL,,Tanga,Lushoto,,
MUADH BIN JABAL PRIMARY SCHOOL,,Tanga,Lushoto,,
MZIMKUU PRIMARY SCHOOL,,Tanga,Lushoto,,
NDABWA PRIMARY SCHOOL,,Tanga,Lushoto,,
NGULWI PRIMARY SCHOOL,,Tanga,Lushoto,,
NKELEI PRIMARY SCHOOL,,Tanga,Lushoto,,
NKUNDEI PRIMARY SCHOOL,,Tanga,Lushoto,,
SHUKILAI PRIMARY SCHOOL,,Tanga,Lushoto,,
ST - BENEDICT PRIMARY SCHOOL,,Tanga,Lushoto,,
TEMA PRIMARY SCHOOL,,Tanga,Lushoto,,
UNGO PRIMARY SCHOOL,,Tanga,Lushoto,,
YOGHOI PRIMARY SCHOOL,,Tanga,Lushoto,,
ZIMBIRI PRIMARY SCHOOL,,Tanga,Lushoto,,
BOSHA PRIMARY SCHOOL,,Tanga,Lushoto,,
CHUMBAGENI PRIMARY SCHOOL,,Tanga,Lushoto,,
DULE PRIMARY SCHOOL,,Tanga,Lushoto,,
FUTII PRIMARY SCHOOL,,Tanga,Lushoto,,
GOLOGOLO PRIMARY SCHOOL,,Tanga,Lushoto,,
HANDEI PRIMARY SCHOOL,,Tanga,Lushoto,,
HEMTOYE PRIMARY SCHOOL,,Tanga,Lushoto,,
IRENTE PRIMARY SCHOOL,,Tanga,Lushoto,,
KALUMELE PRIMARY SCHOOL,,Tanga,Lushoto,,
KAMNAVU PRIMARY SCHOOL,,Tanga,Lushoto,,
KIGULUNDE 'N' PRIMARY SCHOOL,,Tanga,Lushoto,,
KISHANGAZI PRIMARY SCHOOL,,Tanga,Lushoto,,
KIVINGO PRIMARY SCHOOL,,Tanga,Lushoto,,
KONGEI PRIMARY SCHOOL,,Tanga,Lushoto,,
KWEBALASA PRIMARY SCHOOL,,Tanga,Lushoto,,
KWEDEGHE PRIMARY SCHOOL,,Tanga,Lushoto,,
KWEKANGA PRIMARY SCHOOL,,Tanga,Lushoto,,
KWEMAKAME PRIMARY SCHOOL,,Tanga,Lushoto,,
KWEMASHAI 'U' PRIMARY SCHOOL,,Tanga,Lushoto,,
KWEMSHWA PRIMARY SCHOOL,,Tanga,Lushoto,,
KWESIMU PRIMARY SCHOOL,,Tanga,Lushoto,,
KWEZINGA PRIMARY SCHOOL,,Tanga,Lushoto,,
LUNGUZA PRIMARY SCHOOL,,Tanga,Lushoto,,
MABUGHAI PRIMARY SCHOOL,,Tanga,Lushoto,,
MAJULAI PRIMARY SCHOOL,,Tanga,Lushoto,,
MALINDI 'B' PRIMARY SCHOOL,,Tanga,Lushoto,,
MANGIKA PRIMARY SCHOOL,,Tanga,Lushoto,,
MATEGHO PRIMARY SCHOOL,,Tanga,Lushoto,,
MAZASHAI PRIMARY SCHOOL,,Tanga,Lushoto,,
MBARAMO PRIMARY SCHOOL,,Tanga,Lushoto,,
MBWEI PRIMARY SCHOOL,,Tanga,Lushoto,,
MILUNGUI PRIMARY SCHOOL,,Tanga,Lushoto,,
MKUNDI MBARU PRIMARY SCHOOL,,Tanga,Lushoto,,
MKUNKI PRIMARY SCHOOL,,Tanga,Lushoto,,
MLESA PRIMARY SCHOOL,,Tanga,Lushoto,,
MOA PRIMARY SCHOOL,,Tanga,Lushoto,,
MSHANGAI PRIMARY SCHOOL,,Tanga,Lushoto,,
MWANGOI PRIMARY SCHOOL,,Tanga,Lushoto,,
MZIRAGEMBEI PRIMARY SCHOOL,,Tanga,Lushoto,,
NDEME PRIMARY SCHOOL,,Tanga,Lushoto,,
NGWELO PRIMARY SCHOOL,,Tanga,Lushoto,,
NKOMBO PRIMARY SCHOOL,,Tanga,Lushoto,,
RANGWI PRIMARY SCHOOL,,Tanga,Lushoto,,
SHUME PRIMARY SCHOOL,,Tanga,Lushoto,,
ST - CATHERINE PRIMARY SCHOOL,,Tanga,Lushoto,,
USAMBARA PRIMARY SCHOOL,,Tanga,Lushoto,,
ZAIZO PRIMARY SCHOOL,,Tanga,Lushoto,,
CHAMBOGHO PRIMARY SCHOOL,,Tanga,Lushoto,,
FUFUI PRIMARY SCHOOL,,Tanga,Lushoto,,
GARE 'B' PRIMARY SCHOOL,,Tanga,Lushoto,,
HAMBALAWEI PRIMARY SCHOOL,,Tanga,Lushoto,,
HANDEI U PRIMARY SCHOOL,,Tanga,Lushoto,,
HONDELO PRIMARY SCHOOL,,Tanga,Lushoto,,
JUWWALU ISLAMIC PRIMARY SCHOOL,,Tanga,Lushoto,,
KALUSESE PRIMARY SCHOOL,,Tanga,Lushoto,,
KIBOMBOI PRIMARY SCHOOL,,Tanga,Lushoto,,
KIKUMBI PRIMARY SCHOOL,,Tanga,Lushoto,,
KINGUGHWI PRIMARY SCHOOL,,Tanga,Lushoto,,
KIRETI PRIMARY SCHOOL,,Tanga,Lushoto,,
KISHIMAI PRIMARY SCHOOL,,Tanga,Lushoto,,
KWABOLI PRIMARY SCHOOL,,Tanga,Lushoto,,
KWEBOMA PRIMARY SCHOOL,,Tanga,Lushoto,,
KWEFIVI PRIMARY SCHOOL,,Tanga,Lushoto,,
KWEKANGAGA PRIMARY SCHOOL,,Tanga,Lushoto,,
KWEMBAGO PRIMARY SCHOOL,,Tanga,Lushoto,,
KWEMTINDI PRIMARY SCHOOL,,Tanga,Lushoto,,
KWETONGO PRIMARY SCHOOL,,Tanga,Lushoto,,
LANG'ATANDOIYE PRIMARY SCHOOL,,Tanga,Lushoto,,
LOKOME PRIMARY SCHOOL,,Tanga,Lushoto,,
LUSHOTO PRIMARY SCHOOL,,Tanga,Lushoto,,
MAKANKA PRIMARY SCHOOL,,Tanga,Lushoto,,
MAKOSE PRIMARY SCHOOL,,Tanga,Lushoto,,
MALINDI HILLS PRIMARY SCHOOL,,Tanga,Lushoto,,
MAMBO 'B' PRIMARY SCHOOL,,Tanga,Lushoto,,
MAVULUI PRIMARY SCHOOL,,Tanga,Lushoto,,
MAZINDE PRIMARY SCHOOL,,Tanga,Lushoto,,
MBARU PRIMARY SCHOOL,,Tanga,Lushoto,,
MBULA 'B' PRIMARY SCHOOL,,Tanga,Lushoto,,
MGHAMBO PRIMARY SCHOOL,,Tanga,Lushoto,,
MHINDULO PRIMARY SCHOOL,,Tanga,Lushoto,,
MIZAI PRIMARY SCHOOL,,Tanga,Lushoto,,
MKUNDI PRIMARY SCHOOL,,Tanga,Lushoto,,
MKUZI PRIMARY SCHOOL,,Tanga,Lushoto,,
MLIFU PRIMARY SCHOOL,,Tanga,Lushoto,,
MNG'ARO PRIMARY SCHOOL,,Tanga,Lushoto,,
MPANGA PRIMARY SCHOOL,,Tanga,Lushoto,,
MSHIZII PRIMARY SCHOOL,,Tanga,Lushoto,,
MTINDILI PRIMARY SCHOOL,,Tanga,Lushoto,,
MWENDALA PRIMARY SCHOOL,,Tanga,Lushoto,,
MZIZIMA PRIMARY SCHOOL,,Tanga,Lushoto,,
NKALOI PRIMARY SCHOOL,,Tanga,Lushoto,,
NKUKAI PRIMARY SCHOOL,,Tanga,Lushoto,,
NYANKEI PRIMARY SCHOOL,,Tanga,Lushoto,,
ROSMINI PRIMARY SCHOOL,,Tanga,Lushoto,,
SHWAGHOI PRIMARY SCHOOL,,Tanga,Lushoto,,
SUNGA PRIMARY SCHOOL,,Tanga,Lushoto,,
WANGWI PRIMARY SCHOOL,,Tanga,Lushoto,,
ZIGHA PRIMARY SCHOOL,,Tanga,Lushoto,,
BAMBA ESTATE PRIMARY SCHOOL,,Tanga,Mkinga,,
BAWA PRIMARY SCHOOL,,Tanga,Mkinga,,
DALUNI PRIMARY SCHOOL,,Tanga,Mkinga,,
DUGA PRIMARY SCHOOL,,Tanga,Mkinga,,
HEMSAMBIA PRIMARY SCHOOL,,Tanga,Mkinga,,
JIRIHINI PRIMARY SCHOOL,,Tanga,Mkinga,,
KIBAGO PRIMARY SCHOOL,,Tanga,Mkinga,,
KICHALIKANI PRIMARY SCHOOL,,Tanga,Mkinga,,
KIGONGOI PRIMARY SCHOOL,,Tanga,Mkinga,,
KIUMBO PRIMARY SCHOOL,,Tanga,Mkinga,,
KWAMTILI PRIMARY SCHOOL,,Tanga,Mkinga,,
LUGONGO PRIMARY SCHOOL,,Tanga,Mkinga,,
MAFORONI PRIMARY SCHOOL,,Tanga,Mkinga,,
MAHANDAKINI PRIMARY SCHOOL,,Tanga,Mkinga,,
MAPATANO PRIMARY SCHOOL,,Tanga,Mkinga,,
MARAMBA JKT PRIMARY SCHOOL,,Tanga,Mkinga,,
MAYOMBONI PRIMARY SCHOOL,,Tanga,Mkinga,,
MBUTA PRIMARY SCHOOL,,Tanga,Mkinga,,
MJESANI PRIMARY SCHOOL,,Tanga,Mkinga,,
MKUNGUMIZE PRIMARY SCHOOL,,Tanga,Mkinga,,
MTILI PRIMARY SCHOOL,,Tanga,Mkinga,,
MWAKIJEMBE PRIMARY SCHOOL,,Tanga,Mkinga,,
MWANTUMU MAHIZA PRIMARY SCHOOL,,Tanga,Mkinga,,
NG'OMBENI PRIMARY SCHOOL,,Tanga,Mkinga,,
SOKONOI PRIMARY SCHOOL,,Tanga,Mkinga,,
VUMBU PRIMARY SCHOOL,,Tanga,Mkinga,,
VYERU PRIMARY SCHOOL,,Tanga,Mkinga,,
BAMBA MHINDURO PRIMARY SCHOOL,,Tanga,Mkinga,,
BWITI PRIMARY SCHOOL,,Tanga,Mkinga,,
DIMA PRIMARY SCHOOL,,Tanga,Mkinga,,
HOROHORO PRIMARY SCHOOL,,Tanga,Mkinga,,
KASERA PRIMARY SCHOOL,,Tanga,Mkinga,,
KIBEWANI PRIMARY SCHOOL,,Tanga,Mkinga,,
KILULU DUGA PRIMARY SCHOOL,,Tanga,Mkinga,,
KUZE PRIMARY SCHOOL,,Tanga,Mkinga,,
MACHIMBONI PRIMARY SCHOOL,,Tanga,Mkinga,,
MAGATI PRIMARY SCHOOL,,Tanga,Mkinga,,
MAMBOLEO PRIMARY SCHOOL,,Tanga,Mkinga,,
MARAMBA 'A' PRIMARY SCHOOL,,Tanga,Mkinga,,
MAZOLA KILIFI PRIMARY SCHOOL,,Tanga,Mkinga,,
MKAMBANI PRIMARY SCHOOL,,Tanga,Mkinga,,
MTIMBWANI PRIMARY SCHOOL,,Tanga,Mkinga,,
MTUNDANI PRIMARY SCHOOL,,Tanga,Mkinga,,
MWAKIKONGE PRIMARY SCHOOL,,Tanga,Mkinga,,
MWANYUMBA PRIMARY SCHOOL,,Tanga,Mkinga,,
NIKANYEVI PRIMARY SCHOOL,,Tanga,Mkinga,,
TAWALANI PRIMARY SCHOOL,,Tanga,Mkinga,,
VUNDE PRIMARY SCHOOL,,Tanga,Mkinga,,
ZINGIBARI PRIMARY SCHOOL,,Tanga,Mkinga,,
BAMBA MWARONGO PRIMARY SCHOOL,,Tanga,Mkinga,,
BOMBO MBUYUNI PRIMARY SCHOOL,,Tanga,Mkinga,,
CHURWA PRIMARY SCHOOL,,Tanga,Mkinga,,
DR. SAMIA SULUHU HASSAN PRIMARY SCHOOL,,Tanga,Mkinga,,
GONJA SEGOMA PRIMARY SCHOOL,,Tanga,Mkinga,,
JASINI PRIMARY SCHOOL,,Tanga,Mkinga,,
KIBIBONI DODA PRIMARY SCHOOL,,Tanga,Mkinga,,
KIDUNDUI PRIMARY SCHOOL,,Tanga,Mkinga,,
KIMBERLY PRIMARY SCHOOL,,Tanga,Mkinga,,
KWALE KIZINGANI PRIMARY SCHOOL,,Tanga,Mkinga,,
LIGHTHOUSE PRIMARY SCHOOL,,Tanga,Mkinga,,
MAFORONI B PRIMARY SCHOOL,,Tanga,Mkinga,,
MAGODI PRIMARY SCHOOL,,Tanga,Mkinga,,
MANZA PRIMARY SCHOOL,,Tanga,Mkinga,,
MARAMBA 'B' PRIMARY SCHOOL,,Tanga,Mkinga,,
MAVOVO PRIMARY SCHOOL,,Tanga,Mkinga,,
MAZOLA PRIMARY SCHOOL,,Tanga,Mkinga,,
MHINDURO PRIMARY SCHOOL,,Tanga,Mkinga,,
MKINGA PRIMARY SCHOOL,,Tanga,Mkinga,,
MTAPWA PRIMARY SCHOOL,,Tanga,Mkinga,,
MTIMULE PRIMARY SCHOOL,,Tanga,Mkinga,,
MUZI PRIMARY SCHOOL,,Tanga,Mkinga,,
MWAKIKOYA PRIMARY SCHOOL,,Tanga,Mkinga,,
MZINGI PRIMARY SCHOOL,,Tanga,Mkinga,,
PERANI PRIMARY SCHOOL,,Tanga,Mkinga,,
VUO PRIMARY SCHOOL,,Tanga,Mkinga,,
BARABARANI PRIMARY SCHOOL,,Tanga,Muheza,,
BWEMBWERA PRIMARY SCHOOL,,Tanga,Muheza,,
HOLY FAMILY PRIMARY SCHOOL,,Tanga,Muheza,,
KAMBAI PRIMARY SCHOOL,,Tanga,Muheza,,
KIBARANGA PRIMARY SCHOOL,,Tanga,Muheza,,
KIGOMBE PRIMARY SCHOOL,,Tanga,Muheza,,
KWABUTU PRIMARY SCHOOL,,Tanga,Muheza,,
KWAKIFUA PRIMARY SCHOOL,,Tanga,Muheza,,
KWAZENETH PRIMARY SCHOOL,,Tanga,Muheza,,
KWEMSALA PRIMARY SCHOOL,,Tanga,Muheza,,
MAFLETA PRIMARY SCHOOL,,Tanga,Muheza,,
MAGULA PRIMARY SCHOOL,,Tanga,Muheza,,
MANYONI PRIMARY SCHOOL,,Tanga,Muheza,,
MAR-WAH ISLAMIC PRIMARY SCHOOL,,Tanga,Muheza,,
MATOMBO PRIMARY SCHOOL,,Tanga,Muheza,,
MBOMOLE PRIMARY SCHOOL,,Tanga,Muheza,,
MGAMBO MAGOROTO PRIMARY SCHOOL,,Tanga,Muheza,,
MHAMBA PRIMARY SCHOOL,,Tanga,Muheza,,
MINDU PRIMARY SCHOOL,,Tanga,Muheza,,
MISOZWE PRIMARY SCHOOL,,Tanga,Muheza,,
MKUMBI PRIMARY SCHOOL,,Tanga,Muheza,,
MLINGANO PRIMARY SCHOOL,,Tanga,Muheza,,
MSASA IBC PRIMARY SCHOOL,,Tanga,Muheza,,
MTINDIRO PRIMARY SCHOOL,,Tanga,Muheza,,
MUHEZA MUSLIM PRIMARY SCHOOL,,Tanga,Muheza,,
MWARIMBA PRIMARY SCHOOL,,Tanga,Muheza,,
NGOMENI KAMBA PRIMARY SCHOOL,,Tanga,Muheza,,
POTWE MPIRANI PRIMARY SCHOOL,,Tanga,Muheza,,
SEMNGANO PRIMARY SCHOOL,,Tanga,Muheza,,
TAWHEED PRIMARY SCHOOL,,Tanga,Muheza,,
VENANCE MABEYO PRIMARY SCHOOL,,Tanga,Muheza,,
ZIRAI PRIMARY SCHOOL,,Tanga,Muheza,,
BEBERE PRIMARY SCHOOL,,Tanga,Muheza,,
BWITINI PRIMARY SCHOOL,,Tanga,Muheza,,
ENZI PRIMARY SCHOOL,,Tanga,Muheza,,
GEIGLITZ PRIMARY SCHOOL,,Tanga,Muheza,,
KAZITA PRIMARY SCHOOL,,Tanga,Muheza,,
KICHEBA PRIMARY SCHOOL,,Tanga,Muheza,,
KILONGO PRIMARY SCHOOL,,Tanga,Muheza,,
KIVINDO PRIMARY SCHOOL,,Tanga,Muheza,,
KWABADA PRIMARY SCHOOL,,Tanga,Muheza,,
KWAFUNGO PRIMARY SCHOOL,,Tanga,Muheza,,
KWALUBUYE PRIMARY SCHOOL,,Tanga,Muheza,,
KWEZITU PRIMARY SCHOOL,,Tanga,Muheza,,
MARAMBA AMANI PRIMARY SCHOOL,,Tanga,Muheza,,
MBAMBARA PRIMARY SCHOOL,,Tanga,Muheza,,
MDOTE PRIMARY SCHOOL,,Tanga,Muheza,,
MGODA PRIMARY SCHOOL,,Tanga,Muheza,,
MIANGA PRIMARY SCHOOL,,Tanga,Muheza,,
MISALAI PRIMARY SCHOOL,,Tanga,Muheza,,
MKULUI PRIMARY SCHOOL,,Tanga,Muheza,,
MLINGOTI PRIMARY SCHOOL,,Tanga,Muheza,,
MSOWELO PRIMARY SCHOOL,,Tanga,Muheza,,
MTITI PRIMARY SCHOOL,,Tanga,Muheza,,
MUHEZA PRIMARY SCHOOL,,Tanga,Muheza,,
MWEMBENI PRIMARY SCHOOL,,Tanga,Muheza,,
PANGAMLIMA PRIMARY SCHOOL,,Tanga,Muheza,,
POTWE PRIMARY SCHOOL,,Tanga,Muheza,,
SONGA KIBAONI PRIMARY SCHOOL,,Tanga,Muheza,,
TINGENI PRIMARY SCHOOL,,Tanga,Muheza,,
UBEMBE PRIMARY SCHOOL,,Tanga,Muheza,,
ZIGI PRIMARY SCHOOL,,Tanga,Muheza,,
BOMBANI PRIMARY SCHOOL,,Tanga,Muheza,,
CHOGOGWE PRIMARY SCHOOL,,Tanga,Muheza,,
FURAHA PRIMARY SCHOOL,,Tanga,Muheza,,
HEINKELE PRIMARY SCHOOL,,Tanga,Muheza,,
JIBANDENI PRIMARY SCHOOL,,Tanga,Muheza,,
KIBANDA PRIMARY SCHOOL,,Tanga,Muheza,,
KIGOMBE BAGO PRIMARY SCHOOL,,Tanga,Muheza,,
KILULU PRIMARY SCHOOL,,Tanga,Muheza,,
KIWANDA PRIMARY SCHOOL,,Tanga,Muheza,,
KWABOTA PRIMARY SCHOOL,,Tanga,Muheza,,
KWAKIBUYU PRIMARY SCHOOL,,Tanga,Muheza,,
KWEMKABALA PRIMARY SCHOOL,,Tanga,Muheza,,
MAFERE PRIMARY SCHOOL,,Tanga,Muheza,,
MAGODA PRIMARY SCHOOL,,Tanga,Muheza,,
MANGUBU PRIMARY SCHOOL,,Tanga,Muheza,,
MARVERA PRIMARY SCHOOL,,Tanga,Muheza,,
MASUGURU PRIMARY SCHOOL,,Tanga,Muheza,,
MGAMBO AMANI PRIMARY SCHOOL,,Tanga,Muheza,,
MGOME PRIMARY SCHOOL,,Tanga,Muheza,,
MIKWININI PRIMARY SCHOOL,,Tanga,Muheza,,
MISONGENI PRIMARY SCHOOL,,Tanga,Muheza,,
MKULUMILO PRIMARY SCHOOL,,Tanga,Muheza,,
MKWAJUNI PRIMARY SCHOOL,,Tanga,Muheza,,
MPAPAYU PRIMARY SCHOOL,,Tanga,Muheza,,
MUHEZA ESTATE PRIMARY SCHOOL,,Tanga,Muheza,,
MWAMBAO PRIMARY SCHOOL,,Tanga,Muheza,,
NGARANI PRIMARY SCHOOL,,Tanga,Muheza,,
NKUMBA KISIWANI PRIMARY SCHOOL,,Tanga,Muheza,,
PARAMBA PRIMARY SCHOOL,,Tanga,Muheza,,
SAKALE PRIMARY SCHOOL,,Tanga,Muheza,,
SWAFAA PRIMARY SCHOOL,,Tanga,Muheza,,
TONGWE PRIMARY SCHOOL,,Tanga,Muheza,,
UMBA PRIMARY SCHOOL,,Tanga,Muheza,,
ZION PRIMARY SCHOOL,,Tanga,Muheza,,
ALHIJRA ISLAMIC PRIMARY SCHOOL,,Tanga,Pangani,,
CHOBA PRIMARY SCHOOL,,Tanga,Pangani,,
KIGURUSIMBA PRIMARY SCHOOL,,Tanga,Pangani,,
KIMANG'A ELITE PRIMARY SCHOOL,,Tanga,Pangani,,
KIPUMBWI PWANI PRIMARY SCHOOL,,Tanga,Pangani,,
MEKA PRIMARY SCHOOL,,Tanga,Pangani,,
MIVUMONI PRIMARY SCHOOL,,Tanga,Pangani,,
MROZO PRIMARY SCHOOL,,Tanga,Pangani,,
TUNGAMAA PRIMARY SCHOOL,,Tanga,Pangani,,
BOZA PRIMARY SCHOOL,,Tanga,Pangani,,
FUNGUNI PRIMARY SCHOOL,,Tanga,Pangani,,
KIKOKWE PRIMARY SCHOOL,,Tanga,Pangani,,
KIMANG'A PRIMARY SCHOOL,,Tanga,Pangani,,
MASAIKA PRIMARY SCHOOL,,Tanga,Pangani,,
MIKINGUNI PRIMARY SCHOOL,,Tanga,Pangani,,
MTANGO PRIMARY SCHOOL,,Tanga,Pangani,,
MWERA PRIMARY SCHOOL,,Tanga,Pangani,,
SANGE PRIMARY SCHOOL,,Tanga,Pangani,,
USHONGO PRIMARY SCHOOL,,Tanga,Pangani,,
BUSHIRI PRIMARY SCHOOL,,Tanga,Pangani,,
ISTIQAAMA PANGANI PRIMARY SCHOOL,,Tanga,Pangani,,
KILIMANGWIDO PRIMARY SCHOOL,,Tanga,Pangani,,
KIPUMBWI PRIMARY SCHOOL,,Tanga,Pangani,,
MADANGA PRIMARY SCHOOL,,Tanga,Pangani,,
MBULIZAGA PRIMARY SCHOOL,,Tanga,Pangani,,
MKWAJA PRIMARY SCHOOL,,Tanga,Pangani,,
MZAMBARAUNI PRIMARY SCHOOL,,Tanga,Pangani,,
STAHABU PRIMARY SCHOOL,,Tanga,Pangani,,
ABULFADHILIL - ABBAS ISLAMIC PRIMARY SCHOOL,,Tanga,Tanga Cc,,
AMBONI PRIMARY SCHOOL,,Tanga,Tanga Cc,,
AVICENNA PRIMARY SCHOOL,,Tanga,Tanga Cc,,
CHANGA PRIMARY SCHOOL,,Tanga,Tanga Cc,,
CHUDA PRIMARY SCHOOL,,Tanga,Tanga Cc,,
GOFU-JUU PRIMARY SCHOOL,,Tanga,Tanga Cc,,
JABIR BIN ZAID PRIMARY SCHOOL,,Tanga,Tanga Cc,,
KANGE PRIMARY SCHOOL,,Tanga,Tanga Cc,,
KIGANDINI PRIMARY SCHOOL,,Tanga,Tanga Cc,,
KIRUKU PRIMARY SCHOOL,,Tanga,Tanga Cc,,
KIVULENI PRIMARY SCHOOL,,Tanga,Tanga Cc,,
KWAMKEMBE PRIMARY SCHOOL,,Tanga,Tanga Cc,,
MABAWA PRIMARY SCHOOL,,Tanga,Tanga Cc,,
MAERE PRIMARY SCHOOL,,Tanga,Tanga Cc,,
MAJANI-MAPANA PRIMARY SCHOOL,,Tanga,Tanga Cc,,
MAPAMBANO PRIMARY SCHOOL,,Tanga,Tanga Cc,,
MARTIN SHAMBA PRIMARY SCHOOL,,Tanga,Tanga Cc,,
MASIWANI PRIMARY SCHOOL,,Tanga,Tanga Cc,,
MLENI PRIMARY SCHOOL,,Tanga,Tanga Cc,,
MOUNTAIN PEAK PRIMARY SCHOOL,,Tanga,Tanga Cc,,
MSARA PRIMARY SCHOOL,,Tanga,Tanga Cc,,
MWAHAKO PRIMARY SCHOOL,,Tanga,Tanga Cc,,
MWAMBANI EBENEZER PRIMARY SCHOOL,,Tanga,Tanga Cc,,
MWANZANGE PRIMARY SCHOOL,,Tanga,Tanga Cc,,
MZINGANI PRIMARY SCHOOL,,Tanga,Tanga Cc,,
NGAMIANI-KUSINI PRIMARY SCHOOL,,Tanga,Tanga Cc,,
PUTINI PRIMARY SCHOOL,,Tanga,Tanga Cc,,
SAHARE PRIMARY SCHOOL,,Tanga,Tanga Cc,,
SIR JOHN PRIMARY SCHOOL,,Tanga,Tanga Cc,,
AFECIAH PRIMARY SCHOOL,,Tanga,Tanga Cc,,
AN-NOOR PRIMARY SCHOOL,,Tanga,Tanga Cc,,
BROOKHOUSE PRIMARY SCHOOL,,Tanga,Tanga Cc,,
CHUMA PRIMARY SCHOOL,,Tanga,Tanga Cc,,
DAYSTAR PRIMARY SCHOOL,,Tanga,Tanga Cc,,
EBEN EZER PRIMARY SCHOOL,,Tanga,Tanga Cc,,
GOLDEN CHANCE PRIMARY SCHOOL,,Tanga,Tanga Cc,,
JAJE PRIMARY SCHOOL,,Tanga,Tanga Cc,,
KANA CENTRAL PRIMARY SCHOOL,,Tanga,Tanga Cc,,
KIOMONI PRIMARY SCHOOL,,Tanga,Tanga Cc,,
KISIMATUI PRIMARY SCHOOL,,Tanga,Tanga Cc,,
KOMBEZI PRIMARY SCHOOL,,Tanga,Tanga Cc,,
KWANJEKA PRIMARY SCHOOL,,Tanga,Tanga Cc,,
MABOKWENI PRIMARY SCHOOL,,Tanga,Tanga Cc,,
MAFURIKO PRIMARY SCHOOL,,Tanga,Tanga Cc,,
MAPOJONI PRIMARY SCHOOL,,Tanga,Tanga Cc,,
MARUNGU PRIMARY SCHOOL,,Tanga,Tanga Cc,,
MIKANJUNI PRIMARY SCHOOL,,Tanga,Tanga Cc,,
MUSAB' PRIMARY SCHOOL,,Tanga,Tanga Cc,,
MWAKIDILA PRIMARY SCHOOL,,Tanga,Tanga Cc,,
MWAMBANI PRIMARY SCHOOL,,Tanga,Tanga Cc,,
MWARONGO PRIMARY SCHOOL,,Tanga,Tanga Cc,,
NAFIAA PRIMARY SCHOOL,,Tanga,Tanga Cc,,
NGUVUMALI PRIMARY SCHOOL,,Tanga,Tanga Cc,,
POPATLAL PRIMARY SCHOOL,,Tanga,Tanga Cc,,
RASKAZONE PRIMARY SCHOOL,,Tanga,Tanga Cc,,
SARUJI PRIMARY SCHOOL,,Tanga,Tanga Cc,,
TONGONI PRIMARY SCHOOL,,Tanga,Tanga Cc,,
ARAFAH PRIMARY SCHOOL,,Tanga,Tanga Cc,,
BURHANI PRIMARY SCHOOL,,Tanga,Tanga Cc,,
CHONGOLEANI PRIMARY SCHOOL,,Tanga,Tanga Cc,,
DONGE PRIMARY SCHOOL,,Tanga,Tanga Cc,,
ECKERNFORDE PRIMARY SCHOOL,,Tanga,Tanga Cc,,
INDIAN OCEAN PRIMARY SCHOOL,,Tanga,Tanga Cc,,
JAMBE PRIMARY SCHOOL,,Tanga,Tanga Cc,,
KANA PRIMARY SCHOOL,,Tanga,Tanga Cc,,
KIBAFUTA PRIMARY SCHOOL,,Tanga,Tanga Cc,,
KIRARE PRIMARY SCHOOL,,Tanga,Tanga Cc,,
KISOSORA PRIMARY SCHOOL,,Tanga,Tanga Cc,,
KWAKAEZA PRIMARY SCHOOL,,Tanga,Tanga Cc,,
MABAMBANI PRIMARY SCHOOL,,Tanga,Tanga Cc,,
MACHUI PRIMARY SCHOOL,,Tanga,Tanga Cc,,
MAGAONI PRIMARY SCHOOL,,Tanga,Tanga Cc,,
MARANZARA PRIMARY SCHOOL,,Tanga,Tanga Cc,,
MARWAH ISLAMIC PRIMARY SCHOOL,,Tanga,Tanga Cc,,
MKWAKWANI PRIMARY SCHOOL,,Tanga,Tanga Cc,,
MNYANJANI PRIMARY SCHOOL,,Tanga,Tanga Cc,,
MSAMBWENI PRIMARY SCHOOL,,Tanga,Tanga Cc,,
MUZDALFA MWAKIDILA PRIMARY SCHOOL,,Tanga,Tanga Cc,,
MWAKIZARO PRIMARY SCHOOL,,Tanga,Tanga Cc,,
MWANG'OMBE PRIMARY SCHOOL,,Tanga,Tanga Cc,,
NDAOYA PRIMARY SCHOOL,,Tanga,Tanga Cc,,
PANDE PRIMARY SCHOOL,,Tanga,Tanga Cc,,
PRINCE AND PRINCESS PRIMARY SCHOOL,,Tanga,Tanga Cc,,
RUBAWA PRIMARY SCHOOL,,Tanga,Tanga Cc,,
SHAABAN ROBERT PRIMARY SCHOOL,,Tanga,Tanga Cc,,
TRIPLE A PRIMARY SCHOOL,,Tanga,Tanga Cc,,
YUSUF MAKAMBA PRIMARY SCHOOL,,Tanga,Tanga Cc,,
BUGORO PRIMARY SCHOOL,,Mwanza,Buchosa,,
BUKILIGULU PRIMARY SCHOOL,,Mwanza,Buchosa,,
BULYAHEKE PRIMARY SCHOOL,,Mwanza,Buchosa,,
BUSEKESEKE PRIMARY SCHOOL,,Mwanza,Buchosa,,
BUSWELU PRIMARY SCHOOL,,Mwanza,Buchosa,,
CHIHUZI PRIMARY SCHOOL,,Mwanza,Buchosa,,
IGWANZOZU PRIMARY SCHOOL,,Mwanza,Buchosa,,
ILYAMCHELE PRIMARY SCHOOL,,Mwanza,Buchosa,,
ISAKA PRIMARY SCHOOL,,Mwanza,Buchosa,,
ISENYI PRIMARY SCHOOL,,Mwanza,Buchosa,,
IZINDABO PRIMARY SCHOOL,,Mwanza,Buchosa,,
KAFUNZO PRIMARY SCHOOL,,Mwanza,Buchosa,,
KAHUNDA PRIMARY SCHOOL,,Mwanza,Buchosa,,
KAMISA PRIMARY SCHOOL,,Mwanza,Buchosa,,
KASALAJI PRIMARY SCHOOL,,Mwanza,Buchosa,,
KASISA PRIMARY SCHOOL,,Mwanza,Buchosa,,
KAYENZE PRIMARY SCHOOL,,Mwanza,Buchosa,,
KIDETE PRIMARY SCHOOL,,Mwanza,Buchosa,,
LITELI PRIMARY SCHOOL,,Mwanza,Buchosa,,
LUGATA PRIMARY SCHOOL,,Mwanza,Buchosa,,
LUHORONGOMA PRIMARY SCHOOL,,Mwanza,Buchosa,,
LUSOLELO PRIMARY SCHOOL,,Mwanza,Buchosa,,
MCHELE PRIMARY SCHOOL,,Mwanza,Buchosa,,
MWAMANYILI PRIMARY SCHOOL,,Mwanza,Buchosa,,
NG'WABASABI PRIMARY SCHOOL,,Mwanza,Buchosa,,
NYAKABANGA PRIMARY SCHOOL,,Mwanza,Buchosa,,
NYAKASUNGWA PRIMARY SCHOOL,,Mwanza,Buchosa,,
NYAMBEBA PRIMARY SCHOOL,,Mwanza,Buchosa,,
NYAMKOLECHIWA PRIMARY SCHOOL,,Mwanza,Buchosa,,
NYANZENDA PRIMARY SCHOOL,,Mwanza,Buchosa,,
RWENCHENGA PRIMARY SCHOOL,,Mwanza,Buchosa,,
THE BRIDGE PRIMARY SCHOOL,,Mwanza,Buchosa,,
BILULUMO PRIMARY SCHOOL,,Mwanza,Buchosa,,
BUHAMA PRIMARY SCHOOL,,Mwanza,Buchosa,,
BUKOKWA PRIMARY SCHOOL,,Mwanza,Buchosa,,
BULYAHILU PRIMARY SCHOOL,,Mwanza,Buchosa,,
BUSENGE PRIMARY SCHOOL,,Mwanza,Buchosa,,
CHAMANYETE PRIMARY SCHOOL,,Mwanza,Buchosa,,
GLORY PRIMARY SCHOOL,,Mwanza,Buchosa,,
ILIGAMBA PRIMARY SCHOOL,,Mwanza,Buchosa,,
IRENZA PRIMARY SCHOOL,,Mwanza,Buchosa,,
ISEGENG'HE PRIMARY SCHOOL,,Mwanza,Buchosa,,
ITABAGUMBA PRIMARY SCHOOL,,Mwanza,Buchosa,,
KAGOMBA PRIMARY SCHOOL,,Mwanza,Buchosa,,
KAKOBE PRIMARY SCHOOL,,Mwanza,Buchosa,,
KANONI PRIMARY SCHOOL,,Mwanza,Buchosa,,
KASELA PRIMARY SCHOOL,,Mwanza,Buchosa,,
KATOMA PRIMARY SCHOOL,,Mwanza,Buchosa,,
KAZUNGUTE PRIMARY SCHOOL,,Mwanza,Buchosa,,
KISABA PRIMARY SCHOOL,,Mwanza,Buchosa,,
LUCHILI PRIMARY SCHOOL,,Mwanza,Buchosa,,
LUHAMA PRIMARY SCHOOL,,Mwanza,Buchosa,,
LUMEYA PRIMARY SCHOOL,,Mwanza,Buchosa,,
MAGATA PRIMARY SCHOOL,,Mwanza,Buchosa,,
MIGUKULAMA PRIMARY SCHOOL,,Mwanza,Buchosa,,
MWANGIKA PRIMARY SCHOOL,,Mwanza,Buchosa,,
NTAMA PRIMARY SCHOOL,,Mwanza,Buchosa,,
NYAKALIRO PRIMARY SCHOOL,,Mwanza,Buchosa,,
NYAMABANO PRIMARY SCHOOL,,Mwanza,Buchosa,,
NYAMIMINA PRIMARY SCHOOL,,Mwanza,Buchosa,,
NYANANGO PRIMARY SCHOOL,,Mwanza,Buchosa,,
NYASHANA PRIMARY SCHOOL,,Mwanza,Buchosa,,
SOSWA PRIMARY SCHOOL,,Mwanza,Buchosa,,
BUCHOSA PRIMARY SCHOOL,,Mwanza,Buchosa,,
BUHINDI PRIMARY SCHOOL,,Mwanza,Buchosa,,
BULOLO PRIMARY SCHOOL,,Mwanza,Buchosa,,
BUPANDWAMHELA PRIMARY SCHOOL,,Mwanza,Buchosa,,
BUSIKIMBI PRIMARY SCHOOL,,Mwanza,Buchosa,,
CHEMA PRIMARY SCHOOL,,Mwanza,Buchosa,,
HAMURUMO PRIMARY SCHOOL,,Mwanza,Buchosa,,
ILOGERO PRIMARY SCHOOL,,Mwanza,Buchosa,,
IRIBA PRIMARY SCHOOL,,Mwanza,Buchosa,,
ISENI PRIMARY SCHOOL,,Mwanza,Buchosa,,
ITULABUSIGA PRIMARY SCHOOL,,Mwanza,Buchosa,,
KABAGANGA PRIMARY SCHOOL,,Mwanza,Buchosa,,
KAGOROGORO PRIMARY SCHOOL,,Mwanza,Buchosa,,
KALEBEZO PRIMARY SCHOOL,,Mwanza,Buchosa,,
KANYALA PRIMARY SCHOOL,,Mwanza,Buchosa,,
KASHEKA PRIMARY SCHOOL,,Mwanza,Buchosa,,
KATWE PRIMARY SCHOOL,,Mwanza,Buchosa,,
KAZUNZU PRIMARY SCHOOL,,Mwanza,Buchosa,,
LAKE VICTORIA CHRISTIAN PRIMARY SCHOOL,,Mwanza,Buchosa,,
LUGASA PRIMARY SCHOOL,,Mwanza,Buchosa,,
LUHARANYONGA PRIMARY SCHOOL,,Mwanza,Buchosa,,
LUSHAMBA PRIMARY SCHOOL,,Mwanza,Buchosa,,
MAGULUKENDA PRIMARY SCHOOL,,Mwanza,Buchosa,,
MBUGANI PRIMARY SCHOOL,,Mwanza,Buchosa,,
MISUNGWI PRIMARY SCHOOL,,Mwanza,Buchosa,,
MWABASABI PRIMARY SCHOOL,,Mwanza,Buchosa,,
NFUNZI PRIMARY SCHOOL,,Mwanza,Buchosa,,
NYABUTANGA PRIMARY SCHOOL,,Mwanza,Buchosa,,
NYAKASASA PRIMARY SCHOOL,,Mwanza,Buchosa,,
NYAMADOKE PRIMARY SCHOOL,,Mwanza,Buchosa,,
NYAMISWI PRIMARY SCHOOL,,Mwanza,Buchosa,,
NYANGALAMILA PRIMARY SCHOOL,,Mwanza,Buchosa,,
NYEHUNGE PRIMARY SCHOOL,,Mwanza,Buchosa,,
SUKUMA PRIMARY SCHOOL,,Mwanza,Buchosa,,
AKIBA PRIMARY SCHOOL,,Mwanza,Ilemela Mc,,
BANG'WISE PRIMARY SCHOOL,,Mwanza,Ilemela Mc,,
BLESSING MODEL PRIMARY SCHOOL,,Mwanza,Ilemela Mc,,
BUGUNGUMUKI PRIMARY SCHOOL,,Mwanza,Ilemela Mc,,
BULOLA PRIMARY SCHOOL,,Mwanza,Ilemela Mc,,
BUTEJA PRIMARY SCHOOL,,Mwanza,Ilemela Mc,,
BUZURUGA C PRIMARY SCHOOL,,Mwanza,Ilemela Mc,,
CHASUBI PRIMARY SCHOOL,,Mwanza,Ilemela Mc,,
FAITH JUNIOR PRIMARY SCHOOL,,Mwanza,Ilemela Mc,,
GEDELI PRIMARY SCHOOL,,Mwanza,Ilemela Mc,,
GODBLESS STAR PRIMARY SCHOOL,,Mwanza,Ilemela Mc,,
GREEN VIEW PRIMARY SCHOOL,,Mwanza,Ilemela Mc,,
HEKIMA PRIMARY SCHOOL,,Mwanza,Ilemela Mc,,
IBUNGILO PRIMARY SCHOOL,,Mwanza,Ilemela Mc,,
IHALALO PRIMARY SCHOOL,,Mwanza,Ilemela Mc,,
ISANZU PRIMARY SCHOOL,,Mwanza,Ilemela Mc,,
ISENGA PRIMARY SCHOOL,,Mwanza,Ilemela Mc,,
JABAL HIRA PRIMARY SCHOOL,,Mwanza,Ilemela Mc,,
JOSPAL PRIMARY SCHOOL,,Mwanza,Ilemela Mc,,
KABUSUNGU PRIMARY SCHOOL,,Mwanza,Ilemela Mc,,
KASELYA PRIMARY SCHOOL,,Mwanza,Ilemela Mc,,
KILABELA PRIMARY SCHOOL,,Mwanza,Ilemela Mc,,
KILOLELI PRIMARY SCHOOL,,Mwanza,Ilemela Mc,,
KISEKE PRIMARY SCHOOL,,Mwanza,Ilemela Mc,,
KITANGIRI C PRIMARY SCHOOL,,Mwanza,Ilemela Mc,,
LAKE VIEW PRIMARY SCHOOL,,Mwanza,Ilemela Mc,,
LORETO PRIMARY SCHOOL,,Mwanza,Ilemela Mc,,
MAGAKA PRIMARY SCHOOL,,Mwanza,Ilemela Mc,,
MHONZE PRIMARY SCHOOL,,Mwanza,Ilemela Mc,,
MKUDI PRIMARY SCHOOL,,Mwanza,Ilemela Mc,,
MONTESSORI PRIMARY SCHOOL,,Mwanza,Ilemela Mc,,
MWANZA ISTIQAAMA PRIMARY SCHOOL,,Mwanza,Ilemela Mc,,
NDENUKA PRIMARY SCHOOL,,Mwanza,Ilemela Mc,,
NUNDU D PRIMARY SCHOOL,,Mwanza,Ilemela Mc,,
NYAKATO MENNONITE PRIMARY SCHOOL,,Mwanza,Ilemela Mc,,
NYAMANORO PRIMARY SCHOOL,,Mwanza,Ilemela Mc,,
NYAMWILEKELWA PRIMARY SCHOOL,,Mwanza,Ilemela Mc,,
PASIANSI PRIMARY SCHOOL,,Mwanza,Ilemela Mc,,
QUALITY SPRINGS PRIMARY SCHOOL,,Mwanza,Ilemela Mc,,
SAJIEUS HOPELAND PRIMARY SCHOOL,,Mwanza,Ilemela Mc,,
SAVANNA PRIMARY SCHOOL,,Mwanza,Ilemela Mc,,
ST HELLENS PRIMARY SCHOOL,,Mwanza,Ilemela Mc,,
TAWAWAMI PRIMARY SCHOOL,,Mwanza,Ilemela Mc,,
TULELE PRIMARY SCHOOL,,Mwanza,Ilemela Mc,,
BEZI PRIMARY SCHOOL,,Mwanza,Ilemela Mc,,
BUHILA PRIMARY SCHOOL,,Mwanza,Ilemela Mc,,
BUSENGA PRIMARY SCHOOL,,Mwanza,Ilemela Mc,,
BUYEGI ARCHIBISHOP MAYALA PRIMARY SCHOOL,,Mwanza,Ilemela Mc,,
BUZURUGA PRIMARY SCHOOL,,Mwanza,Ilemela Mc,,
EDEN PRIMARY SCHOOL,,Mwanza,Ilemela Mc,,
FRANKA PRIMARY SCHOOL,,Mwanza,Ilemela Mc,,
GENESIS UNIVERSAL PRIMARY SCHOOL,,Mwanza,Ilemela Mc,,
GOSHEN MODEL PRIMARY SCHOOL,,Mwanza,Ilemela Mc,,
GREENCARE PRIMARY SCHOOL,,Mwanza,Ilemela Mc,,
HOPE ROYAL PRIMARY SCHOOL,,Mwanza,Ilemela Mc,,
IGOGWE PRIMARY SCHOOL,,Mwanza,Ilemela Mc,,
ILEMELA PRIMARY SCHOOL,,Mwanza,Ilemela Mc,,
ISENGA C PRIMARY SCHOOL,,Mwanza,Ilemela Mc,,
ISESA PRIMARY SCHOOL,,Mwanza,Ilemela Mc,,
KAHAMA PRIMARY SCHOOL,,Mwanza,Ilemela Mc,,
KILIMAHEWA PRIMARY SCHOOL,,Mwanza,Ilemela Mc,,
KINGDOM HERITAGE MODEL PRIMARY SCHOOL,,Mwanza,Ilemela Mc,,
KISUNDI PRIMARY SCHOOL,,Mwanza,Ilemela Mc,,
KITANGIRI PRIMARY SCHOOL,,Mwanza,Ilemela Mc,,
LAUREATE PRIMARY SCHOOL,,Mwanza,Ilemela Mc,,
LUKOBE PRIMARY SCHOOL,,Mwanza,Ilemela Mc,,
MASEMELE PRIMARY SCHOOL,,Mwanza,Ilemela Mc,,
MIHAMA PRIMARY SCHOOL,,Mwanza,Ilemela Mc,,
MNARANI PRIMARY SCHOOL,,Mwanza,Ilemela Mc,,
NEBRIX PRIMARY SCHOOL,,Mwanza,Ilemela Mc,,
NUNDU PRIMARY SCHOOL,,Mwanza,Ilemela Mc,,
NYAMBITI PRIMARY SCHOOL,,Mwanza,Ilemela Mc,,
NYAMWILOLELWA PRIMARY SCHOOL,,Mwanza,Ilemela Mc,,
PENDO PRIMARY SCHOOL,,Mwanza,Ilemela Mc,,
RORYA PRIMARY SCHOOL,,Mwanza,Ilemela Mc,,
SAMIKE PRIMARY SCHOOL,,Mwanza,Ilemela Mc,,
SIMA PRIMARY SCHOOL,,Mwanza,Ilemela Mc,,
TABASAMU PRIMARY SCHOOL,,Mwanza,Ilemela Mc,,
TCRC FURAHA PRIMARY SCHOOL,,Mwanza,Ilemela Mc,,
ATMAN PRIMARY SCHOOL,,Mwanza,Ilemela Mc,,
BISMARCK PRIMARY SCHOOL,,Mwanza,Ilemela Mc,,
BUGOGWA PRIMARY SCHOOL,,Mwanza,Ilemela Mc,,
BUJINGWA PRIMARY SCHOOL,,Mwanza,Ilemela Mc,,
BUZURUGA D PRIMARY SCHOOL,,Mwanza,Ilemela Mc,,
BWIRU PRIMARY SCHOOL,,Mwanza,Ilemela Mc,,
EDEN VALLEY PRIMARY SCHOOL,,Mwanza,Ilemela Mc,,
GADI'S PRIMARY SCHOOL,,Mwanza,Ilemela Mc,,
GHANA PRIMARY SCHOOL,,Mwanza,Ilemela Mc,,
GREEN BELL PRIMARY SCHOOL,,Mwanza,Ilemela Mc,,
GREGORY MKUU PRIMARY SCHOOL,,Mwanza,Ilemela Mc,,
IBESHI PRIMARY SCHOOL,,Mwanza,Ilemela Mc,,
IGOMBE PRIMARY SCHOOL,,Mwanza,Ilemela Mc,,
ISENGA D PRIMARY SCHOOL,,Mwanza,Ilemela Mc,,
ISLAMIC PRIMARY SCHOOL,,Mwanza,Ilemela Mc,,
JESHINI PRIMARY SCHOOL,,Mwanza,Ilemela Mc,,
KABANGAJA PRIMARY SCHOOL,,Mwanza,Ilemela Mc,,
KARUME PRIMARY SCHOOL,,Mwanza,Ilemela Mc,,
KAYENZENDOGO PRIMARY SCHOOL,,Mwanza,Ilemela Mc,,
KIRUMBA PRIMARY SCHOOL,,Mwanza,Ilemela Mc,,
KITANGIRI B PRIMARY SCHOOL,,Mwanza,Ilemela Mc,,
KOSHUMA ACADEMY PRIMARY SCHOOL,,Mwanza,Ilemela Mc,,
LIVING WATERS PRIMARY SCHOOL,,Mwanza,Ilemela Mc,,
LUMALA PRIMARY SCHOOL,,Mwanza,Ilemela Mc,,
MERCY MONTESSORI PRIMARY SCHOOL,,Mwanza,Ilemela Mc,,
MJIMWEMA PRIMARY SCHOOL,,Mwanza,Ilemela Mc,,
MONDO PRIMARY SCHOOL,,Mwanza,Ilemela Mc,,
NARAE GLOBAL PRIMARY SCHOOL,,Mwanza,Ilemela Mc,,
NSUMBA PRIMARY SCHOOL,,Mwanza,Ilemela Mc,,
NYAFULA PRIMARY SCHOOL,,Mwanza,Ilemela Mc,,
NYAMANORO BAPTIST PRIMARY SCHOOL,,Mwanza,Ilemela Mc,,
NYAMHONGOLO PRIMARY SCHOOL,,Mwanza,Ilemela Mc,,
NYASAKA PRIMARY SCHOOL,,Mwanza,Ilemela Mc,,
PRINCETOM PRIMARY SCHOOL,,Mwanza,Ilemela Mc,,
SANGABUYE PRIMARY SCHOOL,,Mwanza,Ilemela Mc,,
TAQWA PRIMARY SCHOOL,,Mwanza,Ilemela Mc,,
THAAQIB PRIMARY SCHOOL,,Mwanza,Ilemela Mc,,
BEULA PRIMARY SCHOOL,,Mwanza,Kwimba,,
BUDUSHI PRIMARY SCHOOL,,Mwanza,Kwimba,,
BUGEMBE PRIMARY SCHOOL,,Mwanza,Kwimba,,
BULIKINDA PRIMARY SCHOOL,,Mwanza,Kwimba,,
BUPAMWA PRIMARY SCHOOL,,Mwanza,Kwimba,,
BUYOGO PRIMARY SCHOOL,,Mwanza,Kwimba,,
CHANONGU PRIMARY SCHOOL,,Mwanza,Kwimba,,
DODOMA PRIMARY SCHOOL,,Mwanza,Kwimba,,
GULUNG'WA PRIMARY SCHOOL,,Mwanza,Kwimba,,
IGAGA PRIMARY SCHOOL,,Mwanza,Kwimba,,
IGUNGUHYA PRIMARY SCHOOL,,Mwanza,Kwimba,,
ILULA PRIMARY SCHOOL,,Mwanza,Kwimba,,
IPANGA PRIMARY SCHOOL,,Mwanza,Kwimba,,
ISAGENG'HE PRIMARY SCHOOL,,Mwanza,Kwimba,,
ITEGAMATU PRIMARY SCHOOL,,Mwanza,Kwimba,,
IZIZIMBA-'B' PRIMARY SCHOOL,,Mwanza,Kwimba,,
KADASHI 'B' PRIMARY SCHOOL,,Mwanza,Kwimba,,
KASANG'WA PRIMARY SCHOOL,,Mwanza,Kwimba,,
KIJIDA PRIMARY SCHOOL,,Mwanza,Kwimba,,
KILIWI PRIMARY SCHOOL,,Mwanza,Kwimba,,
KINAMWELI PRIMARY SCHOOL,,Mwanza,Kwimba,,
KITUNGA PRIMARY SCHOOL,,Mwanza,Kwimba,,
LYOMA PRIMARY SCHOOL,,Mwanza,Kwimba,,
MALIGISU PRIMARY SCHOOL,,Mwanza,Kwimba,,
MANGULUMA PRIMARY SCHOOL,,Mwanza,Kwimba,,
MHANDE PRIMARY SCHOOL,,Mwanza,Kwimba,,
MILYUNGU PRIMARY SCHOOL,,Mwanza,Kwimba,,
MWABARATULU PRIMARY SCHOOL,,Mwanza,Kwimba,,
MWABOMBA PRIMARY SCHOOL,,Mwanza,Kwimba,,
MWAGI PRIMARY SCHOOL,,Mwanza,Kwimba,,
MWAKILYAMBITI PRIMARY SCHOOL,,Mwanza,Kwimba,,
MWALUJO PRIMARY SCHOOL,,Mwanza,Kwimba,,
MWAMAKELEMO PRIMARY SCHOOL,,Mwanza,Kwimba,,
MWAMPULU PRIMARY SCHOOL,,Mwanza,Kwimba,,
MWANG'HALANGA PRIMARY SCHOOL,,Mwanza,Kwimba,,
MWANKUBA PRIMARY SCHOOL,,Mwanza,Kwimba,,
MWASHILALAGE PRIMARY SCHOOL,,Mwanza,Kwimba,,
NDAMHI PRIMARY SCHOOL,,Mwanza,Kwimba,,
NGOGO PRIMARY SCHOOL,,Mwanza,Kwimba,,
NGUMO PRIMARY SCHOOL,,Mwanza,Kwimba,,
NG'WAMAPALALA PRIMARY SCHOOL,,Mwanza,Kwimba,,
NG'WASHIKUGA PRIMARY SCHOOL,,Mwanza,Kwimba,,
NYAMATALA PRIMARY SCHOOL,,Mwanza,Kwimba,,
NYAMIGAMBA PRIMARY SCHOOL,,Mwanza,Kwimba,,
NYANHIGA PRIMARY SCHOOL,,Mwanza,Kwimba,,
SAMILUNGA PRIMARY SCHOOL,,Mwanza,Kwimba,,
SHIGANGAMA PRIMARY SCHOOL,,Mwanza,Kwimba,,
SHILEMBO PRIMARY SCHOOL,,Mwanza,Kwimba,,
SOLWE PRIMARY SCHOOL,,Mwanza,Kwimba,,
TALAGA PRIMARY SCHOOL,,Mwanza,Kwimba,,
WELAMASONGA PRIMARY SCHOOL,,Mwanza,Kwimba,,
BUCHANG'WA PRIMARY SCHOOL,,Mwanza,Kwimba,,
BUGANDANDO PRIMARY SCHOOL,,Mwanza,Kwimba,,
BUMYENGEJA PRIMARY SCHOOL,,Mwanza,Kwimba,,
BUSHINI PRIMARY SCHOOL,,Mwanza,Kwimba,,
CHAMHELA PRIMARY SCHOOL,,Mwanza,Kwimba,,
CHASALAWI PRIMARY SCHOOL,,Mwanza,Kwimba,,
GATULI PRIMARY SCHOOL,,Mwanza,Kwimba,,
HILLU PRIMARY SCHOOL,,Mwanza,Kwimba,,
IBINDO PRIMARY SCHOOL,,Mwanza,Kwimba,,
IGOMA PRIMARY SCHOOL,,Mwanza,Kwimba,,
IKUNDA PRIMARY SCHOOL,,Mwanza,Kwimba,,
ILUMBA PRIMARY SCHOOL,,Mwanza,Kwimba,,
ISABILO PRIMARY SCHOOL,,Mwanza,Kwimba,,
ISENGWA PRIMARY SCHOOL,,Mwanza,Kwimba,,
IZIZIMBA 'C' PRIMARY SCHOOL,,Mwanza,Kwimba,,
JOJIRO PRIMARY SCHOOL,,Mwanza,Kwimba,,
KADASHI PRIMARY SCHOOL,,Mwanza,Kwimba,,
KAWEKAMO PRIMARY SCHOOL,,Mwanza,Kwimba,,
KIKUBIJI PRIMARY SCHOOL,,Mwanza,Kwimba,,
KILYABOYA PRIMARY SCHOOL,,Mwanza,Kwimba,,
KINOJA PRIMARY SCHOOL,,Mwanza,Kwimba,,
LIGEMBE PRIMARY SCHOOL,,Mwanza,Kwimba,,
MAHIGA PRIMARY SCHOOL,,Mwanza,Kwimba,,
MALYA PRIMARY SCHOOL,,Mwanza,Kwimba,,
MANTARE PRIMARY SCHOOL,,Mwanza,Kwimba,,
MHULULA PRIMARY SCHOOL,,Mwanza,Kwimba,,
MITA PRIMARY SCHOOL,,Mwanza,Kwimba,,
MWABAYANDA PRIMARY SCHOOL,,Mwanza,Kwimba,,
MWABUCHUMA PRIMARY SCHOOL,,Mwanza,Kwimba,,
MWAGING'HI PRIMARY SCHOOL,,Mwanza,Kwimba,,
MWAKUBILINGA PRIMARY SCHOOL,,Mwanza,Kwimba,,
MWALULYEHO PRIMARY SCHOOL,,Mwanza,Kwimba,,
MWAMASHIMBA PRIMARY SCHOOL,,Mwanza,Kwimba,,
MWANDU PRIMARY SCHOOL,,Mwanza,Kwimba,,
MWANKULWE PRIMARY SCHOOL,,Mwanza,Kwimba,,
MWITAMBU PRIMARY SCHOOL,,Mwanza,Kwimba,,
NG'HULIKU PRIMARY SCHOOL,,Mwanza,Kwimba,,
NGUBALU PRIMARY SCHOOL,,Mwanza,Kwimba,,
NG'WAKILIMA PRIMARY SCHOOL,,Mwanza,Kwimba,,
NG'WAMBISU PRIMARY SCHOOL,,Mwanza,Kwimba,,
NKALALO PRIMARY SCHOOL,,Mwanza,Kwimba,,
NYAMIKOMA PRIMARY SCHOOL,,Mwanza,Kwimba,,
NYANG'HINGI PRIMARY SCHOOL,,Mwanza,Kwimba,,
SANGA PRIMARY SCHOOL,,Mwanza,Kwimba,,
SHIGUMHULO PRIMARY SCHOOL,,Mwanza,Kwimba,,
SHILIMA PRIMARY SCHOOL,,Mwanza,Kwimba,,
SUMAHA PRIMARY SCHOOL,,Mwanza,Kwimba,,
WALLA PRIMARY SCHOOL,,Mwanza,Kwimba,,
BUDULA PRIMARY SCHOOL,,Mwanza,Kwimba,,
BUGANDO PRIMARY SCHOOL,,Mwanza,Kwimba,,
BUKALA PRIMARY SCHOOL,,Mwanza,Kwimba,,
BUNGULWA PRIMARY SCHOOL,,Mwanza,Kwimba,,
BUSULE PRIMARY SCHOOL,,Mwanza,Kwimba,,
CHAMVA PRIMARY SCHOOL,,Mwanza,Kwimba,,
CHIBUJI PRIMARY SCHOOL,,Mwanza,Kwimba,,
GOLOMA PRIMARY SCHOOL,,Mwanza,Kwimba,,
HUNGUMALWA PRIMARY SCHOOL,,Mwanza,Kwimba,,
ICHEJA PRIMARY SCHOOL,,Mwanza,Kwimba,,
IGUMANGOBO PRIMARY SCHOOL,,Mwanza,Kwimba,,
ILEBELO PRIMARY SCHOOL,,Mwanza,Kwimba,,
INALA PRIMARY SCHOOL,,Mwanza,Kwimba,,
ISAGALLA PRIMARY SCHOOL,,Mwanza,Kwimba,,
ISHINGISHA PRIMARY SCHOOL,,Mwanza,Kwimba,,
IZIZIMBA-'A' PRIMARY SCHOOL,,Mwanza,Kwimba,,
KABALE PRIMARY SCHOOL,,Mwanza,Kwimba,,
KAKORA PRIMARY SCHOOL,,Mwanza,Kwimba,,
KIBITILWA PRIMARY SCHOOL,,Mwanza,Kwimba,,
KILIGU PRIMARY SCHOOL,,Mwanza,Kwimba,,
KIMIZA PRIMARY SCHOOL,,Mwanza,Kwimba,,
KISHILI PRIMARY SCHOOL,,Mwanza,Kwimba,,
LUHALA PRIMARY SCHOOL,,Mwanza,Kwimba,,
MALEMVE PRIMARY SCHOOL,,Mwanza,Kwimba,,
MANAWA PRIMARY SCHOOL,,Mwanza,Kwimba,,
MHALO PRIMARY SCHOOL,,Mwanza,Kwimba,,
MHULYA PRIMARY SCHOOL,,Mwanza,Kwimba,,
MWABAGOLE PRIMARY SCHOOL,,Mwanza,Kwimba,,
MWABILANDA PRIMARY SCHOOL,,Mwanza,Kwimba,,
MWADUBI PRIMARY SCHOOL,,Mwanza,Kwimba,,
MWAKALUTO PRIMARY SCHOOL,,Mwanza,Kwimba,,
MWALUBUNGWE PRIMARY SCHOOL,,Mwanza,Kwimba,,
MWAMAJILA PRIMARY SCHOOL,,Mwanza,Kwimba,,
MWAMITINJE PRIMARY SCHOOL,,Mwanza,Kwimba,,
MWANEKEYI PRIMARY SCHOOL,,Mwanza,Kwimba,,
MWASHIGI PRIMARY SCHOOL,,Mwanza,Kwimba,,
NDAGWASA PRIMARY SCHOOL,,Mwanza,Kwimba,,
NG'HUNDYA PRIMARY SCHOOL,,Mwanza,Kwimba,,
NGUDULUGULU PRIMARY SCHOOL,,Mwanza,Kwimba,,
NG'WAMAKOYE PRIMARY SCHOOL,,Mwanza,Kwimba,,
NG'WANG'HANGA PRIMARY SCHOOL,,Mwanza,Kwimba,,
NKUNGULU PRIMARY SCHOOL,,Mwanza,Kwimba,,
NYAMBUYI PRIMARY SCHOOL,,Mwanza,Kwimba,,
NYAMILAMA PRIMARY SCHOOL,,Mwanza,Kwimba,,
NYANG'HONGE PRIMARY SCHOOL,,Mwanza,Kwimba,,
RIPEN PRIMARY SCHOOL,,Mwanza,Kwimba,,
SANGU PRIMARY SCHOOL,,Mwanza,Kwimba,,
SHILANONA PRIMARY SCHOOL,,Mwanza,Kwimba,,
SHUSHI PRIMARY SCHOOL,,Mwanza,Kwimba,,
SUMVE PRIMARY SCHOOL,,Mwanza,Kwimba,,
WAYI PRIMARY SCHOOL,,Mwanza,Kwimba,,
AICT ILUNGU PRIMARY SCHOOL,,Mwanza,Magu,,
BUBINZA PRIMARY SCHOOL,,Mwanza,Magu,,
BUGATU PRIMARY SCHOOL,,Mwanza,Magu,,
BUKANDWE PRIMARY SCHOOL,,Mwanza,Magu,,
BUSEKWA PRIMARY SCHOOL,,Mwanza,Magu,,
CHIEF HANGAYA PRIMARY SCHOOL,,Mwanza,Magu,,
HIGH VISION PRIMARY SCHOOL,,Mwanza,Magu,,
IGUDIJA PRIMARY SCHOOL,,Mwanza,Magu,,
IKELEBELO PRIMARY SCHOOL,,Mwanza,Magu,,
ILUNGU PRIMARY SCHOOL,,Mwanza,Magu,,
ISANGIJO PRIMARY SCHOOL,,Mwanza,Magu,,
ITUMBILI PRIMARY SCHOOL,,Mwanza,Magu,,
JOSEPH & MARY PRIMARY SCHOOL,,Mwanza,Magu,,
KAHANGARA PRIMARY SCHOOL,,Mwanza,Magu,,
KAYENZE 'B' PRIMARY SCHOOL,,Mwanza,Magu,,
KISESA 'A' PRIMARY SCHOOL,,Mwanza,Magu,,
KITUMBA PRIMARY SCHOOL,,Mwanza,Magu,,
LUBANGO PRIMARY SCHOOL,,Mwanza,Magu,,
LUPEMBA PRIMARY SCHOOL,,Mwanza,Magu,,
MAHAHA PRIMARY SCHOOL,,Mwanza,Magu,,
MHINGO PRIMARY SCHOOL,,Mwanza,Magu,,
MUDA PRIMARY SCHOOL,,Mwanza,Magu,,
MWABULENGA PRIMARY SCHOOL,,Mwanza,Magu,,
MWAMABANZA PRIMARY SCHOOL,,Mwanza,Magu,,
MWAMIBANGA PRIMARY SCHOOL,,Mwanza,Magu,,
NGASHE PRIMARY SCHOOL,,Mwanza,Magu,,
NG'WAMAGOLI PRIMARY SCHOOL,,Mwanza,Magu,,
NHOBOLA PRIMARY SCHOOL,,Mwanza,Magu,,
NYABOLE PRIMARY SCHOOL,,Mwanza,Magu,,
NYAMBILO PRIMARY SCHOOL,,Mwanza,Magu,,
NYANGUGE PRIMARY SCHOOL,,Mwanza,Magu,,
NYASHIGWE PRIMARY SCHOOL,,Mwanza,Magu,,
RISE AND SHINE PRIMARY SCHOOL,,Mwanza,Magu,,
SALISIMA PRIMARY SCHOOL,,Mwanza,Magu,,
SEKAGI PRIMARY SCHOOL,,Mwanza,Magu,,
SHILINGWA PRIMARY SCHOOL,,Mwanza,Magu,,
SIMAKITONGO PRIMARY SCHOOL,,Mwanza,Magu,,
YICHOBELA PRIMARY SCHOOL,,Mwanza,Magu,,
ALADIS PRIMARY SCHOOL,,Mwanza,Magu,,
BUGABU PRIMARY SCHOOL,,Mwanza,Magu,,
BUHUMBI PRIMARY SCHOOL,,Mwanza,Magu,,
BUNDILYA PRIMARY SCHOOL,,Mwanza,Magu,,
CHABULA PRIMARY SCHOOL,,Mwanza,Magu,,
DANOMA PRIMARY SCHOOL,,Mwanza,Magu,,
IGEKEMAJA PRIMARY SCHOOL,,Mwanza,Magu,,
IHUSHI PRIMARY SCHOOL,,Mwanza,Magu,,
IKENGELE PRIMARY SCHOOL,,Mwanza,Magu,,
INOLELO PRIMARY SCHOOL,,Mwanza,Magu,,
JACARANDA PRIMARY SCHOOL,,Mwanza,Magu,,
KANYAMA PRIMARY SCHOOL,,Mwanza,Magu,,
KIGANGAMA PRIMARY SCHOOL,,Mwanza,Magu,,
KINANGO PRIMARY SCHOOL,,Mwanza,Magu,,
KISESA 'B' PRIMARY SCHOOL,,Mwanza,Magu,,
KONGOLO PRIMARY SCHOOL,,Mwanza,Magu,,
LUBUGU PRIMARY SCHOOL,,Mwanza,Magu,,
LUTALE PRIMARY SCHOOL,,Mwanza,Magu,,
MAKAMBA PRIMARY SCHOOL,,Mwanza,Magu,,
MATELA PRIMARY SCHOOL,,Mwanza,Magu,,
MIMBI PRIMARY SCHOOL,,Mwanza,Magu,,
MOHA PRIMARY SCHOOL,,Mwanza,Magu,,
MUKIDOMA PRIMARY SCHOOL,,Mwanza,Magu,,
MWAKUMEGA PRIMARY SCHOOL,,Mwanza,Magu,,
MWAMAKANZA PRIMARY SCHOOL,,Mwanza,Magu,,
MWASHEPI PRIMARY SCHOOL,,Mwanza,Magu,,
NG'HAYA PRIMARY SCHOOL,,Mwanza,Magu,,
NG'WANABUDO PRIMARY SCHOOL,,Mwanza,Magu,,
NOSPA PRIMARY SCHOOL,,Mwanza,Magu,,
NYALIKUNGU PRIMARY SCHOOL,,Mwanza,Magu,,
NYAMBITILWA PRIMARY SCHOOL,,Mwanza,Magu,,
NYANKONYA PRIMARY SCHOOL,,Mwanza,Magu,,
NYASHIMBA PRIMARY SCHOOL,,Mwanza,Magu,,
SAGANI PRIMARY SCHOOL,,Mwanza,Magu,,
SALONG'WE PRIMARY SCHOOL,,Mwanza,Magu,,
SESE PRIMARY SCHOOL,,Mwanza,Magu,,
SHINEMBO PRIMARY SCHOOL,,Mwanza,Magu,,
TREE OF LIFE ENG MED PRIMARY SCHOOL,,Mwanza,Magu,,
WIT ZONE PRIMARY SCHOOL,,Mwanza,Magu,,
AWASI ENG MED PRIMARY SCHOOL,,Mwanza,Magu,,
BUJORA PRIMARY SCHOOL,,Mwanza,Magu,,
BUSALANGA PRIMARY SCHOOL,,Mwanza,Magu,,
CHANDULU PRIMARY SCHOOL,,Mwanza,Magu,,
GALAMUGI PRIMARY SCHOOL,,Mwanza,Magu,,
IJINGA PRIMARY SCHOOL,,Mwanza,Magu,,
ILENDEJA PRIMARY SCHOOL,,Mwanza,Magu,,
ISANDULA PRIMARY SCHOOL,,Mwanza,Magu,,
ISOLO PRIMARY SCHOOL,,Mwanza,Magu,,
JINJIMILI PRIMARY SCHOOL,,Mwanza,Magu,,
KABILA PRIMARY SCHOOL,,Mwanza,Magu,,
KASSA CHARITYPRIMARY SCHOOL,,Mwanza,Magu,,
KIKUNDI PRIMARY SCHOOL,,Mwanza,Magu,,
KISABO PRIMARY SCHOOL,,Mwanza,Magu,,
KITONGO PRIMARY SCHOOL,,Mwanza,Magu,,
LANGI PRIMARY SCHOOL,,Mwanza,Magu,,
LUMEJI PRIMARY SCHOOL,,Mwanza,Magu,,
MAGU PRIMARY SCHOOL,,Mwanza,Magu,,
MALILIKA PRIMARY SCHOOL,,Mwanza,Magu,,
METHODIST PRIMARY SCHOOL,,Mwanza,Magu,,
MISAMBO PRIMARY SCHOOL,,Mwanza,Magu,,
MUYA PRIMARY SCHOOL,,Mwanza,Magu,,
MWALINHA PRIMARY SCHOOL,,Mwanza,Magu,,
MWAMANGA PRIMARY SCHOOL,,Mwanza,Magu,,
NENGE PRIMARY SCHOOL,,Mwanza,Magu,,
NG'HWABUYI PRIMARY SCHOOL,,Mwanza,Magu,,
NG'WATELESHA PRIMARY SCHOOL,,Mwanza,Magu,,
NSOLA PRIMARY SCHOOL,,Mwanza,Magu,,
NYAMAHANGA PRIMARY SCHOOL,,Mwanza,Magu,,
NYASATO PRIMARY SCHOOL,,Mwanza,Magu,,
NYASHOSHI PRIMARY SCHOOL,,Mwanza,Magu,,
SALAMA PRIMARY SCHOOL,,Mwanza,Magu,,
SAYAKA PRIMARY SCHOOL,,Mwanza,Magu,,
SESELE PRIMARY SCHOOL,,Mwanza,Magu,,
SHISHANI PRIMARY SCHOOL,,Mwanza,Magu,,
WITA PRIMARY SCHOOL,,Mwanza,Magu,,
BUDUTU PRIMARY SCHOOL,,Mwanza,Misungwi,,
BUGOMBA PRIMARY SCHOOL,,Mwanza,Misungwi,,
BUHUNGUKILA PRIMARY SCHOOL,,Mwanza,Misungwi,,
BULOLAMBESHI PRIMARY SCHOOL,,Mwanza,Misungwi,,
BUSEGEJA PRIMARY SCHOOL,,Mwanza,Misungwi,,
BUYEGI ARCHIBISHOP MAYALA MISUNGWI PRIMARY SCHOOL,,Mwanza,Misungwi,,
EXODUS PRIMARY SCHOOL,,Mwanza,Misungwi,,
GAMBAJIGA PRIMARY SCHOOL,,Mwanza,Misungwi,,
HEART BRIDGE PRIMARY SCHOOL,,Mwanza,Misungwi,,
IGOKELO PRIMARY SCHOOL,,Mwanza,Misungwi,,
IHELELE PRIMARY SCHOOL,,Mwanza,Misungwi,,
IKUNGUMHULU PRIMARY SCHOOL,,Mwanza,Misungwi,,
ISAKAMAWE PRIMARY SCHOOL,,Mwanza,Misungwi,,
ISUKA PRIMARY SCHOOL,,Mwanza,Misungwi,,
KAGERA PRIMARY SCHOOL,,Mwanza,Misungwi,,
KAUNDA PRIMARY SCHOOL,,Mwanza,Misungwi,,
KIGONGO PRIMARY SCHOOL,,Mwanza,Misungwi,,
KISESA PRIMARY SCHOOL,,Mwanza,Misungwi,,
LUBUGA PRIMARY SCHOOL,,Mwanza,Misungwi,,
LUTALUTALE PRIMARY SCHOOL,,Mwanza,Misungwi,,
MABUKI PRIMARY SCHOOL,,Mwanza,Misungwi,,
MAHANDO PRIMARY SCHOOL,,Mwanza,Misungwi,,
MAWEMABI PRIMARY SCHOOL,,Mwanza,Misungwi,,
MBARIKA PRIMARY SCHOOL,,Mwanza,Misungwi,,
MWABUGA PRIMARY SCHOOL,,Mwanza,Misungwi,,
MWAGILIGILI PRIMARY SCHOOL,,Mwanza,Misungwi,,
MWAJOMBO PRIMARY SCHOOL,,Mwanza,Misungwi,,
MWALWIGI PRIMARY SCHOOL,,Mwanza,Misungwi,,
MWANANGWA PRIMARY SCHOOL,,Mwanza,Misungwi,,
MWANTAMBI PRIMARY SCHOOL,,Mwanza,Misungwi,,
MWAWILE PRIMARY SCHOOL,,Mwanza,Misungwi,,
NDUHA PRIMARY SCHOOL,,Mwanza,Misungwi,,
NG'OMBE PRIMARY SCHOOL,,Mwanza,Misungwi,,
NG'WAKALIMA PRIMARY SCHOOL,,Mwanza,Misungwi,,
NG'WAMAZENGO PRIMARY SCHOOL,,Mwanza,Misungwi,,
NG'WANKALI PRIMARY SCHOOL,,Mwanza,Misungwi,,
NTENDE PRIMARY SCHOOL,,Mwanza,Misungwi,,
NYABUHELE PRIMARY SCHOOL,,Mwanza,Misungwi,,
NYAMIJUNDU PRIMARY SCHOOL,,Mwanza,Misungwi,,
RISHOR PRIMARY SCHOOL,,Mwanza,Misungwi,,
SANJO PRIMARY SCHOOL,,Mwanza,Misungwi,,
SHILABELA PRIMARY SCHOOL,,Mwanza,Misungwi,,
SPLENDID STARS PRIMARY SCHOOL,,Mwanza,Misungwi,,
SUMBUKA PRIMARY SCHOOL,,Mwanza,Misungwi,,
WANZAMISO PRIMARY SCHOOL,,Mwanza,Misungwi,,
BUGANDA PRIMARY SCHOOL,,Mwanza,Misungwi,,
BUHINGO PRIMARY SCHOOL,,Mwanza,Misungwi,,
BUNEGE PRIMARY SCHOOL,,Mwanza,Misungwi,,
BUSOLWA PRIMARY SCHOOL,,Mwanza,Misungwi,,
CHATTA PRIMARY SCHOOL,,Mwanza,Misungwi,,
FELLA PRIMARY SCHOOL,,Mwanza,Misungwi,,
GUKWA PRIMARY SCHOOL,,Mwanza,Misungwi,,
IBONGOYA PRIMARY SCHOOL,,Mwanza,Misungwi,,
IGONGWA PRIMARY SCHOOL,,Mwanza,Misungwi,,
IKOMA PRIMARY SCHOOL,,Mwanza,Misungwi,,
ILUJAMATE PRIMARY SCHOOL,,Mwanza,Misungwi,,
ISELA PRIMARY SCHOOL,,Mwanza,Misungwi,,
ITEJA PRIMARY SCHOOL,,Mwanza,Misungwi,,
KANYELELE PRIMARY SCHOOL,,Mwanza,Misungwi,,
KIBULA PRIMARY SCHOOL,,Mwanza,Misungwi,,
KIJIMA PRIMARY SCHOOL,,Mwanza,Misungwi,,
KOROMIJE PRIMARY SCHOOL,,Mwanza,Misungwi,,
LUKANGA PRIMARY SCHOOL,,Mwanza,Misungwi,,
LWASA PRIMARY SCHOOL,,Mwanza,Misungwi,,
MAMAYE PRIMARY SCHOOL,,Mwanza,Misungwi,,
MAPILINGA PRIMARY SCHOOL,,Mwanza,Misungwi,,
MAYOLWA PRIMARY SCHOOL,,Mwanza,Misungwi,,
MBELA PRIMARY SCHOOL,,Mwanza,Misungwi,,
MITINDO PRIMARY SCHOOL,,Mwanza,Misungwi,,
MWAGAGALA PRIMARY SCHOOL,,Mwanza,Misungwi,,
MWAGIMAGI PRIMARY SCHOOL,,Mwanza,Misungwi,,
MWAKITELEJA PRIMARY SCHOOL,,Mwanza,Misungwi,,
MWAMAGILI PRIMARY SCHOOL,,Mwanza,Misungwi,,
MWAMBOKU PRIMARY SCHOOL,,Mwanza,Misungwi,,
MWANENGE PRIMARY SCHOOL,,Mwanza,Misungwi,,
MWASAGELA PRIMARY SCHOOL,,Mwanza,Misungwi,,
NANGE PRIMARY SCHOOL,,Mwanza,Misungwi,,
NGELEKA PRIMARY SCHOOL,,Mwanza,Misungwi,,
NGUDAMA PRIMARY SCHOOL,,Mwanza,Misungwi,,
NG'WAKITOLYO PRIMARY SCHOOL,,Mwanza,Misungwi,,
NG'WAMBOLA PRIMARY SCHOOL,,Mwanza,Misungwi,,
NKANZIGA PRIMARY SCHOOL,,Mwanza,Misungwi,,
NTULYA PRIMARY SCHOOL,,Mwanza,Misungwi,,
NYABUSALU PRIMARY SCHOOL,,Mwanza,Misungwi,,
NYAMAYINZA PRIMARY SCHOOL,,Mwanza,Misungwi,,
NYANGAKA PRIMARY SCHOOL,,Mwanza,Misungwi,,
NYASHITANDA PRIMARY SCHOOL,,Mwanza,Misungwi,,
SALAWI PRIMARY SCHOOL,,Mwanza,Misungwi,,
SEEKE PRIMARY SCHOOL,,Mwanza,Misungwi,,
SISU PRIMARY SCHOOL,,Mwanza,Misungwi,,
ST FRANCIS PRIMARY SCHOOL,,Mwanza,Misungwi,,
UKIRIGURU PRIMARY SCHOOL,,Mwanza,Misungwi,,
WILLI PRIMARY SCHOOL,,Mwanza,Misungwi,,
BUGISHA PRIMARY SCHOOL,,Mwanza,Misungwi,,
BUHUNDA PRIMARY SCHOOL,,Mwanza,Misungwi,,
BUKUMBI PRIMARY SCHOOL,,Mwanza,Misungwi,,
BUSAGARA PRIMARY SCHOOL,,Mwanza,Misungwi,,
BUTIBUBAGE PRIMARY SCHOOL,,Mwanza,Misungwi,,
CHOLE PRIMARY SCHOOL,,Mwanza,Misungwi,,
FULLO PRIMARY SCHOOL,,Mwanza,Misungwi,,
GULUMUNGU PRIMARY SCHOOL,,Mwanza,Misungwi,,
IGENGE PRIMARY SCHOOL,,Mwanza,Misungwi,,
IGWATA PRIMARY SCHOOL,,Mwanza,Misungwi,,
IKULA PRIMARY SCHOOL,,Mwanza,Misungwi,,
INONELWA PRIMARY SCHOOL,,Mwanza,Misungwi,,
ISENENGEJA PRIMARY SCHOOL,,Mwanza,Misungwi,,
KASOLOLO PRIMARY SCHOOL,,Mwanza,Misungwi,,
KIFUNE PRIMARY SCHOOL,,Mwanza,Misungwi,,
KILIMO PRIMARY SCHOOL,,Mwanza,Misungwi,,
KWIMWA PRIMARY SCHOOL,,Mwanza,Misungwi,,
LUKELEGE PRIMARY SCHOOL,,Mwanza,Misungwi,,
MABALE PRIMARY SCHOOL,,Mwanza,Misungwi,,
MAGANZO PRIMARY SCHOOL,,Mwanza,Misungwi,,
MASAWE PRIMARY SCHOOL,,Mwanza,Misungwi,,
MBALAMA PRIMARY SCHOOL,,Mwanza,Misungwi,,
MISASI PRIMARY SCHOOL,,Mwanza,Misungwi,,
MWABEBEYA PRIMARY SCHOOL,,Mwanza,Misungwi,,
MWAGALA PRIMARY SCHOOL,,Mwanza,Misungwi,,
MWAHOLO PRIMARY SCHOOL,,Mwanza,Misungwi,,
MWALOGWABAGOLE PRIMARY SCHOOL,,Mwanza,Misungwi,,
MWAMAGUHWA PRIMARY SCHOOL,,Mwanza,Misungwi,,
MWAMHULI PRIMARY SCHOOL,,Mwanza,Misungwi,,
MWANIKO PRIMARY SCHOOL,,Mwanza,Misungwi,,
MWASUBI PRIMARY SCHOOL,,Mwanza,Misungwi,,
NDINGA PRIMARY SCHOOL,,Mwanza,Misungwi,,
NG'HAMVE PRIMARY SCHOOL,,Mwanza,Misungwi,,
NGUGE PRIMARY SCHOOL,,Mwanza,Misungwi,,
NG'WAKIYENZE PRIMARY SCHOOL,,Mwanza,Misungwi,,
NG'WANG'HANDA PRIMARY SCHOOL,,Mwanza,Misungwi,,
NKINGA PRIMARY SCHOOL,,Mwanza,Misungwi,,
NYABUGENI PRIMARY SCHOOL,,Mwanza,Misungwi,,
NYALUGEMBE PRIMARY SCHOOL,,Mwanza,Misungwi,,
NYANG'HOMANGO PRIMARY SCHOOL,,Mwanza,Misungwi,,
PAMBANI PRIMARY SCHOOL,,Mwanza,Misungwi,,
SAN MERICK PRIMARY SCHOOL,,Mwanza,Misungwi,,
SETH BENJAMINI PRIMARY SCHOOL,,Mwanza,Misungwi,,
SONGIWE PRIMARY SCHOOL,,Mwanza,Misungwi,,
SUMBUGU PRIMARY SCHOOL,,Mwanza,Misungwi,,
ADVENT PRIMARY SCHOOL,,Mwanza,Mwanza Cc,,
AMINA MAKILAGI PRIMARY SCHOOL,,Mwanza,Mwanza Cc,,
AZIMIO C PRIMARY SCHOOL,,Mwanza,Mwanza Cc,,
BENEDICT PRIMARY SCHOOL,,Mwanza,Mwanza Cc,,
BUGALIKA PRIMARY SCHOOL,,Mwanza,Mwanza Cc,,
BUHONGWA B PRIMARY SCHOOL,,Mwanza,Mwanza Cc,,
BUKAGA PRIMARY SCHOOL,,Mwanza,Mwanza Cc,,
BUTIMBA PRIMARY SCHOOL,,Mwanza,Mwanza Cc,,
CLAUD PRIMARY SCHOOL,,Mwanza,Mwanza Cc,,
ELITE PRIMARY SCHOOL,,Mwanza,Mwanza Cc,,
HILL PARK PRIMARY SCHOOL,,Mwanza,Mwanza Cc,,
IGOGO B PRIMARY SCHOOL,,Mwanza,Mwanza Cc,,
IGOMA C PRIMARY SCHOOL,,Mwanza,Mwanza Cc,,
ISLAMIYA PRIMARY SCHOOL,,Mwanza,Mwanza Cc,,
KAKEBE PRIMARY SCHOOL,,Mwanza,Mwanza Cc,,
KASOTA PRIMARY SCHOOL,,Mwanza,Mwanza Cc,,
LAKE PRIMARY SCHOOL,,Mwanza,Mwanza Cc,,
LUIS PRIMARY SCHOOL,,Mwanza,Mwanza Cc,,
MABATINI B PRIMARY SCHOOL,,Mwanza,Mwanza Cc,,
MAGDALENA WA KANOSA PRIMARY SCHOOL,,Mwanza,Mwanza Cc,,
MHANDU PRIMARY SCHOOL,,Mwanza,Mwanza Cc,,
MIRONGO PRIMARY SCHOOL,,Mwanza,Mwanza Cc,,
MKUYUNI C PRIMARY SCHOOL,,Mwanza,Mwanza Cc,,
MONGELA PRIMARY SCHOOL,,Mwanza,Mwanza Cc,,
MUJUNI PRIMARY SCHOOL,,Mwanza,Mwanza Cc,,
MZIGU PRIMARY SCHOOL,,Mwanza,Mwanza Cc,,
NEW ALLIANCE PRIMARY SCHOOL,,Mwanza,Mwanza Cc,,
NYAKABUNGO B PRIMARY SCHOOL,,Mwanza,Mwanza Cc,,
NYAKAHOJA PRIMARY SCHOOL,,Mwanza,Mwanza Cc,,
NYAKATO PRIMARY SCHOOL,,Mwanza,Mwanza Cc,,
NYAMAGANA PRIMARY SCHOOL,,Mwanza,Mwanza Cc,,
NYANZA B PRIMARY SCHOOL,,Mwanza,Mwanza Cc,,
NYASUBI PRIMARY SCHOOL,,Mwanza,Mwanza Cc,,
PAMBA B PRIMARY SCHOOL,,Mwanza,Mwanza Cc,,
PRECIOUS HOPE PRIMARY SCHOOL,,Mwanza,Mwanza Cc,,
ROCKMAN PRIMARY SCHOOL,,Mwanza,Mwanza Cc,,
SAHARA PRIMARY SCHOOL,,Mwanza,Mwanza Cc,,
SHEKINAH PRIMARY SCHOOL,,Mwanza,Mwanza Cc,,
ST THERESE PRIMARY SCHOOL,,Mwanza,Mwanza Cc,,
SWILA PRIMARY SCHOOL,,Mwanza,Mwanza Cc,,
VIKTORIA PRIMARY SCHOOL,,Mwanza,Mwanza Cc,,
ZIWANI ACADEMY PRIMARY SCHOOL,,Mwanza,Mwanza Cc,,
ALLIANCE PRIMARY SCHOOL,,Mwanza,Mwanza Cc,,
ARIMU PRIMARY SCHOOL,,Mwanza,Mwanza Cc,,
BETHANIA PRIMARY SCHOOL,,Mwanza,Mwanza Cc,,
BUHONGWA PRIMARY SCHOOL,,Mwanza,Mwanza Cc,,
BULALE PRIMARY SCHOOL,,Mwanza,Mwanza Cc,,
BUYEGU PRIMARY SCHOOL,,Mwanza,Mwanza Cc,,
DIGMAR PRIMARY SCHOOL,,Mwanza,Mwanza Cc,,
FREEDOM PRIMARY SCHOOL,,Mwanza,Mwanza Cc,,
GREEN PASTURE PRIMARY SCHOOL,,Mwanza,Mwanza Cc,,
IBANDA PRIMARY SCHOOL,,Mwanza,Mwanza Cc,,
IGOGO PRIMARY SCHOOL,,Mwanza,Mwanza Cc,,
ISENI B PRIMARY SCHOOL,,Mwanza,Mwanza Cc,,
JOHNMARY PRIMARY SCHOOL,,Mwanza,Mwanza Cc,,
KANENWA PRIMARY SCHOOL,,Mwanza,Mwanza Cc,,
KAWTHAR PRIMARY SCHOOL,,Mwanza,Mwanza Cc,,
LAKE VICTORIA PRIMARY SCHOOL,,Mwanza,Mwanza Cc,,
LUSAKA PRIMARY SCHOOL,,Mwanza,Mwanza Cc,,
MABATINI PRIMARY SCHOOL,,Mwanza,Mwanza Cc,,
MAHAWA INDEPENDENT PRIMARY SCHOOL,,Mwanza,Mwanza Cc,,
MAKONGORO PRIMARY SCHOOL,,Mwanza,Mwanza Cc,,
MESSA PRIMARY SCHOOL,,Mwanza,Mwanza Cc,,
MKOLANI PRIMARY SCHOOL,,Mwanza,Mwanza Cc,,
MKUYUNI PRIMARY SCHOOL,,Mwanza,Mwanza Cc,,
MORINGE PRIMARY SCHOOL,,Mwanza,Mwanza Cc,,
MUMTAAZ PRIMARY SCHOOL,,Mwanza,Mwanza Cc,,
NADHIR PRIMARY SCHOOL,,Mwanza,Mwanza Cc,,
NG'WANG'HALANGA PRIMARY SCHOOL,,Mwanza,Mwanza Cc,,
NYAKABUNGO C PRIMARY SCHOOL,,Mwanza,Mwanza Cc,,
NYAKATO B PRIMARY SCHOOL,,Mwanza,Mwanza Cc,,
NYAKURUNDUMA PRIMARY SCHOOL,,Mwanza,Mwanza Cc,,
NYAMALANGO PRIMARY SCHOOL,,Mwanza,Mwanza Cc,,
NYANZA C PRIMARY SCHOOL,,Mwanza,Mwanza Cc,,
NYEGEZI PRIMARY SCHOOL,,Mwanza,Mwanza Cc,,
PAMBA C PRIMARY SCHOOL,,Mwanza,Mwanza Cc,,
QUMRAN PRIMARY SCHOOL,,Mwanza,Mwanza Cc,,
ROCKS HILL JUNIOR PRIMARY SCHOOL,,Mwanza,Mwanza Cc,,
SAHWA PRIMARY SCHOOL,,Mwanza,Mwanza Cc,,
SANTA EDWIN PRIMARY SCHOOL,,Mwanza,Mwanza Cc,,
SHIGUNGA PRIMARY SCHOOL,,Mwanza,Mwanza Cc,,
STEPPING PRIMARY SCHOOL,,Mwanza,Mwanza Cc,,
TAMBUKARELI PRIMARY SCHOOL,,Mwanza,Mwanza Cc,,
VILLAGE OF HOPE PRIMARY SCHOOL,,Mwanza,Mwanza Cc,,
AZIMIO B PRIMARY SCHOOL,,Mwanza,Mwanza Cc,,
BAMMA PRIMARY SCHOOL,,Mwanza,Mwanza Cc,,
BRIGHT INFANT PRIMARY SCHOOL,,Mwanza,Mwanza Cc,,
BUGAYAMBA PRIMARY SCHOOL,,Mwanza,Mwanza Cc,,
BUTIMBA B PRIMARY SCHOOL,,Mwanza,Mwanza Cc,,
CENTRAL BUHONGWA PRIMARY SCHOOL,,Mwanza,Mwanza Cc,,
DREAM BIG MONTESSORI PRIMARY SCHOOL,,Mwanza,Mwanza Cc,,
FURAHA BRILLIANT PRIMARY SCHOOL,,Mwanza,Mwanza Cc,,
HILL FRONT PRIMARY SCHOOL,,Mwanza,Mwanza Cc,,
IGELEGELE PRIMARY SCHOOL,,Mwanza,Mwanza Cc,,
IGOMA A PRIMARY SCHOOL,,Mwanza,Mwanza Cc,,
JUNIORS PRIMARY SCHOOL,,Mwanza,Mwanza Cc,,
KANINDO PRIMARY SCHOOL,,Mwanza,Mwanza Cc,,
KILELENI PRIMARY SCHOOL,,Mwanza,Mwanza Cc,,
LAKE B PRIMARY SCHOOL,,Mwanza,Mwanza Cc,,
LUCHELELE PRIMARY SCHOOL,,Mwanza,Mwanza Cc,,
LWANHIMA PRIMARY SCHOOL,,Mwanza,Mwanza Cc,,
MAHINA A PRIMARY SCHOOL,,Mwanza,Mwanza Cc,,
MALULU PRIMARY SCHOOL,,Mwanza,Mwanza Cc,,
MHANDU D PRIMARY SCHOOL,,Mwanza,Mwanza Cc,,
MILLENNIUM PRIMARY SCHOOL,,Mwanza,Mwanza Cc,,
MKUYUNI B PRIMARY SCHOOL,,Mwanza,Mwanza Cc,,
MUGALA ELITE PRIMARY SCHOOL,,Mwanza,Mwanza Cc,,
MWANANCHI PRIMARY SCHOOL,,Mwanza,Mwanza Cc,,
NELIS PRIMARY SCHOOL,,Mwanza,Mwanza Cc,,
NYABULOGOYA PRIMARY SCHOOL,,Mwanza,Mwanza Cc,,
NYAKABUNGO PRIMARY SCHOOL,,Mwanza,Mwanza Cc,,
NYAKATO C PRIMARY SCHOOL,,Mwanza,Mwanza Cc,,
NYAMAGANA B PRIMARY SCHOOL,,Mwanza,Mwanza Cc,,
NYANGULUGULU PRIMARY SCHOOL,,Mwanza,Mwanza Cc,,
NYERERE PRIMARY SCHOOL,,Mwanza,Mwanza Cc,,
PAMBA PRIMARY SCHOOL,,Mwanza,Mwanza Cc,,
REHOBOTH PRIMARY SCHOOL,,Mwanza,Mwanza Cc,,
RODAN PRIMARY SCHOOL,,Mwanza,Mwanza Cc,,
SALMA PRIMARY SCHOOL,,Mwanza,Mwanza Cc,,
SHAMALIWA A PRIMARY SCHOOL,,Mwanza,Mwanza Cc,,
SWEYA PRIMARY SCHOOL,,Mwanza,Mwanza Cc,,
TWITANGE PRIMARY SCHOOL,,Mwanza,Mwanza Cc,,
VICTORIA HOPE PRIMARY SCHOOL,,Mwanza,Mwanza Cc,,
ZAYUNI PRIMARY SCHOOL,,Mwanza,Mwanza Cc,,
BALATOGWA PRIMARY SCHOOL,,Mwanza,Sengerema,,
BUGUMBIKISO PRIMARY SCHOOL,,Mwanza,Sengerema,,
BULYANGELE PRIMARY SCHOOL,,Mwanza,Sengerema,,
BUSISI PRIMARY SCHOOL,,Mwanza,Sengerema,,
BUYAGU PRIMARY SCHOOL,,Mwanza,Sengerema,,
CHIFUNFU PRIMARY SCHOOL,,Mwanza,Sengerema,,
ESBEL PRIMARY SCHOOL,,Mwanza,Sengerema,,
IGAKA PRIMARY SCHOOL,,Mwanza,Sengerema,,
IKONI PRIMARY SCHOOL,,Mwanza,Sengerema,,
IRUNDA PRIMARY SCHOOL,,Mwanza,Sengerema,,
ISHISHANG'HOLO PRIMARY SCHOOL,,Mwanza,Sengerema,,
ISUNGANG'HOLO PRIMARY SCHOOL,,Mwanza,Sengerema,,
KACHUHO PRIMARY SCHOOL,,Mwanza,Sengerema,,
KAHUMULO PRIMARY SCHOOL,,Mwanza,Sengerema,,
KANG'WASHI PRIMARY SCHOOL,,Mwanza,Sengerema,,
KARUMO PRIMARY SCHOOL,,Mwanza,Sengerema,,
KASOMEKO PRIMARY SCHOOL,,Mwanza,Sengerema,,
KIZUGWANGOMA PRIMARY SCHOOL,,Mwanza,Sengerema,,
LWENGE PRIMARY SCHOOL,,Mwanza,Sengerema,,
MAYUYA PRIMARY SCHOOL,,Mwanza,Sengerema,,
MNADANI PRIMARY SCHOOL,,Mwanza,Sengerema,,
MWABALUHI PRIMARY SCHOOL,,Mwanza,Sengerema,,
NGOMA PRIMARY SCHOOL,,Mwanza,Sengerema,,
NYALUBANGA PRIMARY SCHOOL,,Mwanza,Sengerema,,
NYAMALUNDA PRIMARY SCHOOL,,Mwanza,Sengerema,,
NYAMAZUGO PRIMARY SCHOOL,,Mwanza,Sengerema,,
NYAMPANDE PRIMARY SCHOOL,,Mwanza,Sengerema,,
NYANCHENCHE PRIMARY SCHOOL,,Mwanza,Sengerema,,
NYASENGA PRIMARY SCHOOL,,Mwanza,Sengerema,,
PAMBALU PRIMARY SCHOOL,,Mwanza,Sengerema,,
SENGEREMA PRIMARY SCHOOL,,Mwanza,Sengerema,,
SOGOSO PRIMARY SCHOOL,,Mwanza,Sengerema,,
TABARUKA PRIMARY SCHOOL,,Mwanza,Sengerema,,
ZABURI PRIMARY SCHOOL,,Mwanza,Sengerema,,
BITOTO PRIMARY SCHOOL,,Mwanza,Sengerema,,
BUNDALA PRIMARY SCHOOL,,Mwanza,Sengerema,,
BUSULWANGIRI PRIMARY SCHOOL,,Mwanza,Sengerema,,
BUZILASOGA PRIMARY SCHOOL,,Mwanza,Sengerema,,
CHIKOMELO PRIMARY SCHOOL,,Mwanza,Sengerema,,
IBISABAGENI PRIMARY SCHOOL,,Mwanza,Sengerema,,
IGALAGALILO PRIMARY SCHOOL,,Mwanza,Sengerema,,
IGULUMUKI PRIMARY SCHOOL,,Mwanza,Sengerema,,
ILEKANILO PRIMARY SCHOOL,,Mwanza,Sengerema,,
ISAMILO PRIMARY SCHOOL,,Mwanza,Sengerema,,
ISOLE PRIMARY SCHOOL,,Mwanza,Sengerema,,
IYOGELO PRIMARY SCHOOL,,Mwanza,Sengerema,,
KAFUNDIKILE PRIMARY SCHOOL,,Mwanza,Sengerema,,
KALANGALALA PRIMARY SCHOOL,,Mwanza,Sengerema,,
KANINGU PRIMARY SCHOOL,,Mwanza,Sengerema,,
KASENYI PRIMARY SCHOOL,,Mwanza,Sengerema,,
KASUNGAMILE PRIMARY SCHOOL,,Mwanza,Sengerema,,
KIJIWENI PRIMARY SCHOOL,,Mwanza,Sengerema,,
KIMAKA PRIMARY SCHOOL,,Mwanza,Sengerema,,
LUBANDA PRIMARY SCHOOL,,Mwanza,Sengerema,,
LUKUMBI PRIMARY SCHOOL,,Mwanza,Sengerema,,
MAMI PRIMARY SCHOOL,,Mwanza,Sengerema,,
MWALIGA PRIMARY SCHOOL,,Mwanza,Sengerema,,
NYALWAMBU PRIMARY SCHOOL,,Mwanza,Sengerema,,
NYAMASALE PRIMARY SCHOOL,,Mwanza,Sengerema,,
NYAMILILO PRIMARY SCHOOL,,Mwanza,Sengerema,,
NYAMPULUKANO PRIMARY SCHOOL,,Mwanza,Sengerema,,
NYANTAKUBWA PRIMARY SCHOOL,,Mwanza,Sengerema,,
SIGU PRIMARY SCHOOL,,Mwanza,Sengerema,,
SOTTA PRIMARY SCHOOL,,Mwanza,Sengerema,,
TUNYENYE PRIMARY SCHOOL,,Mwanza,Sengerema,,
BUGALAMA PRIMARY SCHOOL,,Mwanza,Sengerema,,
BULUNGA PRIMARY SCHOOL,,Mwanza,Sengerema,,
BUNGONYA PRIMARY SCHOOL,,Mwanza,Sengerema,,
BUTONGA PRIMARY SCHOOL,,Mwanza,Sengerema,,
CHAMABANDA PRIMARY SCHOOL,,Mwanza,Sengerema,,
EDINA PRIMARY SCHOOL,,Mwanza,Sengerema,,
IBONDO PRIMARY SCHOOL,,Mwanza,Sengerema,,
IGALULA PRIMARY SCHOOL,,Mwanza,Sengerema,,
IPANDIKILO PRIMARY SCHOOL,,Mwanza,Sengerema,,
ISEBYA PRIMARY SCHOOL,,Mwanza,Sengerema,,
ISOME PRIMARY SCHOOL,,Mwanza,Sengerema,,
JUMAKISIWANI PRIMARY SCHOOL,,Mwanza,Sengerema,,
KAGUNGA PRIMARY SCHOOL,,Mwanza,Sengerema,,
KAMANGA PRIMARY SCHOOL,,Mwanza,Sengerema,,
KASHINDAGA PRIMARY SCHOOL,,Mwanza,Sengerema,,
KATUNGURU PRIMARY SCHOOL,,Mwanza,Sengerema,,
KIJUKA PRIMARY SCHOOL,,Mwanza,Sengerema,,
KISHINDA PRIMARY SCHOOL,,Mwanza,Sengerema,,
LUBUNGO PRIMARY SCHOOL,,Mwanza,Sengerema,,
LUSESE PRIMARY SCHOOL,,Mwanza,Sengerema,,
MATWIGA PRIMARY SCHOOL,,Mwanza,Sengerema,,
MULAGA PRIMARY SCHOOL,,Mwanza,Sengerema,,
MWELI PRIMARY SCHOOL,,Mwanza,Sengerema,,
NYAKAHAKO PRIMARY SCHOOL,,Mwanza,Sengerema,,
NYAMAHONA PRIMARY SCHOOL,,Mwanza,Sengerema,,
NYAMATONGO PRIMARY SCHOOL,,Mwanza,Sengerema,,
NYAMIZEZE PRIMARY SCHOOL,,Mwanza,Sengerema,,
NYAMTELELA PRIMARY SCHOOL,,Mwanza,Sengerema,,
NYANZUMULA PRIMARY SCHOOL,,Mwanza,Sengerema,,
NYITUNDU PRIMARY SCHOOL,,Mwanza,Sengerema,,
SENGEREMA MUSLIM PRIMARY SCHOOL,,Mwanza,Sengerema,,
ST CAROLI PRIMARY SCHOOL,,Mwanza,Sengerema,,
VEMA PRIMARY SCHOOL,,Mwanza,Sengerema,,
BITUROMANUMBU PRIMARY SCHOOL,,Mwanza,Ukerewe,,
BUGOROLA PRIMARY SCHOOL,,Mwanza,Ukerewe,,
BUHIMA PRIMARY SCHOOL,,Mwanza,Ukerewe,,
BUKONDO PRIMARY SCHOOL,,Mwanza,Ukerewe,,
BUKUNGU PRIMARY SCHOOL,,Mwanza,Ukerewe,,
BULUZA PRIMARY SCHOOL,,Mwanza,Ukerewe,,
BUSIRI PRIMARY SCHOOL,,Mwanza,Ukerewe,,
BUTIRITI PRIMARY SCHOOL,,Mwanza,Ukerewe,,
BWIRO PRIMARY SCHOOL,,Mwanza,Ukerewe,,
CELESTINE KASISI PRIMARY SCHOOL,,Mwanza,Ukerewe,,
CHAMUHUNDA PRIMARY SCHOOL,,Mwanza,Ukerewe,,
GALLU PRIMARY SCHOOL,,Mwanza,Ukerewe,,
HALWEGO PRIMARY SCHOOL,,Mwanza,Ukerewe,,
HAMUZILO PRIMARY SCHOOL,,Mwanza,Ukerewe,,
IGALLA PRIMARY SCHOOL,,Mwanza,Ukerewe,,
ILANGALA PRIMARY SCHOOL,,Mwanza,Ukerewe,,
ITIRA PRIMARY SCHOOL,,Mwanza,Ukerewe,,
KAGUNGULI PRIMARY SCHOOL,,Mwanza,Ukerewe,,
KAKEREGE PRIMARY SCHOOL,,Mwanza,Ukerewe,,
KAMEYA PRIMARY SCHOOL,,Mwanza,Ukerewe,,
KAZILANKANDA PRIMARY SCHOOL,,Mwanza,Ukerewe,,
KIVUKONI PRIMARY SCHOOL,,Mwanza,Ukerewe,,
KULUTARE PRIMARY SCHOOL,,Mwanza,Ukerewe,,
LUTARE PRIMARY SCHOOL,,Mwanza,Ukerewe,,
MASONGA PRIMARY SCHOOL,,Mwanza,Ukerewe,,
MSEKWA PRIMARY SCHOOL,,Mwanza,Ukerewe,,
MUGU PRIMARY SCHOOL,,Mwanza,Ukerewe,,
MUHULA PRIMARY SCHOOL,,Mwanza,Ukerewe,,
MULEZI PRIMARY SCHOOL,,Mwanza,Ukerewe,,
MURITI PRIMARY SCHOOL,,Mwanza,Ukerewe,,
MURUTANGA PRIMARY SCHOOL,,Mwanza,Ukerewe,,
MUSOZI PRIMARY SCHOOL,,Mwanza,Ukerewe,,
MWIGOYE PRIMARY SCHOOL,,Mwanza,Ukerewe,,
NABWEKO PRIMARY SCHOOL,,Mwanza,Ukerewe,,
NAKATUNGURU PRIMARY SCHOOL,,Mwanza,Ukerewe,,
NAMAGAMBA PRIMARY SCHOOL,,Mwanza,Ukerewe,,
NAMAKWEKWE PRIMARY SCHOOL,,Mwanza,Ukerewe,,
NANSIO PRIMARY SCHOOL,,Mwanza,Ukerewe,,
NEBUYE PRIMARY SCHOOL,,Mwanza,Ukerewe,,
NSENGA PRIMARY SCHOOL,,Mwanza,Ukerewe,,
SIZU PRIMARY SCHOOL,,Mwanza,Ukerewe,,
BUGARAMILA PRIMARY SCHOOL,,Mwanza,Ukerewe,,
BUGULA PRIMARY SCHOOL,,Mwanza,Ukerewe,,
BUKIKO PRIMARY SCHOOL,,Mwanza,Ukerewe,,
BUKONGO PRIMARY SCHOOL,,Mwanza,Ukerewe,,
BULAMBA PRIMARY SCHOOL,,Mwanza,Ukerewe,,
BUSAGAMI PRIMARY SCHOOL,,Mwanza,Ukerewe,,
BUSUMBA PRIMARY SCHOOL,,Mwanza,Ukerewe,,
BUZEGWE PRIMARY SCHOOL,,Mwanza,Ukerewe,,
CHABILUNGO PRIMARY SCHOOL,,Mwanza,Ukerewe,,
CHANKAMBA PRIMARY SCHOOL,,Mwanza,Ukerewe,,
GANA PRIMARY SCHOOL,,Mwanza,Ukerewe,,
HAMUKOKO PRIMARY SCHOOL,,Mwanza,Ukerewe,,
HANDEBEZYO PRIMARY SCHOOL,,Mwanza,Ukerewe,,
IGONGO PRIMARY SCHOOL,,Mwanza,Ukerewe,,
IRUGWA PRIMARY SCHOOL,,Mwanza,Ukerewe,,
KABINGO PRIMARY SCHOOL,,Mwanza,Ukerewe,,
KAHALA PRIMARY SCHOOL,,Mwanza,Ukerewe,,
KALENDELO PRIMARY SCHOOL,,Mwanza,Ukerewe,,
KIGARA PRIMARY SCHOOL,,Mwanza,Ukerewe,,
KITANGA PRIMARY SCHOOL,,Mwanza,Ukerewe,,
KOME PRIMARY SCHOOL,,Mwanza,Ukerewe,,
KUMAMBE PRIMARY SCHOOL,,Mwanza,Ukerewe,,
LYAMWENGE PRIMARY SCHOOL,,Mwanza,Ukerewe,,
MALEGEA PRIMARY SCHOOL,,Mwanza,Ukerewe,,
MIBUNGO PRIMARY SCHOOL,,Mwanza,Ukerewe,,
MTONI PRIMARY SCHOOL,,Mwanza,Ukerewe,,
MUHANDE PRIMARY SCHOOL,,Mwanza,Ukerewe,,
MUKASIKA PRIMARY SCHOOL,,Mwanza,Ukerewe,,
MULUBUMBA PRIMARY SCHOOL,,Mwanza,Ukerewe,,
MURUNAZI PRIMARY SCHOOL,,Mwanza,Ukerewe,,
MURUTILIMA PRIMARY SCHOOL,,Mwanza,Ukerewe,,
MWITONGO PRIMARY SCHOOL,,Mwanza,Ukerewe,,
NAKAMWA PRIMARY SCHOOL,,Mwanza,Ukerewe,,
NAKISILILA PRIMARY SCHOOL,,Mwanza,Ukerewe,,
NAMAGONDO PRIMARY SCHOOL,,Mwanza,Ukerewe,,
NAMASABO PRIMARY SCHOOL,,Mwanza,Ukerewe,,
NANSOLE PRIMARY SCHOOL,,Mwanza,Ukerewe,,
NEGOMA PRIMARY SCHOOL,,Mwanza,Ukerewe,,
NYAMANGA PRIMARY SCHOOL,,Mwanza,Ukerewe,,
NZAGWA PRIMARY SCHOOL,,Mwanza,Ukerewe,,
BUGOMBE PRIMARY SCHOOL,,Mwanza,Ukerewe,,
BUGUZA PRIMARY SCHOOL,,Mwanza,Ukerewe,,
BUKINDO PRIMARY SCHOOL,,Mwanza,Ukerewe,,
BUKONYO PRIMARY SCHOOL,,Mwanza,Ukerewe,,
BULUBI PRIMARY SCHOOL,,Mwanza,Ukerewe,,
BUSANGU PRIMARY SCHOOL,,Mwanza,Ukerewe,,
BUSUNDA PRIMARY SCHOOL,,Mwanza,Ukerewe,,
BWASA PRIMARY SCHOOL,,Mwanza,Ukerewe,,
BWISYA PRIMARY SCHOOL,,Mwanza,Ukerewe,,
CHAMATULI PRIMARY SCHOOL,,Mwanza,Ukerewe,,
CHIFULE PRIMARY SCHOOL,,Mwanza,Ukerewe,,
GETRUDE MONGELA PRIMARY SCHOOL,,Mwanza,Ukerewe,,
HAMUYEBE PRIMARY SCHOOL,,Mwanza,Ukerewe,,
HAPEMBE PRIMARY SCHOOL,,Mwanza,Ukerewe,,
IHEBO PRIMARY SCHOOL,,Mwanza,Ukerewe,,
ISISI PRIMARY SCHOOL,,Mwanza,Ukerewe,,
KAMASI PRIMARY SCHOOL,,Mwanza,Ukerewe,,
KATENDE PRIMARY SCHOOL,,Mwanza,Ukerewe,,
KILIMABUYE PRIMARY SCHOOL,,Mwanza,Ukerewe,,
KITANGAZA PRIMARY SCHOOL,,Mwanza,Ukerewe,,
KULAZU PRIMARY SCHOOL,,Mwanza,Ukerewe,,
KWERU PRIMARY SCHOOL,,Mwanza,Ukerewe,,
LYEGOBA PRIMARY SCHOOL,,Mwanza,Ukerewe,,
MITIMIREFU PRIMARY SCHOOL,,Mwanza,Ukerewe,,
MUBULE PRIMARY SCHOOL,,Mwanza,Ukerewe,,
MUHOZYA PRIMARY SCHOOL,,Mwanza,Ukerewe,,
MUKUNU PRIMARY SCHOOL,,Mwanza,Ukerewe,,
MULUSENI PRIMARY SCHOOL,,Mwanza,Ukerewe,,
MURUNSULI PRIMARY SCHOOL,,Mwanza,Ukerewe,,
MURUTUNGURU PRIMARY SCHOOL,,Mwanza,Ukerewe,,
MWIBOMA PRIMARY SCHOOL,,Mwanza,Ukerewe,,
MWONGOZO PRIMARY SCHOOL,,Mwanza,Ukerewe,,
NAKASAHENGE PRIMARY SCHOOL,,Mwanza,Ukerewe,,
NAKOZA PRIMARY SCHOOL,,Mwanza,Ukerewe,,
NAMAGUBO PRIMARY SCHOOL,,Mwanza,Ukerewe,,
NAMPISI PRIMARY SCHOOL,,Mwanza,Ukerewe,,
NANTARE PRIMARY SCHOOL,,Mwanza,Ukerewe,,
NKILIZYA PRIMARY SCHOOL,,Mwanza,Ukerewe,,
NYANG'OMBE PRIMARY SCHOOL,,Mwanza,Ukerewe,,
RUBYA PRIMARY SCHOOL,,Mwanza,Ukerewe,,
BANEMHI PRIMARY SCHOOL,,Simiyu,Bariadi,,
CHUNGU CHA BAWAWA PRIMARY SCHOOL,,Simiyu,Bariadi,,
GAMBOSI PRIMARY SCHOOL,,Simiyu,Bariadi,,
GIBISHI PRIMARY SCHOOL,,Simiyu,Bariadi,,
IBULYU PRIMARY SCHOOL,,Simiyu,Bariadi,,
IHUSI 'A' PRIMARY SCHOOL,,Simiyu,Bariadi,,
IKUNGULYABASHASHI PRIMARY SCHOOL,,Simiyu,Bariadi,,
ISUYU PRIMARY SCHOOL,,Simiyu,Bariadi,,
KASOLI PRIMARY SCHOOL,,Simiyu,Bariadi,,
KILALO 'A' PRIMARY SCHOOL,,Simiyu,Bariadi,,
LULAYU PRIMARY SCHOOL,,Simiyu,Bariadi,,
MASEWA 'A' PRIMARY SCHOOL,,Simiyu,Bariadi,,
MATONGO 'A' PRIMARY SCHOOL,,Simiyu,Bariadi,,
MWADOBANA PRIMARY SCHOOL,,Simiyu,Bariadi,,
MWAMLAPA PRIMARY SCHOOL,,Simiyu,Bariadi,,
MWANGIMU PRIMARY SCHOOL,,Simiyu,Bariadi,,
MWASINASI PRIMARY SCHOOL,,Simiyu,Bariadi,,
MWAUBINGI PRIMARY SCHOOL,,Simiyu,Bariadi,,
NG'ALITA 'B' PRIMARY SCHOOL,,Simiyu,Bariadi,,
NKINDWABIYE PRIMARY SCHOOL,,Simiyu,Bariadi,,
NYANGUGE 'A' PRIMARY SCHOOL,,Simiyu,Bariadi,,
NYAWA 'A' PRIMARY SCHOOL,,Simiyu,Bariadi,,
SANGIDA PRIMARY SCHOOL,,Simiyu,Bariadi,,
SAPIWI 'C' PRIMARY SCHOOL,,Simiyu,Bariadi,,
ST.THOMAS AQUINAS PRIMARY SCHOOL,,Simiyu,Bariadi,,
DAMIDAMI PRIMARY SCHOOL,,Simiyu,Bariadi,,
GASUMA 'A' PRIMARY SCHOOL,,Simiyu,Bariadi,,
GIYUKI PRIMARY SCHOOL,,Simiyu,Bariadi,,
IGAGANULWA PRIMARY SCHOOL,,Simiyu,Bariadi,,
IHUSI 'B' PRIMARY SCHOOL,,Simiyu,Bariadi,,
IKUNGULYAMBESHI PRIMARY SCHOOL,,Simiyu,Bariadi,,
ITUBUKILO `B` PRIMARY SCHOOL,,Simiyu,Bariadi,,
KILABELA 'A' PRIMARY SCHOOL,,Simiyu,Bariadi,,
KILALO 'B' PRIMARY SCHOOL,,Simiyu,Bariadi,,
MADUKANI PRIMARY SCHOOL,,Simiyu,Bariadi,,
MASEWA 'B' PRIMARY SCHOOL,,Simiyu,Bariadi,,
MATONGO 'B' PRIMARY SCHOOL,,Simiyu,Bariadi,,
MWABALIZI PRIMARY SCHOOL,,Simiyu,Bariadi,,
MWAGABATE PRIMARY SCHOOL,,Simiyu,Bariadi,,
MWAMONDI PRIMARY SCHOOL,,Simiyu,Bariadi,,
MWANZOYA PRIMARY SCHOOL,,Simiyu,Bariadi,,
MWASUBUYA 'A' PRIMARY SCHOOL,,Simiyu,Bariadi,,
MWAUCHUMU PRIMARY SCHOOL,,Simiyu,Bariadi,,
NGALA PRIMARY SCHOOL,,Simiyu,Bariadi,,
NG'HESHA PRIMARY SCHOOL,,Simiyu,Bariadi,,
NKOLOLO 'A' PRIMARY SCHOOL,,Simiyu,Bariadi,,
NYANGUGE 'B' PRIMARY SCHOOL,,Simiyu,Bariadi,,
NYAWA 'B' PRIMARY SCHOOL,,Simiyu,Bariadi,,
SAPIWI 'A' PRIMARY SCHOOL,,Simiyu,Bariadi,,
TUNGE PRIMARY SCHOOL,,Simiyu,Bariadi,,
BYUNA PRIMARY SCHOOL,,Simiyu,Bariadi,,
DILANDA PRIMARY SCHOOL,,Simiyu,Bariadi,,
GASUMA 'B' PRIMARY SCHOOL,,Simiyu,Bariadi,,
HALAWA PRIMARY SCHOOL,,Simiyu,Bariadi,,
IGEGU PRIMARY SCHOOL,,Simiyu,Bariadi,,
IKINABUSHU PRIMARY SCHOOL,,Simiyu,Bariadi,,
IKUNGULYANDILI PRIMARY SCHOOL,,Simiyu,Bariadi,,
ITUBUKILO 'A' PRIMARY SCHOOL,,Simiyu,Bariadi,,
KILABELA 'B' PRIMARY SCHOOL,,Simiyu,Bariadi,,
LUBAGA PRIMARY SCHOOL,,Simiyu,Bariadi,,
MAGUTANO PRIMARY SCHOOL,,Simiyu,Bariadi,,
MASEWA 'C' PRIMARY SCHOOL,,Simiyu,Bariadi,,
MISWAKI PRIMARY SCHOOL,,Simiyu,Bariadi,,
MWAMIJONDO PRIMARY SCHOOL,,Simiyu,Bariadi,,
MWAMOTO PRIMARY SCHOOL,,Simiyu,Bariadi,,
MWASHAGATA PRIMARY SCHOOL,,Simiyu,Bariadi,,
MWASUBUYA 'B' PRIMARY SCHOOL,,Simiyu,Bariadi,,
MWAUMATONDO PRIMARY SCHOOL,,Simiyu,Bariadi,,
NG'ALITA 'A' PRIMARY SCHOOL,,Simiyu,Bariadi,,
NGULYATI PRIMARY SCHOOL,,Simiyu,Bariadi,,
NKOLOLO 'B' PRIMARY SCHOOL,,Simiyu,Bariadi,,
NYAMSWA PRIMARY SCHOOL,,Simiyu,Bariadi,,
NYASOSI PRIMARY SCHOOL,,Simiyu,Bariadi,,
SAKWE PRIMARY SCHOOL,,Simiyu,Bariadi,,
SAPIWI 'B' PRIMARY SCHOOL,,Simiyu,Bariadi,,
BARIADI ALLIANCE PRIMARY SCHOOL,,Simiyu,Bariadi Tc,,
BUPANDAGILA ADVENTIST PRIMARY SCHOOL,,Simiyu,Bariadi Tc,,
GAMONDO 'A' PRIMARY SCHOOL,,Simiyu,Bariadi Tc,,
GIRIKU-'B' PRIMARY SCHOOL,,Simiyu,Bariadi Tc,,
HERBERT GAPPA PRIMARY SCHOOL,,Simiyu,Bariadi Tc,,
ISANGA-'A' PRIMARY SCHOOL,,Simiyu,Bariadi Tc,,
KIDINDA PRIMARY SCHOOL,,Simiyu,Bariadi Tc,,
MBITI PRIMARY SCHOOL,,Simiyu,Bariadi Tc,,
MWAKIBUGA-'A' PRIMARY SCHOOL,,Simiyu,Bariadi Tc,,
NG'WANG'WALI 'A' PRIMARY SCHOOL,,Simiyu,Bariadi Tc,,
NYAKABINDI PRIMARY SCHOOL,,Simiyu,Bariadi Tc,,
OLD-MASWA PRIMARY SCHOOL,,Simiyu,Bariadi Tc,,
SHIMBALE PRIMARY SCHOOL,,Simiyu,Bariadi Tc,,
SOMANDA 'A' PRIMARY SCHOOL,,Simiyu,Bariadi Tc,,
BARIADI PRIMARY SCHOOL,,Simiyu,Bariadi Tc,,
BUPANDAGILA PRIMARY SCHOOL,,Simiyu,Bariadi Tc,,
GAMONDO 'B' PRIMARY SCHOOL,,Simiyu,Bariadi Tc,,
GUDUWI-'A' PRIMARY SCHOOL,,Simiyu,Bariadi Tc,,
IMALILO PRIMARY SCHOOL,,Simiyu,Bariadi Tc,,
ISANGA-'B' PRIMARY SCHOOL,,Simiyu,Bariadi Tc,,
MAJAHIDA PRIMARY SCHOOL,,Simiyu,Bariadi Tc,,
MHANGO PRIMARY SCHOOL,,Simiyu,Bariadi Tc,,
MWAKIBUGA-'B' PRIMARY SCHOOL,,Simiyu,Bariadi Tc,,
NG'WANG'WALI 'B' PRIMARY SCHOOL,,Simiyu,Bariadi Tc,,
SALUNDA PRIMARY SCHOOL,,Simiyu,Bariadi Tc,,
SIMA 'A' PRIMARY SCHOOL,,Simiyu,Bariadi Tc,,
SOMANDA 'B' PRIMARY SCHOOL,,Simiyu,Bariadi Tc,,
YEYA PRIMARY SCHOOL,,Simiyu,Bariadi Tc,,
BUNAMHALA-UFUNDI PRIMARY SCHOOL,,Simiyu,Bariadi Tc,,
DITIMA PRIMARY SCHOOL,,Simiyu,Bariadi Tc,,
GIRIKU-'A' PRIMARY SCHOOL,,Simiyu,Bariadi Tc,,
GUDUWI-MLIMANI PRIMARY SCHOOL,,Simiyu,Bariadi Tc,,
ISANGA 'C' PRIMARY SCHOOL,,Simiyu,Bariadi Tc,,
KIDALIMANDA PRIMARY SCHOOL,,Simiyu,Bariadi Tc,,
KUSEKWA MEMORIAL PRIMARY SCHOOL,,Simiyu,Bariadi Tc,,
MWAHABI PRIMARY SCHOOL,,Simiyu,Bariadi Tc,,
NGASHANDA PRIMARY SCHOOL,,Simiyu,Bariadi Tc,,
NKULI PRIMARY SCHOOL,,Simiyu,Bariadi Tc,,
NYAUMATA PRIMARY SCHOOL,,Simiyu,Bariadi Tc,,
SANUNGU PRIMARY SCHOOL,,Simiyu,Bariadi Tc,,
SIMA 'B' PRIMARY SCHOOL,,Simiyu,Bariadi Tc,,
TEMBO PRIMARY SCHOOL,,Simiyu,Bariadi Tc,,
ZINA PRIMARY SCHOOL,,Simiyu,Bariadi Tc,,
BADUGU PRIMARY SCHOOL,,Simiyu,Busega,,
BUNYANYEMBE PRIMARY SCHOOL,,Simiyu,Busega,,
BUSHIGWAMHALA PRIMARY SCHOOL,,Simiyu,Busega,,
CHANELA PRIMARY SCHOOL,,Simiyu,Busega,,
GININIGA PRIMARY SCHOOL,,Simiyu,Busega,,
IGALUKILO PRIMARY SCHOOL,,Simiyu,Busega,,
ILAMBO PRIMARY SCHOOL,,Simiyu,Busega,,
KABITA PRIMARY SCHOOL,,Simiyu,Busega,,
KIJILISHI PRIMARY SCHOOL,,Simiyu,Busega,,
LAMBONI PRIMARY SCHOOL,,Simiyu,Busega,,
LUTUBIGA PRIMARY SCHOOL,,Simiyu,Busega,,
MALILI PRIMARY SCHOOL,,Simiyu,Busega,,
MASANZA PRIMARY SCHOOL,,Simiyu,Busega,,
MILAMBI PRIMARY SCHOOL,,Simiyu,Busega,,
MWABUDULI PRIMARY SCHOOL,,Simiyu,Busega,,
MWAKILOBA PRIMARY SCHOOL,,Simiyu,Busega,,
MWAMAGULU PRIMARY SCHOOL,,Simiyu,Busega,,
MWAMAYOMBO PRIMARY SCHOOL,,Simiyu,Busega,,
MWAMKALA PRIMARY SCHOOL,,Simiyu,Busega,,
MWANANGI PRIMARY SCHOOL,,Simiyu,Busega,,
MWASAMBA 'B' PRIMARY SCHOOL,,Simiyu,Busega,,
NGUNGA 'A' PRIMARY SCHOOL,,Simiyu,Busega,,
NG'WANGIKA PRIMARY SCHOOL,,Simiyu,Busega,,
NYALUHANDE PRIMARY SCHOOL,,Simiyu,Busega,,
NYAMAJASHI PRIMARY SCHOOL,,Simiyu,Busega,,
NYANG'HUMBI PRIMARY SCHOOL,,Simiyu,Busega,,
SHIGALA PRIMARY SCHOOL,,Simiyu,Busega,,
YITWIMILA PRIMARY SCHOOL,,Simiyu,Busega,,
BUCHELA PRIMARY SCHOOL,,Simiyu,Busega,,
BUSAMI PRIMARY SCHOOL,,Simiyu,Busega,,
BUTENGE PRIMARY SCHOOL,,Simiyu,Busega,,
CHUMVE PRIMARY SCHOOL,,Simiyu,Busega,,
GUSAMA PRIMARY SCHOOL,,Simiyu,Busega,,
IHALE PRIMARY SCHOOL,,Simiyu,Busega,,
ILUMYA PRIMARY SCHOOL,,Simiyu,Busega,,
ITONGO PRIMARY SCHOOL,,Simiyu,Busega,,
KABUJAJA PRIMARY SCHOOL,,Simiyu,Busega,,
LUKUNGU PRIMARY SCHOOL,,Simiyu,Busega,,
LWANGWE PRIMARY SCHOOL,,Simiyu,Busega,,
MANALA PRIMARY SCHOOL,,Simiyu,Busega,,
MAYEGA PRIMARY SCHOOL,,Simiyu,Busega,,
MIZWALE PRIMARY SCHOOL,,Simiyu,Busega,,
MWABUJOSE PRIMARY SCHOOL,,Simiyu,Busega,,
MWAMACHIBYA PRIMARY SCHOOL,,Simiyu,Busega,,
MWAMAJAWA PRIMARY SCHOOL,,Simiyu,Busega,,
MWAMIGONGWA PRIMARY SCHOOL,,Simiyu,Busega,,
MWAMKINGA PRIMARY SCHOOL,,Simiyu,Busega,,
MWANIGA PRIMARY SCHOOL,,Simiyu,Busega,,
NASSA PRIMARY SCHOOL,,Simiyu,Busega,,
NGUNGA 'B' PRIMARY SCHOOL,,Simiyu,Busega,,
NG'WANG'WENGE PRIMARY SCHOOL,,Simiyu,Busega,,
NYAMATEMBE PRIMARY SCHOOL,,Simiyu,Busega,,
NYASHIMO PRIMARY SCHOOL,,Simiyu,Busega,,
SIMBA WA YUDA PRIMARY SCHOOL,,Simiyu,Busega,,
YORDAN PRIMARY SCHOOL,,Simiyu,Busega,,
BULIMA PRIMARY SCHOOL,,Simiyu,Busega,,
BUSEGA PRIMARY SCHOOL,,Simiyu,Busega,,
CHAMGASA PRIMARY SCHOOL,,Simiyu,Busega,,
FOGOFOGO PRIMARY SCHOOL,,Simiyu,Busega,,
IGABULILO PRIMARY SCHOOL,,Simiyu,Busega,,
IJITU PRIMARY SCHOOL,,Simiyu,Busega,,
IMALANZALA PRIMARY SCHOOL,,Simiyu,Busega,,
JISESA PRIMARY SCHOOL,,Simiyu,Busega,,
KALAGO PRIMARY SCHOOL,,Simiyu,Busega,,
LAMADI PRIMARY SCHOOL,,Simiyu,Busega,,
LUNALA PRIMARY SCHOOL,,Simiyu,Busega,,
MALANGALE PRIMARY SCHOOL,,Simiyu,Busega,,
MASANGANI PRIMARY SCHOOL,,Simiyu,Busega,,
MKULA PRIMARY SCHOOL,,Simiyu,Busega,,
MWABONJI PRIMARY SCHOOL,,Simiyu,Busega,,
MWAGINDI PRIMARY SCHOOL,,Simiyu,Busega,,
MWAMAGIGISI PRIMARY SCHOOL,,Simiyu,Busega,,
MWAMJULILA PRIMARY SCHOOL,,Simiyu,Busega,,
MWAMUGOBA PRIMARY SCHOOL,,Simiyu,Busega,,
MWASAMBA 'A' PRIMARY SCHOOL,,Simiyu,Busega,,
NGASAMO PRIMARY SCHOOL,,Simiyu,Busega,,
NG'WAMALWILO PRIMARY SCHOOL,,Simiyu,Busega,,
NG'WANHALE PRIMARY SCHOOL,,Simiyu,Busega,,
NYAMAJASHI 'A ' PRIMARY SCHOOL,,Simiyu,Busega,,
THE BETHANY PRIMARY SCHOOL,,Simiyu,Busega,,
ZARIKI PRIMARY SCHOOL,,Simiyu,Busega,,
BUDALABUJIGA 'A' PRIMARY SCHOOL,,Simiyu,Itilima,,
BUMERA PRIMARY SCHOOL,,Simiyu,Itilima,,
CHINAMILI PRIMARY SCHOOL,,Simiyu,Itilima,,
GAMBASINGU 'A' PRIMARY SCHOOL,,Simiyu,Itilima,,
HABIYA PRIMARY SCHOOL,,Simiyu,Itilima,,
IKUNGULIPU 'A' PRIMARY SCHOOL,,Simiyu,Itilima,,
IPILILI PRIMARY SCHOOL,,Simiyu,Itilima,,
KIMALI PRIMARY SCHOOL,,Simiyu,Itilima,,
LAINI 'A' PRIMARY SCHOOL,,Simiyu,Itilima,,
LALI PRIMARY SCHOOL,,Simiyu,Itilima,,
LUNG'WA PRIMARY SCHOOL,,Simiyu,Itilima,,
MAKUTANO PRIMARY SCHOOL,,Simiyu,Itilima,,
MIGATO PRIMARY SCHOOL,,Simiyu,Itilima,,
MWAMIGAGANI PRIMARY SCHOOL,,Simiyu,Itilima,,
MWAMUNEMHA PRIMARY SCHOOL,,Simiyu,Itilima,,
MWANHUNDA PRIMARY SCHOOL,,Simiyu,Itilima,,
MWAOGAMA PRIMARY SCHOOL,,Simiyu,Itilima,,
NANGA 'B' PRIMARY SCHOOL,,Simiyu,Itilima,,
NGEME PRIMARY SCHOOL,,Simiyu,Itilima,,
NGUNO PRIMARY SCHOOL,,Simiyu,Itilima,,
NG'WALALI PRIMARY SCHOOL,,Simiyu,Itilima,,
NG'WANG'WITA 'B' PRIMARY SCHOOL,,Simiyu,Itilima,,
NJALU-MWANDULU PRIMARY SCHOOL,,Simiyu,Itilima,,
NKOMA 'B' PRIMARY SCHOOL,,Simiyu,Itilima,,
NYAMALAPA PRIMARY SCHOOL,,Simiyu,Itilima,,
SAGATA PRIMARY SCHOOL,,Simiyu,Itilima,,
SAWIDA 'B' PRIMARY SCHOOL,,Simiyu,Itilima,,
SIMIYU PRIMARY SCHOOL,,Simiyu,Itilima,,
ZAGAYU PRIMARY SCHOOL,,Simiyu,Itilima,,
BUDALABUJIGA 'B' PRIMARY SCHOOL,,Simiyu,Itilima,,
BUNAMHALA ITILIMA PRIMARY SCHOOL,,Simiyu,Itilima,,
DASINA 'A' PRIMARY SCHOOL,,Simiyu,Itilima,,
GAMBASINGU 'B' PRIMARY SCHOOL,,Simiyu,Itilima,,
IDOSELO PRIMARY SCHOOL,,Simiyu,Itilima,,
IKUNGULIPU 'B' PRIMARY SCHOOL,,Simiyu,Itilima,,
KASHISHI PRIMARY SCHOOL,,Simiyu,Itilima,,
KINANG'WELI PRIMARY SCHOOL,,Simiyu,Itilima,,
LAINI 'B' PRIMARY SCHOOL,,Simiyu,Itilima,,
LONGALOMBOGO PRIMARY SCHOOL,,Simiyu,Itilima,,
MADILANA PRIMARY SCHOOL,,Simiyu,Itilima,,
MANASUBI PRIMARY SCHOOL,,Simiyu,Itilima,,
MITOBO PRIMARY SCHOOL,,Simiyu,Itilima,,
MWAKILANGI PRIMARY SCHOOL,,Simiyu,Itilima,,
MWAMTANI 'A' PRIMARY SCHOOL,,Simiyu,Itilima,,
MWAMUNGESHA PRIMARY SCHOOL,,Simiyu,Itilima,,
MWANUNUI PRIMARY SCHOOL,,Simiyu,Itilima,,
MWASWALE PRIMARY SCHOOL,,Simiyu,Itilima,,
NANGALE PRIMARY SCHOOL,,Simiyu,Itilima,,
NG'WABUKI PRIMARY SCHOOL,,Simiyu,Itilima,,
NG'WALUSHU PRIMARY SCHOOL,,Simiyu,Itilima,,
NHOBORA 'A' PRIMARY SCHOOL,,Simiyu,Itilima,,
NKOLOLO ITILIMA PRIMARY SCHOOL,,Simiyu,Itilima,,
NKUYU PRIMARY SCHOOL,,Simiyu,Itilima,,
SALI PRIMARY SCHOOL,,Simiyu,Itilima,,
SENANI PRIMARY SCHOOL,,Simiyu,Itilima,,
SUNZULA 'A' PRIMARY SCHOOL,,Simiyu,Itilima,,
ZANZUI PRIMARY SCHOOL,,Simiyu,Itilima,,
BUNAMHALA MB PRIMARY SCHOOL,,Simiyu,Itilima,,
DASINA 'B' PRIMARY SCHOOL,,Simiyu,Itilima,,
GASWA PRIMARY SCHOOL,,Simiyu,Itilima,,
IKINDILO PRIMARY SCHOOL,,Simiyu,Itilima,,
INALO PRIMARY SCHOOL,,Simiyu,Itilima,,
ITUBILO PRIMARY SCHOOL,,Simiyu,Itilima,,
KIDULA PRIMARY SCHOOL,,Simiyu,Itilima,,
LAGANGABILILI PRIMARY SCHOOL,,Simiyu,Itilima,,
LALANG'OMBE PRIMARY SCHOOL,,Simiyu,Itilima,,
LUGURU PRIMARY SCHOOL,,Simiyu,Itilima,,
MAHEMBE PRIMARY SCHOOL,,Simiyu,Itilima,,
MHUNZE PRIMARY SCHOOL,,Simiyu,Itilima,,
MUSOMA PRIMARY SCHOOL,,Simiyu,Itilima,,
MWAMAPALALA MSETO PRIMARY SCHOOL,,Simiyu,Itilima,,
MWAMTANI 'B' PRIMARY SCHOOL,,Simiyu,Itilima,,
MWAMUNHU PRIMARY SCHOOL,,Simiyu,Itilima,,
MWANYITANGA PRIMARY SCHOOL,,Simiyu,Itilima,,
NANGA 'A' PRIMARY SCHOOL,,Simiyu,Itilima,,
NDOLELEJI PRIMARY SCHOOL,,Simiyu,Itilima,,
NG'HOMANGO PRIMARY SCHOOL,,Simiyu,Itilima,,
NG'WAGINDU PRIMARY SCHOOL,,Simiyu,Itilima,,
NG'WANG'WITA 'A' PRIMARY SCHOOL,,Simiyu,Itilima,,
NHOBORA 'B' PRIMARY SCHOOL,,Simiyu,Itilima,,
NKOMA 'A' PRIMARY SCHOOL,,Simiyu,Itilima,,
NYANTUGUTU PRIMARY SCHOOL,,Simiyu,Itilima,,
SAWIDA 'A' PRIMARY SCHOOL,,Simiyu,Itilima,,
SUNZULA 'B' PRIMARY SCHOOL,,Simiyu,Itilima,,
BUGARAMA PRIMARY SCHOOL,,Simiyu,Maswa,,
BUKANGILIJA PRIMARY SCHOOL,,Simiyu,Maswa,,
BUSHASHI PRIMARY SCHOOL,,Simiyu,Maswa,,
BUYUBI PRIMARY SCHOOL,,Simiyu,Maswa,,
GULA PRIMARY SCHOOL,,Simiyu,Maswa,,
HINDUKI-'S' PRIMARY SCHOOL,,Simiyu,Maswa,,
IGUNYA PRIMARY SCHOOL,,Simiyu,Maswa,,
IKUNGULYANKOMA PRIMARY SCHOOL,,Simiyu,Maswa,,
INENWA PRIMARY SCHOOL,,Simiyu,Maswa,,
ISULILO PRIMARY SCHOOL,,Simiyu,Maswa,,
JIHU PRIMARY SCHOOL,,Simiyu,Maswa,,
JILAGO PRIMARY SCHOOL,,Simiyu,Maswa,,
KIDABU PRIMARY SCHOOL,,Simiyu,Maswa,,
KULIMI PRIMARY SCHOOL,,Simiyu,Maswa,,
MALAMPAKA PRIMARY SCHOOL,,Simiyu,Maswa,,
MASANWA PRIMARY SCHOOL,,Simiyu,Maswa,,
MATALAMBULI PRIMARY SCHOOL,,Simiyu,Maswa,,
MWABADIMI PRIMARY SCHOOL,,Simiyu,Maswa,,
MWABUKI PRIMARY SCHOOL,,Simiyu,Maswa,,
MWADILA-'B' PRIMARY SCHOOL,,Simiyu,Maswa,,
MWAKABEYA PRIMARY SCHOOL,,Simiyu,Maswa,,
MWAMASHINDIKE PRIMARY SCHOOL,,Simiyu,Maswa,,
MWANDETE PRIMARY SCHOOL,,Simiyu,Maswa,,
MWANG'HONOLI PRIMARY SCHOOL,,Simiyu,Maswa,,
MWANUNDI PRIMARY SCHOOL,,Simiyu,Maswa,,
MWASITA PRIMARY SCHOOL,,Simiyu,Maswa,,
MWAWAYI PRIMARY SCHOOL,,Simiyu,Maswa,,
NG'HUNGU PRIMARY SCHOOL,,Simiyu,Maswa,,
NGULIGULI PRIMARY SCHOOL,,Simiyu,Maswa,,
NTUZU PRIMARY SCHOOL,,Simiyu,Maswa,,
NYANGUGANWA PRIMARY SCHOOL,,Simiyu,Maswa,,
SANGAMWALUGESHA PRIMARY SCHOOL,,Simiyu,Maswa,,
SHINYANGA PRIMARY SCHOOL,,Simiyu,Maswa,,
SOMANDA PRIMARY SCHOOL,,Simiyu,Maswa,,
SULU PRIMARY SCHOOL,,Simiyu,Maswa,,
BINZA PRIMARY SCHOOL,,Simiyu,Maswa,,
BUHANGIJA PRIMARY SCHOOL,,Simiyu,Maswa,,
BUKIGI PRIMARY SCHOOL,,Simiyu,Maswa,,
BUSHITARA PRIMARY SCHOOL,,Simiyu,Maswa,,
CASSAJO PRIMARY SCHOOL,,Simiyu,Maswa,,
DULUNG'WA PRIMARY SCHOOL,,Simiyu,Maswa,,
GUMALI PRIMARY SCHOOL,,Simiyu,Maswa,,
ILAMATA PRIMARY SCHOOL,,Simiyu,Maswa,,
IPILILO-'A' PRIMARY SCHOOL,,Simiyu,Maswa,,
ISANGA PRIMARY SCHOOL,,Simiyu,Maswa,,
IWELIMO PRIMARY SCHOOL,,Simiyu,Maswa,,
JIJA-'A' PRIMARY SCHOOL,,Simiyu,Maswa,,
KADOTO PRIMARY SCHOOL,,Simiyu,Maswa,,
KIDAGANDA PRIMARY SCHOOL,,Simiyu,Maswa,,
KINAMWIGULU PRIMARY SCHOOL,,Simiyu,Maswa,,
LALAGO-NJE PRIMARY SCHOOL,,Simiyu,Maswa,,
MALITA PRIMARY SCHOOL,,Simiyu,Maswa,,
MASELA PRIMARY SCHOOL,,Simiyu,Maswa,,
MBARAGANE PRIMARY SCHOOL,,Simiyu,Maswa,,
MPINDO PRIMARY SCHOOL,,Simiyu,Maswa,,
MWABAGALU-'S' PRIMARY SCHOOL,,Simiyu,Maswa,,
MWABULIMBU PRIMARY SCHOOL,,Simiyu,Maswa,,
MWAFA PRIMARY SCHOOL,,Simiyu,Maswa,,
MWAKIDIGA PRIMARY SCHOOL,,Simiyu,Maswa,,
MWAMANENGE-'A' PRIMARY SCHOOL,,Simiyu,Maswa,,
MWAMIHANZA PRIMARY SCHOOL,,Simiyu,Maswa,,
MWANHEGELE PRIMARY SCHOOL,,Simiyu,Maswa,,
MWASAYI PRIMARY SCHOOL,,Simiyu,Maswa,,
MWATIGI PRIMARY SCHOOL,,Simiyu,Maswa,,
NG'HAMI PRIMARY SCHOOL,,Simiyu,Maswa,,
NGONGWA PRIMARY SCHOOL,,Simiyu,Maswa,,
NHELELA PRIMARY SCHOOL,,Simiyu,Maswa,,
NYABUBINZA PRIMARY SCHOOL,,Simiyu,Maswa,,
SANGAMWAMPUYA PRIMARY SCHOOL,,Simiyu,Maswa,,
SENG'WA PRIMARY SCHOOL,,Simiyu,Maswa,,
SHISHIYU PRIMARY SCHOOL,,Simiyu,Maswa,,
ST JOSEPHINE BAKHITA PRIMARY SCHOOL,,Simiyu,Maswa,,
WIGELEKELO PRIMARY SCHOOL,,Simiyu,Maswa,,
ZAWA PRIMARY SCHOOL,,Simiyu,Maswa,,
BUDEKWA PRIMARY SCHOOL,,Simiyu,Maswa,,
BUSAMUDA PRIMARY SCHOOL,,Simiyu,Maswa,,
BUTALWA PRIMARY SCHOOL,,Simiyu,Maswa,,
DEKAPOLI PRIMARY SCHOOL,,Simiyu,Maswa,,
FUNIKA PRIMARY SCHOOL,,Simiyu,Maswa,,
HINDUKI-'M' PRIMARY SCHOOL,,Simiyu,Maswa,,
IKUNGU PRIMARY SCHOOL,,Simiyu,Maswa,,
ILAMBAMBASA PRIMARY SCHOOL,,Simiyu,Maswa,,
IPILILO-'B' PRIMARY SCHOOL,,Simiyu,Maswa,,
ISHIMA PRIMARY SCHOOL,,Simiyu,Maswa,,
JIJA-'B' PRIMARY SCHOOL,,Simiyu,Maswa,,
KAKOLA PRIMARY SCHOOL,,Simiyu,Maswa,,
KIDEMA PRIMARY SCHOOL,,Simiyu,Maswa,,
KIZUNGU PRIMARY SCHOOL,,Simiyu,Maswa,,
LALAGO-UFUNDI PRIMARY SCHOOL,,Simiyu,Maswa,,
MALAMPAKA 'B' PRIMARY SCHOOL,,Simiyu,Maswa,,
MANDANG'OMBE PRIMARY SCHOOL,,Simiyu,Maswa,,
MASWA PRIMARY SCHOOL,,Simiyu,Maswa,,
MUHIDA PRIMARY SCHOOL,,Simiyu,Maswa,,
MWABARATURU PRIMARY SCHOOL,,Simiyu,Maswa,,
MWABUJIKU PRIMARY SCHOOL,,Simiyu,Maswa,,
MWADILA-'A' PRIMARY SCHOOL,,Simiyu,Maswa,,
MWAFUMBUKA PRIMARY SCHOOL,,Simiyu,Maswa,,
MWAKULILIMA PRIMARY SCHOOL,,Simiyu,Maswa,,
MWAMANENGE-'B' PRIMARY SCHOOL,,Simiyu,Maswa,,
MWAMITUMAI PRIMARY SCHOOL,,Simiyu,Maswa,,
MWANG'ANDA PRIMARY SCHOOL,,Simiyu,Maswa,,
MWANINDO PRIMARY SCHOOL,,Simiyu,Maswa,,
MWASHEGESHI PRIMARY SCHOOL,,Simiyu,Maswa,,
MWATUMBE PRIMARY SCHOOL,,Simiyu,Maswa,,
NGUDU PRIMARY SCHOOL,,Simiyu,Maswa,,
NZAGAMO PRIMARY SCHOOL,,Simiyu,Maswa,,
SAYUSAYU PRIMARY SCHOOL,,Simiyu,Maswa,,
SHANWA PRIMARY SCHOOL,,Simiyu,Maswa,,
SOLA PRIMARY SCHOOL,,Simiyu,Maswa,,
SULIGI PRIMARY SCHOOL,,Simiyu,Maswa,,
ZABAZABA PRIMARY SCHOOL,,Simiyu,Maswa,,
ZEBEYA PRIMARY SCHOOL,,Simiyu,Maswa,,
BALULI PRIMARY SCHOOL,,Simiyu,Meatu,,
BUKUNDI PRIMARY SCHOOL,,Simiyu,Meatu,,
BUSIA PRIMARY SCHOOL,,Simiyu,Meatu,,
DAKAMA PRIMARY SCHOOL,,Simiyu,Meatu,,
IGUSHILU PRIMARY SCHOOL,,Simiyu,Meatu,,
IKONDO PRIMARY SCHOOL,,Simiyu,Meatu,,
IRAMBA-NDOGO PRIMARY SCHOOL,,Simiyu,Meatu,,
ISEBANDA PRIMARY SCHOOL,,Simiyu,Meatu,,
ITONGOLYANGAMBA PRIMARY SCHOOL,,Simiyu,Meatu,,
KASALA PRIMARY SCHOOL,,Simiyu,Meatu,,
LINGEKA PRIMARY SCHOOL,,Simiyu,Meatu,,
LUKALE PRIMARY SCHOOL,,Simiyu,Meatu,,
MAKOMANGWA PRIMARY SCHOOL,,Simiyu,Meatu,,
MALWILO-MNADANI PRIMARY SCHOOL,,Simiyu,Meatu,,
MBUSHI PRIMARY SCHOOL,,Simiyu,Meatu,,
MING'ONGWA PRIMARY SCHOOL,,Simiyu,Meatu,,
MWABAGIMU PRIMARY SCHOOL,,Simiyu,Meatu,,
MWABULUTAGO PRIMARY SCHOOL,,Simiyu,Meatu,,
MWABUZO PRIMARY SCHOOL,,Simiyu,Meatu,,
MWAGENI PRIMARY SCHOOL,,Simiyu,Meatu,,
MWAJIMOSO PRIMARY SCHOOL,,Simiyu,Meatu,,
MWAKIPOPO PRIMARY SCHOOL,,Simiyu,Meatu,,
MWAKISANDU-'B' PRIMARY SCHOOL,,Simiyu,Meatu,,
MWAMANIMBA PRIMARY SCHOOL,,Simiyu,Meatu,,
MWAMBITI PRIMARY SCHOOL,,Simiyu,Meatu,,
MWANDOYA PRIMARY SCHOOL,,Simiyu,Meatu,,
MWANDU-KISESA PRIMARY SCHOOL,,Simiyu,Meatu,,
MWANGUDO PRIMARY SCHOOL,,Simiyu,Meatu,,
MWANJOLO PRIMARY SCHOOL,,Simiyu,Meatu,,
MWANZAGAMBA PRIMARY SCHOOL,,Simiyu,Meatu,,
MWASHATA PRIMARY SCHOOL,,Simiyu,Meatu,,
NG'HANGA PRIMARY SCHOOL,,Simiyu,Meatu,,
NGUGUNU PRIMARY SCHOOL,,Simiyu,Meatu,,
NYANZA PRIMARY SCHOOL,,Simiyu,Meatu,,
PANAEL PRIMARY SCHOOL,,Simiyu,Meatu,,
SANGA-ITINJE PRIMARY SCHOOL,,Simiyu,Meatu,,
SHUSHUNI PRIMARY SCHOOL,,Simiyu,Meatu,,
USIULIZE PRIMARY SCHOOL,,Simiyu,Meatu,,
BULYASHI-'A' PRIMARY SCHOOL,,Simiyu,Meatu,,
BUTULI PRIMARY SCHOOL,,Simiyu,Meatu,,
IKIGIJO PRIMARY SCHOOL,,Simiyu,Meatu,,
IMALASEKO PRIMARY SCHOOL,,Simiyu,Meatu,,
JINAMO PRIMARY SCHOOL,,Simiyu,Meatu,,
LONGALONHIGA PRIMARY SCHOOL,,Simiyu,Meatu,,
MABAMBASI PRIMARY SCHOOL,,Simiyu,Meatu,,
MALUGALA PRIMARY SCHOOL,,Simiyu,Meatu,,
MANG'WINA PRIMARY SCHOOL,,Simiyu,Meatu,,
MBALAGANE PRIMARY SCHOOL,,Simiyu,Meatu,,
MINYANDA PRIMARY SCHOOL,,Simiyu,Meatu,,
MWABAGOSHA PRIMARY SCHOOL,,Simiyu,Meatu,,
MWABUMA PRIMARY SCHOOL,,Simiyu,Meatu,,
MWAFUGUJI PRIMARY SCHOOL,,Simiyu,Meatu,,
MWAGWILA PRIMARY SCHOOL,,Simiyu,Meatu,,
MWAKALUBA PRIMARY SCHOOL,,Simiyu,Meatu,,
MWAKIPUGILA PRIMARY SCHOOL,,Simiyu,Meatu,,
MWAMAGEMBE PRIMARY SCHOOL,,Simiyu,Meatu,,
MWAMANONGU PRIMARY SCHOOL,,Simiyu,Meatu,,
MWAMATIGA PRIMARY SCHOOL,,Simiyu,Meatu,,
MWAMHONGO PRIMARY SCHOOL,,Simiyu,Meatu,,
MWANDU IKINDILO PRIMARY SCHOOL,,Simiyu,Meatu,,
MWANG'HUMBI PRIMARY SCHOOL,,Simiyu,Meatu,,
MWANHUZI PRIMARY SCHOOL,,Simiyu,Meatu,,
MWANYAGULA PRIMARY SCHOOL,,Simiyu,Meatu,,
MWANZUGI PRIMARY SCHOOL,,Simiyu,Meatu,,
MWAUKOLI PRIMARY SCHOOL,,Simiyu,Meatu,,
NG'HOBOKO PRIMARY SCHOOL,,Simiyu,Meatu,,
NKOMA PRIMARY SCHOOL,,Simiyu,Meatu,,
NZANZA PRIMARY SCHOOL,,Simiyu,Meatu,,
SAKASAKA-'A' PRIMARY SCHOOL,,Simiyu,Meatu,,
SAPA PRIMARY SCHOOL,,Simiyu,Meatu,,
WITAMHIYA PRIMARY SCHOOL,,Simiyu,Meatu,,
BULYASHI-'B' PRIMARY SCHOOL,,Simiyu,Meatu,,
CHAMBALA PRIMARY SCHOOL,,Simiyu,Meatu,,
IGOBE PRIMARY SCHOOL,,Simiyu,Meatu,,
IKIGIJO-NKOMA PRIMARY SCHOOL,,Simiyu,Meatu,,
ITABA PRIMARY SCHOOL,,Simiyu,Meatu,,
KABONDO PRIMARY SCHOOL,,Simiyu,Meatu,,
LATA PRIMARY SCHOOL,,Simiyu,Meatu,,
LUBIGA PRIMARY SCHOOL,,Simiyu,Meatu,,
MAKAO PRIMARY SCHOOL,,Simiyu,Meatu,,
MALWILO PRIMARY SCHOOL,,Simiyu,Meatu,,
MASANGA PRIMARY SCHOOL,,Simiyu,Meatu,,
MBUGAYABANG'HYA PRIMARY SCHOOL,,Simiyu,Meatu,,
MHUMUNU PRIMARY SCHOOL,,Simiyu,Meatu,,
MSHIKAMANO 'B' PRIMARY SCHOOL,,Simiyu,Meatu,,
MWABAGALU PRIMARY SCHOOL,,Simiyu,Meatu,,
MWABALEBI PRIMARY SCHOOL,,Simiyu,Meatu,,
MWABUSALU PRIMARY SCHOOL,,Simiyu,Meatu,,
MWAGAYI PRIMARY SCHOOL,,Simiyu,Meatu,,
MWAJIDALALA PRIMARY SCHOOL,,Simiyu,Meatu,,
MWAKASUMBI PRIMARY SCHOOL,,Simiyu,Meatu,,
MWAKISANDU-'A' PRIMARY SCHOOL,,Simiyu,Meatu,,
MWAMALOLE PRIMARY SCHOOL,,Simiyu,Meatu,,
MWAMANONI PRIMARY SCHOOL,,Simiyu,Meatu,,
MWAMBEGWA PRIMARY SCHOOL,,Simiyu,Meatu,,
MWAMISHALI PRIMARY SCHOOL,,Simiyu,Meatu,,
MWANDU-ITINJE PRIMARY SCHOOL,,Simiyu,Meatu,,
MWANGIKULU PRIMARY SCHOOL,,Simiyu,Meatu,,
MWANINDWA PRIMARY SCHOOL,,Simiyu,Meatu,,
MWANYAHINA PRIMARY SCHOOL,,Simiyu,Meatu,,
MWASENGELA PRIMARY SCHOOL,,Simiyu,Meatu,,
NATA PRIMARY SCHOOL,,Simiyu,Meatu,,
NG'HUNGULU PRIMARY SCHOOL,,Simiyu,Meatu,,
NTOBO PRIMARY SCHOOL,,Simiyu,Meatu,,
PAJI PRIMARY SCHOOL,,Simiyu,Meatu,,
SAKASAKA-'B' PRIMARY SCHOOL,,Simiyu,Meatu,,
SEMU PRIMARY SCHOOL,,Simiyu,Meatu,,
TINDABULIGI PRIMARY SCHOOL,,Simiyu,Meatu,,
BIHARAMULO 'A' PRIMARY SCHOOL,,Kagera,Biharamulo,,
ILOGANZALA PRIMARY SCHOOL,,Kagera,Biharamulo,,
IYENGAMULILO 'B' PRIMARY SCHOOL,,Kagera,Biharamulo,,
KABUKOME PRIMARY SCHOOL,,Kagera,Biharamulo,,
KAGONDO 'B' PRIMARY SCHOOL,,Kagera,Biharamulo,,
KANIHA PRIMARY SCHOOL,,Kagera,Biharamulo,,
KARUGWETE PRIMARY SCHOOL,,Kagera,Biharamulo,,
KASOZIBAKAYA 'A' PRIMARY SCHOOL,,Kagera,Biharamulo,,
KATAHOKA PRIMARY SCHOOL,,Kagera,Biharamulo,,
KIBALE PRIMARY SCHOOL,,Kagera,Biharamulo,,
KIRURUMA 'B' PRIMARY SCHOOL,,Kagera,Biharamulo,,
KISUNO PRIMARY SCHOOL,,Kagera,Biharamulo,,
KUMSALI 'A' PRIMARY SCHOOL,,Kagera,Biharamulo,,
LUSAHUNGA PRIMARY SCHOOL,,Kagera,Biharamulo,,
MBINDI PRIMARY SCHOOL,,Kagera,Biharamulo,,
MIHONGORA PRIMARY SCHOOL,,Kagera,Biharamulo,,
MUSENYI PRIMARY SCHOOL,,Kagera,Biharamulo,,
NTUMAGU 'A' PRIMARY SCHOOL,,Kagera,Biharamulo,,
NYABUGOMBE PRIMARY SCHOOL,,Kagera,Biharamulo,,
NYAKAFUNDIKWA PRIMARY SCHOOL,,Kagera,Biharamulo,,
NYAKANAZI PRIMARY SCHOOL,,Kagera,Biharamulo,,
NYAKAYENZE PRIMARY SCHOOL,,Kagera,Biharamulo,,
NYAMALAGALA PRIMARY SCHOOL,,Kagera,Biharamulo,,
NYAMIGERE 'A' PRIMARY SCHOOL,,Kagera,Biharamulo,,
NYAMIGOGO 'B' PRIMARY SCHOOL,,Kagera,Biharamulo,,
NYARUBUNGO PRIMARY SCHOOL,,Kagera,Biharamulo,,
RUGANZU PRIMARY SCHOOL,,Kagera,Biharamulo,,
RUNAZI PRIMARY SCHOOL,,Kagera,Biharamulo,,
RUZIBA PRIMARY SCHOOL,,Kagera,Biharamulo,,
UMOJA 'B' PRIMARY SCHOOL,,Kagera,Biharamulo,,
BIHARAMULO 'B' PRIMARY SCHOOL,,Kagera,Biharamulo,,
CHAKITARAGU PRIMARY SCHOOL,,Kagera,Biharamulo,,
GWESERO PRIMARY SCHOOL,,Kagera,Biharamulo,,
ISAMBARA PRIMARY SCHOOL,,Kagera,Biharamulo,,
KABINDI 'B' PRIMARY SCHOOL,,Kagera,Biharamulo,,
KAGOMA PRIMARY SCHOOL,,Kagera,Biharamulo,,
KALENGE PRIMARY SCHOOL,,Kagera,Biharamulo,,
KANYONI PRIMARY SCHOOL,,Kagera,Biharamulo,,
KASATO PRIMARY SCHOOL,,Kagera,Biharamulo,,
KASOZIBAKAYA 'B' PRIMARY SCHOOL,,Kagera,Biharamulo,,
KATERELA PRIMARY SCHOOL,,Kagera,Biharamulo,,
KIKOMAKOMA PRIMARY SCHOOL,,Kagera,Biharamulo,,
KISENGA PRIMARY SCHOOL,,Kagera,Biharamulo,,
KITWECHEMBOGO PRIMARY SCHOOL,,Kagera,Biharamulo,,
KUMSALI 'B' PRIMARY SCHOOL,,Kagera,Biharamulo,,
MAVOTA 'A' PRIMARY SCHOOL,,Kagera,Biharamulo,,
MIDAHO PRIMARY SCHOOL,,Kagera,Biharamulo,,
MINZANI PRIMARY SCHOOL,,Kagera,Biharamulo,,
MPAGO PRIMARY SCHOOL,,Kagera,Biharamulo,,
NEMBA 'B' PRIMARY SCHOOL,,Kagera,Biharamulo,,
NTUMAGU 'B' PRIMARY SCHOOL,,Kagera,Biharamulo,,
NYABUSOZI 'A' PRIMARY SCHOOL,,Kagera,Biharamulo,,
NYAKAHAMA PRIMARY SCHOOL,,Kagera,Biharamulo,,
NYAKASENGA PRIMARY SCHOOL,,Kagera,Biharamulo,,
NYAMAZIKE PRIMARY SCHOOL,,Kagera,Biharamulo,,
NYAMIGERE 'B' PRIMARY SCHOOL,,Kagera,Biharamulo,,
NYANGOZI PRIMARY SCHOOL,,Kagera,Biharamulo,,
RAUDHWA MODERN ISLAMIC PRIMARY SCHOOL,,Kagera,Biharamulo,,
RUGESE PRIMARY SCHOOL,,Kagera,Biharamulo,,
RUSABYA PRIMARY SCHOOL,,Kagera,Biharamulo,,
RWEKUBO 'A' PRIMARY SCHOOL,,Kagera,Biharamulo,,
BISIBO PRIMARY SCHOOL,,Kagera,Biharamulo,,
CHARUGAMBA PRIMARY SCHOOL,,Kagera,Biharamulo,,
ILAGAZA PRIMARY SCHOOL,,Kagera,Biharamulo,,
IYENGAMULILO 'A' PRIMARY SCHOOL,,Kagera,Biharamulo,,
KABINDI PRIMARY SCHOOL,,Kagera,Biharamulo,,
KAGONDO 'A' PRIMARY SCHOOL,,Kagera,Biharamulo,,
KALUGUYU PRIMARY SCHOOL,,Kagera,Biharamulo,,
KAPERANONO PRIMARY SCHOOL,,Kagera,Biharamulo,,
KASILO PRIMARY SCHOOL,,Kagera,Biharamulo,,
KASUNO PRIMARY SCHOOL,,Kagera,Biharamulo,,
KATOKE PRIMARY SCHOOL,,Kagera,Biharamulo,,
KIRURUMA 'A' PRIMARY SCHOOL,,Kagera,Biharamulo,,
KISUMA PRIMARY SCHOOL,,Kagera,Biharamulo,,
KIZOTA PRIMARY SCHOOL,,Kagera,Biharamulo,,
LUKOKE PRIMARY SCHOOL,,Kagera,Biharamulo,,
MAFUKWE PRIMARY SCHOOL,,Kagera,Biharamulo,,
MAVOTA 'B' PRIMARY SCHOOL,,Kagera,Biharamulo,,
MIGANGO PRIMARY SCHOOL,,Kagera,Biharamulo,,
MKUNKWA PRIMARY SCHOOL,,Kagera,Biharamulo,,
MSALABANI PRIMARY SCHOOL,,Kagera,Biharamulo,,
MUGERA PRIMARY SCHOOL,,Kagera,Biharamulo,,
MUYOVOZI PRIMARY SCHOOL,,Kagera,Biharamulo,,
NEMBA PRIMARY SCHOOL,,Kagera,Biharamulo,,
NTUNGAMO PRIMARY SCHOOL,,Kagera,Biharamulo,,
NYABUSOZI 'B' PRIMARY SCHOOL,,Kagera,Biharamulo,,
NYAKAHURA PRIMARY SCHOOL,,Kagera,Biharamulo,,
NYAKATUNTU PRIMARY SCHOOL,,Kagera,Biharamulo,,
NYAMAHUNA PRIMARY SCHOOL,,Kagera,Biharamulo,,
NYAMBALE PRIMARY SCHOOL,,Kagera,Biharamulo,,
NYAMIGOGO 'A' PRIMARY SCHOOL,,Kagera,Biharamulo,,
NYANSHIMBA PRIMARY SCHOOL,,Kagera,Biharamulo,,
RUBONDO PRIMARY SCHOOL,,Kagera,Biharamulo,,
RUKORA PRIMARY SCHOOL,,Kagera,Biharamulo,,
RUSENGA PRIMARY SCHOOL,,Kagera,Biharamulo,,
RWEKUBO 'B' PRIMARY SCHOOL,,Kagera,Biharamulo,,
UMOJA 'A' PRIMARY SCHOOL,,Kagera,Biharamulo,,
VICTORY PRIMARY SCHOOL,,Kagera,Biharamulo,,
AL-HUDHAIFA ISLAMIC PRIMARY SCHOOL,,Kagera,Bukoba,,
BUBUGA PRIMARY SCHOOL,,Kagera,Bukoba,,
BUNDAZA PRIMARY SCHOOL,,Kagera,Bukoba,,
BUTAKYA PRIMARY SCHOOL,,Kagera,Bukoba,,
BWAGULA PRIMARY SCHOOL,,Kagera,Bukoba,,
BYEYA PRIMARY SCHOOL,,Kagera,Bukoba,,
ICHWANDIMI PRIMARY SCHOOL,,Kagera,Bukoba,,
ILUHYA PRIMARY SCHOOL,,Kagera,Bukoba,,
ITAHWA PRIMARY SCHOOL,,Kagera,Bukoba,,
KAAGYA PRIMARY SCHOOL,,Kagera,Bukoba,,
KABAGARA PRIMARY SCHOOL,,Kagera,Bukoba,,
KABALENZI PRIMARY SCHOOL,,Kagera,Bukoba,,
KAGASHA ISLAMIC SEMINARY PRIMARY SCHOOL,,Kagera,Bukoba,,
KAIBANJA PRIMARY SCHOOL,,Kagera,Bukoba,,
KALEMA PRIMARY SCHOOL,,Kagera,Bukoba,,
KAMUZORA PRIMARY SCHOOL,,Kagera,Bukoba,,
KANGABUSHARO PRIMARY SCHOOL,,Kagera,Bukoba,,
KARAMAGI PRIMARY SCHOOL,,Kagera,Bukoba,,
KASHANGATI PRIMARY SCHOOL,,Kagera,Bukoba,,
KASHOZI PRIMARY SCHOOL,,Kagera,Bukoba,,
KATEBENGA PRIMARY SCHOOL,,Kagera,Bukoba,,
KATOMA A PRIMARY SCHOOL,,Kagera,Bukoba,,
KATORO PRIMARY SCHOOL,,Kagera,Bukoba,,
KAZINGA PRIMARY SCHOOL,,Kagera,Bukoba,,
KIEMPS PRIMARY SCHOOL,,Kagera,Bukoba,,
KIIJONGO PRIMARY SCHOOL,,Kagera,Bukoba,,
KIKOMELO PRIMARY SCHOOL,,Kagera,Bukoba,,
KISHOGO PRIMARY SCHOOL,,Kagera,Bukoba,,
KOBUKUZA PRIMARY SCHOOL,,Kagera,Bukoba,,
KYAITOKE PRIMARY SCHOOL,,Kagera,Bukoba,,
KYAMWIJUKA PRIMARY SCHOOL,,Kagera,Bukoba,,
KYENGE ISLAMIC PRIMARY SCHOOL,,Kagera,Bukoba,,
LYAMAHORO'M' PRIMARY SCHOOL,,Kagera,Bukoba,,
MIKONI PRIMARY SCHOOL,,Kagera,Bukoba,,
MPUMULO PRIMARY SCHOOL,,Kagera,Bukoba,,
MULAHYA PRIMARY SCHOOL,,Kagera,Bukoba,,
MWEMAGE B PRIMARY SCHOOL,,Kagera,Bukoba,,
NGARAMA PRIMARY SCHOOL,,Kagera,Bukoba,,
NTOMA PRIMARY SCHOOL,,Kagera,Bukoba,,
NYAKATAARE PRIMARY SCHOOL,,Kagera,Bukoba,,
NYAMUJUNANWA PRIMARY SCHOOL,,Kagera,Bukoba,,
OMUBWEYA PRIMARY SCHOOL,,Kagera,Bukoba,,
RUBAFU PRIMARY SCHOOL,,Kagera,Bukoba,,
RUHOKO PRIMARY SCHOOL,,Kagera,Bukoba,,
RUSHAKA 'B' PRIMARY SCHOOL,,Kagera,Bukoba,,
RUTIMBIRO PRIMARY SCHOOL,,Kagera,Bukoba,,
RWINA PRIMARY SCHOOL,,Kagera,Bukoba,,
ST.KIZITO PRIMARY SCHOOL,,Kagera,Bukoba,,
BISHOP NKALANGA PRIMARY SCHOOL,,Kagera,Bukoba,,
BUJUGO PRIMARY SCHOOL,,Kagera,Bukoba,,
BUNYWAMBELE PRIMARY SCHOOL,,Kagera,Bukoba,,
BUTULAGE PRIMARY SCHOOL,,Kagera,Bukoba,,
BWEYENZA PRIMARY SCHOOL,,Kagera,Bukoba,,
IBARAIZIBU PRIMARY SCHOOL,,Kagera,Bukoba,,
IRANGO PRIMARY SCHOOL,,Kagera,Bukoba,,
IZIMBYA PRIMARY SCHOOL,,Kagera,Bukoba,,
KAALILO PRIMARY SCHOOL,,Kagera,Bukoba,,
KABAJUGA PRIMARY SCHOOL,,Kagera,Bukoba,,
KABIRIZI PRIMARY SCHOOL,,Kagera,Bukoba,,
KAISHAZA PRIMARY SCHOOL,,Kagera,Bukoba,,
KAMUKOLE PRIMARY SCHOOL,,Kagera,Bukoba,,
KANAZI 'B' PRIMARY SCHOOL,,Kagera,Bukoba,,
KANSENENE PRIMARY SCHOOL,,Kagera,Bukoba,,
KARONGE PRIMARY SCHOOL,,Kagera,Bukoba,,
KASHANJE PRIMARY SCHOOL,,Kagera,Bukoba,,
KASHULE PRIMARY SCHOOL,,Kagera,Bukoba,,
KATERERO PRIMARY SCHOOL,,Kagera,Bukoba,,
KATOMA B PRIMARY SCHOOL,,Kagera,Bukoba,,
KATUNGA PRIMARY SCHOOL,,Kagera,Bukoba,,
KEMONDO PRIMARY SCHOOL,,Kagera,Bukoba,,
KIGABIRO PRIMARY SCHOOL,,Kagera,Bukoba,,
KIILIMA PRIMARY SCHOOL,,Kagera,Bukoba,,
KILAINI PRIMARY SCHOOL,,Kagera,Bukoba,,
KITAHYA PRIMARY SCHOOL,,Kagera,Bukoba,,
KOBUNSHWI 'B' PRIMARY SCHOOL,,Kagera,Bukoba,,
KYAMPISI PRIMARY SCHOOL,,Kagera,Bukoba,,
KYATABARO PRIMARY SCHOOL,,Kagera,Bukoba,,
KYENGE PRIMARY SCHOOL,,Kagera,Bukoba,,
MAIGA PRIMARY SCHOOL,,Kagera,Bukoba,,
MASHULE 'B' PRIMARY SCHOOL,,Kagera,Bukoba,,
MINAZI PRIMARY SCHOOL,,Kagera,Bukoba,,
MUBEMBE PRIMARY SCHOOL,,Kagera,Bukoba,,
MUSIRA PRIMARY SCHOOL,,Kagera,Bukoba,,
NSHESHE PRIMARY SCHOOL,,Kagera,Bukoba,,
NYAKABULALA PRIMARY SCHOOL,,Kagera,Bukoba,,
NYARUBALE PRIMARY SCHOOL,,Kagera,Bukoba,,
OMUKARAMA PRIMARY SCHOOL,,Kagera,Bukoba,,
RUBALE PRIMARY SCHOOL,,Kagera,Bukoba,,
RUHUNGA PRIMARY SCHOOL,,Kagera,Bukoba,,
RUSHAKA PRIMARY SCHOOL,,Kagera,Bukoba,,
RUZILA PRIMARY SCHOOL,,Kagera,Bukoba,,
RWOGA PRIMARY SCHOOL,,Kagera,Bukoba,,
UHURU JUNIOR PRIMARY SCHOOL,,Kagera,Bukoba,,
BITUNTU PRIMARY SCHOOL,,Kagera,Bukoba,,
BUMAI PRIMARY SCHOOL,,Kagera,Bukoba,,
BUTAINAMWA PRIMARY SCHOOL,,Kagera,Bukoba,,
BUZI PRIMARY SCHOOL,,Kagera,Bukoba,,
BYANDILIMA PRIMARY SCHOOL,,Kagera,Bukoba,,
IBOSA PRIMARY SCHOOL,,Kagera,Bukoba,,
ISHEMBULILO PRIMARY SCHOOL,,Kagera,Bukoba,,
IZIMBYA 'B' PRIMARY SCHOOL,,Kagera,Bukoba,,
KAAZI PRIMARY SCHOOL,,Kagera,Bukoba,,
KAGARAMA PRIMARY SCHOOL,,Kagera,Bukoba,,
KAHYORO PRIMARY SCHOOL,,Kagera,Bukoba,,
KALEEGO PRIMARY SCHOOL,,Kagera,Bukoba,,
KAMULI PRIMARY SCHOOL,,Kagera,Bukoba,,
KANAZI PRIMARY SCHOOL,,Kagera,Bukoba,,
KARAMA PRIMARY SCHOOL,,Kagera,Bukoba,,
KARWOSHE PRIMARY SCHOOL,,Kagera,Bukoba,,
KASHARU PRIMARY SCHOOL,,Kagera,Bukoba,,
KATALE PRIMARY SCHOOL,,Kagera,Bukoba,,
KATOJU PRIMARY SCHOOL,,Kagera,Bukoba,,
KATONGO PRIMARY SCHOOL,,Kagera,Bukoba,,
KIBIRIZI PRIMARY SCHOOL,,Kagera,Bukoba,,
KIHUMULO PRIMARY SCHOOL,,Kagera,Bukoba,,
KIKAGATI PRIMARY SCHOOL,,Kagera,Bukoba,,
KILIMILILE B PRIMARY SCHOOL,,Kagera,Bukoba,,
KITWE PRIMARY SCHOOL,,Kagera,Bukoba,,
KOBUNSHWI PRIMARY SCHOOL,,Kagera,Bukoba,,
KYAMULAILE PRIMARY SCHOOL,,Kagera,Bukoba,,
KYEMBALE PRIMARY SCHOOL,,Kagera,Bukoba,,
LYAMAHORO A PRIMARY SCHOOL,,Kagera,Bukoba,,
MAKONGE PRIMARY SCHOOL,,Kagera,Bukoba,,
MASHULE PRIMARY SCHOOL,,Kagera,Bukoba,,
MISHENYE PRIMARY SCHOOL,,Kagera,Bukoba,,
MUGAJWALE PRIMARY SCHOOL,,Kagera,Bukoba,,
MWEMAGE A PRIMARY SCHOOL,,Kagera,Bukoba,,
NTOMA LUTHERAN PRIMARY SCHOOL,,Kagera,Bukoba,,
NYABUSHOZI PRIMARY SCHOOL,,Kagera,Bukoba,,
NYAKAJU PRIMARY SCHOOL,,Kagera,Bukoba,,
NYAKIGANDO PRIMARY SCHOOL,,Kagera,Bukoba,,
NYARUYOJWE PRIMARY SCHOOL,,Kagera,Bukoba,,
OMUKIHISI PRIMARY SCHOOL,,Kagera,Bukoba,,
RUGAZE PRIMARY SCHOOL,,Kagera,Bukoba,,
RUKOMA PRIMARY SCHOOL,,Kagera,Bukoba,,
RUTETE PRIMARY SCHOOL,,Kagera,Bukoba,,
RWAKAGONGO PRIMARY SCHOOL,,Kagera,Bukoba,,
SHEIKHE MUSTAPHA MEMORIAL PRIMARY SCHOOL,,Kagera,Bukoba,,
ADOLPH KOLPING PRIMARY SCHOOL,,Kagera,Bukoba Mc,,
BISHOP CAESER PRIMARY SCHOOL,,Kagera,Bukoba Mc,,
BUNENA PRIMARY SCHOOL,,Kagera,Bukoba Mc,,
HENRY PRIMARY SCHOOL,,Kagera,Bukoba Mc,,
ISTIQAAMA ISLAMIC PRIMARY SCHOOL,,Kagera,Bukoba Mc,,
KAIZIREGE PRIMARY SCHOOL,,Kagera,Bukoba Mc,,
KASHENGE PRIMARY SCHOOL,,Kagera,Bukoba Mc,,
KIBETA PRIMARY SCHOOL,,Kagera,Bukoba Mc,,
KYAKAILABWA PRIMARY SCHOOL,,Kagera,Bukoba Mc,,
MPINZILE PRIMARY SCHOOL,,Kagera,Bukoba Mc,,
MUSHEMBA TRINITY PRIMARY SCHOOL,,Kagera,Bukoba Mc,,
QUDUS ISLAMIC PRIMARY SCHOOL,,Kagera,Bukoba Mc,,
RWEMISHASHA B PRIMARY SCHOOL,,Kagera,Bukoba Mc,,
BUGAMBAKAMOI PRIMARY SCHOOL,,Kagera,Bukoba Mc,,
BUYEKERA PRIMARY SCHOOL,,Kagera,Bukoba Mc,,
HAIDERY PRIMARY SCHOOL,,Kagera,Bukoba Mc,,
IBURA PRIMARY SCHOOL,,Kagera,Bukoba Mc,,
JAFFERY PRIMARY SCHOOL,,Kagera,Bukoba Mc,,
KASHABO PRIMARY SCHOOL,,Kagera,Bukoba Mc,,
KEMEBOS PRIMARY SCHOOL,,Kagera,Bukoba Mc,,
KITENDAGURO PRIMARY SCHOOL,,Kagera,Bukoba Mc,,
LAKE-VIEW PRIMARY SCHOOL,,Kagera,Bukoba Mc,,
MUGEZA-MSETO PRIMARY SCHOOL,,Kagera,Bukoba Mc,,
NSHAMBYA PRIMARY SCHOOL,,Kagera,Bukoba Mc,,
RUMULI PRIMARY SCHOOL,,Kagera,Bukoba Mc,,
RWEMISHASHA PRIMARY SCHOOL,,Kagera,Bukoba Mc,,
ZAMZAM PRIMARY SCHOOL,,Kagera,Bukoba Mc,,
BILELE PRIMARY SCHOOL,,Kagera,Bukoba Mc,,
BUHEMBE PRIMARY SCHOOL,,Kagera,Bukoba Mc,,
BYABATO PRIMARY SCHOOL,,Kagera,Bukoba Mc,,
HAPPY PRIMARY SCHOOL,,Kagera,Bukoba Mc,,
IHUNGO PRIMARY SCHOOL,,Kagera,Bukoba Mc,,
KAHORORO PRIMARY SCHOOL,,Kagera,Bukoba Mc,,
KASHAI PRIMARY SCHOOL,,Kagera,Bukoba Mc,,
KIBETA ELCT PRIMARY SCHOOL,,Kagera,Bukoba Mc,,
KITEYAGWA PRIMARY SCHOOL,,Kagera,Bukoba Mc,,
MAFUMBO PRIMARY SCHOOL,,Kagera,Bukoba Mc,,
MUGEZA-VIZIWI PRIMARY SCHOOL,,Kagera,Bukoba Mc,,
NYAMKAZI PRIMARY SCHOOL,,Kagera,Bukoba Mc,,
RWAMISHENYE PRIMARY SCHOOL,,Kagera,Bukoba Mc,,
ST. GERLADINA PRIMARY SCHOOL,,Kagera,Bukoba Mc,,
AHAKAKUNYU PRIMARY SCHOOL,,Kagera,Karagwe,,
AHAMULAMA PRIMARY SCHOOL,,Kagera,Karagwe,,
BITARAKA PRIMARY SCHOOL,,Kagera,Karagwe,,
BUGENE PRIMARY SCHOOL,,Kagera,Karagwe,,
BUKABARA PRIMARY SCHOOL,,Kagera,Karagwe,,
BWIKIZO PRIMARY SCHOOL,,Kagera,Karagwe,,
HOSIANA PRIMARY SCHOOL,,Kagera,Karagwe,,
IHEMBE PRIMARY SCHOOL,,Kagera,Karagwe,,
KAFUNJO PRIMARY SCHOOL,,Kagera,Karagwe,,
KAHANGA PRIMARY SCHOOL,,Kagera,Karagwe,,
KAKIRO PRIMARY SCHOOL,,Kagera,Karagwe,,
KALEHE PRIMARY SCHOOL,,Kagera,Karagwe,,
KANDEGESHO PRIMARY SCHOOL,,Kagera,Karagwe,,
KARAGWE PRIMARY SCHOOL,,Kagera,Karagwe,,
KASHAMBI PRIMARY SCHOOL,,Kagera,Karagwe,,
KATANDA PRIMARY SCHOOL,,Kagera,Karagwe,,
KAYANGA PRIMARY SCHOOL,,Kagera,Karagwe,,
KIBONA PRIMARY SCHOOL,,Kagera,Karagwe,,
KIGANDO PRIMARY SCHOOL,,Kagera,Karagwe,,
KIJUMBURA PRIMARY SCHOOL,,Kagera,Karagwe,,
KIREGETE PRIMARY SCHOOL,,Kagera,Karagwe,,
KYABALISA PRIMARY SCHOOL,,Kagera,Karagwe,,
LUKAJANGE PRIMARY SCHOOL,,Kagera,Karagwe,,
MAGUGE PRIMARY SCHOOL,,Kagera,Karagwe,,
MATO PRIMARY SCHOOL,,Kagera,Karagwe,,
MUCHUBA PRIMARY SCHOOL,,Kagera,Karagwe,,
MUSHABAIGURU PRIMARY SCHOOL,,Kagera,Karagwe,,
NYABWEGILA PRIMARY SCHOOL,,Kagera,Karagwe,,
NYAKAGOYAGOYE PRIMARY SCHOOL,,Kagera,Karagwe,,
NYAKAIGA PRIMARY SCHOOL,,Kagera,Karagwe,,
NYAKASHOZI PRIMARY SCHOOL,,Kagera,Karagwe,,
NYARUGANDO PRIMARY SCHOOL,,Kagera,Karagwe,,
OMURULAMA PRIMARY SCHOOL,,Kagera,Karagwe,,
RUGERA PRIMARY SCHOOL,,Kagera,Karagwe,,
RUHITA PRIMARY SCHOOL,,Kagera,Karagwe,,
RUMANYIKA PRIMARY SCHOOL,,Kagera,Karagwe,,
RWAKILO PRIMARY SCHOOL,,Kagera,Karagwe,,
RWANDARO PRIMARY SCHOOL,,Kagera,Karagwe,,
ST PETER CLAVER PRIMARY SCHOOL,,Kagera,Karagwe,,
AHAKANYA PRIMARY SCHOOL,,Kagera,Karagwe,,
BASHUNGWA PRIMARY SCHOOL,,Kagera,Karagwe,,
BIYUNGU PRIMARY SCHOOL,,Kagera,Karagwe,,
BUJARA PRIMARY SCHOOL,,Kagera,Karagwe,,
BUKANGARA PRIMARY SCHOOL,,Kagera,Karagwe,,
CHABUHORA PRIMARY SCHOOL,,Kagera,Karagwe,,
IGURWA PRIMARY SCHOOL,,Kagera,Karagwe,,
KAGUGO PRIMARY SCHOOL,,Kagera,Karagwe,,
KAJUNGUTI PRIMARY SCHOOL,,Kagera,Karagwe,,
KAKONJE PRIMARY SCHOOL,,Kagera,Karagwe,,
KAMAGAMBO PRIMARY SCHOOL,,Kagera,Karagwe,,
KARAIZO PRIMARY SCHOOL,,Kagera,Karagwe,,
KASHESHE PRIMARY SCHOOL,,Kagera,Karagwe,,
KATEMBE PRIMARY SCHOOL,,Kagera,Karagwe,,
KAYUNGU PRIMARY SCHOOL,,Kagera,Karagwe,,
KIBONDO PRIMARY SCHOOL,,Kagera,Karagwe,,
KIGARAMA PRIMARY SCHOOL,,Kagera,Karagwe,,
KIRURUMA PRIMARY SCHOOL,,Kagera,Karagwe,,
KYANYAMISA PRIMARY SCHOOL,,Kagera,Karagwe,,
MASHELI PRIMARY SCHOOL,,Kagera,Karagwe,,
MILILO PRIMARY SCHOOL,,Kagera,Karagwe,,
MULAMBA PRIMARY SCHOOL,,Kagera,Karagwe,,
NYABWEZIGA PRIMARY SCHOOL,,Kagera,Karagwe,,
NYAKABILA PRIMARY SCHOOL,,Kagera,Karagwe,,
NYAKAHANGA PRIMARY SCHOOL,,Kagera,Karagwe,,
NYAKAKIKA PRIMARY SCHOOL,,Kagera,Karagwe,,
NYAKASHWA PRIMARY SCHOOL,,Kagera,Karagwe,,
OMUKAKAJINJA PRIMARY SCHOOL,,Kagera,Karagwe,,
OMURUSIMBI PRIMARY SCHOOL,,Kagera,Karagwe,,
RUGU PRIMARY SCHOOL,,Kagera,Karagwe,,
RUKOLE PRIMARY SCHOOL,,Kagera,Karagwe,,
RUNYAGA PRIMARY SCHOOL,,Kagera,Karagwe,,
RWAMBAIZI PRIMARY SCHOOL,,Kagera,Karagwe,,
RWENKORONGO PRIMARY SCHOOL,,Kagera,Karagwe,,
SUZANA PRIMARY SCHOOL,,Kagera,Karagwe,,
AHAKISHAKA PRIMARY SCHOOL,,Kagera,Karagwe,,
BISHESHE PRIMARY SCHOOL,,Kagera,Karagwe,,
BOHARI PRIMARY SCHOOL,,Kagera,Karagwe,,
BUJURUGA PRIMARY SCHOOL,,Kagera,Karagwe,,
BWERA PRIMARY SCHOOL,,Kagera,Karagwe,,
CHAMCHUZI PRIMARY SCHOOL,,Kagera,Karagwe,,
CHONYONYO PRIMARY SCHOOL,,Kagera,Karagwe,,
IHANDA PRIMARY SCHOOL,,Kagera,Karagwe,,
KABEZI PRIMARY SCHOOL,,Kagera,Karagwe,,
KAGUTU PRIMARY SCHOOL,,Kagera,Karagwe,,
KAJUNJU PRIMARY SCHOOL,,Kagera,Karagwe,,
KAKURAIJO PRIMARY SCHOOL,,Kagera,Karagwe,,
KAMBARAGE PRIMARY SCHOOL,,Kagera,Karagwe,,
KARADEA PRIMARY SCHOOL,,Kagera,Karagwe,,
KARALO PRIMARY SCHOOL,,Kagera,Karagwe,,
KATABARO KATEMPRIS PRIMARY SCHOOL,,Kagera,Karagwe,,
KIBOGOIZI PRIMARY SCHOOL,,Kagera,Karagwe,,
KIBWERA PRIMARY SCHOOL,,Kagera,Karagwe,,
KIGASHA PRIMARY SCHOOL,,Kagera,Karagwe,,
KINYINYA PRIMARY SCHOOL,,Kagera,Karagwe,,
KITENGULE PRIMARY SCHOOL,,Kagera,Karagwe,,
KYERUNGA PRIMARY SCHOOL,,Kagera,Karagwe,,
MABORESHO PRIMARY SCHOOL,,Kagera,Karagwe,,
MATARA PRIMARY SCHOOL,,Kagera,Karagwe,,
MISHA PRIMARY SCHOOL,,Kagera,Karagwe,,
MUNGU BARIKI PRIMARY SCHOOL,,Kagera,Karagwe,,
NDAMA PRIMARY SCHOOL,,Kagera,Karagwe,,
NYAISHOZI PRIMARY SCHOOL,,Kagera,Karagwe,,
NYAKAGONGO PRIMARY SCHOOL,,Kagera,Karagwe,,
NYAKAHITA PRIMARY SCHOOL,,Kagera,Karagwe,,
NYAKASANA PRIMARY SCHOOL,,Kagera,Karagwe,,
NYAKAYANJA PRIMARY SCHOOL,,Kagera,Karagwe,,
OMUKIMEYA PRIMARY SCHOOL,,Kagera,Karagwe,,
OMURWELE PRIMARY SCHOOL,,Kagera,Karagwe,,
RUHANYA PRIMARY SCHOOL,,Kagera,Karagwe,,
RULALO PRIMARY SCHOOL,,Kagera,Karagwe,,
RUZINGA PRIMARY SCHOOL,,Kagera,Karagwe,,
RWAMUGURUSI PRIMARY SCHOOL,,Kagera,Karagwe,,
RWENTUHE PRIMARY SCHOOL,,Kagera,Karagwe,,
TEGEMEO PRIMARY SCHOOL,,Kagera,Karagwe,,
ANZA KUELIMISHA PRIMARY SCHOOL,,Kagera,Kyerwa,,
BUSHONGOLE PRIMARY SCHOOL,,Kagera,Kyerwa,,
IBAMBA PRIMARY SCHOOL,,Kagera,Kyerwa,,
ILEEGA PRIMARY SCHOOL,,Kagera,Kyerwa,,
ISHOZI PRIMARY SCHOOL,,Kagera,Kyerwa,,
KAGU PRIMARY SCHOOL,,Kagera,Kyerwa,,
KAKANJA PRIMARY SCHOOL,,Kagera,Kyerwa,,
KARAMBI PRIMARY SCHOOL,,Kagera,Kyerwa,,
KASESE PRIMARY SCHOOL,,Kagera,Kyerwa,,
KASHASHA PRIMARY SCHOOL,,Kagera,Kyerwa,,
KATERA PRIMARY SCHOOL,,Kagera,Kyerwa,,
KIBINGO PRIMARY SCHOOL,,Kagera,Kyerwa,,
KIHANGA PRIMARY SCHOOL,,Kagera,Kyerwa,,
KILELA PRIMARY SCHOOL,,Kagera,Kyerwa,,
KITEGA PRIMARY SCHOOL,,Kagera,Kyerwa,,
KITWECHENKURA PRIMARY SCHOOL,,Kagera,Kyerwa,,
KYERWA BRIGHT STAR PRIMARY SCHOOL,,Kagera,Kyerwa,,
MAWINGU PRIMARY SCHOOL,,Kagera,Kyerwa,,
MUKUNYU PRIMARY SCHOOL,,Kagera,Kyerwa,,
NYABIKURUNGO PRIMARY SCHOOL,,Kagera,Kyerwa,,
NYAKAGERA PRIMARY SCHOOL,,Kagera,Kyerwa,,
NYAKATABE PRIMARY SCHOOL,,Kagera,Kyerwa,,
NYAMILIMA PRIMARY SCHOOL,,Kagera,Kyerwa,,
NYARUTUNTU PRIMARY SCHOOL,,Kagera,Kyerwa,,
OMUKACHILI PRIMARY SCHOOL,,Kagera,Kyerwa,,
PAMOJA PRIMARY SCHOOL,,Kagera,Kyerwa,,
RUBUGA PRIMARY SCHOOL,,Kagera,Kyerwa,,
RUKURAIJO PRIMARY SCHOOL,,Kagera,Kyerwa,,
RUTUNGURU PRIMARY SCHOOL,,Kagera,Kyerwa,,
RWAKABUNDA PRIMARY SCHOOL,,Kagera,Kyerwa,,
RWANYANGO PRIMARY SCHOOL,,Kagera,Kyerwa,,
RWENSINGA PRIMARY SCHOOL,,Kagera,Kyerwa,,
BARIKI PRIMARY SCHOOL,,Kagera,Kyerwa,,
CHANYA PRIMARY SCHOOL,,Kagera,Kyerwa,,
ISINGIRO PRIMARY SCHOOL,,Kagera,Kyerwa,,
KAARO PRIMARY SCHOOL,,Kagera,Kyerwa,,
KAINA PRIMARY SCHOOL,,Kagera,Kyerwa,,
KAKERERE PRIMARY SCHOOL,,Kagera,Kyerwa,,
KARONGO PRIMARY SCHOOL,,Kagera,Kyerwa,,
KASHANDA PRIMARY SCHOOL,,Kagera,Kyerwa,,
KASHENYI PRIMARY SCHOOL,,Kagera,Kyerwa,,
KIBARE PRIMARY SCHOOL,,Kagera,Kyerwa,,
KIDO PRIMARY SCHOOL,,Kagera,Kyerwa,,
KIHINDA PRIMARY SCHOOL,,Kagera,Kyerwa,,
KIMULI PRIMARY SCHOOL,,Kagera,Kyerwa,,
KITOMA PRIMARY SCHOOL,,Kagera,Kyerwa,,
KYERERE PRIMARY SCHOOL,,Kagera,Kyerwa,,
KYERWA PRIMARY SCHOOL,,Kagera,Kyerwa,,
MAKAZI PRIMARY SCHOOL,,Kagera,Kyerwa,,
MSISHA PRIMARY SCHOOL,,Kagera,Kyerwa,,
MULEBA PRIMARY SCHOOL,,Kagera,Kyerwa,,
NKWENDA PRIMARY SCHOOL,,Kagera,Kyerwa,,
NYABISHENGE PRIMARY SCHOOL,,Kagera,Kyerwa,,
NYAKAKONI PRIMARY SCHOOL,,Kagera,Kyerwa,,
NYAKATERA PRIMARY SCHOOL,,Kagera,Kyerwa,,
NYAMIYAGA PRIMARY SCHOOL,,Kagera,Kyerwa,,
NYARUZUMBURA PRIMARY SCHOOL,,Kagera,Kyerwa,,
OMUKAGANDO PRIMARY SCHOOL,,Kagera,Kyerwa,,
RUGASHA PRIMARY SCHOOL,,Kagera,Kyerwa,,
RULAMA PRIMARY SCHOOL,,Kagera,Kyerwa,,
RWABIGAGA PRIMARY SCHOOL,,Kagera,Kyerwa,,
RWAKINIHA PRIMARY SCHOOL,,Kagera,Kyerwa,,
RWELE PRIMARY SCHOOL,,Kagera,Kyerwa,,
UWEZO PRIMARY SCHOOL,,Kagera,Kyerwa,,
BUGARA PRIMARY SCHOOL,,Kagera,Kyerwa,,
CHANYANGABWA PRIMARY SCHOOL,,Kagera,Kyerwa,,
IBARE PRIMARY SCHOOL,,Kagera,Kyerwa,,
ISHAKA PRIMARY SCHOOL,,Kagera,Kyerwa,,
ITEERA PRIMARY SCHOOL,,Kagera,Kyerwa,,
KAGENYI PRIMARY SCHOOL,,Kagera,Kyerwa,,
KAISHO PRIMARY SCHOOL,,Kagera,Kyerwa,,
KARUKWANZI PRIMARY SCHOOL,,Kagera,Kyerwa,,
KASHARARA PRIMARY SCHOOL,,Kagera,Kyerwa,,
KASONI PRIMARY SCHOOL,,Kagera,Kyerwa,,
KIBIMBA PRIMARY SCHOOL,,Kagera,Kyerwa,,
KIGOROGORO PRIMARY SCHOOL,,Kagera,Kyerwa,,
KIKUKURU PRIMARY SCHOOL,,Kagera,Kyerwa,,
KISHANDA PRIMARY SCHOOL,,Kagera,Kyerwa,,
KYERETA PRIMARY SCHOOL,,Kagera,Kyerwa,,
MASHESHE PRIMARY SCHOOL,,Kagera,Kyerwa,,
MUGABA PRIMARY SCHOOL,,Kagera,Kyerwa,,
MURONGO PRIMARY SCHOOL,,Kagera,Kyerwa,,
NSHUNGA PRIMARY SCHOOL,,Kagera,Kyerwa,,
NYAKABWERA PRIMARY SCHOOL,,Kagera,Kyerwa,,
NYAKASHENYI PRIMARY SCHOOL,,Kagera,Kyerwa,,
NYAMWEZA PRIMARY SCHOOL,,Kagera,Kyerwa,,
OMUNCHWEKANO PRIMARY SCHOOL,,Kagera,Kyerwa,,
RUBILIZI PRIMARY SCHOOL,,Kagera,Kyerwa,,
RUKIRI PRIMARY SCHOOL,,Kagera,Kyerwa,,
RUSHE PRIMARY SCHOOL,,Kagera,Kyerwa,,
RWABWERE PRIMARY SCHOOL,,Kagera,Kyerwa,,
RWAMASHAJU PRIMARY SCHOOL,,Kagera,Kyerwa,,
RWENKENDE PRIMARY SCHOOL,,Kagera,Kyerwa,,
TUMUSHUBIRE PRIMARY SCHOOL,,Kagera,Kyerwa,,
WALIMU PRIMARY SCHOOL,,Kagera,Kyerwa,,
BISHOP HUWILER PRIMARY SCHOOL,,Kagera,Missenyi,,
BUGANDIKA I PRIMARY SCHOOL,,Kagera,Missenyi,,
BUKWALI PRIMARY SCHOOL,,Kagera,Missenyi,,
BUNAZI 'B' PRIMARY SCHOOL,,Kagera,Missenyi,,
BUSHAGO PRIMARY SCHOOL,,Kagera,Missenyi,,
BWEYUNGE PRIMARY SCHOOL,,Kagera,Missenyi,,
ESIIMI PRIMARY SCHOOL,,Kagera,Missenyi,,
GWANKIMBA PRIMARY SCHOOL,,Kagera,Missenyi,,
IRENE AND REBECA PRIMARY SCHOOL,,Kagera,Missenyi,,
JKIBIRA PRIMARY SCHOOL,,Kagera,Missenyi,,
KABASHANA PRIMARY SCHOOL,,Kagera,Missenyi,,
KABYAILE PRIMARY SCHOOL,,Kagera,Missenyi,,
KAGERA SUGAR PRIMARY SCHOOL,,Kagera,Missenyi,,
KAKINGA - UPENDO PRIMARY SCHOOL,,Kagera,Missenyi,,
KANTARE PRIMARY SCHOOL,,Kagera,Missenyi,,
KASHABA PRIMARY SCHOOL,,Kagera,Missenyi,,
KASSAMBYA PRIMARY SCHOOL,,Kagera,Missenyi,,
KATOLERWA PRIMARY SCHOOL,,Kagera,Missenyi,,
KIKONO PRIMARY SCHOOL,,Kagera,Missenyi,,
KIMUKUNDA PRIMARY SCHOOL,,Kagera,Missenyi,,
KIWELU PRIMARY SCHOOL,,Kagera,Missenyi,,
KYAKA PRIMARY SCHOOL,,Kagera,Missenyi,,
KYAZI PRIMARY SCHOOL,,Kagera,Missenyi,,
LUKUBA PRIMARY SCHOOL,,Kagera,Missenyi,,
MABUYE PRIMARY SCHOOL,,Kagera,Missenyi,,
MINZIRO PRIMARY SCHOOL,,Kagera,Missenyi,,
MUGANA'B' PRIMARY SCHOOL,,Kagera,Missenyi,,
MUSTAQIMA PRIMARY SCHOOL,,Kagera,Missenyi,,
MWEMAGE'K' PRIMARY SCHOOL,,Kagera,Missenyi,,
NGANDO PRIMARY SCHOOL,,Kagera,Missenyi,,
NSHUMBA PRIMARY SCHOOL,,Kagera,Missenyi,,
NYANKERE PRIMARY SCHOOL,,Kagera,Missenyi,,
OMUKILEMBO PRIMARY SCHOOL,,Kagera,Missenyi,,
OMURUSHENYE PRIMARY SCHOOL,,Kagera,Missenyi,,
SACRED HEART PRIMARY SCHOOL,,Kagera,Missenyi,,
BUBALE PRIMARY SCHOOL,,Kagera,Missenyi,,
BUGANDIKA II PRIMARY SCHOOL,,Kagera,Missenyi,,
BUGORORA PRIMARY SCHOOL,,Kagera,Missenyi,,
BULEMBO PRIMARY SCHOOL,,Kagera,Missenyi,,
BUNAZI GREEN ACRES PRIMARY SCHOOL,,Kagera,Missenyi,,
BUYANGO PRIMARY SCHOOL,,Kagera,Missenyi,,
BYAMUTEMBA PRIMARY SCHOOL,,Kagera,Missenyi,,
GABULANGA PRIMARY SCHOOL,,Kagera,Missenyi,,
HOLY CROSS PRIMARY SCHOOL,,Kagera,Missenyi,,
KABABALA PRIMARY SCHOOL,,Kagera,Missenyi,,
KABWERA PRIMARY SCHOOL,,Kagera,Missenyi,,
KAKIRI PRIMARY SCHOOL,,Kagera,Missenyi,,
KANYIGO PRIMARY SCHOOL,,Kagera,Missenyi,,
KASHAKA PRIMARY SCHOOL,,Kagera,Missenyi,,
KASHEKYA PRIMARY SCHOOL,,Kagera,Missenyi,,
KATANO PRIMARY SCHOOL,,Kagera,Missenyi,,
KIGAZI PRIMARY SCHOOL,,Kagera,Missenyi,,
KIKUKWE PRIMARY SCHOOL,,Kagera,Missenyi,,
KITOBO PRIMARY SCHOOL,,Kagera,Missenyi,,
KYABAJWA PRIMARY SCHOOL,,Kagera,Missenyi,,
KYAMALA PRIMARY SCHOOL,,Kagera,Missenyi,,
KYELIMA PRIMARY SCHOOL,,Kagera,Missenyi,,
LWAMGIRA PRIMARY SCHOOL,,Kagera,Missenyi,,
MBALE PRIMARY SCHOOL,,Kagera,Missenyi,,
MISSENYI GLORY PRIMARY SCHOOL,,Kagera,Missenyi,,
MUGONGO PRIMARY SCHOOL,,Kagera,Missenyi,,
MUTUKULA PRIMARY SCHOOL,,Kagera,Missenyi,,
MWISA PRIMARY SCHOOL,,Kagera,Missenyi,,
NKELENGE PRIMARY SCHOOL,,Kagera,Missenyi,,
NYABIHANGA PRIMARY SCHOOL,,Kagera,Missenyi,,
NYUNGWE PRIMARY SCHOOL,,Kagera,Missenyi,,
OMULUGANDO PRIMARY SCHOOL,,Kagera,Missenyi,,
RUHIJA PRIMARY SCHOOL,,Kagera,Missenyi,,
RWANKONJO PRIMARY SCHOOL,,Kagera,Missenyi,,
SK VICTORY PRIMARY SCHOOL,,Kagera,Missenyi,,
BUCHURAGO PRIMARY SCHOOL,,Kagera,Missenyi,,
BUGANGO PRIMARY SCHOOL,,Kagera,Missenyi,,
BUKABUYE PRIMARY SCHOOL,,Kagera,Missenyi,,
BULIFANI PRIMARY SCHOOL,,Kagera,Missenyi,,
BUNAZI PRIMARY SCHOOL,,Kagera,Missenyi,,
BWENKOMA PRIMARY SCHOOL,,Kagera,Missenyi,,
BYEJU PRIMARY SCHOOL,,Kagera,Missenyi,,
GERA PRIMARY SCHOOL,,Kagera,Missenyi,,
IGAYAZA PRIMARY SCHOOL,,Kagera,Missenyi,,
ISHUNJU PRIMARY SCHOOL,,Kagera,Missenyi,,
KABAKESA PRIMARY SCHOOL,,Kagera,Missenyi,,
KABWOBA PRIMARY SCHOOL,,Kagera,Missenyi,,
KAKINDO PRIMARY SCHOOL,,Kagera,Missenyi,,
KAKUNYU PRIMARY SCHOOL,,Kagera,Missenyi,,
KARAGALA PRIMARY SCHOOL,,Kagera,Missenyi,,
KASHAMBYA PRIMARY SCHOOL,,Kagera,Missenyi,,
KASHENYE PRIMARY SCHOOL,,Kagera,Missenyi,,
KATARABUGA PRIMARY SCHOOL,,Kagera,Missenyi,,
KIBEO PRIMARY SCHOOL,,Kagera,Missenyi,,
KIJUMO PRIMARY SCHOOL,,Kagera,Missenyi,,
KILIMILILE 'K' PRIMARY SCHOOL,,Kagera,Missenyi,,
KITOBOKA PRIMARY SCHOOL,,Kagera,Missenyi,,
KYABUGOMBE PRIMARY SCHOOL,,Kagera,Missenyi,,
KYANUMBU PRIMARY SCHOOL,,Kagera,Missenyi,,
LUHANO PRIMARY SCHOOL,,Kagera,Missenyi,,
MIKINDO PRIMARY SCHOOL,,Kagera,Missenyi,,
MUGANA'A' PRIMARY SCHOOL,,Kagera,Missenyi,,
MUSHASHA PRIMARY SCHOOL,,Kagera,Missenyi,,
NDWANILO PRIMARY SCHOOL,,Kagera,Missenyi,,
NOVATH RUTAGERUKA PRIMARY SCHOOL,,Kagera,Missenyi,,
OMUKAJUJU PRIMARY SCHOOL,,Kagera,Missenyi,,
OMUNDONGO PRIMARY SCHOOL,,Kagera,Missenyi,,
RUKURUNGO PRIMARY SCHOOL,,Kagera,Missenyi,,
RWAZI PRIMARY SCHOOL,,Kagera,Missenyi,,
ABDULAHAMAN BABU PRIMARY SCHOOL,,Kagera,Muleba,,
ALPHA-MULELA PRIMARY SCHOOL,,Kagera,Muleba,,
BIHANGA PRIMARY SCHOOL,,Kagera,Muleba,,
BINONI PRIMARY SCHOOL,,Kagera,Muleba,,
BUHANGAZA PRIMARY SCHOOL,,Kagera,Muleba,,
BUMBIRE PRIMARY SCHOOL,,Kagera,Muleba,,
BUREZA PRIMARY SCHOOL,,Kagera,Muleba,,
BUSHAKA PRIMARY SCHOOL,,Kagera,Muleba,,
BUTE PRIMARY SCHOOL,,Kagera,Muleba,,
BWOGA PRIMARY SCHOOL,,Kagera,Muleba,,
GOZIBA PRIMARY SCHOOL,,Kagera,Muleba,,
IBUGA PRIMARY SCHOOL,,Kagera,Muleba,,
IHANGIRO PRIMARY SCHOOL,,Kagera,Muleba,,
IKUZA PRIMARY SCHOOL,,Kagera,Muleba,,
INNER PURITY CHRISTIAN PRIMARY SCHOOL,,Kagera,Muleba,,
ITUNZI PRIMARY SCHOOL,,Kagera,Muleba,,
KABAGUNDA PRIMARY SCHOOL,,Kagera,Muleba,,
KABARE 'A' PRIMARY SCHOOL,,Kagera,Muleba,,
KABUGA PRIMARY SCHOOL,,Kagera,Muleba,,
KABUNGO PRIMARY SCHOOL,,Kagera,Muleba,,
KAGOGO PRIMARY SCHOOL,,Kagera,Muleba,,
KAGONDO-'B' PRIMARY SCHOOL,,Kagera,Muleba,,
KAHENGERE PRIMARY SCHOOL,,Kagera,Muleba,,
KAIHO PRIMARY SCHOOL,,Kagera,Muleba,,
KAKOMA PRIMARY SCHOOL,,Kagera,Muleba,,
KAMACHUMU-'A' PRIMARY SCHOOL,,Kagera,Muleba,,
KAMATOJO PRIMARY SCHOOL,,Kagera,Muleba,,
KANGAZA PRIMARY SCHOOL,,Kagera,Muleba,,
KANYABWENDA PRIMARY SCHOOL,,Kagera,Muleba,,
KANYERANYERE PRIMARY SCHOOL,,Kagera,Muleba,,
KARUTANGA PRIMARY SCHOOL,,Kagera,Muleba,,
KASHARUNGA PRIMARY SCHOOL,,Kagera,Muleba,,
KASHENO PRIMARY SCHOOL,,Kagera,Muleba,,
KASHUMBILILO PRIMARY SCHOOL,,Kagera,Muleba,,
KATANGA PRIMARY SCHOOL,,Kagera,Muleba,,
KATOBAGO PRIMARY SCHOOL,,Kagera,Muleba,,
KEREBE PRIMARY SCHOOL,,Kagera,Muleba,,
KIMBUGU PRIMARY SCHOOL,,Kagera,Muleba,,
KISHOJU PRIMARY SCHOOL,,Kagera,Muleba,,
KITUHA PRIMARY SCHOOL,,Kagera,Muleba,,
KIYEBE PRIMARY SCHOOL,,Kagera,Muleba,,
KYABISHAGAHO PRIMARY SCHOOL,,Kagera,Muleba,,
KYAMYORWA PRIMARY SCHOOL,,Kagera,Muleba,,
KYOBUHEKE PRIMARY SCHOOL,,Kagera,Muleba,,
LYAMABUMBE PRIMARY SCHOOL,,Kagera,Muleba,,
MADALENA PRIMARY SCHOOL,,Kagera,Muleba,,
MAGENYI PRIMARY SCHOOL,,Kagera,Muleba,,
MAKONGORA 'B' PRIMARY SCHOOL,,Kagera,Muleba,,
MASHASHA PRIMARY SCHOOL,,Kagera,Muleba,,
MAZINGA PRIMARY SCHOOL,,Kagera,Muleba,,
MULAMBI PRIMARY SCHOOL,,Kagera,Muleba,,
MURUNGU PRIMARY SCHOOL,,Kagera,Muleba,,
MUSHENYI PRIMARY SCHOOL,,Kagera,Muleba,,
MWIJAGE PRIMARY SCHOOL,,Kagera,Muleba,,
NGOTE PRIMARY SCHOOL,,Kagera,Muleba,,
NSHAMBA-EXTENDED PRIMARY SCHOOL,,Kagera,Muleba,,
NSHANJE PRIMARY SCHOOL,,Kagera,Muleba,,
NYAILIGAMBA PRIMARY SCHOOL,,Kagera,Muleba,,
NYAMAGOJO PRIMARY SCHOOL,,Kagera,Muleba,,
NYAMINAZI PRIMARY SCHOOL,,Kagera,Muleba,,
NYAWAIBAGA PRIMARY SCHOOL,,Kagera,Muleba,,
REGENT PRIMARY SCHOOL,,Kagera,Muleba,,
RUBYA-'B' PRIMARY SCHOOL,,Kagera,Muleba,,
RUHANGA PRIMARY SCHOOL,,Kagera,Muleba,,
RUKONDO PRIMARY SCHOOL,,Kagera,Muleba,,
RULONGO PRIMARY SCHOOL,,Kagera,Muleba,,
RUSALALA PRIMARY SCHOOL,,Kagera,Muleba,,
RUTABO SEMINARY PRIMARY SCHOOL,,Kagera,Muleba,,
RUTORO PRIMARY SCHOOL,,Kagera,Muleba,,
RWANGANILO PRIMARY SCHOOL,,Kagera,Muleba,,
RWENSHATO PRIMARY SCHOOL,,Kagera,Muleba,,
SIMBYA PRIMARY SCHOOL,,Kagera,Muleba,,
ST. MICHAEL PRIMARY SCHOOL,,Kagera,Muleba,,
AKAJUNGUTI PRIMARY SCHOOL,,Kagera,Muleba,,
BEMBELEZA PRIMARY SCHOOL,,Kagera,Muleba,,
BIIJA PRIMARY SCHOOL,,Kagera,Muleba,,
BISHEKE PRIMARY SCHOOL,,Kagera,Muleba,,
BUHAYA PRIMARY SCHOOL,,Kagera,Muleba,,
BUMILO PRIMARY SCHOOL,,Kagera,Muleba,,
BURIGI PRIMARY SCHOOL,,Kagera,Muleba,,
BUSHEKYA PRIMARY SCHOOL,,Kagera,Muleba,,
BUTEMBO PRIMARY SCHOOL,,Kagera,Muleba,,
BUYONZI PRIMARY SCHOOL,,Kagera,Muleba,,
DARAJA NANE PRIMARY SCHOOL,,Kagera,Muleba,,
GWANSELI PRIMARY SCHOOL,,Kagera,Muleba,,
IJUMBI PRIMARY SCHOOL,,Kagera,Muleba,,
ILAMBIKA PRIMARY SCHOOL,,Kagera,Muleba,,
IROBA PRIMARY SCHOOL,,Kagera,Muleba,,
JAKAYA KIKWETE ISLAMIC PRIMARY SCHOOL,,Kagera,Muleba,,
KABAITWA PRIMARY SCHOOL,,Kagera,Muleba,,
KABARE 'B' PRIMARY SCHOOL,,Kagera,Muleba,,
KABONDE PRIMARY SCHOOL,,Kagera,Muleba,,
KABULALA PRIMARY SCHOOL,,Kagera,Muleba,,
KABUTAIGI PRIMARY SCHOOL,,Kagera,Muleba,,
KAIRUNGU PRIMARY SCHOOL,,Kagera,Muleba,,
KALIMALIMO PRIMARY SCHOOL,,Kagera,Muleba,,
KAMACHUMU-'B' PRIMARY SCHOOL,,Kagera,Muleba,,
KAMISHANGO PRIMARY SCHOOL,,Kagera,Muleba,,
KANGOMA PRIMARY SCHOOL,,Kagera,Muleba,,
KANYAMIKA PRIMARY SCHOOL,,Kagera,Muleba,,
KANYWANGONGE PRIMARY SCHOOL,,Kagera,Muleba,,
KASHENSHERO PRIMARY SCHOOL,,Kagera,Muleba,,
KASINDAGA PRIMARY SCHOOL,,Kagera,Muleba,,
KATARE PRIMARY SCHOOL,,Kagera,Muleba,,
KATOKE-'A' PRIMARY SCHOOL,,Kagera,Muleba,,
KIGUZI PRIMARY SCHOOL,,Kagera,Muleba,,
KIKAGATE PRIMARY SCHOOL,,Kagera,Muleba,,
KIMEYA PRIMARY SCHOOL,,Kagera,Muleba,,
KISHURO PRIMARY SCHOOL,,Kagera,Muleba,,
KITEME PRIMARY SCHOOL,,Kagera,Muleba,,
KIZINGA PRIMARY SCHOOL,,Kagera,Muleba,,
KYAIBUMBA PRIMARY SCHOOL,,Kagera,Muleba,,
KYEBITEMBE PRIMARY SCHOOL,,Kagera,Muleba,,
KYOTA PRIMARY SCHOOL,,Kagera,Muleba,,
MABALEGERA PRIMARY SCHOOL,,Kagera,Muleba,,
MAHIGABILI PRIMARY SCHOOL,,Kagera,Muleba,,
MALELE PRIMARY SCHOOL,,Kagera,Muleba,,
MASHEKURO PRIMARY SCHOOL,,Kagera,Muleba,,
MBATAMA PRIMARY SCHOOL,,Kagera,Muleba,,
MTULAGE PRIMARY SCHOOL,,Kagera,Muleba,,
MUSALALA PRIMARY SCHOOL,,Kagera,Muleba,,
NDOLAGE PRIMARY SCHOOL,,Kagera,Muleba,,
NSAMBYA PRIMARY SCHOOL,,Kagera,Muleba,,
NSHAMBA-TAPA PRIMARY SCHOOL,,Kagera,Muleba,,
NYABUKAZI PRIMARY SCHOOL,,Kagera,Muleba,,
NYAKABANGO PRIMARY SCHOOL,,Kagera,Muleba,,
NYAKATANGA PRIMARY SCHOOL,,Kagera,Muleba,,
NYAMAHANJU PRIMARY SCHOOL,,Kagera,Muleba,,
NYANJUBI PRIMARY SCHOOL,,Kagera,Muleba,,
OMUKYAYA PRIMARY SCHOOL,,Kagera,Muleba,,
RUBUNGO PRIMARY SCHOOL,,Kagera,Muleba,,
RUBYA-MSETO PRIMARY SCHOOL,,Kagera,Muleba,,
RUGEGE PRIMARY SCHOOL,,Kagera,Muleba,,
RUTABO 'A' PRIMARY SCHOOL,,Kagera,Muleba,,
RUTEME PRIMARY SCHOOL,,Kagera,Muleba,,
RWANTEGE PRIMARY SCHOOL,,Kagera,Muleba,,
RWIGEMBE PRIMARY SCHOOL,,Kagera,Muleba,,
ST. ACHILEUS KIWANUKA PRIMARY SCHOOL,,Kagera,Muleba,,
TUKUTUKU PRIMARY SCHOOL,,Kagera,Muleba,,
AKANAZI PRIMARY SCHOOL,,Kagera,Muleba,,
BIGAGA PRIMARY SCHOOL,,Kagera,Muleba,,
BIIRABO PRIMARY SCHOOL,,Kagera,Muleba,,
BUGANGUZI PRIMARY SCHOOL,,Kagera,Muleba,,
BUGASHA PRIMARY SCHOOL,,Kagera,Muleba,,
BUKAMBIRA PRIMARY SCHOOL,,Kagera,Muleba,,
BUNYAGONGO PRIMARY SCHOOL,,Kagera,Muleba,,
BURUNGURA PRIMARY SCHOOL,,Kagera,Muleba,,
BUSHUMBA PRIMARY SCHOOL,,Kagera,Muleba,,
BUYAGA PRIMARY SCHOOL,,Kagera,Muleba,,
GANYAMKANDA PRIMARY SCHOOL,,Kagera,Muleba,,
HAMUGONGO PRIMARY SCHOOL,,Kagera,Muleba,,
IGABIRO PRIMARY SCHOOL,,Kagera,Muleba,,
ILEMERA PRIMARY SCHOOL,,Kagera,Muleba,,
JIPE MOYO PRIMARY SCHOOL,,Kagera,Muleba,,
KABANGA PRIMARY SCHOOL,,Kagera,Muleba,,
KABASHARO PRIMARY SCHOOL,,Kagera,Muleba,,
KABOYA PRIMARY SCHOOL,,Kagera,Muleba,,
KABULEME PRIMARY SCHOOL,,Kagera,Muleba,,
KAGASHA PRIMARY SCHOOL,,Kagera,Muleba,,
KAGONDO-'A' PRIMARY SCHOOL,,Kagera,Muleba,,
KAGULAMO PRIMARY SCHOOL,,Kagera,Muleba,,
KAIGARA PRIMARY SCHOOL,,Kagera,Muleba,,
KAJULE PRIMARY SCHOOL,,Kagera,Muleba,,
KAMACHUMU ISLAMIC PRIMARY SCHOOL,,Kagera,Muleba,,
KAMAKANA PRIMARY SCHOOL,,Kagera,Muleba,,
KANGANTEBE PRIMARY SCHOOL,,Kagera,Muleba,,
KANYAMKULE PRIMARY SCHOOL,,Kagera,Muleba,,
KARANDA PRIMARY SCHOOL,,Kagera,Muleba,,
KATOKE-'B' PRIMARY SCHOOL,,Kagera,Muleba,,
KIGA PRIMARY SCHOOL,,Kagera,Muleba,,
KIHOLELE PRIMARY SCHOOL,,Kagera,Muleba,,
KIKUKU PRIMARY SCHOOL,,Kagera,Muleba,,
KITABA PRIMARY SCHOOL,,Kagera,Muleba,,
KITOKO PRIMARY SCHOOL,,Kagera,Muleba,,
KITUNTU PRIMARY SCHOOL,,Kagera,Muleba,,
KIZIRAMUYAGA PRIMARY SCHOOL,,Kagera,Muleba,,
KYAMATE PRIMARY SCHOOL,,Kagera,Muleba,,
KYENSHAMA PRIMARY SCHOOL,,Kagera,Muleba,,
LUHENDO PRIMARY SCHOOL,,Kagera,Muleba,,
MABIRA PRIMARY SCHOOL,,Kagera,Muleba,,
MAKONGORA 'A' PRIMARY SCHOOL,,Kagera,Muleba,,
MANYORA PRIMARY SCHOOL,,Kagera,Muleba,,
MAYONDWE PRIMARY SCHOOL,,Kagera,Muleba,,
MISHAMBYA PRIMARY SCHOOL,,Kagera,Muleba,,
MUBANGO PRIMARY SCHOOL,,Kagera,Muleba,,
MULELA PRIMARY SCHOOL,,Kagera,Muleba,,
MUSHABAGO PRIMARY SCHOOL,,Kagera,Muleba,,
MUYENJE PRIMARY SCHOOL,,Kagera,Muleba,,
NGENGE PRIMARY SCHOOL,,Kagera,Muleba,,
NSHAMBA PRIMARY SCHOOL,,Kagera,Muleba,,
NYABULE PRIMARY SCHOOL,,Kagera,Muleba,,
NYAKAGOMA PRIMARY SCHOOL,,Kagera,Muleba,,
NYAKISHOZI PRIMARY SCHOOL,,Kagera,Muleba,,
NYAMILANDA PRIMARY SCHOOL,,Kagera,Muleba,,
OMURUNAZI PRIMARY SCHOOL,,Kagera,Muleba,,
RUBYA-'A' PRIMARY SCHOOL,,Kagera,Muleba,,
RUGANDO PRIMARY SCHOOL,,Kagera,Muleba,,
RUGONGO PRIMARY SCHOOL,,Kagera,Muleba,,
RUKINDO PRIMARY SCHOOL,,Kagera,Muleba,,
RULANDA PRIMARY SCHOOL,,Kagera,Muleba,,
RUNYINYA PRIMARY SCHOOL,,Kagera,Muleba,,
RUTABO 'B' PRIMARY SCHOOL,,Kagera,Muleba,,
RUTENGE PRIMARY SCHOOL,,Kagera,Muleba,,
RWAKAHOZA PRIMARY SCHOOL,,Kagera,Muleba,,
RWIZI PRIMARY SCHOOL,,Kagera,Muleba,,
ST. JOSEPH RUTABO PRIMARY SCHOOL,,Kagera,Muleba,,
TUMSIIME PRIMARY SCHOOL,,Kagera,Muleba,,
BULENGO PRIMARY SCHOOL,,Kagera,Ngara,,
CHIVU PRIMARY SCHOOL,,Kagera,Ngara,,
GWENZAZA PRIMARY SCHOOL,,Kagera,Ngara,,
KAGALI PRIMARY SCHOOL,,Kagera,Ngara,,
KASANGE PRIMARY SCHOOL,,Kagera,Ngara,,
KASULO PRIMARY SCHOOL,,Kagera,Ngara,,
KIGINA PRIMARY SCHOOL,,Kagera,Ngara,,
KIRUSHYA PRIMARY SCHOOL,,Kagera,Ngara,,
KUMUBUGA PRIMARY SCHOOL,,Kagera,Ngara,,
KUMUTANA PRIMARY SCHOOL,,Kagera,Ngara,,
KUMWUZUZA PRIMARY SCHOOL,,Kagera,Ngara,,
MAYENZI PRIMARY SCHOOL,,Kagera,Ngara,,
MUBINYANGE PRIMARY SCHOOL,,Kagera,Ngara,,
MUGANZA PRIMARY SCHOOL,,Kagera,Ngara,,
MUGOMA PRIMARY SCHOOL,,Kagera,Ngara,,
MUKAREHE PRIMARY SCHOOL,,Kagera,Ngara,,
MUKIDIDILI PRIMARY SCHOOL,,Kagera,Ngara,,
MUKUBU PRIMARY SCHOOL,,Kagera,Ngara,,
MUMUHAMBA PRIMARY SCHOOL,,Kagera,Ngara,,
MURUGARAGARA PRIMARY SCHOOL,,Kagera,Ngara,,
MURUKUKUMBO PRIMARY SCHOOL,,Kagera,Ngara,,
MURUTABO PRIMARY SCHOOL,,Kagera,Ngara,,
MWIVUZA PRIMARY SCHOOL,,Kagera,Ngara,,
NGARA-MJINI PRIMARY SCHOOL,,Kagera,Ngara,,
NGUNDUSI PRIMARY SCHOOL,,Kagera,Ngara,,
NTOBEYE PRIMARY SCHOOL,,Kagera,Ngara,,
NYAKAFANDI PRIMARY SCHOOL,,Kagera,Ngara,,
NYAKIZIBA PRIMARY SCHOOL,,Kagera,Ngara,,
NYAMIKONO PRIMARY SCHOOL,,Kagera,Ngara,,
NYARUKUBALA PRIMARY SCHOOL,,Kagera,Ngara,,
NZAZA PRIMARY SCHOOL,,Kagera,Ngara,,
RHEC PRIMARY SCHOOL,,Kagera,Ngara,,
RUGANZO PRIMARY SCHOOL,,Kagera,Ngara,,
RUSUMO NEW VISION PRIMARY SCHOOL,,Kagera,Ngara,,
RWIMBOGO PRIMARY SCHOOL,,Kagera,Ngara,,
ST. BONAVENTURE PRIMARY SCHOOL,,Kagera,Ngara,,
BUHORORO PRIMARY SCHOOL,,Kagera,Ngara,,
CHAMABALE PRIMARY SCHOOL,,Kagera,Ngara,,
DJURULIGWA PRIMARY SCHOOL,,Kagera,Ngara,,
KANYINYA PRIMARY SCHOOL,,Kagera,Ngara,,
KASHARAZI PRIMARY SCHOOL,,Kagera,Ngara,,
KATERERE PRIMARY SCHOOL,,Kagera,Ngara,,
KIDENKE PRIMARY SCHOOL,,Kagera,Ngara,,
KIGOYI PRIMARY SCHOOL,,Kagera,Ngara,,
KITITIZA PRIMARY SCHOOL,,Kagera,Ngara,,
KUMUGAMBA PRIMARY SCHOOL,,Kagera,Ngara,,
KUMUYANGE PRIMARY SCHOOL,,Kagera,Ngara,,
MABAWE PRIMARY SCHOOL,,Kagera,Ngara,,
MBUBA PRIMARY SCHOOL,,Kagera,Ngara,,
MUBUHENGE PRIMARY SCHOOL,,Kagera,Ngara,,
MUGASHA PRIMARY SCHOOL,,Kagera,Ngara,,
MUHWEZA PRIMARY SCHOOL,,Kagera,Ngara,,
MUKIBOGOYE PRIMARY SCHOOL,,Kagera,Ngara,,
MUKIREHE PRIMARY SCHOOL,,Kagera,Ngara,,
MUMIRAMIRA PRIMARY SCHOOL,,Kagera,Ngara,,
MUNJEBWE PRIMARY SCHOOL,,Kagera,Ngara,,
MURUGUNGA PRIMARY SCHOOL,,Kagera,Ngara,,
MURUKULAZO PRIMARY SCHOOL,,Kagera,Ngara,,
MUSAZA PRIMARY SCHOOL,,Kagera,Ngara,,
MWISENGA PRIMARY SCHOOL,,Kagera,Ngara,,
NAKATUNGA PRIMARY SCHOOL,,Kagera,Ngara,,
NTUKAMAZINA PRIMARY SCHOOL,,Kagera,Ngara,,
NYABISINDU PRIMARY SCHOOL,,Kagera,Ngara,,
NYAMAHWA PRIMARY SCHOOL,,Kagera,Ngara,,
NYANKENDE PRIMARY SCHOOL,,Kagera,Ngara,,
NYARULAMA PRIMARY SCHOOL,,Kagera,Ngara,,
PRINCE PRIMARY SCHOOL,,Kagera,Ngara,,
RUBANGA PRIMARY SCHOOL,,Kagera,Ngara,,
RUHUBA PRIMARY SCHOOL,,Kagera,Ngara,,
RULENGE PRIMARY SCHOOL,,Kagera,Ngara,,
RUSUMO PRIMARY SCHOOL,,Kagera,Ngara,,
RWINYANA PRIMARY SCHOOL,,Kagera,Ngara,,
WISDOM PRIMARY SCHOOL,,Kagera,Ngara,,
BUKIRIRO PRIMARY SCHOOL,,Kagera,Ngara,,
CHAMBALE PRIMARY SCHOOL,,Kagera,Ngara,,
GOYAGOYA PRIMARY SCHOOL,,Kagera,Ngara,,
KABAHESHI PRIMARY SCHOOL,,Kagera,Ngara,,
KABURANZWILI PRIMARY SCHOOL,,Kagera,Ngara,,
KAPFUHA PRIMARY SCHOOL,,Kagera,Ngara,,
KASHINGA PRIMARY SCHOOL,,Kagera,Ngara,,
KEZA PRIMARY SCHOOL,,Kagera,Ngara,,
KIHINGA PRIMARY SCHOOL,,Kagera,Ngara,,
KUKAZURU PRIMARY SCHOOL,,Kagera,Ngara,,
KUMUNAZI PRIMARY SCHOOL,,Kagera,Ngara,,
KUMWENDO PRIMARY SCHOOL,,Kagera,Ngara,,
MAKUGWA PRIMARY SCHOOL,,Kagera,Ngara,,
MIKORE PRIMARY SCHOOL,,Kagera,Ngara,,
MUBWILINDE PRIMARY SCHOOL,,Kagera,Ngara,,
MUGIKOMERO PRIMARY SCHOOL,,Kagera,Ngara,,
MUKAGUGO PRIMARY SCHOOL,,Kagera,Ngara,,
MUKIBUNGERE PRIMARY SCHOOL,,Kagera,Ngara,,
MUKIVUMU PRIMARY SCHOOL,,Kagera,Ngara,,
MUMITERAMA PRIMARY SCHOOL,,Kagera,Ngara,,
MURGWANZA PRIMARY SCHOOL,,Kagera,Ngara,,
MURUKAGATI PRIMARY SCHOOL,,Kagera,Ngara,,
MURUSAGAMBA PRIMARY SCHOOL,,Kagera,Ngara,,
MUYENZI PRIMARY SCHOOL,,Kagera,Ngara,,
MWIVUZA B PRIMARY SCHOOL,,Kagera,Ngara,,
NAPS PRIMARY SCHOOL,,Kagera,Ngara,,
NTANGA PRIMARY SCHOOL,,Kagera,Ngara,,
NYAIHANGA PRIMARY SCHOOL,,Kagera,Ngara,,
NYAKARIBA PRIMARY SCHOOL,,Kagera,Ngara,,
NYAMIAGA PRIMARY SCHOOL,,Kagera,Ngara,,
NYANZARI PRIMARY SCHOOL,,Kagera,Ngara,,
NYARUSANGE PRIMARY SCHOOL,,Kagera,Ngara,,
REMELA PRIMARY SCHOOL,,Kagera,Ngara,,
RUGANZO B PRIMARY SCHOOL,,Kagera,Ngara,,
RUKILA PRIMARY SCHOOL,,Kagera,Ngara,,
RUSENGO PRIMARY SCHOOL,,Kagera,Ngara,,
RUSUMO-MAGEREZA PRIMARY SCHOOL,,Kagera,Ngara,,
SHANGA PRIMARY SCHOOL,,Kagera,Ngara,,
BIGEGU PRIMARY SCHOOL,,Kagera,Ngara,,
BUNERE PRIMARY SCHOOL,,Mara,Bunda,,
BUSAMBU PRIMARY SCHOOL,,Mara,Bunda,,
BWANZA PRIMARY SCHOOL,,Mara,Bunda,,
CHINGURUBILA PRIMARY SCHOOL,,Mara,Bunda,,
HOPE ADVENTIST PRIMARY SCHOOL,,Mara,Bunda,,
IGUNDU PRIMARY SCHOOL,,Mara,Bunda,,
ISANJU PRIMARY SCHOOL,,Mara,Bunda,,
KARUKEKERE 'A' PRIMARY SCHOOL,,Mara,Bunda,,
KASUGUTI PRIMARY SCHOOL,,Mara,Bunda,,
KIBARA 'A' PRIMARY SCHOOL,,Mara,Bunda,,
KIHUMBU PRIMARY SCHOOL,,Mara,Bunda,,
KISORYA PRIMARY SCHOOL,,Mara,Bunda,,
KYANDEGE PRIMARY SCHOOL,,Mara,Bunda,,
MAHYOLO PRIMARY SCHOOL,,Mara,Bunda,,
MANCHIMWERU 'B' PRIMARY SCHOOL,,Mara,Bunda,,
MARIWANDA 'A' PRIMARY SCHOOL,,Mara,Bunda,,
MASAHUNGA PRIMARY SCHOOL,,Mara,Bunda,,
MEKOMARIRO 'B' PRIMARY SCHOOL,,Mara,Bunda,,
MUGARA 'B' PRIMARY SCHOOL,,Mara,Bunda,,
MUMAGUNGA PRIMARY SCHOOL,,Mara,Bunda,,
MWISENI PRIMARY SCHOOL,,Mara,Bunda,,
NAKATUBA PRIMARY SCHOOL,,Mara,Bunda,,
NAMBAZA PRIMARY SCHOOL,,Mara,Bunda,,
NAMHULA-STOO PRIMARY SCHOOL,,Mara,Bunda,,
NANSIMO PRIMARY SCHOOL,,Mara,Bunda,,
NYABUZUME PRIMARY SCHOOL,,Mara,Bunda,,
NYAMUSWA 'A' PRIMARY SCHOOL,,Mara,Bunda,,
NYANGERE PRIMARY SCHOOL,,Mara,Bunda,,
RAKANA PRIMARY SCHOOL,,Mara,Bunda,,
SALAMA 'B' PRIMARY SCHOOL,,Mara,Bunda,,
SARAKWA PRIMARY SCHOOL,,Mara,Bunda,,
ST. GREGORY PRIMARY SCHOOL,,Mara,Bunda,,
SUNSI 'B' PRIMARY SCHOOL,,Mara,Bunda,,
BUGUMA PRIMARY SCHOOL,,Mara,Bunda,,
BULENDABUFWE PRIMARY SCHOOL,,Mara,Bunda,,
BUNYUNYI PRIMARY SCHOOL,,Mara,Bunda,,
BUSORE PRIMARY SCHOOL,,Mara,Bunda,,
CHAMAKAPO PRIMARY SCHOOL,,Mara,Bunda,,
HUNYARI PRIMARY SCHOOL,,Mara,Bunda,,
IKIZU 'A' PRIMARY SCHOOL,,Mara,Bunda,,
KABAINJA PRIMARY SCHOOL,,Mara,Bunda,,
KAMBUBU PRIMARY SCHOOL,,Mara,Bunda,,
KARUKEKERE 'B' PRIMARY SCHOOL,,Mara,Bunda,,
KENKOMBYO PRIMARY SCHOOL,,Mara,Bunda,,
KIBARA 'B' PRIMARY SCHOOL,,Mara,Bunda,,
MAFWELE PRIMARY SCHOOL,,Mara,Bunda,,
MAKWA PRIMARY SCHOOL,,Mara,Bunda,,
MANYANGARE PRIMARY SCHOOL,,Mara,Bunda,,
MARIWANDA 'B' PRIMARY SCHOOL,,Mara,Bunda,,
MCHIGONDO PRIMARY SCHOOL,,Mara,Bunda,,
MIHINGO PRIMARY SCHOOL,,Mara,Bunda,,
MUGETA PRIMARY SCHOOL,,Mara,Bunda,,
MURANDA 'A' PRIMARY SCHOOL,,Mara,Bunda,,
MWIBARA PRIMARY SCHOOL,,Mara,Bunda,,
MWITENDE PRIMARY SCHOOL,,Mara,Bunda,,
NAMALAMA PRIMARY SCHOOL,,Mara,Bunda,,
NAMBUBI PRIMARY SCHOOL,,Mara,Bunda,,
NAMIBU 'A' PRIMARY SCHOOL,,Mara,Bunda,,
NANSURULI PRIMARY SCHOOL,,Mara,Bunda,,
NYAMAKOMBU PRIMARY SCHOOL,,Mara,Bunda,,
NYAMUSWA 'B' PRIMARY SCHOOL,,Mara,Bunda,,
NYANSIRORI PRIMARY SCHOOL,,Mara,Bunda,,
SABASITA PRIMARY SCHOOL,,Mara,Bunda,,
SALAMA-KATI PRIMARY SCHOOL,,Mara,Bunda,,
SARAWE PRIMARY SCHOOL,,Mara,Bunda,,
STEVEN WASIRA PRIMARY SCHOOL,,Mara,Bunda,,
TINGIRIMA PRIMARY SCHOOL,,Mara,Bunda,,
BUKAMA PRIMARY SCHOOL,,Mara,Bunda,,
BULOMBA PRIMARY SCHOOL,,Mara,Bunda,,
BUSAMBARA PRIMARY SCHOOL,,Mara,Bunda,,
BUZIMBWE PRIMARY SCHOOL,,Mara,Bunda,,
CHAMTIGITI PRIMARY SCHOOL,,Mara,Bunda,,
HARUZALE PRIMARY SCHOOL,,Mara,Bunda,,
IBWAGALILO PRIMARY SCHOOL,,Mara,Bunda,,
IKIZU 'B' PRIMARY SCHOOL,,Mara,Bunda,,
KAMULEBYA PRIMARY SCHOOL,,Mara,Bunda,,
KASAHUNGA PRIMARY SCHOOL,,Mara,Bunda,,
KETARE PRIMARY SCHOOL,,Mara,Bunda,,
KIGAGA PRIMARY SCHOOL,,Mara,Bunda,,
KIROLELI PRIMARY SCHOOL,,Mara,Bunda,,
KURUSANGA PRIMARY SCHOOL,,Mara,Bunda,,
MAHANGA PRIMARY SCHOOL,,Mara,Bunda,,
MANCHIMWERU 'A' PRIMARY SCHOOL,,Mara,Bunda,,
MARAMBEKA PRIMARY SCHOOL,,Mara,Bunda,,
MASABA PRIMARY SCHOOL,,Mara,Bunda,,
MEKOMARIRO 'A' PRIMARY SCHOOL,,Mara,Bunda,,
MUGARA 'A' PRIMARY SCHOOL,,Mara,Bunda,,
MURANDA 'B' PRIMARY SCHOOL,,Mara,Bunda,,
MWIRURUMA PRIMARY SCHOOL,,Mara,Bunda,,
NAFUBA PRIMARY SCHOOL,,Mara,Bunda,,
NAMALEBE PRIMARY SCHOOL,,Mara,Bunda,,
NAMHULA PRIMARY SCHOOL,,Mara,Bunda,,
NAMIBU 'B' PRIMARY SCHOOL,,Mara,Bunda,,
NYABURUNDU PRIMARY SCHOOL,,Mara,Bunda,,
NYAMITWEBILI PRIMARY SCHOOL,,Mara,Bunda,,
NYANG'ARANGA PRIMARY SCHOOL,,Mara,Bunda,,
RAGATA PRIMARY SCHOOL,,Mara,Bunda,,
SALAMA 'A' PRIMARY SCHOOL,,Mara,Bunda,,
SANZATE PRIMARY SCHOOL,,Mara,Bunda,,
SIKIRO PRIMARY SCHOOL,,Mara,Bunda,,
SUNSI 'A' PRIMARY SCHOOL,,Mara,Bunda,,
ACT-SHALOM PRIMARY SCHOOL,,Mara,Bunda,,
BALILI A PRIMARY SCHOOL,,Mara,Bunda Tc,,
BITARAGURU A PRIMARY SCHOOL,,Mara,Bunda Tc,,
BUNDA A PRIMARY SCHOOL,,Mara,Bunda Tc,,
BUSHIGWAMALA PRIMARY SCHOOL,,Mara,Bunda Tc,,
CHANGUGE PRIMARY SCHOOL,,Mara,Bunda Tc,,
GUTA B PRIMARY SCHOOL,,Mara,Bunda Tc,,
KABARIMU B PRIMARY SCHOOL,,Mara,Bunda Tc,,
KAMKENGA PRIMARY SCHOOL,,Mara,Bunda Tc,,
KINYAMBWIGA A PRIMARY SCHOOL,,Mara,Bunda Tc,,
KITARAMAKA PRIMARY SCHOOL,,Mara,Bunda Tc,,
KUNG'OMBE A PRIMARY SCHOOL,,Mara,Bunda Tc,,
LIGAMBA PRIMARY SCHOOL,,Mara,Bunda Tc,,
MAZOEZI BUNDA PRIMARY SCHOOL,,Mara,Bunda Tc,,
MIEMBENI A PRIMARY SCHOOL,,Mara,Bunda Tc,,
MIHALE PRIMARY SCHOOL,,Mara,Bunda Tc,,
MZUMA PRIMARY SCHOOL,,Mara,Bunda Tc,,
NYASANA PRIMARY SCHOOL,,Mara,Bunda Tc,,
NYIHANGA PRIMARY SCHOOL,,Mara,Bunda Tc,,
SAZIRA PRIMARY SCHOOL,,Mara,Bunda Tc,,
ST. PAUL'S PRIMARY SCHOOL,,Mara,Bunda Tc,,
USHASHI PRIMARY SCHOOL,,Mara,Bunda Tc,,
AMANI LUTHERAN PRIMARY SCHOOL,,Mara,Bunda Tc,,
BALILI B PRIMARY SCHOOL,,Mara,Bunda Tc,,
BITARAGURU B PRIMARY SCHOOL,,Mara,Bunda Tc,,
BUNDA B PRIMARY SCHOOL,,Mara,Bunda Tc,,
BUTAKALE PRIMARY SCHOOL,,Mara,Bunda Tc,,
CHIRINGE A PRIMARY SCHOOL,,Mara,Bunda Tc,,
FASEJOMA PRIMARY SCHOOL,,Mara,Bunda Tc,,
KABASA A PRIMARY SCHOOL,,Mara,Bunda Tc,,
KANGETUTYA PRIMARY SCHOOL,,Mara,Bunda Tc,,
KINYAMBWIGA B PRIMARY SCHOOL,,Mara,Bunda Tc,,
KIWASI PRIMARY SCHOOL,,Mara,Bunda Tc,,
KUNG'OMBE B PRIMARY SCHOOL,,Mara,Bunda Tc,,
MIEMBENI B PRIMARY SCHOOL,,Mara,Bunda Tc,,
MT. FRANCIS WA ASSIS PRIMARY SCHOOL,,Mara,Bunda Tc,,
NYABEHU PRIMARY SCHOOL,,Mara,Bunda Tc,,
NYASURA PRIMARY SCHOOL,,Mara,Bunda Tc,,
RUBANA PRIMARY SCHOOL,,Mara,Bunda Tc,,
ST.MARIA ROSE PRIMARY SCHOOL,,Mara,Bunda Tc,,
WARIKU PRIMARY SCHOOL,,Mara,Bunda Tc,,
BIGUTU PRIMARY SCHOOL,,Mara,Bunda Tc,,
BUKORE PRIMARY SCHOOL,,Mara,Bunda Tc,,
BUNDA STOO PRIMARY SCHOOL,,Mara,Bunda Tc,,
CHAMGONGO PRIMARY SCHOOL,,Mara,Bunda Tc,,
CHIRINGE B PRIMARY SCHOOL,,Mara,Bunda Tc,,
GUTA A PRIMARY SCHOOL,,Mara,Bunda Tc,,
KABARIMU A PRIMARY SCHOOL,,Mara,Bunda Tc,,
KABASA B PRIMARY SCHOOL,,Mara,Bunda Tc,,
KISANGWA PRIMARY SCHOOL,,Mara,Bunda Tc,,
KUNANGA PRIMARY SCHOOL,,Mara,Bunda Tc,,
KUNZUGU PRIMARY SCHOOL,,Mara,Bunda Tc,,
MAKALEKALE PRIMARY SCHOOL,,Mara,Bunda Tc,,
MCHARO PRIMARY SCHOOL,,Mara,Bunda Tc,,
MUGAJA PRIMARY SCHOOL,,Mara,Bunda Tc,,
NYAMATOKE PRIMARY SCHOOL,,Mara,Bunda Tc,,
NYANTARE PRIMARY SCHOOL,,Mara,Bunda Tc,,
RWABU PRIMARY SCHOOL,,Mara,Bunda Tc,,
SHIYENZO PRIMARY SCHOOL,,Mara,Bunda Tc,,
TAIRO PRIMARY SCHOOL,,Mara,Bunda Tc,,
BARANGA PRIMARY SCHOOL,,Mara,Bunda Tc,,
BISUMWA PRIMARY SCHOOL,,Mara,Butiama,,
BUKINGA PRIMARY SCHOOL,,Mara,Butiama,,
BUSEGWE PRIMARY SCHOOL,,Mara,Butiama,,
BUTASYA PRIMARY SCHOOL,,Mara,Butiama,,
BUTURU PRIMARY SCHOOL,,Mara,Butiama,,
CHIEF MANYORI PRIMARY SCHOOL,,Mara,Butiama,,
ISABA PRIMARY SCHOOL,,Mara,Butiama,,
KAMIMANGE PRIMARY SCHOOL,,Mara,Butiama,,
KIABAKARI PRIMARY SCHOOL,,Mara,Butiama,,
KIGORI PRIMARY SCHOOL,,Mara,Butiama,,
KIRUMI PRIMARY SCHOOL,,Mara,Butiama,,
KIZARU PRIMARY SCHOOL,,Mara,Butiama,,
KWIGUTU PRIMARY SCHOOL,,Mara,Butiama,,
KYAMAJOJE PRIMARY SCHOOL,,Mara,Butiama,,
KYASAMITI PRIMARY SCHOOL,,Mara,Butiama,,
MADARAKA PRIMARY SCHOOL,,Mara,Butiama,,
MASURURA PRIMARY SCHOOL,,Mara,Butiama,,
MIRWA PRIMARY SCHOOL,,Mara,Butiama,,
MMAZAMI PRIMARY SCHOOL,,Mara,Butiama,,
MWALIMU NYERERE PRIMARY SCHOOL,,Mara,Butiama,,
MWIKOKO PRIMARY SCHOOL,,Mara,Butiama,,
NYABEKWABI PRIMARY SCHOOL,,Mara,Butiama,,
NYAKISWA PRIMARY SCHOOL,,Mara,Butiama,,
NYAMIHURU PRIMARY SCHOOL,,Mara,Butiama,,
NYAMISISI PRIMARY SCHOOL,,Mara,Butiama,,
NYARUKORU PRIMARY SCHOOL,,Mara,Butiama,,
RWAMKOMA PRIMARY SCHOOL,,Mara,Butiama,,
RYAMUGABO PRIMARY SCHOOL,,Mara,Butiama,,
TARANI PRIMARY SCHOOL,,Mara,Butiama,,
VICZONE PRIMARY SCHOOL,,Mara,Butiama,,
BIATIKA PRIMARY SCHOOL,,Mara,Butiama,,
BLESSED EDMUND PRIMARY SCHOOL,,Mara,Butiama,,
BUMANGI PRIMARY SCHOOL,,Mara,Butiama,,
BUSIRIME PRIMARY SCHOOL,,Mara,Butiama,,
BUTIAMA 'B' PRIMARY SCHOOL,,Mara,Butiama,,
BUZAHYA PRIMARY SCHOOL,,Mara,Butiama,,
DEUS CARITAS PRIMARY SCHOOL,,Mara,Butiama,,
KAGINAKERU PRIMARY SCHOOL,,Mara,Butiama,,
KAMUGEGI PRIMARY SCHOOL,,Mara,Butiama,,
KIAGATA PRIMARY SCHOOL,,Mara,Butiama,,
KIHUZU PRIMARY SCHOOL,,Mara,Butiama,,
KISAMWENE PRIMARY SCHOOL,,Mara,Butiama,,
KONGOTO PRIMARY SCHOOL,,Mara,Butiama,,
KWISANGURA PRIMARY SCHOOL,,Mara,Butiama,,
KYAMASABETA PRIMARY SCHOOL,,Mara,Butiama,,
KYAWAZARU PRIMARY SCHOOL,,Mara,Butiama,,
MAGANA PRIMARY SCHOOL,,Mara,Butiama,,
MAKORE PRIMARY SCHOOL,,Mara,Butiama,,
MATONGO PRIMARY SCHOOL,,Mara,Butiama,,
MKIRINGO PRIMARY SCHOOL,,Mara,Butiama,,
MWANZABURIGA PRIMARY SCHOOL,,Mara,Butiama,,
NGEREKWE PRIMARY SCHOOL,,Mara,Butiama,,
NYABUBUMARI PRIMARY SCHOOL,,Mara,Butiama,,
NYAMIKOMA 'B' PRIMARY SCHOOL,,Mara,Butiama,,
NYANKANGA PRIMARY SCHOOL,,Mara,Butiama,,
NYASIRORI PRIMARY SCHOOL,,Mara,Butiama,,
RWASERETA PRIMARY SCHOOL,,Mara,Butiama,,
TERITA PRIMARY SCHOOL,,Mara,Butiama,,
WEGERO PRIMARY SCHOOL,,Mara,Butiama,,
BISARYE PRIMARY SCHOOL,,Mara,Butiama,,
BUHEMBA PRIMARY SCHOOL,,Mara,Butiama,,
BURUMA PRIMARY SCHOOL,,Mara,Butiama,,
BUSWAHILI PRIMARY SCHOOL,,Mara,Butiama,,
BUTIAMA PRIMARY SCHOOL,,Mara,Butiama,,
BWIREGI PRIMARY SCHOOL,,Mara,Butiama,,
IBISO PRIMARY SCHOOL,,Mara,Butiama,,
KAMGENDI PRIMARY SCHOOL,,Mara,Butiama,,
KIABAKARI 'B' PRIMARY SCHOOL,,Mara,Butiama,,
KIBUBWA PRIMARY SCHOOL,,Mara,Butiama,,
KINYARIRI PRIMARY SCHOOL,,Mara,Butiama,,
KITARAMANKA PRIMARY SCHOOL,,Mara,Butiama,,
KURUGESE PRIMARY SCHOOL,,Mara,Butiama,,
KWISARO PRIMARY SCHOOL,,Mara,Butiama,,
KYAMUKO PRIMARY SCHOOL,,Mara,Butiama,,
KYESWA PRIMARY SCHOOL,,Mara,Butiama,,
MANYAWA PRIMARY SCHOOL,,Mara,Butiama,,
MBEZA PRIMARY SCHOOL,,Mara,Butiama,,
MKONO PRIMARY SCHOOL,,Mara,Butiama,,
MURIAZA PRIMARY SCHOOL,,Mara,Butiama,,
MWIBAGI PRIMARY SCHOOL,,Mara,Butiama,,
NYABANGE PRIMARY SCHOOL,,Mara,Butiama,,
NYAGINO PRIMARY SCHOOL,,Mara,Butiama,,
NYAMBILI PRIMARY SCHOOL,,Mara,Butiama,,
RESSURECTION PRIMARY SCHOOL,,Mara,Butiama,,
RYAMISANGA PRIMARY SCHOOL,,Mara,Butiama,,
SIRORISIMBA PRIMARY SCHOOL,,Mara,Butiama,,
TONYO PRIMARY SCHOOL,,Mara,Butiama,,
ZANAKI PRIMARY SCHOOL,,Mara,Butiama,,
AGAPEPRIMARY SCHOOL PRIMARY SCHOOL,,Mara,Butiama,,
BUIRA PRIMARY SCHOOL,,Mara,Musoma,,
BULINGA B PRIMARY SCHOOL,,Mara,Musoma,,
BURUNGU PRIMARY SCHOOL,,Mara,Musoma,,
BUSUMI B PRIMARY SCHOOL,,Mara,Musoma,,
BUTATA B PRIMARY SCHOOL,,Mara,Musoma,,
BWAI PRIMARY SCHOOL,,Mara,Musoma,,
BWENDA B PRIMARY SCHOOL,,Mara,Musoma,,
CHANYAURU PRIMARY SCHOOL,,Mara,Musoma,,
CHIRORWE PRIMARY SCHOOL,,Mara,Musoma,,
CHUMWI B PRIMARY SCHOOL,,Mara,Musoma,,
ELIMEDO PRIMARY SCHOOL,,Mara,Musoma,,
KABURABURA B PRIMARY SCHOOL,,Mara,Musoma,,
KANDEREMA PRIMARY SCHOOL,,Mara,Musoma,,
KASOMA B PRIMARY SCHOOL,,Mara,Musoma,,
KATARYO PRIMARY SCHOOL,,Mara,Musoma,,
KINYANG'ERERE PRIMARY SCHOOL,,Mara,Musoma,,
KOME B PRIMARY SCHOOL,,Mara,Musoma,,
KURUGONGO PRIMARY SCHOOL,,Mara,Musoma,,
KUSENYI PRIMARY SCHOOL,,Mara,Musoma,,
KWIKEREGE PRIMARY SCHOOL,,Mara,Musoma,,
MABUIMERAFURU B PRIMARY SCHOOL,,Mara,Musoma,,
MAJITA PRIMARY SCHOOL,,Mara,Musoma,,
MASINONO PRIMARY SCHOOL,,Mara,Musoma,,
MKIRIRA B PRIMARY SCHOOL,,Mara,Musoma,,
MUGANE PRIMARY SCHOOL,,Mara,Musoma,,
MURANGI B PRIMARY SCHOOL,,Mara,Musoma,,
MURUNYIGO PRIMARY SCHOOL,,Mara,Musoma,,
NGERENGERE PRIMARY SCHOOL,,Mara,Musoma,,
NYAMBONO 'A' PRIMARY SCHOOL,,Mara,Musoma,,
NYAMINYA PRIMARY SCHOOL,,Mara,Musoma,,
NYAMWIRU PRIMARY SCHOOL,,Mara,Musoma,,
NYEGINA B PRIMARY SCHOOL,,Mara,Musoma,,
RUKUBA PRIMARY SCHOOL,,Mara,Musoma,,
RWANGA PRIMARY SCHOOL,,Mara,Musoma,,
TEGERUKA B PRIMARY SCHOOL,,Mara,Musoma,,
WANYERE PRIMARY SCHOOL,,Mara,Musoma,,
BUGOJI PRIMARY SCHOOL,,Mara,Musoma,,
BUKUMI PRIMARY SCHOOL,,Mara,Musoma,,
BULINGA PRIMARY SCHOOL,,Mara,Musoma,,
BUSAMBA PRIMARY SCHOOL,,Mara,Musoma,,
BUSUMI PRIMARY SCHOOL,,Mara,Musoma,,
BUTATA PRIMARY SCHOOL,,Mara,Musoma,,
BWASI 'B' PRIMARY SCHOOL,,Mara,Musoma,,
BWENDA PRIMARY SCHOOL,,Mara,Musoma,,
CHIMATI B PRIMARY SCHOOL,,Mara,Musoma,,
CHITARE B PRIMARY SCHOOL,,Mara,Musoma,,
CHUMWI PRIMARY SCHOOL,,Mara,Musoma,,
ETARO PRIMARY SCHOOL,,Mara,Musoma,,
KABURABURA PRIMARY SCHOOL,,Mara,Musoma,,
KAMGURUKI PRIMARY SCHOOL,,Mara,Musoma,,
KANYEGA PRIMARY SCHOOL,,Mara,Musoma,,
KASOMA PRIMARY SCHOOL,,Mara,Musoma,,
KIGERA B PRIMARY SCHOOL,,Mara,Musoma,,
KIRIBA B PRIMARY SCHOOL,,Mara,Musoma,,
KURUKEREGE PRIMARY SCHOOL,,Mara,Musoma,,
KWIBARA B PRIMARY SCHOOL,,Mara,Musoma,,
KWIKUBA PRIMARY SCHOOL,,Mara,Musoma,,
MABUIMERAFURU PRIMARY SCHOOL,,Mara,Musoma,,
MAKOJO PRIMARY SCHOOL,,Mara,Musoma,,
MIKUYU PRIMARY SCHOOL,,Mara,Musoma,,
MKIRIRA PRIMARY SCHOOL,,Mara,Musoma,,
MUGANGO PRIMARY SCHOOL,,Mara,Musoma,,
MURANGI PRIMARY SCHOOL,,Mara,Musoma,,
MUSANJA PRIMARY SCHOOL,,Mara,Musoma,,
NYABAENGERE PRIMARY SCHOOL,,Mara,Musoma,,
NYAMBONO 'B' PRIMARY SCHOOL,,Mara,Musoma,,
NYAMIYENGA PRIMARY SCHOOL,,Mara,Musoma,,
NYASAUNGU PRIMARY SCHOOL,,Mara,Musoma,,
NYEGINA PRIMARY SCHOOL,,Mara,Musoma,,
RUSOLI B PRIMARY SCHOOL,,Mara,Musoma,,
SEKA B PRIMARY SCHOOL,,Mara,Musoma,,
SUGUTI B PRIMARY SCHOOL,,Mara,Musoma,,
TEGERUKA PRIMARY SCHOOL,,Mara,Musoma,,
BUGWEMA PRIMARY SCHOOL,,Mara,Musoma,,
BUKWAYA PRIMARY SCHOOL,,Mara,Musoma,,
BURAGA PRIMARY SCHOOL,,Mara,Musoma,,
BUSEKERA PRIMARY SCHOOL,,Mara,Musoma,,
BUSUNGU PRIMARY SCHOOL,,Mara,Musoma,,
BWAI B PRIMARY SCHOOL,,Mara,Musoma,,
BWASI PRIMARY SCHOOL,,Mara,Musoma,,
CHANYAURU B PRIMARY SCHOOL,,Mara,Musoma,,
CHIMATI PRIMARY SCHOOL,,Mara,Musoma,,
CHITARE PRIMARY SCHOOL,,Mara,Musoma,,
EKUNGU PRIMARY SCHOOL,,Mara,Musoma,,
JITIRORA PRIMARY SCHOOL,,Mara,Musoma,,
KAMATONDO PRIMARY SCHOOL,,Mara,Musoma,,
KANDEREMA B PRIMARY SCHOOL,,Mara,Musoma,,
KARUBUGU PRIMARY SCHOOL,,Mara,Musoma,,
KATARYO B PRIMARY SCHOOL,,Mara,Musoma,,
KIGERA PRIMARY SCHOOL,,Mara,Musoma,,
KIRIBA PRIMARY SCHOOL,,Mara,Musoma,,
KURUGONGO B PRIMARY SCHOOL,,Mara,Musoma,,
KUSENYI B PRIMARY SCHOOL,,Mara,Musoma,,
KWIBARA PRIMARY SCHOOL,,Mara,Musoma,,
LYASEMBE PRIMARY SCHOOL,,Mara,Musoma,,
MAJITA B PRIMARY SCHOOL,,Mara,Musoma,,
MANEKE PRIMARY SCHOOL,,Mara,Musoma,,
MMAHARE PRIMARY SCHOOL,,Mara,Musoma,,
MUHOJI PRIMARY SCHOOL,,Mara,Musoma,,
MURUGEE PRIMARY SCHOOL,,Mara,Musoma,,
MWIRINGO PRIMARY SCHOOL,,Mara,Musoma,,
NYAKATENDE PRIMARY SCHOOL,,Mara,Musoma,,
NYAMINYA B PRIMARY SCHOOL,,Mara,Musoma,,
NYAMRANDIRIRA PRIMARY SCHOOL,,Mara,Musoma,,
NYASURURA PRIMARY SCHOOL,,Mara,Musoma,,
NYETASYO PRIMARY SCHOOL,,Mara,Musoma,,
RUSOLI PRIMARY SCHOOL,,Mara,Musoma,,
SEKA PRIMARY SCHOOL,,Mara,Musoma,,
SUGUTI PRIMARY SCHOOL,,Mara,Musoma,,
WANYERE B PRIMARY SCHOOL,,Mara,Musoma,,
ACT MARA PRIMARY SCHOOL,,Mara,Musoma,,
BAKHITA PRIMARY SCHOOL,,Mara,Musoma Mc,,
BUKOBA 'B' PRIMARY SCHOOL,,Mara,Musoma Mc,,
CHRIST THE KING PRIMARY SCHOOL,,Mara,Musoma Mc,,
IMANUEL PRIMARY SCHOOL,,Mara,Musoma Mc,,
JWTZ BUKANGA PRIMARY SCHOOL,,Mara,Musoma Mc,,
KAMUNYONGE 'A' PRIMARY SCHOOL,,Mara,Musoma Mc,,
KIGERA 'A' PRIMARY SCHOOL,,Mara,Musoma Mc,,
MSANGI PRIMARY SCHOOL,,Mara,Musoma Mc,,
MTAKUJA A PRIMARY SCHOOL,,Mara,Musoma Mc,,
MUKENDO PRIMARY SCHOOL,,Mara,Musoma Mc,,
MWEMBENI 'B' PRIMARY SCHOOL,,Mara,Musoma Mc,,
NEW MANNA PRIMARY SCHOOL,,Mara,Musoma Mc,,
NYAKATO 'C' PRIMARY SCHOOL,,Mara,Musoma Mc,,
NYANG'OMBORI PRIMARY SCHOOL,,Mara,Musoma Mc,,
NYASHO 'A' PRIMARY SCHOOL,,Mara,Musoma Mc,,
RWAMLIMI 'A' PRIMARY SCHOOL,,Mara,Musoma Mc,,
SETAVIN PRIMARY SCHOOL,,Mara,Musoma Mc,,
ST PAUL PRIMARY SCHOOL,,Mara,Musoma Mc,,
BUHARE KATI PRIMARY SCHOOL,,Mara,Musoma Mc,,
BUKOBA PRIMARY SCHOOL,,Mara,Musoma Mc,,
IRINGO 'A' PRIMARY SCHOOL,,Mara,Musoma Mc,,
KAMBARAGE 'A' PRIMARY SCHOOL,,Mara,Musoma Mc,,
KAMUNYONGE 'B' PRIMARY SCHOOL,,Mara,Musoma Mc,,
KIGERA 'B' PRIMARY SCHOOL,,Mara,Musoma Mc,,
MSHIKAMANO 'A' PRIMARY SCHOOL,,Mara,Musoma Mc,,
MTAKUJA 'B' PRIMARY SCHOOL,,Mara,Musoma Mc,,
MWISENGE 'A' PRIMARY SCHOOL,,Mara,Musoma Mc,,
NYAKATO 'A' PRIMARY SCHOOL,,Mara,Musoma Mc,,
NYAMATARE 'A' PRIMARY SCHOOL,,Mara,Musoma Mc,,
NYARIGAMBA 'A' PRIMARY SCHOOL,,Mara,Musoma Mc,,
NYASHO 'B' PRIMARY SCHOOL,,Mara,Musoma Mc,,
RWAMLIMI 'B' PRIMARY SCHOOL,,Mara,Musoma Mc,,
SILOAM PRIMARY SCHOOL,,Mara,Musoma Mc,,
STJOHN BOSCO PRIMARY SCHOOL,,Mara,Musoma Mc,,
BUHARE PRIMARY SCHOOL,,Mara,Musoma Mc,,
BWERI PRIMARY SCHOOL,,Mara,Musoma Mc,,
IMAM SHAFII PRIMARY SCHOOL,,Mara,Musoma Mc,,
IRINGO 'B' PRIMARY SCHOOL,,Mara,Musoma Mc,,
KAMBARAGE 'B' PRIMARY SCHOOL,,Mara,Musoma Mc,,
KIARA PRIMARY SCHOOL,,Mara,Musoma Mc,,
KWANGWA PRIMARY SCHOOL,,Mara,Musoma Mc,,
MWEMBENI 'A' PRIMARY SCHOOL,,Mara,Musoma Mc,,
MWISENGE 'B' PRIMARY SCHOOL,,Mara,Musoma Mc,,
NYAKATO 'B' PRIMARY SCHOOL,,Mara,Musoma Mc,,
NYAMATARE 'B' PRIMARY SCHOOL,,Mara,Musoma Mc,,
NYARIGAMBA 'B' PRIMARY SCHOOL,,Mara,Musoma Mc,,
PAROMA PRIMARY SCHOOL,,Mara,Musoma Mc,,
RWAMLIMI S.D.A PRIMARY SCHOOL,,Mara,Musoma Mc,,
WITTS PRIMARY SCHOOL,,Mara,Musoma Mc,,
BARATON PRIMARY SCHOOL,,Mara,Musoma Mc,,
BUBOMBI PRIMARY SCHOOL,,Mara,Rorya,,
BUSANGA PRIMARY SCHOOL,,Mara,Rorya,,
COMAPO PRIMARY SCHOOL,,Mara,Rorya,,
ELIZABETH MEMORIAL PRIMARY SCHOOL,,Mara,Rorya,,
GIBENI PRIMARY SCHOOL,,Mara,Rorya,,
INGRIJUU PRIMARY SCHOOL,,Mara,Rorya,,
KAGECHA PRIMARY SCHOOL,,Mara,Rorya,,
KIBUYI PRIMARY SCHOOL,,Mara,Rorya,,
KINESI 'B' PRIMARY SCHOOL,,Mara,Rorya,,
KOGAJA PRIMARY SCHOOL,,Mara,Rorya,,
KOTWO PRIMARY SCHOOL,,Mara,Rorya,,
KWEROMA PRIMARY SCHOOL,,Mara,Rorya,,
KYABUNYONYI PRIMARY SCHOOL,,Mara,Rorya,,
KYANYAMSANA PRIMARY SCHOOL,,Mara,Rorya,,
LIGERO PRIMARY SCHOOL,,Mara,Rorya,,
LUANDASIMBIRI PRIMARY SCHOOL,,Mara,Rorya,,
MANG'ORE PRIMARY SCHOOL,,Mara,Rorya,,
MASARA PRIMARY SCHOOL,,Mara,Rorya,,
MBATAMO PRIMARY SCHOOL,,Mara,Rorya,,
MIKA PRIMARY SCHOOL,,Mara,Rorya,,
MKENGWA PRIMARY SCHOOL,,Mara,Rorya,,
MUCHIROBI PRIMARY SCHOOL,,Mara,Rorya,,
MWEGE PRIMARY SCHOOL,,Mara,Rorya,,
NG'OPE PRIMARY SCHOOL,,Mara,Rorya,,
NYAHONGO PRIMARY SCHOOL,,Mara,Rorya,,
NYAMAGUKU PRIMARY SCHOOL,,Mara,Rorya,,
NYAMBOGO PRIMARY SCHOOL,,Mara,Rorya,,
NYAMUSI PRIMARY SCHOOL,,Mara,Rorya,,
NYAROMBO PRIMARY SCHOOL,,Mara,Rorya,,
NYIHARA PRIMARY SCHOOL,,Mara,Rorya,,
OCHUNA PRIMARY SCHOOL,,Mara,Rorya,,
OLIYO 'B' PRIMARY SCHOOL,,Mara,Rorya,,
OMUGA PRIMARY SCHOOL,,Mara,Rorya,,
POI PRIMARY SCHOOL,,Mara,Rorya,,
RARANYA PRIMARY SCHOOL,,Mara,Rorya,,
ROCHE PRIMARY SCHOOL,,Mara,Rorya,,
RYAGATI PRIMARY SCHOOL,,Mara,Rorya,,
SIKO PRIMARY SCHOOL,,Mara,Rorya,,
ST. CONSOLATA PRIMARY SCHOOL,,Mara,Rorya,,
TATWE PRIMARY SCHOOL,,Mara,Rorya,,
TINGIRIME PRIMARY SCHOOL,,Mara,Rorya,,
BINASO PRIMARY SCHOOL,,Mara,Rorya,,
BUGENDI 'A' PRIMARY SCHOOL,,Mara,Rorya,,
BUKIRO PRIMARY SCHOOL,,Mara,Rorya,,
BUTURI PRIMARY SCHOOL,,Mara,Rorya,,
CHARYA PRIMARY SCHOOL,,Mara,Rorya,,
DAGOPA PRIMARY SCHOOL,,Mara,Rorya,,
ERENGO PRIMARY SCHOOL,,Mara,Rorya,,
GIRANGO PRIMARY SCHOOL,,Mara,Rorya,,
IRIENYI PRIMARY SCHOOL,,Mara,Rorya,,
KASINO PRIMARY SCHOOL,,Mara,Rorya,,
KIHUNDA PRIMARY SCHOOL,,Mara,Rorya,,
KINGIGORO PRIMARY SCHOOL,,Mara,Rorya,,
KISUMWA PRIMARY SCHOOL,,Mara,Rorya,,
KOMUGE PRIMARY SCHOOL,,Mara,Rorya,,
KUKONA PRIMARY SCHOOL,,Mara,Rorya,,
KWIBUSE PRIMARY SCHOOL,,Mara,Rorya,,
KYAMKAMI PRIMARY SCHOOL,,Mara,Rorya,,
KYARIKO PRIMARY SCHOOL,,Mara,Rorya,,
LOLWE PRIMARY SCHOOL,,Mara,Rorya,,
MANILA PRIMARY SCHOOL,,Mara,Rorya,,
MARASIBORA PRIMARY SCHOOL,,Mara,Rorya,,
MASIKE PRIMARY SCHOOL,,Mara,Rorya,,
MICHIRE PRIMARY SCHOOL,,Mara,Rorya,,
MILENIA YA TATU PRIMARY SCHOOL,,Mara,Rorya,,
MKOMA PRIMARY SCHOOL,,Mara,Rorya,,
MUHARANGO PRIMARY SCHOOL,,Mara,Rorya,,
NEW TINA'S PRIMARY SCHOOL,,Mara,Rorya,,
NYABIKONDO PRIMARY SCHOOL,,Mara,Rorya,,
NYAMAGARO PRIMARY SCHOOL,,Mara,Rorya,,
NYAMASANDA PRIMARY SCHOOL,,Mara,Rorya,,
NYAMBORI PRIMARY SCHOOL,,Mara,Rorya,,
NYANCHABAKENYE PRIMARY SCHOOL,,Mara,Rorya,,
NYANJAGE PRIMARY SCHOOL,,Mara,Rorya,,
NYASOKO PRIMARY SCHOOL,,Mara,Rorya,,
OBOLO PRIMARY SCHOOL,,Mara,Rorya,,
ODIKWA PRIMARY SCHOOL,,Mara,Rorya,,
OMOCHE 'A' PRIMARY SCHOOL,,Mara,Rorya,,
OSIRI PRIMARY SCHOOL,,Mara,Rorya,,
RADIENYA PRIMARY SCHOOL,,Mara,Rorya,,
RATIA PRIMARY SCHOOL,,Mara,Rorya,,
RUHU PRIMARY SCHOOL,,Mara,Rorya,,
SAYE PRIMARY SCHOOL,,Mara,Rorya,,
SOKORABOLO PRIMARY SCHOOL,,Mara,Rorya,,
SUDI PRIMARY SCHOOL,,Mara,Rorya,,
THABACHE PRIMARY SCHOOL,,Mara,Rorya,,
UTEGI PRIMARY SCHOOL,,Mara,Rorya,,
BITIRYO PRIMARY SCHOOL,,Mara,Rorya,,
BUGIRE PRIMARY SCHOOL,,Mara,Rorya,,
BUKWE PRIMARY SCHOOL,,Mara,Rorya,,
BWIRI PRIMARY SCHOOL,,Mara,Rorya,,
CHERECHE PRIMARY SCHOOL,,Mara,Rorya,,
DOWNHILL PRIMARY SCHOOL,,Mara,Rorya,,
GABIMORI PRIMARY SCHOOL,,Mara,Rorya,,
INGRI CHINI PRIMARY SCHOOL,,Mara,Rorya,,
K.M.T NGASARO PRIMARY SCHOOL,,Mara,Rorya,,
KIBACHIRO PRIMARY SCHOOL,,Mara,Rorya,,
KINESI 'A' PRIMARY SCHOOL,,Mara,Rorya,,
KIROGO PRIMARY SCHOOL,,Mara,Rorya,,
KITEMBE PRIMARY SCHOOL,,Mara,Rorya,,
KONGO PRIMARY SCHOOL,,Mara,Rorya,,
KURUYA PRIMARY SCHOOL,,Mara,Rorya,,
KYABAIBI PRIMARY SCHOOL,,Mara,Rorya,,
KYAMWAME PRIMARY SCHOOL,,Mara,Rorya,,
KYARO PRIMARY SCHOOL,,Mara,Rorya,,
LUANDAKISERU PRIMARY SCHOOL,,Mara,Rorya,,
MALKIA WA SHIRATI PRIMARY SCHOOL,,Mara,Rorya,,
MANYANYI PRIMARY SCHOOL,,Mara,Rorya,,
MARIWA PRIMARY SCHOOL,,Mara,Rorya,,
MIGEKO PRIMARY SCHOOL,,Mara,Rorya,,
MINIGO PRIMARY SCHOOL,,Mara,Rorya,,
MORI PRIMARY SCHOOL,,Mara,Rorya,,
MUHUNDWE PRIMARY SCHOOL,,Mara,Rorya,,
NGASARO PRIMARY SCHOOL,,Mara,Rorya,,
NYAHERA PRIMARY SCHOOL,,Mara,Rorya,,
NYAMAGONGO PRIMARY SCHOOL,,Mara,Rorya,,
NYAMASIEKI PRIMARY SCHOOL,,Mara,Rorya,,
NYAMUGERE PRIMARY SCHOOL,,Mara,Rorya,,
NYANDUGA PRIMARY SCHOOL,,Mara,Rorya,,
NYANJOGU PRIMARY SCHOOL,,Mara,Rorya,,
NYASORO PRIMARY SCHOOL,,Mara,Rorya,,
OBWERE PRIMARY SCHOOL,,Mara,Rorya,,
OLIYO 'A' PRIMARY SCHOOL,,Mara,Rorya,,
OMOCHE 'B' PRIMARY SCHOOL,,Mara,Rorya,,
PANYAKOO PRIMARY SCHOOL,,Mara,Rorya,,
RANDA PRIMARY SCHOOL,,Mara,Rorya,,
RAYUDHI PRIMARY SCHOOL,,Mara,Rorya,,
RWANG'ENYI PRIMARY SCHOOL,,Mara,Rorya,,
SHIRATI PRIMARY SCHOOL,,Mara,Rorya,,
SOTA PRIMARY SCHOOL,,Mara,Rorya,,
TACHO PRIMARY SCHOOL,,Mara,Rorya,,
TINA'S PRIMARY SCHOOL,,Mara,Rorya,,
BONCHUGU PRIMARY SCHOOL,,Mara,Serengeti,,
BUSAWE PRIMARY SCHOOL,,Mara,Serengeti,,
ENYAMAI PRIMARY SCHOOL,,Mara,Serengeti,,
GESARYA PRIMARY SCHOOL,,Mara,Serengeti,,
GWIKONGO PRIMARY SCHOOL,,Mara,Serengeti,,
IHARARA PRIMARY SCHOOL,,Mara,Serengeti,,
ISERESERE PRIMARY SCHOOL,,Mara,Serengeti,,
KEMALAMBO PRIMARY SCHOOL,,Mara,Serengeti,,
KENYAMONTA PRIMARY SCHOOL,,Mara,Serengeti,,
KERUKEREGE PRIMARY SCHOOL,,Mara,Serengeti,,
KIBEYO PRIMARY SCHOOL,,Mara,Serengeti,,
KISAKA PRIMARY SCHOOL,,Mara,Serengeti,,
KITUNGURUMA PRIMARY SCHOOL,,Mara,Serengeti,,
KORERI PRIMARY SCHOOL,,Mara,Serengeti,,
LITTLE FLOWER PRIMARY SCHOOL,,Mara,Serengeti,,
MACHOCHWE PRIMARY SCHOOL,,Mara,Serengeti,,
MAGHAKA PRIMARY SCHOOL,,Mara,Serengeti,,
MAKUNDUSI PRIMARY SCHOOL,,Mara,Serengeti,,
MANYATTA PRIMARY SCHOOL,,Mara,Serengeti,,
MARASOMOCHE PRIMARY SCHOOL,,Mara,Serengeti,,
MATANKA PRIMARY SCHOOL,,Mara,Serengeti,,
MBIRIKIRI PRIMARY SCHOOL,,Mara,Serengeti,,
MERENGA B PRIMARY SCHOOL,,Mara,Serengeti,,
METEMWE PRIMARY SCHOOL,,Mara,Serengeti,,
MONINGORI PRIMARY SCHOOL,,Mara,Serengeti,,
MOSONGO PRIMARY SCHOOL,,Mara,Serengeti,,
MUGUMU PRIMARY SCHOOL,,Mara,Serengeti,,
NATTABIGO PRIMARY SCHOOL,,Mara,Serengeti,,
NYAIGABO PRIMARY SCHOOL,,Mara,Serengeti,,
NYAMAKOBITI PRIMARY SCHOOL,,Mara,Serengeti,,
NYAMBURETI PRIMARY SCHOOL,,Mara,Serengeti,,
NYAMISINGISI PRIMARY SCHOOL,,Mara,Serengeti,,
NYANDEREMA PRIMARY SCHOOL,,Mara,Serengeti,,
NYANSURUMUNTI PRIMARY SCHOOL,,Mara,Serengeti,,
NYANUNGU PRIMARY SCHOOL,,Mara,Serengeti,,
NYICHOKA PRIMARY SCHOOL,,Mara,Serengeti,,
REMUNGORORI PRIMARY SCHOOL,,Mara,Serengeti,,
ROBANDA PRIMARY SCHOOL,,Mara,Serengeti,,
SINGISI PRIMARY SCHOOL,,Mara,Serengeti,,
TAMKERI PRIMARY SCHOOL,,Mara,Serengeti,,
ZAKIA MEGHJI PRIMARY SCHOOL,,Mara,Serengeti,,
BISARARA PRIMARY SCHOOL,,Mara,Serengeti,,
BORENGA PRIMARY SCHOOL,,Mara,Serengeti,,
BWITENGI PRIMARY SCHOOL,,Mara,Serengeti,,
FORT IKOMA PRIMARY SCHOOL,,Mara,Serengeti,,
GETARUNGU PRIMARY SCHOOL,,Mara,Serengeti,,
HEKWE PRIMARY SCHOOL,,Mara,Serengeti,,
IKORONGO PRIMARY SCHOOL,,Mara,Serengeti,,
ITUNUNU PRIMARY SCHOOL,,Mara,Serengeti,,
KEBANCHABANCHA PRIMARY SCHOOL,,Mara,Serengeti,,
KEMUGONGO PRIMARY SCHOOL,,Mara,Serengeti,,
KENYANA 'B' PRIMARY SCHOOL,,Mara,Serengeti,,
KETEMBERE PRIMARY SCHOOL,,Mara,Serengeti,,
KICHONGO B PRIMARY SCHOOL,,Mara,Serengeti,,
KISANGURA PRIMARY SCHOOL,,Mara,Serengeti,,
KOBOGWE PRIMARY SCHOOL,,Mara,Serengeti,,
KOROHONGO PRIMARY SCHOOL,,Mara,Serengeti,,
MAGANGE PRIMARY SCHOOL,,Mara,Serengeti,,
MAPINDUZI B PRIMARY SCHOOL,,Mara,Serengeti,,
MASANGURA PRIMARY SCHOOL,,Mara,Serengeti,,
MATARE PRIMARY SCHOOL,,Mara,Serengeti,,
MCHURI PRIMARY SCHOOL,,Mara,Serengeti,,
MERENGA PRIMARY SCHOOL,,Mara,Serengeti,,
MISEKE PRIMARY SCHOOL,,Mara,Serengeti,,
MONUNA PRIMARY SCHOOL,,Mara,Serengeti,,
MOTUKERI PRIMARY SCHOOL,,Mara,Serengeti,,
MUSATI PRIMARY SCHOOL,,Mara,Serengeti,,
NGARAWANI PRIMARY SCHOOL,,Mara,Serengeti,,
NYAKITONO PRIMARY SCHOOL,,Mara,Serengeti,,
NYAMATARE PRIMARY SCHOOL,,Mara,Serengeti,,
NYAMBURI PRIMARY SCHOOL,,Mara,Serengeti,,
NYAMITITA PRIMARY SCHOOL,,Mara,Serengeti,,
NYANGWE PRIMARY SCHOOL,,Mara,Serengeti,,
NYANSURURA PRIMARY SCHOOL,,Mara,Serengeti,,
NYIBEREKERA PRIMARY SCHOOL,,Mara,Serengeti,,
NYISENSE PRIMARY SCHOOL,,Mara,Serengeti,,
RIGICHA PRIMARY SCHOOL,,Mara,Serengeti,,
RUNGABURE PRIMARY SCHOOL,,Mara,Serengeti,,
SOGOTI PRIMARY SCHOOL,,Mara,Serengeti,,
BOKORE PRIMARY SCHOOL,,Mara,Serengeti,,
BURUNGA PRIMARY SCHOOL,,Mara,Serengeti,,
GEITASAMO PRIMARY SCHOOL,,Mara,Serengeti,,
GUSUHI PRIMARY SCHOOL,,Mara,Serengeti,,
IGINA PRIMARY SCHOOL,,Mara,Serengeti,,
IRAMBA PRIMARY SCHOOL,,Mara,Serengeti,,
KAMBARAGE B PRIMARY SCHOOL,,Mara,Serengeti,,
KEBOSONGO PRIMARY SCHOOL,,Mara,Serengeti,,
KENOKWE PRIMARY SCHOOL,,Mara,Serengeti,,
KENYANA PRIMARY SCHOOL,,Mara,Serengeti,,
KEWAMBOGO PRIMARY SCHOOL,,Mara,Serengeti,,
KICHONGO PRIMARY SCHOOL,,Mara,Serengeti,,
KITARUNGU PRIMARY SCHOOL,,Mara,Serengeti,,
KONO PRIMARY SCHOOL,,Mara,Serengeti,,
KWITETE PRIMARY SCHOOL,,Mara,Serengeti,,
MABURI PRIMARY SCHOOL,,Mara,Serengeti,,
MAGATINI PRIMARY SCHOOL,,Mara,Serengeti,,
MAKOROBOI PRIMARY SCHOOL,,Mara,Serengeti,,
MANYAGO PRIMARY SCHOOL,,Mara,Serengeti,,
MASEBE PRIMARY SCHOOL,,Mara,Serengeti,,
MBALIBALI PRIMARY SCHOOL,,Mara,Serengeti,,
MELENGALYA PRIMARY SCHOOL,,Mara,Serengeti,,
MESAGA PRIMARY SCHOOL,,Mara,Serengeti,,
MOROTONGA PRIMARY SCHOOL,,Mara,Serengeti,,
MUGUMU B PRIMARY SCHOOL,,Mara,Serengeti,,
NYAHENDE PRIMARY SCHOOL,,Mara,Serengeti,,
NYAMAKENDO PRIMARY SCHOOL,,Mara,Serengeti,,
NYAMOKO PRIMARY SCHOOL,,Mara,Serengeti,,
NYANKOMOGO PRIMARY SCHOOL,,Mara,Serengeti,,
NYIBOKO PRIMARY SCHOOL,,Mara,Serengeti,,
PARK NYIGOTI PRIMARY SCHOOL,,Mara,Serengeti,,
RINGWANI PRIMARY SCHOOL,,Mara,Serengeti,,
RWAMCHANGA PRIMARY SCHOOL,,Mara,Serengeti,,
TABORA-'B' PRIMARY SCHOOL,,Mara,Serengeti,,
WAGETE PRIMARY SCHOOL,,Mara,Serengeti,,
ABAINANO PRIMARY SCHOOL,,Mara,Serengeti,,
BONG'ENG'E PRIMARY SCHOOL,,Mara,Tarime,,
BUNGURERE PRIMARY SCHOOL,,Mara,Tarime,,
DEBBIE PRIMARY SCHOOL,,Mara,Tarime,,
GIBASISI PRIMARY SCHOOL,,Mara,Tarime,,
GWITARE PRIMARY SCHOOL,,Mara,Tarime,,
HEBREWSA PRIMARY SCHOOL,,Mara,Tarime,,
KARAKATONGA PRIMARY SCHOOL,,Mara,Tarime,,
KEGONGA PRIMARY SCHOOL,,Mara,Tarime,,
KEMBWI PRIMARY SCHOOL,,Mara,Tarime,,
KERENDE PRIMARY SCHOOL,,Mara,Tarime,,
KEWANJA PRIMARY SCHOOL,,Mara,Tarime,,
KIMUSI PRIMARY SCHOOL,,Mara,Tarime,,
KITAGUTITI PRIMARY SCHOOL,,Mara,Tarime,,
KITERERE PRIMARY SCHOOL,,Mara,Tarime,,
KOROTAMBE PRIMARY SCHOOL,,Mara,Tarime,,
KUMWIKA PRIMARY SCHOOL,,Mara,Tarime,,
KWIHORE PRIMARY SCHOOL,,Mara,Tarime,,
KYORUBA PRIMARY SCHOOL,,Mara,Tarime,,
MAGOTO PRIMARY SCHOOL,,Mara,Tarime,,
MAKERERO PRIMARY SCHOOL,,Mara,Tarime,,
MARY IMMACULATE PRIMARY SCHOOL,,Mara,Tarime,,
MORE PRIMARY SCHOOL,,Mara,Tarime,,
MURINGI PRIMARY SCHOOL,,Mara,Tarime,,
NG'ENG'I PRIMARY SCHOOL,,Mara,Tarime,,
NTAGACHA PRIMARY SCHOOL,,Mara,Tarime,,
NYABIRONGO PRIMARY SCHOOL,,Mara,Tarime,,
NYABUSARA PRIMARY SCHOOL,,Mara,Tarime,,
NYAKALIMA PRIMARY SCHOOL,,Mara,Tarime,,
NYAKUNGURU-'A' PRIMARY SCHOOL,,Mara,Tarime,,
NYAMERAMA PRIMARY SCHOOL,,Mara,Tarime,,
NYAMIRI PRIMARY SCHOOL,,Mara,Tarime,,
NYAMWAGA PRIMARY SCHOOL,,Mara,Tarime,,
NYANGOTO PRIMARY SCHOOL,,Mara,Tarime,,
NYANSINCHA PRIMARY SCHOOL,,Mara,Tarime,,
NYARERO PRIMARY SCHOOL,,Mara,Tarime,,
NYEIGERA PRIMARY SCHOOL,,Mara,Tarime,,
REMAGWE PRIMARY SCHOOL,,Mara,Tarime,,
RUNGU LIGHT PRIMARY SCHOOL,,Mara,Tarime,,
SIRARI PRIMARY SCHOOL,,Mara,Tarime,,
ST CATHERINE LABOUR'E PRIMARY SCHOOL,,Mara,Tarime,,
SURUBU PRIMARY SCHOOL,,Mara,Tarime,,
TURUGETI PRIMARY SCHOOL,,Mara,Tarime,,
WEIGITA PRIMARY SCHOOL,,Mara,Tarime,,
BAMAGI VISSION PRIMARY SCHOOL,,Mara,Tarime,,
BOREGA-'A' PRIMARY SCHOOL,,Mara,Tarime,,
BWIRE PRIMARY SCHOOL,,Mara,Tarime,,
GENKURU PRIMARY SCHOOL,,Mara,Tarime,,
GIBASO PRIMARY SCHOOL,,Mara,Tarime,,
GWITIRYO PRIMARY SCHOOL,,Mara,Tarime,,
KEBOGWE PRIMARY SCHOOL,,Mara,Tarime,,
KEISANGORA PRIMARY SCHOOL,,Mara,Tarime,,
KENYAMOSABI PRIMARY SCHOOL,,Mara,Tarime,,
KERYOBA PRIMARY SCHOOL,,Mara,Tarime,,
KIBASUKA PRIMARY SCHOOL,,Mara,Tarime,,
KIONGERA PRIMARY SCHOOL,,Mara,Tarime,,
KITAWASI PRIMARY SCHOOL,,Mara,Tarime,,
KOBORI PRIMARY SCHOOL,,Mara,Tarime,,
KUBITERERE PRIMARY SCHOOL,,Mara,Tarime,,
KWIGENGE PRIMARY SCHOOL,,Mara,Tarime,,
KWINOGO PRIMARY SCHOOL,,Mara,Tarime,,
MAGERE PRIMARY SCHOOL,,Mara,Tarime,,
MAGRETH PRIMARY SCHOOL,,Mara,Tarime,,
MANG'O PRIMARY SCHOOL,,Mara,Tarime,,
MARYO PRIMARY SCHOOL,,Mara,Tarime,,
MASIAGA PRIMARY SCHOOL,,Mara,Tarime,,
MATAMANKWE PRIMARY SCHOOL,,Mara,Tarime,,
MGWERA PRIMARY SCHOOL,,Mara,Tarime,,
MRITO PRIMARY SCHOOL,,Mara,Tarime,,
NG'ERENG'ERE PRIMARY SCHOOL,,Mara,Tarime,,
NYABICHUNE PRIMARY SCHOOL,,Mara,Tarime,,
NYABISAGA PRIMARY SCHOOL,,Mara,Tarime,,
NYAGISYA PRIMARY SCHOOL,,Mara,Tarime,,
NYAKONGA PRIMARY SCHOOL,,Mara,Tarime,,
NYAMAHEHEYA PRIMARY SCHOOL,,Mara,Tarime,,
NYAMERAMBARO PRIMARY SCHOOL,,Mara,Tarime,,
NYAMOMBARA PRIMARY SCHOOL,,Mara,Tarime,,
NYAMWIGURA PRIMARY SCHOOL,,Mara,Tarime,,
NYANKONI PRIMARY SCHOOL,,Mara,Tarime,,
NYARWANA PRIMARY SCHOOL,,Mara,Tarime,,
PEMBA PRIMARY SCHOOL,,Mara,Tarime,,
RENGUMANCHE PRIMARY SCHOOL,,Mara,Tarime,,
SAMARITAN PRIMARY SCHOOL,,Mara,Tarime,,
SOMBANYASOKO PRIMARY SCHOOL,,Mara,Tarime,,
ST.AUGUSTINO PRIMARY SCHOOL,,Mara,Tarime,,
TAISI PRIMARY SCHOOL,,Mara,Tarime,,
BISARWI PRIMARY SCHOOL,,Mara,Tarime,,
BOREGA-'B' PRIMARY SCHOOL,,Mara,Tarime,,
BYANTANG'ANA PRIMARY SCHOOL,,Mara,Tarime,,
GETENA PRIMARY SCHOOL,,Mara,Tarime,,
GLORIOUS ADVENTIST PRIMARY SCHOOL,,Mara,Tarime,,
HEAGTON PRIMARY SCHOOL,,Mara,Tarime,,
ITIRYO PRIMARY SCHOOL,,Mara,Tarime,,
KANGARIANI PRIMARY SCHOOL,,Mara,Tarime,,
KEBWEYE PRIMARY SCHOOL,,Mara,Tarime,,
KEMAKORERE PRIMARY SCHOOL,,Mara,Tarime,,
KENYANGI PRIMARY SCHOOL,,Mara,Tarime,,
KEWAMAMBA PRIMARY SCHOOL,,Mara,Tarime,,
KIKOMORI PRIMARY SCHOOL,,Mara,Tarime,,
KITAGASEMBE PRIMARY SCHOOL,,Mara,Tarime,,
KITENGA PRIMARY SCHOOL,,Mara,Tarime,,
KOMASWA PRIMARY SCHOOL,,Mara,Tarime,,
KUKUMALI PRIMARY SCHOOL,,Mara,Tarime,,
KWIHANCHA PRIMARY SCHOOL,,Mara,Tarime,,
KWISARARA PRIMARY SCHOOL,,Mara,Tarime,,
MAIKA PRIMARY SCHOOL,,Mara,Tarime,,
MANGUCHA PRIMARY SCHOOL,,Mara,Tarime,,
MASAFA PRIMARY SCHOOL,,Mara,Tarime,,
MASOTA PRIMARY SCHOOL,,Mara,Tarime,,
MONANKA PRIMARY SCHOOL,,Mara,Tarime,,
MURIBA PRIMARY SCHOOL,,Mara,Tarime,,
MWAHI PRIMARY SCHOOL,,Mara,Tarime,,
NKEREGE PRIMARY SCHOOL,,Mara,Tarime,,
NYABIGENA PRIMARY SCHOOL,,Mara,Tarime,,
NYABITOCHO PRIMARY SCHOOL,,Mara,Tarime,,
NYAIROMA PRIMARY SCHOOL,,Mara,Tarime,,
NYAKUNGURU 'B' PRIMARY SCHOOL,,Mara,Tarime,,
NYAMBECHE PRIMARY SCHOOL,,Mara,Tarime,,
NYAMICHALE PRIMARY SCHOOL,,Mara,Tarime,,
NYAMONGO PRIMARY SCHOOL,,Mara,Tarime,,
NYANDAGE PRIMARY SCHOOL,,Mara,Tarime,,
NYANSANGERO PRIMARY SCHOOL,,Mara,Tarime,,
NYANTIRA PRIMARY SCHOOL,,Mara,Tarime,,
NYASARICHO PRIMARY SCHOOL,,Mara,Tarime,,
POPE JOHN PAUL II PRIMARY SCHOOL,,Mara,Tarime,,
ROSANA PRIMARY SCHOOL,,Mara,Tarime,,
SANG'ANGA PRIMARY SCHOOL,,Mara,Tarime,,
SORONETA PRIMARY SCHOOL,,Mara,Tarime,,
ST.MICHAEL PRIMARY SCHOOL,,Mara,Tarime,,
WAKULIMA PRIMARY SCHOOL,,Mara,Tarime,,
BUGUTI PRIMARY SCHOOL,,Mara,Tarime Tc,,
GAMASARA PRIMARY SCHOOL,,Mara,Tarime Tc,,
KEDELI PRIMARY SCHOOL,,Mara,Tarime Tc,,
KENYAMANYORI PRIMARY SCHOOL,,Mara,Tarime Tc,,
MACHORI PRIMARY SCHOOL,,Mara,Tarime Tc,,
MGHAMBI PRIMARY SCHOOL,,Mara,Tarime Tc,,
MTAHURU PRIMARY SCHOOL,,Mara,Tarime Tc,,
MUDERSPACH MEMMORIAL ADVENTIST PRIMARY SCHOOL,,Mara,Tarime Tc,,
NCHARO PRIMARY SCHOOL,,Mara,Tarime Tc,,
NTABURO PRIMARY SCHOOL,,Mara,Tarime Tc,,
NYAMWINO PRIMARY SCHOOL,,Mara,Tarime Tc,,
REBU PRIMARY SCHOOL,,Mara,Tarime Tc,,
TARIME PRIMARY SCHOOL,,Mara,Tarime Tc,,
BINAGI PRIMARY SCHOOL,,Mara,Tarime Tc,,
KEMAIRI PRIMARY SCHOOL,,Mara,Tarime Tc,,
KIBUMAYE PRIMARY SCHOOL,,Mara,Tarime Tc,,
MAGENA PRIMARY SCHOOL,,Mara,Tarime Tc,,
MOGABIRI PRIMARY SCHOOL,,Mara,Tarime Tc,,
MTINGIRO PRIMARY SCHOOL,,Mara,Tarime Tc,,
MWERA VISION PRIMARY SCHOOL,,Mara,Tarime Tc,,
NKENDE PRIMARY SCHOOL,,Mara,Tarime Tc,,
NYAGESESE PRIMARY SCHOOL,,Mara,Tarime Tc,,
NYANDOTO PRIMARY SCHOOL,,Mara,Tarime Tc,,
RONSOTI PRIMARY SCHOOL,,Mara,Tarime Tc,,
ST LUKA PRIMARY SCHOOL,,Mara,Tarime Tc,,
TURWA PRIMARY SCHOOL,,Mara,Tarime Tc,,
BUGOSI PRIMARY SCHOOL,,Mara,Tarime Tc,,
EMMANUEL KING PRIMARY SCHOOL,,Mara,Tarime Tc,,
IKOHI PRIMARY SCHOOL,,Mara,Tarime Tc,,
KEMANGE PRIMARY SCHOOL,,Mara,Tarime Tc,,
KOMOTE PRIMARY SCHOOL,,Mara,Tarime Tc,,
MSATI HILL CREST PRIMARY SCHOOL,,Mara,Tarime Tc,,
MTURU PRIMARY SCHOOL,,Mara,Tarime Tc,,
MWIBARI PRIMARY SCHOOL,,Mara,Tarime Tc,,
NKONGORE PRIMARY SCHOOL,,Mara,Tarime Tc,,
NYAMISANGURA PRIMARY SCHOOL,,Mara,Tarime Tc,,
TAGOTA PRIMARY SCHOOL,,Mara,Tarime Tc,,
AIMEE PIGNOLET PRIMARY SCHOOL,,Pwani,Bagamoyo,,
BESSONE PRIMARY SCHOOL,,Pwani,Bagamoyo,,
BUMA PRIMARY SCHOOL,,Pwani,Bagamoyo,,
DANIEL BOUJOU PRIMARY SCHOOL,,Pwani,Bagamoyo,,
HILL PARK PRE NA PRIMARY SCHOOL,,Pwani,Bagamoyo,,
JOYFUL PRIMARY SCHOOL,,Pwani,Bagamoyo,,
KEREGE PRIMARY SCHOOL,,Pwani,Bagamoyo,,
KIEMBENI PRIMARY SCHOOL,,Pwani,Bagamoyo,,
KIMELE PRIMARY SCHOOL,,Pwani,Bagamoyo,,
KIZUIANI PRIMARY SCHOOL,,Pwani,Bagamoyo,,
LORENZO PRIMARY SCHOOL,,Pwani,Bagamoyo,,
MARGERYKUHN PRIMARY SCHOOL,,Pwani,Bagamoyo,,
MAZZOLDI PRIMARY SCHOOL,,Pwani,Bagamoyo,,
MIEMBESABA PRIMARY SCHOOL,,Pwani,Bagamoyo,,
MLINGOTINI PRIMARY SCHOOL,,Pwani,Bagamoyo,,
MTAMBANI PRIMARY SCHOOL,,Pwani,Bagamoyo,,
MWANAMAKUKA PRIMARY SCHOOL,,Pwani,Bagamoyo,,
ST. SCHOLASTICA PRIMARY SCHOOL,,Pwani,Bagamoyo,,
UKUNI PRIMARY SCHOOL,,Pwani,Bagamoyo,,
YOMBO PRIMARY SCHOOL,,Pwani,Bagamoyo,,
APOSTLE PAUL PRIMARY SCHOOL,,Pwani,Bagamoyo,,
BIGILO PRIMARY SCHOOL,,Pwani,Bagamoyo,,
CELESTIAL PRIMARY SCHOOL,,Pwani,Bagamoyo,,
FUKAYOSI PRIMARY SCHOOL,,Pwani,Bagamoyo,,
JAYANTILAL LADWA PRIMARY SCHOOL,,Pwani,Bagamoyo,,
KALABO SENIOR PRIMARY SCHOOL,,Pwani,Bagamoyo,,
KIDOMOLE PRIMARY SCHOOL,,Pwani,Bagamoyo,,
KIFUDE PRIMARY SCHOOL,,Pwani,Bagamoyo,,
KIROMO PRIMARY SCHOOL,,Pwani,Bagamoyo,,
KONDO PRIMARY SCHOOL,,Pwani,Bagamoyo,,
MARIAN PRIMARY SCHOOL,,Pwani,Bagamoyo,,
MBARUKU PRIMARY SCHOOL,,Pwani,Bagamoyo,,
MKENGE PRIMARY SCHOOL,,Pwani,Bagamoyo,,
MWAVI PRIMARY SCHOOL,,Pwani,Bagamoyo,,
PREMIER PRIMARY SCHOOL,,Pwani,Bagamoyo,,
SHUKURU KAWAMBWA PRIMARY SCHOOL,,Pwani,Bagamoyo,,
STEVEN TITO ACADEMY PRIMARY SCHOOL,,Pwani,Bagamoyo,,
ZINGA PRIMARY SCHOOL,,Pwani,Bagamoyo,,
BAOBAB PRIMARY SCHOOL,,Pwani,Bagamoyo,,
BRIGHTHOUSE PRIMARY SCHOOL,,Pwani,Bagamoyo,,
CENTRAL PRIMARY SCHOOL,,Pwani,Bagamoyo,,
GEFC PRIMARY SCHOOL,,Pwani,Bagamoyo,,
KAOLE PRIMARY SCHOOL,,Pwani,Bagamoyo,,
KIDONGOCHEKUNDU PRIMARY SCHOOL,,Pwani,Bagamoyo,,
KIHARAKA PRIMARY SCHOOL,,Pwani,Bagamoyo,,
KITAME PRIMARY SCHOOL,,Pwani,Bagamoyo,,
MAPINGA PRIMARY SCHOOL,,Pwani,Bagamoyo,,
MATAYA PRIMARY SCHOOL,,Pwani,Bagamoyo,,
MBEGANI PRIMARY SCHOOL,,Pwani,Bagamoyo,,
MLINGOTINI KIDZ CARE PRIMARY SCHOOL,,Pwani,Bagamoyo,,
NIANJEMA PRIMARY SCHOOL,,Pwani,Bagamoyo,,
QUEEN OF ANGELS PRIMARY SCHOOL,,Pwani,Bagamoyo,,
SIRAJUL MUNIR PRIMARY SCHOOL,,Pwani,Bagamoyo,,
VICTORIA PRIMARY SCHOOL,,Pwani,Bagamoyo,,
AMANI VODA PRIMARY SCHOOL,,Pwani,Chalinze,,
BERACHAH PRIMARY SCHOOL,,Pwani,Chalinze,,
CHAHUA PRIMARY SCHOOL,,Pwani,Chalinze,,
CHAMAKWEZA PRIMARY SCHOOL,,Pwani,Chalinze,,
EXCELLENCE PRIMARY SCHOOL,,Pwani,Chalinze,,
HAPPYBRICKS LUKWAMBE PRIMARY SCHOOL,,Pwani,Chalinze,,
JAVA PRIMARY SCHOOL,,Pwani,Chalinze,,
KIHANGAIKO PRIMARY SCHOOL,,Pwani,Chalinze,,
KILEMERA PRIMARY SCHOOL,,Pwani,Chalinze,,
KISAMBI PRIMARY SCHOOL,,Pwani,Chalinze,,
KIWANGWA PRIMARY SCHOOL,,Pwani,Chalinze,,
KWAKONJE PRIMARY SCHOOL,,Pwani,Chalinze,,
KWANG'ANDU PRIMARY SCHOOL,,Pwani,Chalinze,,
KWAZOKA PRIMARY SCHOOL,,Pwani,Chalinze,,
LUBAYA PRIMARY SCHOOL,,Pwani,Chalinze,,
LULENGE PRIMARY SCHOOL,,Pwani,Chalinze,,
MADESA PRIMARY SCHOOL,,Pwani,Chalinze,,
MALUWI PRIMARY SCHOOL,,Pwani,Chalinze,,
MATULI PRIMARY SCHOOL,,Pwani,Chalinze,,
MBOGA PRIMARY SCHOOL,,Pwani,Chalinze,,
MDAULA PRIMARY SCHOOL,,Pwani,Chalinze,,
MIHUGA PRIMARY SCHOOL,,Pwani,Chalinze,,
MINDUTULIENI PRIMARY SCHOOL,,Pwani,Chalinze,,
MKOKO PRIMARY SCHOOL,,Pwani,Chalinze,,
MSANGA PRIMARY SCHOOL,,Pwani,Chalinze,,
MSILALE PRIMARY SCHOOL,,Pwani,Chalinze,,
MSOLWA PRIMARY SCHOOL,,Pwani,Chalinze,,
NDOSSAM PRIMARY SCHOOL,,Pwani,Chalinze,,
PINGO PRIMARY SCHOOL,,Pwani,Chalinze,,
PONGWEMSUNGURA PRIMARY SCHOOL,,Pwani,Chalinze,,
SAADANI PRIMARY SCHOOL,,Pwani,Chalinze,,
SOFU PRIMARY SCHOOL,,Pwani,Chalinze,,
THE QUEEN PRIMARY SCHOOL,,Pwani,Chalinze,,
UBENARANCHI PRIMARY SCHOOL,,Pwani,Chalinze,,
VISANGALAMBWE PRIMARY SCHOOL,,Pwani,Chalinze,,
APOSTLES INCLUSIVE PRIMARY SCHOOL,,Pwani,Chalinze,,
BWILINGU A PRIMARY SCHOOL,,Pwani,Chalinze,,
CHALINZE PRIMARY SCHOOL,,Pwani,Chalinze,,
FREEDOM NURSARY AND PRIMARY SCHOOL,,Pwani,Chalinze,,
HONDOGO PRIMARY SCHOOL,,Pwani,Chalinze,,
KIBADAGWE PRIMARY SCHOOL,,Pwani,Chalinze,,
KIDOGOZERO PRIMARY SCHOOL,,Pwani,Chalinze,,
KIKARO PRIMARY SCHOOL,,Pwani,Chalinze,,
KIMANGE PRIMARY SCHOOL,,Pwani,Chalinze,,
KISANGA PRIMARY SCHOOL,,Pwani,Chalinze,,
KWAMDUMA PRIMARY SCHOOL,,Pwani,Chalinze,,
KWARUHOMBO PRIMARY SCHOOL,,Pwani,Chalinze,,
KWEIKONJE PRIMARY SCHOOL,,Pwani,Chalinze,,
LUDIGA PRIMARY SCHOOL,,Pwani,Chalinze,,
LUNGA PRIMARY SCHOOL,,Pwani,Chalinze,,
MAGOGONI PRIMARY SCHOOL,,Pwani,Chalinze,,
MAKOMBE PRIMARY SCHOOL,,Pwani,Chalinze,,
MANDAMAZINGARA PRIMARY SCHOOL,,Pwani,Chalinze,,
MAZIZI PRIMARY SCHOOL,,Pwani,Chalinze,,
MBUYU PRIMARY SCHOOL,,Pwani,Chalinze,,
MDAULA B PRIMARY SCHOOL,,Pwani,Chalinze,,
MILO PRIMARY SCHOOL,,Pwani,Chalinze,,
MIONO PRIMARY SCHOOL,,Pwani,Chalinze,,
MJEMBE PRIMARY SCHOOL,,Pwani,Chalinze,,
MNINDI PRIMARY SCHOOL,,Pwani,Chalinze,,
MSATA PRIMARY SCHOOL,,Pwani,Chalinze,,
MSINUNE PRIMARY SCHOOL,,Pwani,Chalinze,,
PAKISTAN MTETE PRIMARY SCHOOL,,Pwani,Chalinze,,
PONGWEKIONA PRIMARY SCHOOL,,Pwani,Chalinze,,
RIDHIWANI JAKAYA KIKWETE PRIMARY SCHOOL,,Pwani,Chalinze,,
SALENI PRIMARY SCHOOL,,Pwani,Chalinze,,
ST. ALPHONSA PRIMARY SCHOOL,,Pwani,Chalinze,,
TOBOLA PRIMARY SCHOOL,,Pwani,Chalinze,,
UBENAZOMOZI PRIMARY SCHOOL,,Pwani,Chalinze,,
VISEZI PRIMARY SCHOOL,,Pwani,Chalinze,,
BAGO PRIMARY SCHOOL,,Pwani,Chalinze,,
BUYUNI PRIMARY SCHOOL,,Pwani,Chalinze,,
BWILINGU B PRIMARY SCHOOL,,Pwani,Chalinze,,
CHALINZEMZEE PRIMARY SCHOOL,,Pwani,Chalinze,,
GONGO PRIMARY SCHOOL,,Pwani,Chalinze,,
HONEST PRIMARY SCHOOL,,Pwani,Chalinze,,
KIBIKI PRIMARY SCHOOL,,Pwani,Chalinze,,
KIFULETA PRIMARY SCHOOL,,Pwani,Chalinze,,
KINZAGU PRIMARY SCHOOL,,Pwani,Chalinze,,
KITONGA PRIMARY SCHOOL,,Pwani,Chalinze,,
KUNDUCHI POZO PRIMARY SCHOOL,,Pwani,Chalinze,,
KWAMSANJA PRIMARY SCHOOL,,Pwani,Chalinze,,
KWAWEMA PRIMARY SCHOOL,,Pwani,Chalinze,,
KWIFUNGO PRIMARY SCHOOL,,Pwani,Chalinze,,
LUGOBA PRIMARY SCHOOL,,Pwani,Chalinze,,
MACHALA PRIMARY SCHOOL,,Pwani,Chalinze,,
MAGOME PRIMARY SCHOOL,,Pwani,Chalinze,,
MALIVUNDO PRIMARY SCHOOL,,Pwani,Chalinze,,
MATIPWILI PRIMARY SCHOOL,,Pwani,Chalinze,,
MBALA PRIMARY SCHOOL,,Pwani,Chalinze,,
MBWEWE PRIMARY SCHOOL,,Pwani,Chalinze,,
MGOGODO PRIMARY SCHOOL,,Pwani,Chalinze,,
MINDUKENE PRIMARY SCHOOL,,Pwani,Chalinze,,
MISANI PRIMARY SCHOOL,,Pwani,Chalinze,,
MKANGE PRIMARY SCHOOL,,Pwani,Chalinze,,
MPAJI PRIMARY SCHOOL,,Pwani,Chalinze,,
MSIGI PRIMARY SCHOOL,,Pwani,Chalinze,,
MSOGA PRIMARY SCHOOL,,Pwani,Chalinze,,
MWETEMO PRIMARY SCHOOL,,Pwani,Chalinze,,
PERA PRIMARY SCHOOL,,Pwani,Chalinze,,
PONGWEMNAZI PRIMARY SCHOOL,,Pwani,Chalinze,,
RUVUDARAJANI PRIMARY SCHOOL,,Pwani,Chalinze,,
SIRAJUL MUNIR KIWANGWA PRIMARY SCHOOL,,Pwani,Chalinze,,
TALAWANDA PRIMARY SCHOOL,,Pwani,Chalinze,,
TUKAMISASA PRIMARY SCHOOL,,Pwani,Chalinze,,
VIGWAZA PRIMARY SCHOOL,,Pwani,Chalinze,,
VUNDUMU PRIMARY SCHOOL,,Pwani,Chalinze,,
COASTLAND PRIMARY SCHOOL,,Pwani,Kibaha,,
FAHAMS PRIMARY SCHOOL,,Pwani,Kibaha,,
KIMALAMISALE PRIMARY SCHOOL,,Pwani,Kibaha,,
LUKENGE PRIMARY SCHOOL,,Pwani,Kibaha,,
MAGINDU PRIMARY SCHOOL,,Pwani,Kibaha,,
MLANDIZI PRIMARY SCHOOL,,Pwani,Kibaha,,
MSONGOLA PRIMARY SCHOOL,,Pwani,Kibaha,,
MWEMBENGOZI PRIMARY SCHOOL,,Pwani,Kibaha,,
NURAIN MLANDIZI ISLAMIC PRIMARY SCHOOL,,Pwani,Kibaha,,
SOGA PRIMARY SCHOOL,,Pwani,Kibaha,,
TRAUTE STUDE PRIMARY SCHOOL,,Pwani,Kibaha,,
VIJALIWA VINGI PRIMARY SCHOOL,,Pwani,Kibaha,,
BOKOMNEMELA PRIMARY SCHOOL,,Pwani,Kibaha,,
DISUNYARA PRIMARY SCHOOL,,Pwani,Kibaha,,
GUMBA PRIMARY SCHOOL,,Pwani,Kibaha,,
KIPANGEGE PRIMARY SCHOOL,,Pwani,Kibaha,,
LUPUNGA PRIMARY SCHOOL,,Pwani,Kibaha,,
MAHUNDI PRIMARY SCHOOL,,Pwani,Kibaha,,
MIYOMBO PRIMARY SCHOOL,,Pwani,Kibaha,,
MPERAMUMBI PRIMARY SCHOOL,,Pwani,Kibaha,,
MSUA PRIMARY SCHOOL,,Pwani,Kibaha,,
MWAKAMO PRIMARY SCHOOL,,Pwani,Kibaha,,
NGETA PRIMARY SCHOOL,,Pwani,Kibaha,,
SONLIFE PRIMARY SCHOOL,,Pwani,Kibaha,,
UNITY FOUNDATION PRIMARY SCHOOL,,Pwani,Kibaha,,
VIKUGE PRIMARY SCHOOL,,Pwani,Kibaha,,
BRIGHTDAY PRIMARY SCHOOL,,Pwani,Kibaha,,
DUTUMI PRIMARY SCHOOL,,Pwani,Kibaha,,
GWATA PRIMARY SCHOOL,,Pwani,Kibaha,,
KILANGALANGA PRIMARY SCHOOL,,Pwani,Kibaha,,
KITOMONDO PRIMARY SCHOOL,,Pwani,Kibaha,,
MADEGE PRIMARY SCHOOL,,Pwani,Kibaha,,
MPIJI PRIMARY SCHOOL,,Pwani,Kibaha,,
MTONGANI PRIMARY SCHOOL,,Pwani,Kibaha,,
MWANABWITO PRIMARY SCHOOL,,Pwani,Kibaha,,
NGWALE PRIMARY SCHOOL,,Pwani,Kibaha,,
RUVU-J.K.T. PRIMARY SCHOOL,,Pwani,Kibaha,,
ST. ANTHONY OF PADUA PRIMARY SCHOOL,,Pwani,Kibaha,,
VIKURUTI PRIMARY SCHOOL,,Pwani,Kibaha,,
AL-FURQAAN TANITA ISLAMIC PRIMARY SCHOOL,,Pwani,Kibaha Tc,,
BAMBA PRIMARY SCHOOL,,Pwani,Kibaha Tc,,
BUNGO PRIMARY SCHOOL,,Pwani,Kibaha Tc,,
DR. WILFRED PRIMARY SCHOOL,,Pwani,Kibaha Tc,,
FRANSALIAN MISSION PRIMARY SCHOOL,,Pwani,Kibaha Tc,,
KIBAHA INDEPENDENT ANNEX PRIMARY SCHOOL,,Pwani,Kibaha Tc,,
KIBAHA MPAKANI PRIMARY SCHOOL,,Pwani,Kibaha Tc,,
KIDIMU PRIMARY SCHOOL,,Pwani,Kibaha Tc,,
KRATOS PRIMARY SCHOOL,,Pwani,Kibaha Tc,,
LUMUMBA PRIMARY SCHOOL,,Pwani,Kibaha Tc,,
MAILI 35 PRIMARY SCHOOL,,Pwani,Kibaha Tc,,
MAONWA PRIMARY SCHOOL,,Pwani,Kibaha Tc,,
MEFI PRIMARY SCHOOL,,Pwani,Kibaha Tc,,
MISUGUSUGU PRIMARY SCHOOL,,Pwani,Kibaha Tc,,
MKUZA PRIMARY SCHOOL,,Pwani,Kibaha Tc,,
MT ARARAT PRIMARY SCHOOL,,Pwani,Kibaha Tc,,
MWAMBISI PRIMARY SCHOOL,,Pwani,Kibaha Tc,,
NEW VERSION PRIMARY SCHOOL,,Pwani,Kibaha Tc,,
TUMBI PRIMARY SCHOOL,,Pwani,Kibaha Tc,,
VISIGA PRIMARY SCHOOL,,Pwani,Kibaha Tc,,
ZEGERENI PRIMARY SCHOOL,,Pwani,Kibaha Tc,,
BOKOTIMIZA PRIMARY SCHOOL,,Pwani,Kibaha Tc,,
CARE PRIMARY SCHOOL,,Pwani,Kibaha Tc,,
FABCAST PRIMARY SCHOOL,,Pwani,Kibaha Tc,,
GALAGAZA PRIMARY SCHOOL,,Pwani,Kibaha Tc,,
KANESA PRIMARY SCHOOL,,Pwani,Kibaha Tc,,
KIBAHA INDEPENDENT MSANGANI PRIMARY SCHOOL,,Pwani,Kibaha Tc,,
KIBAHA PRIMARY SCHOOL,,Pwani,Kibaha Tc,,
KONGOWE ADVENTIST PRIMARY SCHOOL,,Pwani,Kibaha Tc,,
KUMBA PRIMARY SCHOOL,,Pwani,Kibaha Tc,,
MADINA PRIMARY SCHOOL,,Pwani,Kibaha Tc,,
MAILIMOJA PRIMARY SCHOOL,,Pwani,Kibaha Tc,,
MAXWELL PRIMARY SCHOOL,,Pwani,Kibaha Tc,,
MISWE PRIMARY SCHOOL,,Pwani,Kibaha Tc,,
MONT CAREEN PRIMARY SCHOOL,,Pwani,Kibaha Tc,,
MWANALUGALI PRIMARY SCHOOL,,Pwani,Kibaha Tc,,
NYUMBU PRIMARY SCHOOL,,Pwani,Kibaha Tc,,
QUNU PRIMARY SCHOOL,,Pwani,Kibaha Tc,,
SR.PAULIN BOMMER PRIMARY SCHOOL,,Pwani,Kibaha Tc,,
TANDAU PRIMARY SCHOOL,,Pwani,Kibaha Tc,,
TWENDEPAMOJA PRIMARY SCHOOL,,Pwani,Kibaha Tc,,
VISION PRIMARY SCHOOL,,Pwani,Kibaha Tc,,
ZOGOWALE PRIMARY SCHOOL,,Pwani,Kibaha Tc,,
BAHABENA PRIMARY SCHOOL,,Pwani,Kibaha Tc,,
CARISA PRIMARY SCHOOL,,Pwani,Kibaha Tc,,
FILBERT BAYI PRIMARY SCHOOL,,Pwani,Kibaha Tc,,
GILI PRIMARY SCHOOL,,Pwani,Kibaha Tc,,
KARATA FOUNDATION PRIMARY SCHOOL,,Pwani,Kibaha Tc,,
KIBAHA INDEPENDENT PRIMARY SCHOOL,,Pwani,Kibaha Tc,,
KIDENGE PRIMARY SCHOOL,,Pwani,Kibaha Tc,,
KONGOWE PRIMARY SCHOOL,,Pwani,Kibaha Tc,,
LULANZI PRIMARY SCHOOL,,Pwani,Kibaha Tc,,
MAMLAKA PRIMARY SCHOOL,,Pwani,Kibaha Tc,,
MBWAWA PRIMARY SCHOOL,,Pwani,Kibaha Tc,,
MIKONGENI PRIMARY SCHOOL,,Pwani,Kibaha Tc,,
MKOANI PRIMARY SCHOOL,,Pwani,Kibaha Tc,,
MSANGANI PRIMARY SCHOOL,,Pwani,Kibaha Tc,,
MWENDAPOLE PRIMARY SCHOOL,,Pwani,Kibaha Tc,,
OBEDIENCE PRIMARY SCHOOL,,Pwani,Kibaha Tc,,
REMNANT PRIMARY SCHOOL,,Pwani,Kibaha Tc,,
ST. MARIA DE MATTIAS PRIMARY SCHOOL,,Pwani,Kibaha Tc,,
TREASURE PRIMARY SCHOOL,,Pwani,Kibaha Tc,,
VIKAWE PRIMARY SCHOOL,,Pwani,Kibaha Tc,,
VIZIWAZIWA PRIMARY SCHOOL,,Pwani,Kibaha Tc,,
BANDUKA PRIMARY SCHOOL,,Pwani,Kibiti,,
JAJA PRIMARY SCHOOL,,Pwani,Kibiti,,
KIBITI PRIMARY SCHOOL,,Pwani,Kibiti,,
KIKALE PRIMARY SCHOOL,,Pwani,Kibiti,,
KINGWIRA PRIMARY SCHOOL,,Pwani,Kibiti,,
KIOMBONI PRIMARY SCHOOL,,Pwani,Kibiti,,
KITUNDU PRIMARY SCHOOL,,Pwani,Kibiti,,
LUMYOZI PRIMARY SCHOOL,,Pwani,Kibiti,,
MAKIMA PRIMARY SCHOOL,,Pwani,Kibiti,,
MBAWA PRIMARY SCHOOL,,Pwani,Kibiti,,
MCHINGA PRIMARY SCHOOL,,Pwani,Kibiti,,
MFISINI PRIMARY SCHOOL,,Pwani,Kibiti,,
MJAWA PRIMARY SCHOOL,,Pwani,Kibiti,,
MKWANDARA PRIMARY SCHOOL,,Pwani,Kibiti,,
MOTOMOTO PRIMARY SCHOOL,,Pwani,Kibiti,,
MSALA PRIMARY SCHOOL,,Pwani,Kibiti,,
MTAWANYA PRIMARY SCHOOL,,Pwani,Kibiti,,
MWANGIA PRIMARY SCHOOL,,Pwani,Kibiti,,
NGULAKULA PRIMARY SCHOOL,,Pwani,Kibiti,,
NYAMAKONGE PRIMARY SCHOOL,,Pwani,Kibiti,,
NYAMWIMBE PRIMARY SCHOOL,,Pwani,Kibiti,,
POMBWE PRIMARY SCHOOL,,Pwani,Kibiti,,
RUMA PRIMARY SCHOOL,,Pwani,Kibiti,,
SANINGA PRIMARY SCHOOL,,Pwani,Kibiti,,
TOMONI PRIMARY SCHOOL,,Pwani,Kibiti,,
UPONDA PRIMARY SCHOOL,,Pwani,Kibiti,,
BETA PRIMARY SCHOOL,,Pwani,Kibiti,,
HANGA PRIMARY SCHOOL,,Pwani,Kibiti,,
JARIBU MPAKANI PRIMARY SCHOOL,,Pwani,Kibiti,,
KIECHURU PRIMARY SCHOOL,,Pwani,Kibiti,,
KILULATAMBWE PRIMARY SCHOOL,,Pwani,Kibiti,,
KINYAMALE PRIMARY SCHOOL,,Pwani,Kibiti,,
KIONGORONI PRIMARY SCHOOL,,Pwani,Kibiti,,
KIVINJA A PRIMARY SCHOOL,,Pwani,Kibiti,,
MACHIPI PRIMARY SCHOOL,,Pwani,Kibiti,,
MANGOMBELA PRIMARY SCHOOL,,Pwani,Kibiti,,
MBUCHI PRIMARY SCHOOL,,Pwani,Kibiti,,
MCHUKWI PRIMARY SCHOOL,,Pwani,Kibiti,,
MISIMBO PRIMARY SCHOOL,,Pwani,Kibiti,,
MKENDA PRIMARY SCHOOL,,Pwani,Kibiti,,
MLANZI PRIMARY SCHOOL,,Pwani,Kibiti,,
MPEMBENWE PRIMARY SCHOOL,,Pwani,Kibiti,,
MSINDAJI PRIMARY SCHOOL,,Pwani,Kibiti,,
NGALENGWA PRIMARY SCHOOL,,Pwani,Kibiti,,
NYAKAUMBANGA PRIMARY SCHOOL,,Pwani,Kibiti,,
NYAMATANGA PRIMARY SCHOOL,,Pwani,Kibiti,,
NYAMISATI PRIMARY SCHOOL,,Pwani,Kibiti,,
NYANJATI PRIMARY SCHOOL,,Pwani,Kibiti,,
ROJA PRIMARY SCHOOL,,Pwani,Kibiti,,
RUNGUNGU PRIMARY SCHOOL,,Pwani,Kibiti,,
SONGA PRIMARY SCHOOL,,Pwani,Kibiti,,
TWASALIE PRIMARY SCHOOL,,Pwani,Kibiti,,
USIMBE PRIMARY SCHOOL,,Pwani,Kibiti,,
ITONGA PRIMARY SCHOOL,,Pwani,Kibiti,,
KIASI PRIMARY SCHOOL,,Pwani,Kibiti,,
KIGUNGULI PRIMARY SCHOOL,,Pwani,Kibiti,,
KIMBUGA PRIMARY SCHOOL,,Pwani,Kibiti,,
KINYANYA PRIMARY SCHOOL,,Pwani,Kibiti,,
KITEMBO PRIMARY SCHOOL,,Pwani,Kibiti,,
KIVINJA B PRIMARY SCHOOL,,Pwani,Kibiti,,
MAHEGE PRIMARY SCHOOL,,Pwani,Kibiti,,
MAPARONI PRIMARY SCHOOL,,Pwani,Kibiti,,
MBWERA PRIMARY SCHOOL,,Pwani,Kibiti,,
MCHUNGU PRIMARY SCHOOL,,Pwani,Kibiti,,
MIWAGA PRIMARY SCHOOL,,Pwani,Kibiti,,
MKUPUKA PRIMARY SCHOOL,,Pwani,Kibiti,,
MNG'ARU PRIMARY SCHOOL,,Pwani,Kibiti,,
MSORO PRIMARY SCHOOL,,Pwani,Kibiti,,
MUYUYU PRIMARY SCHOOL,,Pwani,Kibiti,,
NGONDAE PRIMARY SCHOOL,,Pwani,Kibiti,,
NYAKINYO PRIMARY SCHOOL,,Pwani,Kibiti,,
NYAMBELE PRIMARY SCHOOL,,Pwani,Kibiti,,
NYAMTIMBA PRIMARY SCHOOL,,Pwani,Kibiti,,
PAGAE PRIMARY SCHOOL,,Pwani,Kibiti,,
RUARUKE PRIMARY SCHOOL,,Pwani,Kibiti,,
SALALE PRIMARY SCHOOL,,Pwani,Kibiti,,
SONGAS PRIMARY SCHOOL,,Pwani,Kibiti,,
UJAMAA PRIMARY SCHOOL,,Pwani,Kibiti,,
AFAP PRIMARY SCHOOL,,Pwani,Kisarawe,,
BWAMA PRIMARY SCHOOL,,Pwani,Kisarawe,,
CHANG'OMBE B PRIMARY SCHOOL,,Pwani,Kisarawe,,
CHANZIGE 'B' PRIMARY SCHOOL,,Pwani,Kisarawe,,
DOLOLO PRIMARY SCHOOL,,Pwani,Kisarawe,,
HOMBOZA 'B' PRIMARY SCHOOL,,Pwani,Kisarawe,,
JOYVILA PRIMARY SCHOOL,,Pwani,Kisarawe,,
KIBUTA PRIMARY SCHOOL,,Pwani,Kisarawe,,
KIFURU PRIMARY SCHOOL,,Pwani,Kisarawe,,
KILUVYA 'A' PRIMARY SCHOOL,,Pwani,Kisarawe,,
KISANGIRE PRIMARY SCHOOL,,Pwani,Kisarawe,,
KITONGACHOLE PRIMARY SCHOOL,,Pwani,Kisarawe,,
KORESA PRIMARY SCHOOL,,Pwani,Kisarawe,,
KWALA PRIMARY SCHOOL,,Pwani,Kisarawe,,
MAFIZI PRIMARY SCHOOL,,Pwani,Kisarawe,,
MANEROMANGO PRIMARY SCHOOL,,Pwani,Kisarawe,,
MARUMBO PRIMARY SCHOOL,,Pwani,Kisarawe,,
MASIMBA PRIMARY SCHOOL,,Pwani,Kisarawe,,
MFURU PRIMARY SCHOOL,,Pwani,Kisarawe,,
MIANZI PRIMARY SCHOOL,,Pwani,Kisarawe,,
MLEGELE PRIMARY SCHOOL,,Pwani,Kisarawe,,
MLOO PRIMARY SCHOOL,,Pwani,Kisarawe,,
MSIMBU PRIMARY SCHOOL,,Pwani,Kisarawe,,
MTUNANI PRIMARY SCHOOL,,Pwani,Kisarawe,,
MZENGA PRIMARY SCHOOL,,Pwani,Kisarawe,,
NYANI PRIMARY SCHOOL,,Pwani,Kisarawe,,
SANGWE PRIMARY SCHOOL,,Pwani,Kisarawe,,
ST DORCAS VIGAMA PRIMARY SCHOOL,,Pwani,Kisarawe,,
TONDORONI PRIMARY SCHOOL,,Pwani,Kisarawe,,
VIGAMA PRIMARY SCHOOL,,Pwani,Kisarawe,,
VILABWA PRIMARY SCHOOL,,Pwani,Kisarawe,,
YOMBO-LUKINGA PRIMARY SCHOOL,,Pwani,Kisarawe,,
BEMBEZA PRIMARY SCHOOL,,Pwani,Kisarawe,,
CHALE PRIMARY SCHOOL,,Pwani,Kisarawe,,
CHOLESAMVULA PRIMARY SCHOOL,,Pwani,Kisarawe,,
HOMBOZA PRIMARY SCHOOL,,Pwani,Kisarawe,,
JUSTICE NURSERY AND PRIMARY SCHOOL,,Pwani,Kisarawe,,
KAZIMZUMBWI PRIMARY SCHOOL,,Pwani,Kisarawe,,
KIBWEMWENDA PRIMARY SCHOOL,,Pwani,Kisarawe,,
KIHARE PRIMARY SCHOOL,,Pwani,Kisarawe,,
KILUVYA 'B' PRIMARY SCHOOL,,Pwani,Kisarawe,,
KISOPWA PRIMARY SCHOOL,,Pwani,Kisarawe,,
KITONGA-MANGO PRIMARY SCHOOL,,Pwani,Kisarawe,,
KURUI-CHOLE PRIMARY SCHOOL,,Pwani,Kisarawe,,
LUHANGAI PRIMARY SCHOOL,,Pwani,Kisarawe,,
MAFUMBI PRIMARY SCHOOL,,Pwani,Kisarawe,,
MARUI-MIPERA PRIMARY SCHOOL,,Pwani,Kisarawe,,
MASAKI PRIMARY SCHOOL,,Pwani,Kisarawe,,
MAXMILLIAN PRIMARY SCHOOL,,Pwani,Kisarawe,,
MGOGE PRIMARY SCHOOL,,Pwani,Kisarawe,,
MIHUGWE PRIMARY SCHOOL,,Pwani,Kisarawe,,
MLOGANZILA 'B' PRIMARY SCHOOL,,Pwani,Kisarawe,,
MTAKAYO PRIMARY SCHOOL,,Pwani,Kisarawe,,
MWANZO-MGUMU PRIMARY SCHOOL,,Pwani,Kisarawe,,
NGOBEDI PRIMARY SCHOOL,,Pwani,Kisarawe,,
PALAKA PRIMARY SCHOOL,,Pwani,Kisarawe,,
SANZE PRIMARY SCHOOL,,Pwani,Kisarawe,,
SUNGWI PRIMARY SCHOOL,,Pwani,Kisarawe,,
TURINI PRIMARY SCHOOL,,Pwani,Kisarawe,,
VIHINGO PRIMARY SCHOOL,,Pwani,Kisarawe,,
VISEGESE PRIMARY SCHOOL,,Pwani,Kisarawe,,
ZEGERO PRIMARY SCHOOL,,Pwani,Kisarawe,,
BOGA PRIMARY SCHOOL,,Pwani,Kisarawe,,
CHAMBASI PRIMARY SCHOOL,,Pwani,Kisarawe,,
CHANZIGE 'A' PRIMARY SCHOOL,,Pwani,Kisarawe,,
DIMBENI PRIMARY SCHOOL,,Pwani,Kisarawe,,
JOYNASI PRIMARY SCHOOL,,Pwani,Kisarawe,,
KANGA PRIMARY SCHOOL,,Pwani,Kisarawe,,
KIBASILA PRIMARY SCHOOL,,Pwani,Kisarawe,,
KIDUGALO PRIMARY SCHOOL,,Pwani,Kisarawe,,
KOLA PRIMARY SCHOOL,,Pwani,Kisarawe,,
KURUI-MZENGA PRIMARY SCHOOL,,Pwani,Kisarawe,,
MADUGIKE PRIMARY SCHOOL,,Pwani,Kisarawe,,
MAGURUWE PRIMARY SCHOOL,,Pwani,Kisarawe,,
MARUI-MNGWATA PRIMARY SCHOOL,,Pwani,Kisarawe,,
MASANGANYA PRIMARY SCHOOL,,Pwani,Kisarawe,,
MENGWA PRIMARY SCHOOL,,Pwani,Kisarawe,,
MHAGA PRIMARY SCHOOL,,Pwani,Kisarawe,,
MITENGWE PRIMARY SCHOOL,,Pwani,Kisarawe,,
MLOGANZILA PRIMARY SCHOOL,,Pwani,Kisarawe,,
MSEGAMO PRIMARY SCHOOL,,Pwani,Kisarawe,,
MTAMBA PRIMARY SCHOOL,,Pwani,Kisarawe,,
MZENGA 'B' PRIMARY SCHOOL,,Pwani,Kisarawe,,
NGONGELE PRIMARY SCHOOL,,Pwani,Kisarawe,,
PANGA LA MWINGEREZA PRIMARY SCHOOL,,Pwani,Kisarawe,,
TITU PRIMARY SCHOOL,,Pwani,Kisarawe,,
VIBULA PRIMARY SCHOOL,,Pwani,Kisarawe,,
VIKUMBURU PRIMARY SCHOOL,,Pwani,Kisarawe,,
BALENI PRIMARY SCHOOL,,Pwani,Mafia,,
BWENI PRIMARY SCHOOL,,Pwani,Mafia,,
CHUNGURUMA PRIMARY SCHOOL,,Pwani,Mafia,,
JIBONDO PRIMARY SCHOOL,,Pwani,Mafia,,
JUANI PRIMARY SCHOOL,,Pwani,Mafia,,
KIEGEANI PRIMARY SCHOOL,,Pwani,Mafia,,
MAFIA IMAAN PRIMARY SCHOOL,,Pwani,Mafia,,
MLONGO PRIMARY SCHOOL,,Pwani,Mafia,,
STJOSEPH MILLENIUM PRIMARY SCHOOL,,Pwani,Mafia,,
UTENDE PRIMARY SCHOOL,,Pwani,Mafia,,
BANJA PRIMARY SCHOOL,,Pwani,Mafia,,
JIMBO PRIMARY SCHOOL,,Pwani,Mafia,,
KIFINGE PRIMARY SCHOOL,,Pwani,Mafia,,
KILINDONI PRIMARY SCHOOL,,Pwani,Mafia,,
KITONI PRIMARY SCHOOL,,Pwani,Mafia,,
MARIMBANI PRIMARY SCHOOL,,Pwani,Mafia,,
TERENI PRIMARY SCHOOL,,Pwani,Mafia,,
BWEJUU PRIMARY SCHOOL,,Pwani,Mafia,,
GONGE PRIMARY SCHOOL,,Pwani,Mafia,,
JOJO PRIMARY SCHOOL,,Pwani,Mafia,,
KIGAMBONI PRIMARY SCHOOL,,Pwani,Mafia,,
KIPINGWI PRIMARY SCHOOL,,Pwani,Mafia,,
KUNGWI PRIMARY SCHOOL,,Pwani,Mafia,,
MICHENI PRIMARY SCHOOL,,Pwani,Mafia,,
NDAGONI PRIMARY SCHOOL,,Pwani,Mafia,,
TONGANI PRIMARY SCHOOL,,Pwani,Mafia,,
AL - NAHDHWA PRIMARY SCHOOL,,Pwani,Mkuranga,,
BIGWA PRIMARY SCHOOL,,Pwani,Mkuranga,,
BRIGHT ANGELS PRIMARY SCHOOL,,Pwani,Mkuranga,,
CHAMGOI PRIMARY SCHOOL,,Pwani,Mkuranga,,
DAY SPRING PRIMARY SCHOOL,,Pwani,Mkuranga,,
DONDWE PRIMARY SCHOOL,,Pwani,Mkuranga,,
GOLDEN BELL PRIMARY SCHOOL,,Pwani,Mkuranga,,
J.C O'GABHANN PRIMARY SCHOOL,,Pwani,Mkuranga,,
KALOLE PRIMARY SCHOOL,,Pwani,Mkuranga,,
KIBAMBA PRIMARY SCHOOL,,Pwani,Mkuranga,,
KIBULULU PRIMARY SCHOOL,,Pwani,Mkuranga,,
KIFUMANGAO PRIMARY SCHOOL,,Pwani,Mkuranga,,
KIIMBWANINDI PRIMARY SCHOOL,,Pwani,Mkuranga,,
KILAMBA PRIMARY SCHOOL,,Pwani,Mkuranga,,
KIMANZICHANA PRIMARY SCHOOL,,Pwani,Mkuranga,,
KIPARANG'ANDA PRIMARY SCHOOL,,Pwani,Mkuranga,,
KISEGESE PRIMARY SCHOOL,,Pwani,Mkuranga,,
KISIJU-PWANI PRIMARY SCHOOL,,Pwani,Mkuranga,,
KIZIKO PRIMARY SCHOOL,,Pwani,Mkuranga,,
KOMA PRIMARY SCHOOL,,Pwani,Mkuranga,,
KWALE PRIMARY SCHOOL,,Pwani,Mkuranga,,
MAGOZA PRIMARY SCHOOL,,Pwani,Mkuranga,,
MARKS PRIMARY SCHOOL,,Pwani,Mkuranga,,
MBEZI PRIMARY SCHOOL,,Pwani,Mkuranga,,
MDIMNI PRIMARY SCHOOL,,Pwani,Mkuranga,,
MIPEKO PRIMARY SCHOOL,,Pwani,Mkuranga,,
MITEZA PRIMARY SCHOOL,,Pwani,Mkuranga,,
MKEREZANGE PRIMARY SCHOOL,,Pwani,Mkuranga,,
MKOLA PRIMARY SCHOOL,,Pwani,Mkuranga,,
MKUKWI PRIMARY SCHOOL,,Pwani,Mkuranga,,
MLAMLENI PRIMARY SCHOOL,,Pwani,Mkuranga,,
MPERA PRIMARY SCHOOL,,Pwani,Mkuranga,,
MSANGAPWANI PRIMARY SCHOOL,,Pwani,Mkuranga,,
MWANDEGE PRIMARY SCHOOL,,Pwani,Mkuranga,,
NGANJE PRIMARY SCHOOL,,Pwani,Mkuranga,,
NJOPEKA PRIMARY SCHOOL,,Pwani,Mkuranga,,
PERFECT DESTINY PRIMARY SCHOOL,,Pwani,Mkuranga,,
ROZANDO PRIMARY SCHOOL,,Pwani,Mkuranga,,
SHUNGUBWENI PRIMARY SCHOOL,,Pwani,Mkuranga,,
ST. MATTHEWS PRIMARY SCHOOL,,Pwani,Mkuranga,,
SUNGUVUNI PRIMARY SCHOOL,,Pwani,Mkuranga,,
TUMAINI FRIENDS PRIMARY SCHOOL,,Pwani,Mkuranga,,
TUNGI PRIMARY SCHOOL,,Pwani,Mkuranga,,
VIKANGARA PRIMARY SCHOOL,,Pwani,Mkuranga,,
YAVAYAVA PRIMARY SCHOOL,,Pwani,Mkuranga,,
AL- RAHMAH PRIMARY SCHOOL,,Pwani,Mkuranga,,
BINGA PRIMARY SCHOOL,,Pwani,Mkuranga,,
BUPU PRIMARY SCHOOL,,Pwani,Mkuranga,,
CHATEMBO PRIMARY SCHOOL,,Pwani,Mkuranga,,
DUNDANI PRIMARY SCHOOL,,Pwani,Mkuranga,,
HOYOYO PRIMARY SCHOOL,,Pwani,Mkuranga,,
KAZOLE PRIMARY SCHOOL,,Pwani,Mkuranga,,
KIBESA PRIMARY SCHOOL,,Pwani,Mkuranga,,
KIBUYUNI PRIMARY SCHOOL,,Pwani,Mkuranga,,
KIGUZA PRIMARY SCHOOL,,Pwani,Mkuranga,,
KIKOO PRIMARY SCHOOL,,Pwani,Mkuranga,,
KILIMAHEWA KUSINI PRIMARY SCHOOL,,Pwani,Mkuranga,,
KINENE PRIMARY SCHOOL,,Pwani,Mkuranga,,
KISAYANI PRIMARY SCHOOL,,Pwani,Mkuranga,,
KISEMVULE PRIMARY SCHOOL,,Pwani,Mkuranga,,
KITANGWI PRIMARY SCHOOL,,Pwani,Mkuranga,,
KITUMBO PRIMARY SCHOOL,,Pwani,Mkuranga,,
KIZOMLA PRIMARY SCHOOL,,Pwani,Mkuranga,,
KONDO-MWELANZI PRIMARY SCHOOL,,Pwani,Mkuranga,,
LIFEWAYLIGHT PRIMARY SCHOOL,,Pwani,Mkuranga,,
LUPONDO PRIMARY SCHOOL,,Pwani,Mkuranga,,
MAGAWA PRIMARY SCHOOL,,Pwani,Mkuranga,,
MAKUMBEA PRIMARY SCHOOL,,Pwani,Mkuranga,,
MAROGORO PRIMARY SCHOOL,,Pwani,Mkuranga,,
MBULANI PRIMARY SCHOOL,,Pwani,Mkuranga,,
MIKERE PRIMARY SCHOOL,,Pwani,Mkuranga,,
MISASA PRIMARY SCHOOL,,Pwani,Mkuranga,,
MKAMBA PRIMARY SCHOOL,,Pwani,Mkuranga,,
MKIU PRIMARY SCHOOL,,Pwani,Mkuranga,,
MKONGO PRIMARY SCHOOL,,Pwani,Mkuranga,,
MKURANGA PRIMARY SCHOOL,,Pwani,Mkuranga,,
MOUNT CHANUNGU PRIMARY SCHOOL,,Pwani,Mkuranga,,
MPIMIO PRIMARY SCHOOL,,Pwani,Mkuranga,,
MSONGA PRIMARY SCHOOL,,Pwani,Mkuranga,,
MWANADILATU PRIMARY SCHOOL,,Pwani,Mkuranga,,
MWANZEGA PRIMARY SCHOOL,,Pwani,Mkuranga,,
NASIBUGANI PRIMARY SCHOOL,,Pwani,Mkuranga,,
NGARAMBE PRIMARY SCHOOL,,Pwani,Mkuranga,,
NYAMATO PRIMARY SCHOOL,,Pwani,Mkuranga,,
PHILADELPHIA PRIMARY SCHOOL,,Pwani,Mkuranga,,
SANGALANI PRIMARY SCHOOL,,Pwani,Mkuranga,,
SOLOMON PRIMARY SCHOOL,,Pwani,Mkuranga,,
ST.GERTRUDE PRIMARY SCHOOL,,Pwani,Mkuranga,,
TAMBANI PRIMARY SCHOOL,,Pwani,Mkuranga,,
UJENZI PRIMARY SCHOOL,,Pwani,Mkuranga,,
VIKINDU PRIMARY SCHOOL,,Pwani,Mkuranga,,
BEST PRIMARY SCHOOL,,Pwani,Mkuranga,,
CHURWI PRIMARY SCHOOL,,Pwani,Mkuranga,,
DONDO PRIMARY SCHOOL,,Pwani,Mkuranga,,
FUNZA PRIMARY SCHOOL,,Pwani,Mkuranga,,
IBUN JAZAR PRIMARY SCHOOL,,Pwani,Mkuranga,,
KEREKESE PRIMARY SCHOOL,,Pwani,Mkuranga,,
KIBUDI PRIMARY SCHOOL,,Pwani,Mkuranga,,
KIDUNDI PRIMARY SCHOOL,,Pwani,Mkuranga,,
KIIMBWA PRIMARY SCHOOL,,Pwani,Mkuranga,,
KIPARA PRIMARY SCHOOL,,Pwani,Mkuranga,,
KISE PRIMARY SCHOOL,,Pwani,Mkuranga,,
KISERE PRIMARY SCHOOL,,Pwani,Mkuranga,,
KIWAMBO PRIMARY SCHOOL,,Pwani,Mkuranga,,
KOLAGWA PRIMARY SCHOOL,,Pwani,Mkuranga,,
KURUTI PRIMARY SCHOOL,,Pwani,Mkuranga,,
LUGWADU PRIMARY SCHOOL,,Pwani,Mkuranga,,
MADALAQU PRIMARY SCHOOL,,Pwani,Mkuranga,,
MAGODANI PRIMARY SCHOOL,,Pwani,Mkuranga,,
MALELA PRIMARY SCHOOL,,Pwani,Mkuranga,,
MATANZI PRIMARY SCHOOL,,Pwani,Mkuranga,,
MCHUNGURU PRIMARY SCHOOL,,Pwani,Mkuranga,,
MINGOMBE PRIMARY SCHOOL,,Pwani,Mkuranga,,
MITARANDA PRIMARY SCHOOL,,Pwani,Mkuranga,,
MKOKOZI PRIMARY SCHOOL,,Pwani,Mkuranga,,
MKUCHEMBE PRIMARY SCHOOL,,Pwani,Mkuranga,,
MKURUWILI PRIMARY SCHOOL,,Pwani,Mkuranga,,
MPAFU PRIMARY SCHOOL,,Pwani,Mkuranga,,
MPONGA PRIMARY SCHOOL,,Pwani,Mkuranga,,
MSORWA PRIMARY SCHOOL,,Pwani,Mkuranga,,
MWANAMBAYA PRIMARY SCHOOL,,Pwani,Mkuranga,,
MWARUSEMBE PRIMARY SCHOOL,,Pwani,Mkuranga,,
NGALAWANI PRIMARY SCHOOL,,Pwani,Mkuranga,,
NGUNGUTI PRIMARY SCHOOL,,Pwani,Mkuranga,,
NYANDUTURU PRIMARY SCHOOL,,Pwani,Mkuranga,,
PICHA YA NDEGE PRIMARY SCHOOL,,Pwani,Mkuranga,,
SANGASANGA PRIMARY SCHOOL,,Pwani,Mkuranga,,
SOTELE PRIMARY SCHOOL,,Pwani,Mkuranga,,
STONE OF HELP PRIMARY SCHOOL,,Pwani,Mkuranga,,
TENGELEA PRIMARY SCHOOL,,Pwani,Mkuranga,,
TUNDU PRIMARY SCHOOL,,Pwani,Mkuranga,,
VIANZI PRIMARY SCHOOL,,Pwani,Mkuranga,,
WHITE ANGELS PRIMARY SCHOOL,,Pwani,Mkuranga,,
IKWIRIRI PRIMARY SCHOOL,,Pwani,Rufiji,,
KATUNDU PRIMARY SCHOOL,,Pwani,Rufiji,,
KIKONGONO PRIMARY SCHOOL,,Pwani,Rufiji,,
KIPOKA PRIMARY SCHOOL,,Pwani,Rufiji,,
KITAPI PRIMARY SCHOOL,,Pwani,Rufiji,,
MBWARA PRIMARY SCHOOL,,Pwani,Rufiji,,
MIHILU PRIMARY SCHOOL,,Pwani,Rufiji,,
MOHORO PRIMARY SCHOOL,,Pwani,Rufiji,,
MWASENI PRIMARY SCHOOL,,Pwani,Rufiji,,
NDUNDUTAWA PRIMARY SCHOOL,,Pwani,Rufiji,,
NYAKIPANDE PRIMARY SCHOOL,,Pwani,Rufiji,,
NYAMPAKU PRIMARY SCHOOL,,Pwani,Rufiji,,
RUWE PRIMARY SCHOOL,,Pwani,Rufiji,,
TAPIKA PRIMARY SCHOOL,,Pwani,Rufiji,,
UMWE PRIMARY SCHOOL,,Pwani,Rufiji,,
CHUMBI PRIMARY SCHOOL,,Pwani,Rufiji,,
KIPO-MASHARIKI PRIMARY SCHOOL,,Pwani,Rufiji,,
KIWANGA PRIMARY SCHOOL,,Pwani,Rufiji,,
MBUGUMA ACADEMY PRE PRIMARY SCHOOL,,Pwani,Rufiji,,
MGOMBA PRIMARY SCHOOL,,Pwani,Rufiji,,
MSONA PRIMARY SCHOOL,,Pwani,Rufiji,,
NAMBUNJU PRIMARY SCHOOL,,Pwani,Rufiji,,
NYAMAKURUKURU PRIMARY SCHOOL,,Pwani,Rufiji,,
NYAMWAGE PRIMARY SCHOOL,,Pwani,Rufiji,,
SHAURI MOYO PRIMARY SCHOOL,,Pwani,Rufiji,,
TAWI PRIMARY SCHOOL,,Pwani,Rufiji,,
UTUNGE PRIMARY SCHOOL,,Pwani,Rufiji,,
DOHA PRIMARY SCHOOL,,Pwani,Rufiji,,
KIKOBO PRIMARY SCHOOL,,Pwani,Rufiji,,
KING'ONGO PRIMARY SCHOOL,,Pwani,Rufiji,,
KIPUGIRA PRIMARY SCHOOL,,Pwani,Rufiji,,
MBUNJU PRIMARY SCHOOL,,Pwani,Rufiji,,
MIBUYUSABA PRIMARY SCHOOL,,Pwani,Rufiji,,
MLOKA PRIMARY SCHOOL,,Pwani,Rufiji,,
MTANZA PRIMARY SCHOOL,,Pwani,Rufiji,,
NDUNDUNYIKANZA PRIMARY SCHOOL,,Pwani,Rufiji,,
NGORONGO PRIMARY SCHOOL,,Pwani,Rufiji,,
NYAMINYWILI PRIMARY SCHOOL,,Pwani,Rufiji,,
RUFIJI PRIMARY SCHOOL,,Pwani,Rufiji,,
SIASA PRIMARY SCHOOL,,Pwani,Rufiji,,
ZP0674 A-PLUS ACADEMY,,Zanzibar,West A Mc,,
ZP0490 AHLULBAIT NURSERY AND PRIMARY,,Zanzibar,West A Mc,,
ZP0322 AL-FALAH MUSLIM,,Zanzibar,West A Mc,,
ZP0297 AL-HARAMYN INTERGRATED SCHOOL,,Zanzibar,West B Mc,,
ZP0588 AL-IBDAA ISLAMIC SCHOOL,,Zanzibar,,,
ZP0383 AL-ISWLAAH PRIMARY SCHOOL,,Zanzibar,,,
ZP0425 AL-KHIBRAT ISLAMIC SCHOOL,,Zanzibar,,,
ZP0502 AL-MIFTAH,,Zanzibar,,,
ZP0318 AL-QUWIYYI,,Zanzibar,,,
ZP0228 AL-SWADIQ,,Zanzibar,,,
ZP0401 ALBAYAAN MUSLIM SCHOOL,,Zanzibar,,,
ZP0295 AMINI ISLAMIC,,Zanzibar,,,
ZP0285 ASSALAM SCHOOL,,Zanzibar,,,
ZP0142 BAMBI,,Zanzibar,,,
ZP0321 BEIT-EL-RAS,,Zanzibar,,,
ZP0184 BIRIKAU,,Zanzibar,,,
ZP0262 BRIGHT FUTURE ACADEMY,,Zanzibar,,,
ZP0025 BUBUBU 'A',,Zanzibar,,,
ZP0117 BUMBWINI MSINGI,,Zanzibar,,,
ZP0023 BWEFUM,,Zanzibar,,,
ZP0066 C/KIKOBWENI,,Zanzibar,,,
ZP0296 CHANJAANI,,Zanzibar,,,
ZP0094 CHARAWE,,Zanzibar,,,
ZP0566 CHERISH SCHOOL,,Zanzibar,,,
ZP0048 CHUINI,,Zanzibar,,,
ZP0083 CHUNGA,,Zanzibar,,,
ZP0277 CHWAKA UNGUJA,,Zanzibar,,,
ZP0496 DAARUL-INSAAF NURSERY AND PRIMARY,,Zanzibar,,,
ZP0189 DAYA,,Zanzibar,,,
ZP0524 DKT HUSSEIN ALI HASSAN MWINYI,,Zanzibar,,,
ZP0234 DODO,,Zanzibar,,,
ZP0131 DONGE MTAMBILE,,Zanzibar,,,
ZP0144 DUNGA MSINGI,,Zanzibar,,,
ZP0340 ENGLISH SPEAKING,,Zanzibar,,,
ZP0268 FARHIYA,,Zanzibar,,,
ZP0205 FINYA,,Zanzibar,,,
ZP0462 FOCUS VISION ISLAMIC SCHOOL,,Zanzibar,,,
ZP0098 FUKUCHANI,,Zanzibar,,,
ZP0028 FUONI 'B',,Zanzibar,,,
ZP0548 GALAXY ACADEMY,,Zanzibar,,,
ZP0101 GHANA,,Zanzibar,,,
ZP0599 HAFIDHAT ISLAMIC SCHOOL,,Zanzibar,,,
ZP0499 HEKIMA SEMINARY-CHEJU,,Zanzibar,,,
ZP0460 HIGH ACHIEVEMENT SCHOOL,,Zanzibar,,,
ZP0311 HIGH-VIEW SCHOOL OF ZANZIBAR,,Zanzibar,,,
ZP0533 HIQUE ISLAMIC SCHOOL,,Zanzibar,,,
ZP0570 IBNI ABBAS ACADEMY,,Zanzibar,,,
ZP0457 IKH-LAS NURSERY & PRIMARY SCHOOL,,Zanzibar,,,
ZP0518 INTISWAM ISLAMIC SCHOOL,,Zanzibar,,,
ZP0495 IZDIHAAR NURSERY SCHOOL,,Zanzibar,,,
ZP0577 JAMAATUL-ASH-ARIY ISLAMIC SCHOOL,,Zanzibar,,,
ZP0556 JANG'OMBE MSINGI,,Zanzibar,,,
ZP0092 JONGOWE,,Zanzibar,,,
ZP0390 KAIROGIVE,,Zanzibar,,,
ZP0042 KAMA,,Zanzibar,,,
ZP0238 KANGANI,,Zanzibar,,,
ZP0208 KARUME PEMBA,,Zanzibar,,,
ZP0039 KIANGA,,Zanzibar,,,
ZP0135 KIBOJE,,Zanzibar,,,
ZP0059 KIBUYUNI,,Zanzibar,,,
ZP0259 KIDAGONI,,Zanzibar,,,
ZP0585 KIDONGO CHEKUNDU MSINGI,,Zanzibar,,,
ZP0032 KIEMBE SAMAKI 'B',,Zanzibar,,,
ZP0084 KIHINANI,,Zanzibar,,,
ZP0060 KIJITOUPELE 'A',,Zanzibar,,,
ZP0167 KIKADINI,,Zanzibar,,,
ZP0017 KILIMAHEWA 'B',,Zanzibar,,,
ZP0062 KILINDI UNGUJA,,Zanzibar,,,
ZP0203 KINOWE,,Zanzibar,,,
ZP0201 KINYASINI PEMBA,,Zanzibar,,,
ZP0115 KIONGONI,,Zanzibar,,,
ZP0033 KISAUNI,,Zanzibar,,,
ZP0160 KITOGANI,,Zanzibar,,,
ZP0420 KIUNGONI,,Zanzibar,,,
ZP0236 KIWANI,,Zanzibar,,,
ZP0073 KIZIMBANI UNGUJA,,Zanzibar,,,
ZP0270 KIZIMKAZI MSINGI,,Zanzibar,,,
ZP0314 KOKOTA,,Zanzibar,,,
ZP0194 KONDE 'B',,Zanzibar,,,
ZP0445 KUUKUU MSINGI,,Zanzibar,,,
ZP0276 KWARARA PRIVATE SCHOOL,,Zanzibar,,,
ZP0384 LAUREATE INT SCHOOL 'P',,Zanzibar,,,
ZP0616 LIGHT SCHOOL OF ZANZIBAR,,Zanzibar,,,
ZP0279 MAANDALIZI NA MSINGI DOLE,,Zanzibar,,,
ZP0102 MACHUI,,Zanzibar,,,
ZP0365 MADRASAT TWAYYIB,,Zanzibar,,,
ZP0552 MADRASATUL-AHBAAB SHAKANI,,Zanzibar,,,
ZP0074 MAGOGONI 'A',,Zanzibar,,,
ZP0294 MAHDUTHI,,Zanzibar,,,
ZP0163 MAKANGALE,,Zanzibar,,,
ZP0143 MAKONGENI,,Zanzibar,,,
ZP0463 MAMBOSASA MSINGI,,Zanzibar,,,
ZP0105 MARUMBI,,Zanzibar,,,
ZP0280 MATETEMA,,Zanzibar,,,
ZP0231 MAZIWANI,,Zanzibar,,,
ZP0043 MBUZINI 'U',,Zanzibar,,,
ZP0099 MCHANGANI,,Zanzibar,,,
ZP0024 MFENESINI,,Zanzibar,,,
ZP0289 MGELEMA,,Zanzibar,,,
ZP0432 MGONJONI,,Zanzibar,,,
ZP0097 MICHAMVI,,Zanzibar,,,
ZP0196 MICHEWENI 'B' MSINGI,,Zanzibar,,,
ZP0183 MINUNGWINI,,Zanzibar,,,
ZP0127 MIWALENI,,Zanzibar,,,
ZP0288 MJANANZA,,Zanzibar,,,
ZP0475 MJINI WINGWI,,Zanzibar,,,
ZP0206 MKIANG'OMBE,,Zanzibar,,,
ZP0190 MKOTE,,Zanzibar,,,
ZP0396 MLANDEGE MADRASA SCHOOL,,Zanzibar,,,
ZP0114 MOGA,,Zanzibar,,,
ZP0202 MSUKA,,Zanzibar,,,
ZP0209 MTEMANI MSINGI,,Zanzibar,,,
ZP0057 MTONI MSINGI,,Zanzibar,,,
ZP0336 MTOWAPWANI,,Zanzibar,,,
ZP0480 MUNAZZIL ISLAMIC ACADEMY,,Zanzibar,,,
ZP0128 MUUNGONI,,Zanzibar,,,
ZP0244 MWAMBE,,Zanzibar,,,
ZP0013 MWEMBEMAKUMBI,,Zanzibar,,,
ZP0136 MWERA MSINGI,,Zanzibar,,,
ZP0308 NDIJANI MSEWENI,,Zanzibar,,,
ZP0710 NEW ERA ACADEMY NURSERY AND PRIMARY,,Zanzibar,,,
ZP0215 NG'AMBWA,,Zanzibar,,,
ZP0241 NG'OMBENI 'B',,Zanzibar,,,
ZP0355 NIDAA ISLAMIC SCHOOL,,Zanzibar,,,
ZP0436 NUNUU PRIMARY ISL SCHOOL,,Zanzibar,,,
ZP0596 OBA ENGLISH MEDIUM SCHOOL,,Zanzibar,,,
ZP0153 PAGALI,,Zanzibar,,,
ZP0170 PANDANI,,Zanzibar,,,
ZP0129 PETE,,Zanzibar,,,
ZP0173 PIKI,,Zanzibar,,,
ZP0112 PONGWE MWERA,,Zanzibar,,,
ZP0088 POTOA MSINGI,,Zanzibar,,,
ZP0001 RAHALEO,,Zanzibar,,,
ZP0370 RAUDHA ACADEMY,,Zanzibar,,,
ZP0504 RESPECTIVE ACADEMY,,Zanzibar,,,
ZP0377 RUSHDI SCHOOL,,Zanzibar,,,
ZP0352 SALAMI ISLAMIC SCHOOL,,Zanzibar,,,
ZP0019 SEBLENI,,Zanzibar,,,
ZP0008 SHAURIMOYO,,Zanzibar,,,
ZP0339 SHINING STAR ACADEMY,,Zanzibar,,,
ZP0168 SIMAI,,Zanzibar,,,
ZP0509 SKULI YA PANGENI MSINGI,,Zanzibar,,,
ZP0266 SOUVENIOR,,Zanzibar,,,
ZP0404 ST.BARNABAS SCHOOL,,Zanzibar,,,
ZP0375 STONE TOWN,,Zanzibar,,,
ZP0362 SULHIYAH ISLAMIC SCHOOL,,Zanzibar,,,
ZP0489 SUNSHINE NURSERY AND PRIMARY SCHOOL,,Zanzibar,,,
ZP0655 SURE START ACADEMY,,Zanzibar,,,
ZP0395 TAMANI FOUNDATION,,Zanzibar,,,
ZP0565 TANZEEL NURSERY AND PRIMARY SCHOOL,,Zanzibar,,,
ZP0479 TAUFIQ ISLAMIC SCHOOL,,Zanzibar,,,
ZP0366 THE CREATIVE EDUCATION SCHOOL,,Zanzibar,,,
ZP0332 THE LION KING JUNIOR ACADEMY,,Zanzibar,,,
ZP0434 THE WORLD TALENT ENGLISH MEDIUM,,Zanzibar,,,
ZP0601 TREASURE ENGLISH MEDIUM SCHOOL,,Zanzibar,,,
ZP0089 TUMBATU MSINGI,,Zanzibar,,,
ZP0469 TUMBE 'A',,Zanzibar,,,
ZP0327 TURKISH MAARIF SCHOOL ZANZIBAR,,Zanzibar,,,
ZP0095 UKONGORONI,,Zanzibar,,,
ZP0093 UMBUJI,,Zanzibar,,,
ZP0172 UONDWE,,Zanzibar,,,
ZP0078 URAFIKI,,Zanzibar,,,
ZP0179 UWANDANI,,Zanzibar,,,
ZP0378 VICTORIOUS ACADEMY,,Zanzibar,,,
ZP0451 VIVID DREAM SCHOOL,,Zanzibar,,,
ZP0021 WAZAZI AMANI,,Zanzibar,,,
ZP0329 WETE ISLAMIC,,Zanzibar,,,
ZP0433 WINGS ACADEMY,,Zanzibar,,,
ZP0393 WISDOM PRIMARY SCHOOL,,Zanzibar,,,
ZP0341 ZAN PEACEFUL ACADEMY,,Zanzibar,,,
ZP0275 ZANZIBAR NOUR ISLAMIC ACADEMY,,Zanzibar,,,
ZP0214 ZIWANI,,Zanzibar,,,
ZP0415 ABDALLA BIN SULTAN SCHOOL,,Zanzibar,,,
ZP0505 AL-AMEEN ISLAMIC SCHOOL,,Zanzibar,,,
ZP0198 AL-HALIL,,Zanzibar,,,
ZP0330 AL-HIDAYA ISLAMIC,,Zanzibar,,,
ZP0409 AL-IKHLAAS ISLAMIC SCHOOL,,Zanzibar,,,
ZP0623 AL-JAMIYL COMMUNITY SCHOOL,,Zanzibar,,,
ZP0604 AL-MADRASAT NASRUDIN,,Zanzibar,,,
ZP0369 AL-MUBARAK,,Zanzibar,,,
ZP0337 AL-RIYAMI ACADEMY,,Zanzibar,,,
ZP0439 AL-SWIDDIQ EDUCATION CENTER,,Zanzibar,,,
ZP0235 ALI KHAMIS CAMP,,Zanzibar,,,
ZP0335 ASFAT ISLAMIC SCHOOL,,Zanzibar,,,
ZP0269 AZANIA PREPARATORY SCHOOL,,Zanzibar,,,
ZP0067 BANDAMAJI,,Zanzibar,,,
ZP0407 BEZEAMO ACADEMY SCHOOL,,Zanzibar,,,
ZP0293 BOPWE,,Zanzibar,,,
ZP0379 BRILLIANT ACADEMY,,Zanzibar,,,
ZP0026 BUBUBU 'B',,Zanzibar,,,
ZP0154 BUNGI,,Zanzibar,,,
ZP0123 BWEJUU,,Zanzibar,,,
ZP0091 CHAANI MSINGI,,Zanzibar,,,
ZP0690 CHANJAANI JOMBWE,,Zanzibar,,,
ZP0376 CHARITY PRIMARY,,Zanzibar,,,
ZP0446 CHIMBA MSINGI,,Zanzibar,,,
ZP0047 CHUKWANI,,Zanzibar,,,
ZP0452 CHUTAMA MAANDALIZI NA MSINGI,,Zanzibar,,,
ZP0186 CHWALE,,Zanzibar,,,
ZP0291 DALAILUL KHAIRAT ISLAMIC SCHOOL,,Zanzibar,,,
ZP0467 DENIZ PRIMARY SCHOOL,,Zanzibar,,,
ZP0178 DKT MPANGO MAANDALIZI NA MSINGI,,Zanzibar,,,
ZP0512 DOLPHINE ENGLISH MEDIUM SCHOOL,,Zanzibar,,,
ZP0428 DOUBLE STAR ACADEMY,,Zanzibar,,,
ZP0411 EDEN INT SCHOOL,,Zanzibar,,,
ZP0403 EVERGREEN SCHOOL,,Zanzibar,,,
ZP0344 FAROUK AKTAS MUSLIM,,Zanzibar,,,
ZP0429 FIRDAUS ISLAMIC SCHOOL,,Zanzibar,,,
ZP0372 FRANCIS MARIA,,Zanzibar,,,
ZP0140 FUNDO,,Zanzibar,,,
ZP0632 FUONI MSINGI MPYA,,Zanzibar,,,
ZP0100 GAMBA,,Zanzibar,,,
ZP0342 GLORIOUS ACADEMY,,Zanzibar,,,
ZP0642 HAMASHIIR ISLAMIC SCHOOL,,Zanzibar,,,
ZP0323 HERRNHUTER ACADEMY,,Zanzibar,,,
ZP0303 HIGH PERFORMANCE,,Zanzibar,,,
ZP0455 HIGHER CAREER ACADEMY,,Zanzibar,,,
ZP0544 HORIZON ACADEMY,,Zanzibar,,,
ZP0459 ICLA PRIMARY SCHOOL,,Zanzibar,,,
ZP0389 IMAM SHAFII,,Zanzibar,,,
ZP0472 IRSHAAD ISLAMIC SCHOOL,,Zanzibar,,,
ZP0394 JABAL KHIRAA INTERGRATED ACADEMY,,Zanzibar,,,
ZP0286 JAMBANGOME,,Zanzibar,,,
ZP0148 JENDELE,,Zanzibar,,,
ZP0364 JUBA ISLAMIC SCHOOL,,Zanzibar,,,
ZP0124 KAJENGWA,,Zanzibar,,,
ZP0065 KANDWI,,Zanzibar,,,
ZP0400 KAREEM ISLAMIC SCHOOL,,Zanzibar,,,
ZP0237 KENGEJA,,Zanzibar,,,
ZP0096 KIBELE,,Zanzibar,,,
ZP0036 KIBONDENI,,Zanzibar,,,
ZP0075 KIBWENI,,Zanzibar,,,
ZP0072 KIDICHI,,Zanzibar,,,
ZP0053 KIDOTI MSINGI,,Zanzibar,,,
ZP0113 KIGOMANI,,Zanzibar,,,
ZP0647 KIJICHI MADRASA SCHOOL,,Zanzibar,,,
ZP0061 KIJITOUPELE 'B',,Zanzibar,,,
ZP0104 KIKUNGWI,,Zanzibar,,,
ZP0260 KILIMAJUU,,Zanzibar,,,
ZP0080 KILOMBERO,,Zanzibar,,,
ZP0054 KINUNI,,Zanzibar,,,
ZP0085 KINYASINI UNGUJA,,Zanzibar,,,
ZP0211 KIPANGANI,,Zanzibar,,,
ZP0005 KISIWANDUI,,Zanzibar,,,
ZP0076 KITONGANI,,Zanzibar,,,
ZP0157 KIUYU,,Zanzibar,,,
ZP0077 KIWENGWA,,Zanzibar,,,
ZP0181 KIZIMBANIPEMBA,,Zanzibar,,,
ZP0156 KOANI,,Zanzibar,,,
ZP0029 KOMBENI,,Zanzibar,,,
ZP0256 KUNGUNI,,Zanzibar,,,
ZP0410 KV ACADEMY,,Zanzibar,,,
ZP0399 KWETU SCHOOL,,Zanzibar,,,
ZP0317 LAUREATE SCHOOL OF ZANZIBAR,,Zanzibar,,,
ZP0188 LIMBANI,,Zanzibar,,,
ZP0004 MAANDALIZI NA MSINGI MKUNAZINI,,Zanzibar,,,
ZP0283 MADRASAT HUDA ISLAMIYA,,Zanzibar,,,
ZP0345 MADRASATUL MUJTABAH,,Zanzibar,,,
ZP0224 MADUNGU MSINGI,,Zanzibar,,,
ZP0357 MAGOGONI 'B',,Zanzibar,,,
ZP0120 MAHONDA MSINGI,,Zanzibar,,,
ZP0121 MAKOBA MSINGI,,Zanzibar,,,
ZP0199 MAKOONGWE,,Zanzibar,,,
ZP0408 MAMSA EDUCATION SCHOOL,,Zanzibar,,,
ZP0233 MATALE,,Zanzibar,,,
ZP0037 MAUNGANI,,Zanzibar,,,
ZP0449 MBUYUMAJI MAANDALIZI NA MSINGI,,Zanzibar,,,
ZP0229 MBUZINI PEMBA,,Zanzibar,,,
ZP0573 MEDITERRANEAN ENGLISH MEDIUM SCHOOL,,Zanzibar,,,
ZP0068 MFURUMATONGA,,Zanzibar,,,
ZP0155 MGENIHAJI,,Zanzibar,,,
ZP0216 MICHAKAINI 'A',,Zanzibar,,,
ZP0245 MICHENZANI,,Zanzibar,,,
ZP0007 MIGOMBANI,,Zanzibar,,,
ZP0456 MISBAH ISLAMIC SCHOOL,,Zanzibar,,,
ZP0107 MIWANI,,Zanzibar,,,
ZP0257 MJIMBINI,,Zanzibar,,,
ZP0225 MKANJUNI ISTIQAMA PEMBA,,Zanzibar,,,
ZP0387 MKOANI ISTIQAMA,,Zanzibar,,,
ZP0086 MKWAJUNI,,Zanzibar,,,
ZP0358 MLUKA BINT ALWI ISL SCHOOL,,Zanzibar,,,
ZP0440 MONTESSORI,,Zanzibar,,,
ZP0213 MTAMBILE,,Zanzibar,,,
ZP0162 MTENDE,,Zanzibar,,,
ZP0034 MTOPEPO 'A',,Zanzibar,,,
ZP0254 MTUHALIWA,,Zanzibar,,,
ZP0461 MUQADAM ACADEMY,,Zanzibar,,,
ZP0164 MUYUNI,,Zanzibar,,,
ZP0252 MWAMBE SHAMIANI,,Zanzibar,,,
ZP0002 MWEMBESHAURI,,Zanzibar,,,
ZP0371 MWERA SUPER,,Zanzibar,,,
ZP0137 NDIJANI MSINGI,,Zanzibar,,,
ZP0453 NEW GOLDEN ACADEMY,,Zanzibar,,,
ZP0474 NG'AMBWA UNGUJA,,Zanzibar,,,
ZP0386 NGOMENI PRIMARY SCHOOL,,Zanzibar,,,
ZP0477 NJAO MSINGI,,Zanzibar,,,
ZP0484 NURANIA ISLAMIC PRIMARY,,Zanzibar,,,
ZP0175 OLE,,Zanzibar,,,
ZP0166 PAJE,,Zanzibar,,,
ZP0350 PANGATUPU,,Zanzibar,,,
ZP0349 PHAINER FEDERAL SCHOOL,,Zanzibar,,,
ZP0458 PLANET ACADEMY,,Zanzibar,,,
ZP0109 PONGWE PWANI,,Zanzibar,,,
ZP0620 PREPARE BRAIN ACADEMY,,Zanzibar,,,
ZP0414 RAIYAN SCHOOL,,Zanzibar,,,
ZP0506 RAUDHA ACADEMY-KIDOTI,,Zanzibar,,,
ZP0333 ROYAL INTERNATIONAL SCHOOL,,Zanzibar,,,
ZP0519 SAFAT NURSERY & PRIMARY SCHOOL,,Zanzibar,,,
ZP0555 SALIM TURKI,,Zanzibar,,,
ZP0418 SHAMUSLEIY,,Zanzibar,,,
ZP0177 SHENGEJUU,,Zanzibar,,,
ZP0200 SHUMBA,,Zanzibar,,,
ZP0204 SIZINI,,Zanzibar,,,
ZP0354 SKY VIEW NURSERY AND PRI,,Zanzibar,,,
ZP0611 SSP NURSERY AND PRIMARY SCHOOL,,Zanzibar,,,
ZP0522 STEP AHEAD KINDERGATEN & PRIMARY SCHOOL,,Zanzibar,,,
ZP0443 STREETER'S SKILLED SCHOOL,,Zanzibar,,,
ZP0421 SUNCITY SCHOOL,,Zanzibar,,,
ZP0465 SUNWAY ISLAMIC SCHOOL,,Zanzibar,,,
ZP0492 SWAFAA ISLAMIC ACADEMY,,Zanzibar,,,
ZP0278 TANWIIR ISLAMIC SCHOOL,,Zanzibar,,,
ZP0560 TAQIIALLAH EDUCATION AND MADRASA ACADEMY,,Zanzibar,,,
ZP0442 THAMARATUL-NNISAI ENG MEDIUM,,Zanzibar,,,
"ZP0361 THE CRESCENT ACADEMY ""B""",,Zanzibar,,,
ZP0528 THE NEW POWER ACADEMY,,Zanzibar,,,
ZP0251 TIRONI,,Zanzibar,,,
ZP0320 TRIFONIA ACADEMY,,Zanzibar,,,
ZP0483 TUMBATU MSINGI 'B',,Zanzibar,,,
ZP0287 TUMBI,,Zanzibar,,,
ZP0416 TWIBA,,Zanzibar,,,
ZP0145 UKUNJWI,,Zanzibar,,,
ZP0138 UNGUJA UKUU,,Zanzibar,,,
ZP0435 UPENDO NUR & PRI SCHOOL,,Zanzibar,,,
ZP0139 UROA MSINGI,,Zanzibar,,,
ZP0090 UZI,,Zanzibar,,,
ZP0230 VIKUNGUNI,,Zanzibar,,,
ZP0243 WAMBAA,,Zanzibar,,,
ZP0070 WELEZO,,Zanzibar,,,
ZP0382 WETE ISTIQAMA SCHOOL,,Zanzibar,,,
ZP0197 WINGWI,,Zanzibar,,,
ZP0305 YURIZ ACADEMY,,Zanzibar,,,
ZP0290 ZAN VISION ACADEMY,,Zanzibar,,,
ZP0325 ZANZIBAR PROGRASIVE,,Zanzibar,,,
ZP0424 ACME,,Zanzibar,,,
ZP0412 AL-AQSA ISLAMIC SCHOOL,,Zanzibar,,,
ZP0610 AL-HARAMAIN INTEGRATED SCHOOL TUNGUU,,Zanzibar,,,
ZP0482 AL-HUDAA MUSLIM SCHOOL,,Zanzibar,,,
ZP0347 AL-IKHWAN NURSERY AND PRIMARY SCHOOL,,Zanzibar,,,
ZP0448 AL-KHAIRAT MADRASAT ISLAMIYA,,Zanzibar,,,
ZP0298 AL-MARFAA ISLAMIC SCHOOL,,Zanzibar,,,
ZP0488 AL-NAMAA ACADEMY,,Zanzibar,,,
ZP0497 AL-SALAHI NURSERY AND PRIMARY SCHOOL,,Zanzibar,,,
ZP0471 ALBASWAIR ISLAMIC SCHOOL,,Zanzibar,,,
ZP0267 ALL NATION ACADEMY,,Zanzibar,,,
ZP0514 ASSALAM COMMUNITY SCHOOL,,Zanzibar,,,
ZP0310 BALTON ACADEMY,,Zanzibar,,,
ZP0430 BATINI NUR & PRI SCHOOL,,Zanzibar,,,
ZP0478 BINGUNI MAANDALIZI NA MSINGI,,Zanzibar,,,
ZP0517 BRIGHT FULL ACADEMY,,Zanzibar,,,
ZP0272 BRITISH SCHOOL,,Zanzibar,,,
ZP0397 BUKHARY PRIMARY SCHOOL,,Zanzibar,,,
ZP0147 BWAGAMOYO,,Zanzibar,,,
ZP0306 BWEREU,,Zanzibar,,,
ZP0212 CHAMBANI,,Zanzibar,,,
ZP0222 CHANJAMJAWIRI,,Zanzibar,,,
ZP0108 CHEJU,,Zanzibar,,,
ZP0249 CHOKOCHO,,Zanzibar,,,
ZP0009 CHUMBUNI,,Zanzibar,,,
ZP0207 CHWAKA PEMBA,,Zanzibar,,,
"ZP0309 COSMOS PRE ,PRIMARY SCHOOL",,Zanzibar,,,
ZP0503 DAWLAT ISLAMIC SCHOOL,,Zanzibar,,,
ZP0038 DIMANI,,Zanzibar,,,
ZP0550 DKT SAMIA SULUHU HASSAN,,Zanzibar,,,
ZP0132 DONGE KARANGE,,Zanzibar,,,
ZP0158 DUNGA KIEMBENI,,Zanzibar,,,
ZP0405 EDUCATION PLUS ACADEMY,,Zanzibar,,,
ZP0273 FANTASTIC MEMORIAL ACADEMY,,Zanzibar,,,
ZP0304 FEZA,,Zanzibar,,,
ZP0316 FLORA,,Zanzibar,,,
ZP0119 FUJONI,,Zanzibar,,,
ZP0027 FUONI 'A',,Zanzibar,,,
ZP0226 FURAHA,,Zanzibar,,,
ZP0171 GANDO,,Zanzibar,,,
ZP0402 GREAT VISION SCHOOL,,Zanzibar,,,
ZP0210 HAROUN PEMBA,,Zanzibar,,,
ZP0374 HIFADHI,,Zanzibar,,,
ZP0501 HIGH VISION NURSERY AND PRIMARY SCHOOL,,Zanzibar,,,
ZP0444 HIGHLIGHT SCHOOL,,Zanzibar,,,
ZP0485 HUSSEIN ACADEMY,,Zanzibar,,,
ZP0417 IJTIHAD NNISAI,,Zanzibar,,,
ZP0438 INTELLIGENT KIDS ACADEMY,,Zanzibar,,,
ZP0391 ISTIQAMA NURSERY AND PRIMARY SCHOOL,,Zanzibar,,,
ZP0182 JADIDA,,Zanzibar,,,
ZP0159 JAMBIANI,,Zanzibar,,,
ZP0187 JOJO MSINGI,,Zanzibar,,,
ZP0149 JUMBI,,Zanzibar,,,
ZP0006 KAJIFICHENI,,Zanzibar,,,
ZP0176 KANGAGANI,,Zanzibar,,,
ZP0271 KARIBU SCHOOL,,Zanzibar,,,
ZP0535 KEY RAYS ACADEMY,,Zanzibar,,,
ZP0063 KIBENI MSINGI,,Zanzibar,,,
ZP0125 KIBUTENI,,Zanzibar,,,
ZP0476 KICHUWANI PRIMARY,,Zanzibar,,,
ZP0110 KIDIMNI,,Zanzibar,,,
ZP0031 KIEMBE SAMAKI 'A',,Zanzibar,,,
ZP0064 KIGUNDA,,Zanzibar,,,
ZP0058 KIJINI,,Zanzibar,,,
ZP0152 KIJUMBANI,,Zanzibar,,,
ZP0016 KILIMAHEWA 'A',,Zanzibar,,,
ZP0220 KILINDI PEMBA,,Zanzibar,,,
ZP0134 KINDUNI,,Zanzibar,,,
ZP0464 KINUNI MSINGI 'B',,Zanzibar,,,
ZP0450 KIOMBAMVUA,,Zanzibar,,,
ZP0607 KISAKASAKA MAANDALIZI NA MSINGI,,Zanzibar,,,
ZP0242 KISIWAPANZA,,Zanzibar,,,
ZP0130 KITOPE,,Zanzibar,,,
ZP0491 KIVOYOYO MAANDALIZI NA MSINGI,,Zanzibar,,,
ZP0079 KIYONGWE,,Zanzibar,,,
ZP0126 KIZIMKAZI DIMBANI,,Zanzibar,,,
ZP0146 KOJANI,,Zanzibar,,,
ZP0193 KONDE 'A',,Zanzibar,,,
ZP0161 KUSINI,,Zanzibar,,,
ZP0508 KWARARA MSINGI,,Zanzibar,,,
ZP0022 LANGONI,,Zanzibar,,,
ZP0466 LEERA SCHOOL,,Zanzibar,,,
ZP0150 M/TAKAO,,Zanzibar,,,
ZP0151 MABATINI,,Zanzibar,,,
ZP0547 MADRASAT NASRIL-ISLAMIYA,,Zanzibar,,,
ZP0356 MADRASATUL-AHBAAB,,Zanzibar,,,
ZP0500 MAFUNZO NURSERY AND PRIMARY SCHOOL,,Zanzibar,,,
ZP0312 MAHAD ISTIQAMA,,Zanzibar,,,
ZP0020 MAKADARA,,Zanzibar,,,
ZP0250 MAKOMBENI,,Zanzibar,,,
ZP0510 MAMA AFRICA,,Zanzibar,,,
ZP0133 MANGAPWANI,,Zanzibar,,,
ZP0055 MATEMWE MSINGI,,Zanzibar,,,
ZP0169 MAZIWANG'OMBE,,Zanzibar,,,
ZP0071 MBUYUTENDE,,Zanzibar,,,
ZP0174 MCHANGA MDOGO,,Zanzibar,,,
ZP0319 MEMON ACADEMY,,Zanzibar,,,
ZP0082 MGAMBO,,Zanzibar,,,
ZP0165 MGOGONI,,Zanzibar,,,
ZP0217 MICHAKAINI 'B',,Zanzibar,,,
ZP0468 MICHEWENI 'A',,Zanzibar,,,
ZP0419 MINAZINI,,Zanzibar,,,
ZP0180 MITIULAYA,,Zanzibar,,,
ZP0248 MIZINGANI,,Zanzibar,,,
ZP0191 MJINI KIUYU,,Zanzibar,,,
ZP0239 MKANYAGENI,,Zanzibar,,,
ZP0106 MKOKOTONI,,Zanzibar,,,
ZP0473 MKWAJUNI MSINGI 'B',,Zanzibar,,,
ZP0307 MNARANI,,Zanzibar,,,
ZP0264 MOUNTAIN OF HILL INTERNATIONAL,,Zanzibar,,,
ZP0247 MTANGANI,,Zanzibar,,,
ZP0044 MTONI KIDATU,,Zanzibar,,,
ZP0035 MTOPEPO 'B',,Zanzibar,,,
ZP0621 MUNAA 'A' MIEMBENI NURSERY AND PRIMARY SCHOOL,,Zanzibar,,,
ZP0012 MUUNGANO,,Zanzibar,,,
ZP0069 MWACHEALALE,,Zanzibar,,,
ZP0122 MWANDA,,Zanzibar,,,
ZP0050 MWENGE,,Zanzibar,,,
ZP0185 NDAGONI,,Zanzibar,,,
ZP0507 NELKEN SCHOOL,,Zanzibar,,,
ZP0600 NEW-LIGHT ACADEMY,,Zanzibar,,,
ZP0240 NG'OMBENI 'A',,Zanzibar,,,
ZP0246 NGWACHANI,,Zanzibar,,,
ZP0049 NUNGWI,,Zanzibar,,,
ZP0018 NYERERE,,Zanzibar,,,
ZP0056 P/MCHANGANI,,Zanzibar,,,
ZP0087 PALE MSINGI,,Zanzibar,,,
ZP0232 PEMBENI,,Zanzibar,,,
ZP0328 PHILTER FEDERAL,,Zanzibar,,,
ZP0227 PONDEANI,,Zanzibar,,,
ZP0494 POPULAR ACADEMY,,Zanzibar,,,
ZP0223 PUJINI,,Zanzibar,,,
ZP0426 RAS-ISLAND ELEGANT SCHOOL,,Zanzibar,,,
ZP0046 REGEZAMWENDO,,Zanzibar,,,
ZP0334 RUHA NURSERY AND PRIMARY SHOOL,,Zanzibar,,,
ZP0513 SAHABA MODERN SCHOOL,,Zanzibar,,,
ZP0590 SALVATION NURSERY AND PRIMARY SCHOOL,,Zanzibar,,,
ZP0470 SHARIF-MSA,,Zanzibar,,,
ZP0299 SHIDI,,Zanzibar,,,
ZP0351 SHUNGI,,Zanzibar,,,
ZP0118 SKULI YA MSINGI HAMID AMEIR,,Zanzibar,,,
ZP0265 SOMENI,,Zanzibar,,,
ZP0315 ST. MONICA,,Zanzibar,,,
ZP0302 STEP UP ACADEMY,,Zanzibar,,,
ZP0368 SUFA,,Zanzibar,,,
ZP0326 SUNNI MADRESSA,,Zanzibar,,,
ZP0571 SUPER STAR SCHOOL,,Zanzibar,,,
ZP0363 TAIFA PRIVATE SCHOOL,,Zanzibar,,,
ZP0281 TANZANIA GLOBAL ACADEMY,,Zanzibar,,,
ZP0255 TASINI,,Zanzibar,,,
ZP0454 THE BEST NURSERY AND PRIMARY SCHOOL,,Zanzibar,,,
ZP0324 THE EXCELLENT ACADEMY,,Zanzibar,,,
ZP0300 THE PALM ACADEMY,,Zanzibar,,,
ZP0493 TOPMOST ACADEMY,,Zanzibar,,,
ZP0380 TRUDE ADLER SCHOOL,,Zanzibar,,,
ZP0195 TUMBE,,Zanzibar,,,
ZP0111 TUNGUU,,Zanzibar,,,
ZP0103 UBAGO,,Zanzibar,,,
ZP0253 UKUTINI,,Zanzibar,,,
ZP0385 UNIQUE LEARNING 'B' BUBUBU,,Zanzibar,,,
ZP0081 UPENJA,,Zanzibar,,,
ZP0192 UVINJE,,Zanzibar,,,
ZP0141 UZINI,,Zanzibar,,,
ZP0219 VITONGOJI,,Zanzibar,,,
ZP0218 WAWI,,Zanzibar,,,
ZP0221 WESHA,,Zanzibar,,,
ZP0282 WILEY,,Zanzibar,,,
ZP0398 WINNERS SCHOOL ACADEMY,,Zanzibar,,,
ZP0392 YUSSUF ENGLISH MEDIA,,Zanzibar,,,
ZP0406 ZANZIBAR ADVENTIST ACADEMY,,Zanzibar,,,
ZP0381 ZINGWEZINGWE,,Zanzibar,,,
ABC CAPITAL PRIMARY SCHOOL,,Dar Es Salaam,Dar Es Salaam Cc,,
AFRICAN PRIMARY SCHOOL,,Dar Es Salaam,Dar Es Salaam Cc,,
AIR WING PRIMARY SCHOOL,,Dar Es Salaam,Dar Es Salaam Cc,,
AL-FURQAAN PRIMARY SCHOOL,,Dar Es Salaam,Dar Es Salaam Cc,,
AMANA PRIMARY SCHOOL,,Dar Es Salaam,Dar Es Salaam Cc,,
BANGULO PRIMARY SCHOOL,,Dar Es Salaam,Dar Es Salaam Cc,,
BLUE NILE PRIMARY SCHOOL,,Dar Es Salaam,Dar Es Salaam Cc,,
BOMBAMBILI PRIMARY SCHOOL,,Dar Es Salaam,Dar Es Salaam Cc,,
BRIGHT AFRICAN PRIMARY SCHOOL,,Dar Es Salaam,Dar Es Salaam Cc,,
BUGURUNI KISIWANI PRIMARY SCHOOL,,Dar Es Salaam,Dar Es Salaam Cc,,
BUGURUNI-VIZIWI PRIMARY SCHOOL,,Dar Es Salaam,Dar Es Salaam Cc,,
CHRISTTHEKING PRIMARY SCHOOL,,Dar Es Salaam,Dar Es Salaam Cc,,
DADDY PRIMARY SCHOOL,,Dar Es Salaam,Dar Es Salaam Cc,,
DR ELIMU PRIMARY SCHOOL,,Dar Es Salaam,Dar Es Salaam Cc,,
FORTUNE PRIMARY SCHOOL,,Dar Es Salaam,Dar Es Salaam Cc,,
FULL GOSPEL PRIMARY SCHOOL,,Dar Es Salaam,Dar Es Salaam Cc,,
GIFT PRIMARY SCHOOL,,Dar Es Salaam,Dar Es Salaam Cc,,
GOF PRIMARY SCHOOL,,Dar Es Salaam,Dar Es Salaam Cc,,
GONGO LA MBOTO JICA PRIMARY SCHOOL,,Dar Es Salaam,Dar Es Salaam Cc,,
HARGICO PRIMARY SCHOOL,,Dar Es Salaam,Dar Es Salaam Cc,,
HELLEN PRIMARY SCHOOL,,Dar Es Salaam,Dar Es Salaam Cc,,
HIGHLIGHT PRIMARY SCHOOL,,Dar Es Salaam,Dar Es Salaam Cc,,
IMANI ACADEMY CENTRE PRIMARY SCHOOL,,Dar Es Salaam,Dar Es Salaam Cc,,
KANANURA PRIMARY SCHOOL,,Dar Es Salaam,Dar Es Salaam Cc,,
KIBADENI PRIMARY SCHOOL,,Dar Es Salaam,Dar Es Salaam Cc,,
KIGILAGILA PRIMARY SCHOOL,,Dar Es Salaam,Dar Es Salaam Cc,,
KING DAVID (2019) PRIMARY SCHOOL,,Dar Es Salaam,Dar Es Salaam Cc,,
KINYEREZI ADVENTIST PRIMARY SCHOOL,,Dar Es Salaam,Dar Es Salaam Cc,,
KINYEREZI PRIMARY SCHOOL,,Dar Es Salaam,Dar Es Salaam Cc,,
KISUKURU PRIMARY SCHOOL,,Dar Es Salaam,Dar Es Salaam Cc,,
KIWALANI PRIMARY SCHOOL,,Dar Es Salaam,Dar Es Salaam Cc,,
KWILA PRIMARY SCHOOL,,Dar Es Salaam,Dar Es Salaam Cc,,
LILASIA PRIMARY SCHOOL,,Dar Es Salaam,Dar Es Salaam Cc,,
LUBAKAYA PRIMARY SCHOOL,,Dar Es Salaam,Dar Es Salaam Cc,,
LUSASARO PRIMARY SCHOOL,,Dar Es Salaam,Dar Es Salaam Cc,,
MAGOLE PRIMARY SCHOOL,,Dar Es Salaam,Dar Es Salaam Cc,,
MAJANI YA CHAI PRIMARY SCHOOL,,Dar Es Salaam,Dar Es Salaam Cc,,
MAJORITY PRIMARY SCHOOL,,Dar Es Salaam,Dar Es Salaam Cc,,
MARILYNN PRIMARY SCHOOL,,Dar Es Salaam,Dar Es Salaam Cc,,
MARY'S CAMP PRIMARY SCHOOL,,Dar Es Salaam,Dar Es Salaam Cc,,
MCHIKICHINI PRIMARY SCHOOL,,Dar Es Salaam,Dar Es Salaam Cc,,
MGIKUMBE PRIMARY SCHOOL,,Dar Es Salaam,Dar Es Salaam Cc,,
MISITU PRIMARY SCHOOL,,Dar Es Salaam,Dar Es Salaam Cc,,
MONGOLA NDEGE PRIMARY SCHOOL,,Dar Es Salaam,Dar Es Salaam Cc,,
MOUNT PLEASANT PRIMARY SCHOOL,,Dar Es Salaam,Dar Es Salaam Cc,,
MTENDENI PRIMARY SCHOOL,,Dar Es Salaam,Dar Es Salaam Cc,,
MUHIMBILI PRIMARY SCHOOL,,Dar Es Salaam,Dar Es Salaam Cc,,
MWALE PRIMARY SCHOOL,,Dar Es Salaam,Dar Es Salaam Cc,,
MWENYEHERI ANUARITE PRIMARY SCHOOL,,Dar Es Salaam,Dar Es Salaam Cc,,
NEWVIBE PRIMARY SCHOOL,,Dar Es Salaam,Dar Es Salaam Cc,,
NYAMATA PRIMARY SCHOOL,,Dar Es Salaam,Dar Es Salaam Cc,,
NYIWA PRIMARY SCHOOL,,Dar Es Salaam,Dar Es Salaam Cc,,
PUGU-KAJIUNGENI PRIMARY SCHOOL,,Dar Es Salaam,Dar Es Salaam Cc,,
QUEEN'S PRIMARY SCHOOL,,Dar Es Salaam,Dar Es Salaam Cc,,
ROSALIA PRIMARY SCHOOL,,Dar Es Salaam,Dar Es Salaam Cc,,
SAI PRIMARY SCHOOL,,Dar Es Salaam,Dar Es Salaam Cc,,
SEGEREA PRIMARY SCHOOL,,Dar Es Salaam,Dar Es Salaam Cc,,
ST SCHOLASTICA PRIMARY SCHOOL,,Dar Es Salaam,Dar Es Salaam Cc,,
ST. JOSEPH'SMILLENIUM PRIMARY SCHOOL,,Dar Es Salaam,Dar Es Salaam Cc,,
ST.JAMES PRIMARY SCHOOL,,Dar Es Salaam,Dar Es Salaam Cc,,
SUNNI MUSLIM JAMAAT PRIMARY SCHOOL,,Dar Es Salaam,Dar Es Salaam Cc,,
THUKAD PRIMARY SCHOOL,,Dar Es Salaam,Dar Es Salaam Cc,,
TRINITY KINGDOM PRIMARY SCHOOL,,Dar Es Salaam,Dar Es Salaam Cc,,
TUNGINI PRIMARY SCHOOL,,Dar Es Salaam,Dar Es Salaam Cc,,
UHURU-MCHANGANYIKO PRIMARY SCHOOL,,Dar Es Salaam,Dar Es Salaam Cc,,
UKONGA PRIMARY SCHOOL,,Dar Es Salaam,Dar Es Salaam Cc,,
UPENDO MONTESSORI PRIMARY SCHOOL,,Dar Es Salaam,Dar Es Salaam Cc,,
VICENT PRIMARY SCHOOL,,Dar Es Salaam,Dar Es Salaam Cc,,
VIWEGE PRIMARY SCHOOL,,Dar Es Salaam,Dar Es Salaam Cc,,
YANGE YANGE PRIMARY SCHOOL,,Dar Es Salaam,Dar Es Salaam Cc,,
YONGWE PRIMARY SCHOOL,,Dar Es Salaam,Dar Es Salaam Cc,,
ZAWADI PRIMARY SCHOOL,,Dar Es Salaam,Dar Es Salaam Cc,,
ZINGIZIWA PRIMARY SCHOOL,,Dar Es Salaam,Dar Es Salaam Cc,,
AHEEP PRIMARY SCHOOL,,Dar Es Salaam,Dar Es Salaam Cc,,
AL-FAROUQ PRIMARY SCHOOL,,Dar Es Salaam,Dar Es Salaam Cc,,
AL-MADRASA-TUS-ASAIFIYA-TUL--PRIMA PRIMARY SCHOOL,,Dar Es Salaam,Dar Es Salaam Cc,,
ANDREWS PRIMARY SCHOOL,,Dar Es Salaam,Dar Es Salaam Cc,,
BATIVALLEY PRIMARY SCHOOL,,Dar Es Salaam,Dar Es Salaam Cc,,
BLESSED HILL PRIMARY SCHOOL,,Dar Es Salaam,Dar Es Salaam Cc,,
BRI MINDS PRIMARY SCHOOL,,Dar Es Salaam,Dar Es Salaam Cc,,
BRIGHT CAPITAL PRIMARY SCHOOL,,Dar Es Salaam,Dar Es Salaam Cc,,
BUYUNI-II PRIMARY SCHOOL,,Dar Es Salaam,Dar Es Salaam Cc,,
CREST PRIMARY SCHOOL,,Dar Es Salaam,Dar Es Salaam Cc,,
DAR ES SALAAM BLUE SKY 'B' PRIMARY SCHOOL,,Dar Es Salaam,Dar Es Salaam Cc,,
ERMELINDA PRIMARY SCHOOL,,Dar Es Salaam,Dar Es Salaam Cc,,
FREEDOM AND VICTORY PRIMARY SCHOOL,,Dar Es Salaam,Dar Es Salaam Cc,,
GEREZANI PRIMARY SCHOOL,,Dar Es Salaam,Dar Es Salaam Cc,,
GISELA PRIMARY SCHOOL,,Dar Es Salaam,Dar Es Salaam Cc,,
GOLDEN HILL PRIMARY SCHOOL,,Dar Es Salaam,Dar Es Salaam Cc,,
GREENHILL PRIMARY SCHOOL,,Dar Es Salaam,Dar Es Salaam Cc,,
ILALA PRIMARY SCHOOL,,Dar Es Salaam,Dar Es Salaam Cc,,
JOPAM PRIMARY SCHOOL,,Dar Es Salaam,Dar Es Salaam Cc,,
KAMENE PRIMARY SCHOOL,,Dar Es Salaam,Dar Es Salaam Cc,,
KEREZANGE PRIMARY SCHOOL,,Dar Es Salaam,Dar Es Salaam Cc,,
KIBOGA PRIMARY SCHOOL,,Dar Es Salaam,Dar Es Salaam Cc,,
KIDS BRIDGE PRIMARY SCHOOL,,Dar Es Salaam,Dar Es Salaam Cc,,
KIGEZI PRIMARY SCHOOL,,Dar Es Salaam,Dar Es Salaam Cc,,
KIGOLU PRIMARY SCHOOL,,Dar Es Salaam,Dar Es Salaam Cc,,
KIMWANI PRIMARY SCHOOL,,Dar Es Salaam,Dar Es Salaam Cc,,
KINYAMWEZI MPYA PRIMARY SCHOOL,,Dar Es Salaam,Dar Es Salaam Cc,,
KINYEREZI JICA PRIMARY SCHOOL,,Dar Es Salaam,Dar Es Salaam Cc,,
KIPUNGUNI PRIMARY SCHOOL,,Dar Es Salaam,Dar Es Salaam Cc,,
KIVULE PRIMARY SCHOOL,,Dar Es Salaam,Dar Es Salaam Cc,,
LEDACTOM PRIMARY SCHOOL,,Dar Es Salaam,Dar Es Salaam Cc,,
LOVENESS JUNIOR SCHOOL PRIMARY SCHOOL,,Dar Es Salaam,Dar Es Salaam Cc,,
MACEDONIA PRIMARY SCHOOL,,Dar Es Salaam,Dar Es Salaam Cc,,
MAGHOROFANI PRIMARY SCHOOL,,Dar Es Salaam,Dar Es Salaam Cc,,
MAI PRIMARY SCHOOL,,Dar Es Salaam,Dar Es Salaam Cc,,
MAJOHE PRIMARY SCHOOL,,Dar Es Salaam,Dar Es Salaam Cc,,
MALEN PRIMARY SCHOOL,,Dar Es Salaam,Dar Es Salaam Cc,,
MARY MOTHER OF MERCY PRIMARY SCHOOL,,Dar Es Salaam,Dar Es Salaam Cc,,
MBONDOLE PRIMARY SCHOOL,,Dar Es Salaam,Dar Es Salaam Cc,,
MGEULE PRIMARY SCHOOL,,Dar Es Salaam,Dar Es Salaam Cc,,
MISEWE PRIMARY SCHOOL,,Dar Es Salaam,Dar Es Salaam Cc,,
MOGO PRIMARY SCHOOL,,Dar Es Salaam,Dar Es Salaam Cc,,
MOSHI FOUNTAIN PRIMARY SCHOOL,,Dar Es Salaam,Dar Es Salaam Cc,,
MOUNT ZION PRIMARY SCHOOL,,Dar Es Salaam,Dar Es Salaam Cc,,
MSONGOLA MPYA PRIMARY SCHOOL,,Dar Es Salaam,Dar Es Salaam Cc,,
MUHANGA PRIMARY SCHOOL,,Dar Es Salaam,Dar Es Salaam Cc,,
MVUTI PRIMARY SCHOOL,,Dar Es Salaam,Dar Es Salaam Cc,,
MZINGA B PRIMARY SCHOOL,,Dar Es Salaam,Dar Es Salaam Cc,,
NEW GENERATION PRIMARY SCHOOL,,Dar Es Salaam,Dar Es Salaam Cc,,
NURU ANGAVU PRIMARY SCHOOL,,Dar Es Salaam,Dar Es Salaam Cc,,
NYEBURU PRIMARY SCHOOL,,Dar Es Salaam,Dar Es Salaam Cc,,
OLYMPIO PRIMARY SCHOOL,,Dar Es Salaam,Dar Es Salaam Cc,,
PUGU BOMBANI PRIMARY SCHOOL,,Dar Es Salaam,Dar Es Salaam Cc,,
QIBLATAINEMPS PRIMARY SCHOOL,,Dar Es Salaam,Dar Es Salaam Cc,,
REMINANT PRIMARY SCHOOL,,Dar Es Salaam,Dar Es Salaam Cc,,
SABISA PRIMARY SCHOOL,,Dar Es Salaam,Dar Es Salaam Cc,,
SEGEREA ADVENTIST PRIMARY SCHOOL,,Dar Es Salaam,Dar Es Salaam Cc,,
ST JOSEPH BENEDICT COTTOLENGO PRIMARY SCHOOL,,Dar Es Salaam,Dar Es Salaam Cc,,
ST. AUGUSTINE'S PRIMARY SCHOOL,,Dar Es Salaam,Dar Es Salaam Cc,,
ST.COLUMBA'S PARISH PRIMARY SCHOOL,,Dar Es Salaam,Dar Es Salaam Cc,,
STMAXIMILIAN PRIMARY SCHOOL,,Dar Es Salaam,Dar Es Salaam Cc,,
TABATA PRIMARY SCHOOL,,Dar Es Salaam,Dar Es Salaam Cc,,
TIGOHANE PRIMARY SCHOOL,,Dar Es Salaam,Dar Es Salaam Cc,,
TUMAININKEREZANGE PRIMARY SCHOOL,,Dar Es Salaam,Dar Es Salaam Cc,,
UAMUZI PRIMARY SCHOOL,,Dar Es Salaam,Dar Es Salaam Cc,,
UKONGA JICA PRIMARY SCHOOL,,Dar Es Salaam,Dar Es Salaam Cc,,
ULONGONI PRIMARY SCHOOL,,Dar Es Salaam,Dar Es Salaam Cc,,
UPANGA PRIMARY SCHOOL,,Dar Es Salaam,Dar Es Salaam Cc,,
VINGUNGUTI PRIMARY SCHOOL,,Dar Es Salaam,Dar Es Salaam Cc,,
WINGA PRIMARY SCHOOL,,Dar Es Salaam,Dar Es Salaam Cc,,
ZABIKHA PRIMARY SCHOOL,,Dar Es Salaam,Dar Es Salaam Cc,,
ZAVALA PRIMARY SCHOOL,,Dar Es Salaam,Dar Es Salaam Cc,,
ZIMBILI PRIMARY SCHOOL,,Dar Es Salaam,Dar Es Salaam Cc,,
ACCT PRIMARY SCHOOL,,Dar Es Salaam,Dar Es Salaam Cc,,
AGNES MICHAEL PRIMARY SCHOOL,,Dar Es Salaam,Dar Es Salaam Cc,,
AL-BAYAAN PRIMARY SCHOOL,,Dar Es Salaam,Dar Es Salaam Cc,,
AL-HILAL PRIMARY SCHOOL,,Dar Es Salaam,Dar Es Salaam Cc,,
BIN' OMUKAMA PRIMARY SCHOOL,,Dar Es Salaam,Dar Es Salaam Cc,,
BOANERGES PRIMARY SCHOOL,,Dar Es Salaam,Dar Es Salaam Cc,,
BONYOKWA PRIMARY SCHOOL,,Dar Es Salaam,Dar Es Salaam Cc,,
BUGURUNI MOTO MPYA PRIMARY SCHOOL,,Dar Es Salaam,Dar Es Salaam Cc,,
BUNGE PRIMARY SCHOOL,,Dar Es Salaam,Dar Es Salaam Cc,,
CACEJES PRIMARY SCHOOL,,Dar Es Salaam,Dar Es Salaam Cc,,
CLICK PRIMARY SCHOOL,,Dar Es Salaam,Dar Es Salaam Cc,,
DAILY LIFE PRIMARY SCHOOL,,Dar Es Salaam,Dar Es Salaam Cc,,
DECENT PRIMARY SCHOOL,,Dar Es Salaam,Dar Es Salaam Cc,,
EGALITARIAN PRIMARY SCHOOL,,Dar Es Salaam,Dar Es Salaam Cc,,
FOUNTAIN GATE ACADEMY PRIMARY SCHOOL,,Dar Es Salaam,Dar Es Salaam Cc,,
GENIUS KINGS' PRIMARY SCHOOL,,Dar Es Salaam,Dar Es Salaam Cc,,
GISELA JUNIOR PRIMARY SCHOOL,,Dar Es Salaam,Dar Es Salaam Cc,,
GOGO PRIMARY SCHOOL,,Dar Es Salaam,Dar Es Salaam Cc,,
GONGOLAMBOTO JESHINI PRIMARY SCHOOL,,Dar Es Salaam,Dar Es Salaam Cc,,
HAVARD PRIMARY SCHOOL,,Dar Es Salaam,Dar Es Salaam Cc,,
HERITAGE PRIMARY SCHOOL,,Dar Es Salaam,Dar Es Salaam Cc,,
HIGHMOUNT PRIMARY SCHOOL,,Dar Es Salaam,Dar Es Salaam Cc,,
ILALA ISLAMIC PRIMARY SCHOOL,,Dar Es Salaam,Dar Es Salaam Cc,,
KABBY PRIMARY SCHOOL,,Dar Es Salaam,Dar Es Salaam Cc,,
KARAKATA PRIMARY SCHOOL,,Dar Es Salaam,Dar Es Salaam Cc,,
KIBAGA PRIMARY SCHOOL,,Dar Es Salaam,Dar Es Salaam Cc,,
KIDOLE PRIMARY SCHOOL,,Dar Es Salaam,Dar Es Salaam Cc,,
KIGOGO FRESH PRIMARY SCHOOL,,Dar Es Salaam,Dar Es Salaam Cc,,
KIMANGA PRIMARY SCHOOL,,Dar Es Salaam,Dar Es Salaam Cc,,
KINGDOM HERITAGE PRIMARY SCHOOL,,Dar Es Salaam,Dar Es Salaam Cc,,
KINYEREZI ISLAMIC PRIMARY SCHOOL,,Dar Es Salaam,Dar Es Salaam Cc,,
KIPAWA LIBERMANN PRIMARY SCHOOL,,Dar Es Salaam,Dar Es Salaam Cc,,
KISUTU PRIMARY SCHOOL,,Dar Es Salaam,Dar Es Salaam Cc,,
KIVULE ANNEX PRIMARY SCHOOL,,Dar Es Salaam,Dar Es Salaam Cc,,
KIYOMBO PRIMARY SCHOOL,,Dar Es Salaam,Dar Es Salaam Cc,,
LAWRENCE CITIZENS PRIMARY SCHOOL,,Dar Es Salaam,Dar Es Salaam Cc,,
LIWITI PRIMARY SCHOOL,,Dar Es Salaam,Dar Es Salaam Cc,,
LUKOONI PRIMARY SCHOOL,,Dar Es Salaam,Dar Es Salaam Cc,,
MAARIFA PRIMARY SCHOOL,,Dar Es Salaam,Dar Es Salaam Cc,,
MAFANIKIO PRIMARY SCHOOL,,Dar Es Salaam,Dar Es Salaam Cc,,
MAJMAAL BAHRAIN PRIMARY SCHOOL,,Dar Es Salaam,Dar Es Salaam Cc,,
MAKTABA PRIMARY SCHOOL,,Dar Es Salaam,Dar Es Salaam Cc,,
MARKAZISLAMIC PRIMARY SCHOOL,,Dar Es Salaam,Dar Es Salaam Cc,,
MASAKA PRIMARY SCHOOL,,Dar Es Salaam,Dar Es Salaam Cc,,
MEMON PRIMARY SCHOOL,,Dar Es Salaam,Dar Es Salaam Cc,,
MICHAEL MAUSA PRIMARY SCHOOL,,Dar Es Salaam,Dar Es Salaam Cc,,
MINAZI MIREFU PRIMARY SCHOOL,,Dar Es Salaam,Dar Es Salaam Cc,,
MISSIONKITUNDA PRIMARY SCHOOL,,Dar Es Salaam,Dar Es Salaam Cc,,
MNAZI-MMOJA PRIMARY SCHOOL,,Dar Es Salaam,Dar Es Salaam Cc,,
MONTESSORI MSIMBAZI PRIMARY SCHOOL,,Dar Es Salaam,Dar Es Salaam Cc,,
MOUNT THOMAS PRIMARY SCHOOL,,Dar Es Salaam,Dar Es Salaam Cc,,
MSIMBAZI-MSETO PRIMARY SCHOOL,,Dar Es Salaam,Dar Es Salaam Cc,,
MTUKI HIGHLAND PRIMARY SCHOOL,,Dar Es Salaam,Dar Es Salaam Cc,,
MWANAGATI PRIMARY SCHOOL,,Dar Es Salaam,Dar Es Salaam Cc,,
NGOLOKA PRIMARY SCHOOL,,Dar Es Salaam,Dar Es Salaam Cc,,
NYANTIRA MENNONITE PRIMARY SCHOOL,,Dar Es Salaam,Dar Es Salaam Cc,,
NZASA PRIMARY SCHOOL,,Dar Es Salaam,Dar Es Salaam Cc,,
PATMO JUNIOR PRIMARY SCHOOL,,Dar Es Salaam,Dar Es Salaam Cc,,
PUGU-STATION PRIMARY SCHOOL,,Dar Es Salaam,Dar Es Salaam Cc,,
REAL HOPE VISION PRIMARY SCHOOL,,Dar Es Salaam,Dar Es Salaam Cc,,
RUGWA PRIMARY SCHOOL,,Dar Es Salaam,Dar Es Salaam Cc,,
SAKILIGHT PRIMARY SCHOOL,,Dar Es Salaam,Dar Es Salaam Cc,,
SERENGETI PRIMARY SCHOOL,,Dar Es Salaam,Dar Es Salaam Cc,,
ST THERESE OF LISIEUX PRIMARY SCHOOL,,Dar Es Salaam,Dar Es Salaam Cc,,
ST.ANTHONY OF PADUA PRIMARY SCHOOL,,Dar Es Salaam,Dar Es Salaam Cc,,
ST-MARY'S-INT-ACADPRYMARY PRIMARY SCHOOL,,Dar Es Salaam,Dar Es Salaam Cc,,
TABATA JICA PRIMARY SCHOOL,,Dar Es Salaam,Dar Es Salaam Cc,,
TICHTECK PRIMARY SCHOOL,,Dar Es Salaam,Dar Es Salaam Cc,,
TUSIIME PRIMARY SCHOOL,,Dar Es Salaam,Dar Es Salaam Cc,,
UHURU-WASICHANA PRIMARY SCHOOL,,Dar Es Salaam,Dar Es Salaam Cc,,
ULONGONI 'A' PRIMARY SCHOOL,,Dar Es Salaam,Dar Es Salaam Cc,,
UMOJA WA MATAIFA PRIMARY SCHOOL,,Dar Es Salaam,Dar Es Salaam Cc,,
URSULINE PRIMARY SCHOOL,,Dar Es Salaam,Dar Es Salaam Cc,,
VIKONGORO PRIMARY SCHOOL,,Dar Es Salaam,Dar Es Salaam Cc,,
WEST DAR ES SALAAM PRIMARY SCHOOL,,Dar Es Salaam,Dar Es Salaam Cc,,
YELLOW STONE PRIMARY SCHOOL,,Dar Es Salaam,Dar Es Salaam Cc,,
YOUNG ANGELS PRIMARY SCHOOL,,Dar Es Salaam,Dar Es Salaam Cc,,
ZANAKI VISION PRIMARY SCHOOL,,Dar Es Salaam,Dar Es Salaam Cc,,
ZEDI PRIMARY SCHOOL,,Dar Es Salaam,Dar Es Salaam Cc,,
BUYUNI I PRIMARY SCHOOL,,Dar Es Salaam,Kigamboni Mc,,
CROWN PRIMARY SCHOOL,,Dar Es Salaam,Kigamboni Mc,,
DOLPHIN PRIMARY SCHOOL,,Dar Es Salaam,Kigamboni Mc,,
EXCEL PRIMARY SCHOOL,,Dar Es Salaam,Kigamboni Mc,,
GRACARLS PRIMARY SCHOOL,,Dar Es Salaam,Kigamboni Mc,,
HANNAH BENNIE PRIMARY SCHOOL,,Dar Es Salaam,Kigamboni Mc,,
IVY FIRST PRIMARY SCHOOL,,Dar Es Salaam,Kigamboni Mc,,
KIBADA PRIMARY SCHOOL,,Dar Es Salaam,Kigamboni Mc,,
KIGOGO PRIMARY SCHOOL,,Dar Es Salaam,Kigamboni Mc,,
KISARAWE II PRIMARY SCHOOL,,Dar Es Salaam,Kigamboni Mc,,
MBUTU PRIMARY SCHOOL,,Dar Es Salaam,Kigamboni Mc,,
MIZIMBINI PRIMARY SCHOOL,,Dar Es Salaam,Kigamboni Mc,,
OMAYA PRIMARY SCHOOL,,Dar Es Salaam,Kigamboni Mc,,
RAHMAN PRIMARY SCHOOL,,Dar Es Salaam,Kigamboni Mc,,
SANTA LUKAS PRIMARY SCHOOL,,Dar Es Salaam,Kigamboni Mc,,
SKY KIGAMBONI PRIMARY SCHOOL,,Dar Es Salaam,Kigamboni Mc,,
TUNDWI SONGANI PRIMARY SCHOOL,,Dar Es Salaam,Kigamboni Mc,,
UNGINDONI PRIMARY SCHOOL,,Dar Es Salaam,Kigamboni Mc,,
YALEYALE PUNA PRIMARY SCHOOL,,Dar Es Salaam,Kigamboni Mc,,
AMKA PRIMARY SCHOOL,,Dar Es Salaam,Kigamboni Mc,,
BRISBANE PRIMARY SCHOOL,,Dar Es Salaam,Kigamboni Mc,,
CHEKENI MWASONGA PRIMARY SCHOOL,,Dar Es Salaam,Kigamboni Mc,,
EKISHA PRIMARY SCHOOL,,Dar Es Salaam,Kigamboni Mc,,
GOMVU PRIMARY SCHOOL,,Dar Es Salaam,Kigamboni Mc,,
HOLLINESS PRIMARY SCHOOL,,Dar Es Salaam,Kigamboni Mc,,
KIBUGUMO PRIMARY SCHOOL,,Dar Es Salaam,Kigamboni Mc,,
KIMBIJI PRIMARY SCHOOL,,Dar Es Salaam,Kigamboni Mc,,
MIKENGE PRIMARY SCHOOL,,Dar Es Salaam,Kigamboni Mc,,
RAHALEO PRIMARY SCHOOL,,Dar Es Salaam,Kigamboni Mc,,
RUPIA PRIMARY SCHOOL,,Dar Es Salaam,Kigamboni Mc,,
SHAKUR PRIMARY SCHOOL,,Dar Es Salaam,Kigamboni Mc,,
TAWHEED ISLAMIC PRIMARY SCHOOL,,Dar Es Salaam,Kigamboni Mc,,
UFUKONI PRIMARY SCHOOL,,Dar Es Salaam,Kigamboni Mc,,
VUMILIA UKOONI PRIMARY SCHOOL,,Dar Es Salaam,Kigamboni Mc,,
ALGEBRA ISLAMIC PRIMARY SCHOOL,,Dar Es Salaam,Kigamboni Mc,,
CAPACITY BUILDING PRIMARY SCHOOL,,Dar Es Salaam,Kigamboni Mc,,
DAARUL-ARQAM PRIMARY SCHOOL,,Dar Es Salaam,Kigamboni Mc,,
DREAM LAND PRIMARY SCHOOL,,Dar Es Salaam,Kigamboni Mc,,
FRAY LUIS AMIGO PRIMARY SCHOOL,,Dar Es Salaam,Kigamboni Mc,,
GOLDLAND PRIMARY SCHOOL,,Dar Es Salaam,Kigamboni Mc,,
GRACE PRIMARY SCHOOL,,Dar Es Salaam,Kigamboni Mc,,
HERI FANAKA PRIMARY SCHOOL,,Dar Es Salaam,Kigamboni Mc,,
JANATU ISLAMIC PRIMARY SCHOOL,,Dar Es Salaam,Kigamboni Mc,,
KIBUGUMO ISLAMIC PRIMARY SCHOOL,,Dar Es Salaam,Kigamboni Mc,,
KIGAMBONI ISLAMIC PRIMARY SCHOOL,,Dar Es Salaam,Kigamboni Mc,,
KIJAKA PRIMARY SCHOOL,,Dar Es Salaam,Kigamboni Mc,,
MALAIKA PRIMARY SCHOOL,,Dar Es Salaam,Kigamboni Mc,,
MUHIMBILI II PRIMARY SCHOOL,,Dar Es Salaam,Kigamboni Mc,,
PEMBA MNAZI PRIMARY SCHOOL,,Dar Es Salaam,Kigamboni Mc,,
RAINBOW CHRISTIAN JUNIOR PRIMARY SCHOOL,,Dar Es Salaam,Kigamboni Mc,,
SARANGA PRIMARY SCHOOL,,Dar Es Salaam,Kigamboni Mc,,
ST JOSEPH THE WORKER PRIMARY SCHOOL,,Dar Es Salaam,Kigamboni Mc,,
VIJIBWENI PRIMARY SCHOOL,,Dar Es Salaam,Kigamboni Mc,,
ABEL MEMORIAL PRIMARY SCHOOL,,Dar Es Salaam,Kinondoni Mc,,
ALLY HAPI PRIMARY SCHOOL,,Dar Es Salaam,Kinondoni Mc,,
ASSUMPTER DIGITAL PRIMARY SCHOOL,,Dar Es Salaam,Kinondoni Mc,,
BAJEVIRO PRIMARY SCHOOL,,Dar Es Salaam,Kinondoni Mc,,
BOKO PRIMARY SCHOOL,,Dar Es Salaam,Kinondoni Mc,,
BRIGHT HOPE PRIMARY SCHOOL,,Dar Es Salaam,Kinondoni Mc,,
BUNJU MKOANI PRIMARY SCHOOL,,Dar Es Salaam,Kinondoni Mc,,
CHANGANYIKENI PRIMARY SCHOOL,,Dar Es Salaam,Kinondoni Mc,,
DE PAUL PRIMARY SCHOOL,,Dar Es Salaam,Kinondoni Mc,,
DRIVE IN PRIMARY SCHOOL,,Dar Es Salaam,Kinondoni Mc,,
ELESIA CHRISTABEL PRIMARY SCHOOL,,Dar Es Salaam,Kinondoni Mc,,
FAITH PRIMARY SCHOOL,,Dar Es Salaam,Kinondoni Mc,,
GILMAN RUTIHINDA PRIMARY SCHOOL,,Dar Es Salaam,Kinondoni Mc,,
GONZAGA PRIMARY SCHOOL,,Dar Es Salaam,Kinondoni Mc,,
KAWE B PRIMARY SCHOOL,,Dar Es Salaam,Kinondoni Mc,,
KHERI MISSINGA PRIMARY SCHOOL,,Dar Es Salaam,Kinondoni Mc,,
KIJITONYAMA KISIWANI PRIMARY SCHOOL,,Dar Es Salaam,Kinondoni Mc,,
KIUMBAGENI PRIMARY SCHOOL,,Dar Es Salaam,Kinondoni Mc,,
KWANZA PRIMARY SCHOOL,,Dar Es Salaam,Kinondoni Mc,,
LIBERMANN VIZIWI PRIMARY SCHOOL,,Dar Es Salaam,Kinondoni Mc,,
LOCEE PRIMARY SCHOOL,,Dar Es Salaam,Kinondoni Mc,,
LYCEUM PRIMARY SCHOOL,,Dar Es Salaam,Kinondoni Mc,,
MAKINI PRIMARY SCHOOL,,Dar Es Salaam,Kinondoni Mc,,
MBEZI BEACH PRIMARY SCHOOL,,Dar Es Salaam,Kinondoni Mc,,
MIKOCHENI ISLAMIC PRIMARY SCHOOL,,Dar Es Salaam,Kinondoni Mc,,
MILESTONES PRIMARY SCHOOL,,Dar Es Salaam,Kinondoni Mc,,
MKWAWA PRIMARY SCHOOL,,Dar Es Salaam,Kinondoni Mc,,
MOUNT EVEREST PRIMARY SCHOOL,,Dar Es Salaam,Kinondoni Mc,,
MSASANI B PRIMARY SCHOOL,,Dar Es Salaam,Kinondoni Mc,,
MSISIRI B PRIMARY SCHOOL,,Dar Es Salaam,Kinondoni Mc,,
MTAMBANI ISLAMIC PRIMARY SCHOOL,,Dar Es Salaam,Kinondoni Mc,,
MWALIMU JULIUS KAMBARAGE NYERERE PRIMARY SCHOOL,,Dar Es Salaam,Kinondoni Mc,,
NDUGUMBI PRIMARY SCHOOL,,Dar Es Salaam,Kinondoni Mc,,
NURU NJEMA PRIMARY SCHOOL,,Dar Es Salaam,Kinondoni Mc,,
PENUEL MWANZO PRIMARY SCHOOL,,Dar Es Salaam,Kinondoni Mc,,
PRINCES GATE PRIMARY SCHOOL,,Dar Es Salaam,Kinondoni Mc,,
REV. FR. JACQUES VAN GINNIKEN PRIMARY SCHOOL,,Dar Es Salaam,Kinondoni Mc,,
ROYAL ELITE PRIMARY SCHOOL,,Dar Es Salaam,Kinondoni Mc,,
SHEKILANGO PRIMARY SCHOOL,,Dar Es Salaam,Kinondoni Mc,,
SKY PRIMARY SCHOOL,,Dar Es Salaam,Kinondoni Mc,,
ST. FLORENCE ACADEMY PRIMARY SCHOOL,,Dar Es Salaam,Kinondoni Mc,,
ST. THOMAS PRIMARY SCHOOL,,Dar Es Salaam,Kinondoni Mc,,
SUNRAY PRIMARY SCHOOL,,Dar Es Salaam,Kinondoni Mc,,
TANDALE PRIMARY SCHOOL,,Dar Es Salaam,Kinondoni Mc,,
TRINITY PRIMARY SCHOOL,,Dar Es Salaam,Kinondoni Mc,,
UKWAMANI PRIMARY SCHOOL,,Dar Es Salaam,Kinondoni Mc,,
UWATA MADALE PRIMARY SCHOOL,,Dar Es Salaam,Kinondoni Mc,,
WAZO HILL PRIMARY SCHOOL,,Dar Es Salaam,Kinondoni Mc,,
ALI HASSAN MWINYI PRIMARY SCHOOL,,Dar Es Salaam,Kinondoni Mc,,
ANSWAAR PRIMARY SCHOOL,,Dar Es Salaam,Kinondoni Mc,,
BAHARI PRIMARY SCHOOL,,Dar Es Salaam,Kinondoni Mc,,
BOKO NHC PRIMARY SCHOOL,,Dar Es Salaam,Kinondoni Mc,,
BRAIN YIELD PRIMARY SCHOOL,,Dar Es Salaam,Kinondoni Mc,,
BUNJU B PRIMARY SCHOOL,,Dar Es Salaam,Kinondoni Mc,,
DEEP SEA PRIMARY SCHOOL,,Dar Es Salaam,Kinondoni Mc,,
EDUCATION PLUS PRIMARY SCHOOL,,Dar Es Salaam,Kinondoni Mc,,
ERASTUS PRIMARY SCHOOL,,Dar Es Salaam,Kinondoni Mc,,
FEZA SHAMSIYE PRIMARY SCHOOL,,Dar Es Salaam,Kinondoni Mc,,
GODEN PRIMARY SCHOOL,,Dar Es Salaam,Kinondoni Mc,,
GOSHENI PRIMARY SCHOOL,,Dar Es Salaam,Kinondoni Mc,,
HAZINA PRIMARY SCHOOL,,Dar Es Salaam,Kinondoni Mc,,
JANGWANI BEACH PRIMARY SCHOOL,,Dar Es Salaam,Kinondoni Mc,,
KELAND PRIMARY SCHOOL,,Dar Es Salaam,Kinondoni Mc,,
KIHONZILE PRIMARY SCHOOL,,Dar Es Salaam,Kinondoni Mc,,
KISAUKE PRIMARY SCHOOL,,Dar Es Salaam,Kinondoni Mc,,
KUNDUCHI PRIMARY SCHOOL,,Dar Es Salaam,Kinondoni Mc,,
LIBERMANN PRIMARY SCHOOL,,Dar Es Salaam,Kinondoni Mc,,
LIVINGSTONE PRIMARY SCHOOL,,Dar Es Salaam,Kinondoni Mc,,
LUGALO PRIMARY SCHOOL,,Dar Es Salaam,Kinondoni Mc,,
MABWEPANDE PRIMARY SCHOOL,,Dar Es Salaam,Kinondoni Mc,,
MBEZI JUU PRIMARY SCHOOL,,Dar Es Salaam,Kinondoni Mc,,
MBOPO PRIMARY SCHOOL,,Dar Es Salaam,Kinondoni Mc,,
MIKUMI PRIMARY SCHOOL,,Dar Es Salaam,Kinondoni Mc,,
MIRAMBO PRIMARY SCHOOL,,Dar Es Salaam,Kinondoni Mc,,
MKUNGUNI PRIMARY SCHOOL,,Dar Es Salaam,Kinondoni Mc,,
MOTHER OF MERCY PRIMARY SCHOOL,,Dar Es Salaam,Kinondoni Mc,,
MWANANYAMALA KISIWANI PRIMARY SCHOOL,,Dar Es Salaam,Kinondoni Mc,,
MWL. NYERERE PRIMARY SCHOOL,,Dar Es Salaam,Kinondoni Mc,,
NAKASANGWE PRIMARY SCHOOL,,Dar Es Salaam,Kinondoni Mc,,
NEW HAZINA PRIMARY SCHOOL,,Dar Es Salaam,Kinondoni Mc,,
NURUNJEMA HALISI PRIMARY SCHOOL,,Dar Es Salaam,Kinondoni Mc,,
PENINSULA PRIMARY SCHOOL,,Dar Es Salaam,Kinondoni Mc,,
PRESTIGE PRIMARY SCHOOL,,Dar Es Salaam,Kinondoni Mc,,
REDAVE PRIMARY SCHOOL,,Dar Es Salaam,Kinondoni Mc,,
RIVERSTONE PRIMARY SCHOOL,,Dar Es Salaam,Kinondoni Mc,,
SHEIKHAT HISSA PRIMARY SCHOOL,,Dar Es Salaam,Kinondoni Mc,,
SIYA MODERN PRIMARY SCHOOL,,Dar Es Salaam,Kinondoni Mc,,
ST. COLUMBAS PRIMARY SCHOOL,,Dar Es Salaam,Kinondoni Mc,,
ST. MARY MBEZI BEACH PRIMARY SCHOOL,,Dar Es Salaam,Kinondoni Mc,,
TANDALE MAGHARIBI PRIMARY SCHOOL,,Dar Es Salaam,Kinondoni Mc,,
TEJ PRIMARY SCHOOL,,Dar Es Salaam,Kinondoni Mc,,
TWIGA PRIMARY SCHOOL,,Dar Es Salaam,Kinondoni Mc,,
ALI HASSAN MWINYI ELITE PRIMARY SCHOOL,,Dar Es Salaam,Kinondoni Mc,,
ALPHA PRIMARY SCHOOL,,Dar Es Salaam,Kinondoni Mc,,
ATLAS MADALE PRIMARY SCHOOL,,Dar Es Salaam,Kinondoni Mc,,
BENACO PRIMARY SCHOOL,,Dar Es Salaam,Kinondoni Mc,,
BONGOYO PRIMARY SCHOOL,,Dar Es Salaam,Kinondoni Mc,,
BUNJU A PRIMARY SCHOOL,,Dar Es Salaam,Kinondoni Mc,,
C.W KISARO PRIMARY SCHOOL,,Dar Es Salaam,Kinondoni Mc,,
CITY PRIMARY SCHOOL,,Dar Es Salaam,Kinondoni Mc,,
DEBUGENE PRIMARY SCHOOL,,Dar Es Salaam,Kinondoni Mc,,
EAST AFRICA PRIMARY SCHOOL,,Dar Es Salaam,Kinondoni Mc,,
ELITE DIGNITY PRIMARY SCHOOL,,Dar Es Salaam,Kinondoni Mc,,
FEZA PRIMARY SCHOOL,,Dar Es Salaam,Kinondoni Mc,,
GLOBAL PRIMARY SCHOOL,,Dar Es Salaam,Kinondoni Mc,,
GOOD SAMARITAN PRIMARY SCHOOL,,Dar Es Salaam,Kinondoni Mc,,
HANANASIF PRIMARY SCHOOL,,Dar Es Salaam,Kinondoni Mc,,
HOPE AND JOY PRIMARY SCHOOL,,Dar Es Salaam,Kinondoni Mc,,
KAWE PRIMARY SCHOOL,,Dar Es Salaam,Kinondoni Mc,,
KILIMAHEWA JUU PRIMARY SCHOOL,,Dar Es Salaam,Kinondoni Mc,,
KINONDONI PRIMARY SCHOOL,,Dar Es Salaam,Kinondoni Mc,,
KUMBUKUMBU PRIMARY SCHOOL,,Dar Es Salaam,Kinondoni Mc,,
LACHISH PRIMARY SCHOOL,,Dar Es Salaam,Kinondoni Mc,,
LITTLE ANGELS PRIMARY SCHOOL,,Dar Es Salaam,Kinondoni Mc,,
LONDA PRIMARY SCHOOL,,Dar Es Salaam,Kinondoni Mc,,
MAARIFA ISLAMIC PRIMARY SCHOOL,,Dar Es Salaam,Kinondoni Mc,,
MAKONGO PRIMARY SCHOOL,,Dar Es Salaam,Kinondoni Mc,,
MBEZI NDUMBWI PRIMARY SCHOOL,,Dar Es Salaam,Kinondoni Mc,,
MINAZINI PRIMARY SCHOOL,,Dar Es Salaam,Kinondoni Mc,,
MOGA PRIMARY SCHOOL,,Dar Es Salaam,Kinondoni Mc,,
MOUNT KIBO PRIMARY SCHOOL,,Dar Es Salaam,Kinondoni Mc,,
MSASANI ISLAMIC PRIMARY SCHOOL,,Dar Es Salaam,Kinondoni Mc,,
MSISIRI PRIMARY SCHOOL,,Dar Es Salaam,Kinondoni Mc,,
MWANANYAMALA B PRIMARY SCHOOL,,Dar Es Salaam,Kinondoni Mc,,
NEW ERA PRIMARY SCHOOL,,Dar Es Salaam,Kinondoni Mc,,
NURU NJEMA TEGETA PRIMARY SCHOOL,,Dar Es Salaam,Kinondoni Mc,,
PALACE PRIMARY SCHOOL,,Dar Es Salaam,Kinondoni Mc,,
PIUS MSEKWA PRIMARY SCHOOL,,Dar Es Salaam,Kinondoni Mc,,
PWANI PRIMARY SCHOOL,,Dar Es Salaam,Kinondoni Mc,,
RIGHTWAY PRIMARY SCHOOL,,Dar Es Salaam,Kinondoni Mc,,
SALASALA PRIMARY SCHOOL,,Dar Es Salaam,Kinondoni Mc,,
SHREE HINDU MANDAL PRIMARY SCHOOL,,Dar Es Salaam,Kinondoni Mc,,
ST. ALOYSIUS PRIMARY SCHOOL,,Dar Es Salaam,Kinondoni Mc,,
ST. JOSEPH PRIMARY SCHOOL,,Dar Es Salaam,Kinondoni Mc,,
STAMARIA SALOME PRIMARY SCHOOL,,Dar Es Salaam,Kinondoni Mc,,
SUNRISE PRIMARY SCHOOL,,Dar Es Salaam,Kinondoni Mc,,
TEGETA PRIMARY SCHOOL,,Dar Es Salaam,Kinondoni Mc,,
TUWAPENDE WATOTO PRIMARY SCHOOL,,Dar Es Salaam,Kinondoni Mc,,
UNUNIO PRIMARY SCHOOL,,Dar Es Salaam,Kinondoni Mc,,
VALENTINE ELITE PRIMARY SCHOOL,,Dar Es Salaam,Kinondoni Mc,,
A H MWINYI PRIMARY SCHOOL,,Dar Es Salaam,Temeke Mc,,
AL-IHYAU DIN PRIMARY SCHOOL,,Dar Es Salaam,Temeke Mc,,
ASSWIDDIQ PRIMARY SCHOOL,,Dar Es Salaam,Temeke Mc,,
BARRACKS PRIMARY SCHOOL,,Dar Es Salaam,Temeke Mc,,
BRAINTRUST PRIMARY SCHOOL,,Dar Es Salaam,Temeke Mc,,
COMPLEX PRIMARY SCHOOL,,Dar Es Salaam,Temeke Mc,,
DOVYA PRIMARY SCHOOL,,Dar Es Salaam,Temeke Mc,,
FAHARI PRIMARY SCHOOL,,Dar Es Salaam,Temeke Mc,,
HOLY UNION PRIMARY SCHOOL,,Dar Es Salaam,Temeke Mc,,
KATAVI PRIMARY SCHOOL,,Dar Es Salaam,Temeke Mc,,
KEKO-MWANGA PRIMARY SCHOOL,,Dar Es Salaam,Temeke Mc,,
KIBONDEMAJI PRIMARY SCHOOL,,Dar Es Salaam,Temeke Mc,,
KILAKALA PRIMARY SCHOOL,,Dar Es Salaam,Temeke Mc,,
KINGUGI PRIMARY SCHOOL,,Dar Es Salaam,Temeke Mc,,
KIUNGANI PRIMARY SCHOOL,,Dar Es Salaam,Temeke Mc,,
KONGOWE ISLAMIC PRIMARY SCHOOL,,Dar Es Salaam,Temeke Mc,,
LIKWATI PRIMARY SCHOOL,,Dar Es Salaam,Temeke Mc,,
LONGQUAN BODHI PRIMARY SCHOOL,,Dar Es Salaam,Temeke Mc,,
MADENGE PRIMARY SCHOOL,,Dar Es Salaam,Temeke Mc,,
MAMAISARA PRIMARY SCHOOL,,Dar Es Salaam,Temeke Mc,,
MARY OUR HELP PRIMARY SCHOOL,,Dar Es Salaam,Temeke Mc,,
MBAGALA ANNEX PRIMARY SCHOOL,,Dar Es Salaam,Temeke Mc,,
MBAGALA PRIMARY SCHOOL,,Dar Es Salaam,Temeke Mc,,
MGENINANI PRIMARY SCHOOL,,Dar Es Salaam,Temeke Mc,,
MIKWAMBE PRIMARY SCHOOL,,Dar Es Salaam,Temeke Mc,,
MKOMBOZI MONTESSORI PRIMARY SCHOOL,,Dar Es Salaam,Temeke Mc,,
MTONI KIJICHI PRIMARY SCHOOL,,Dar Es Salaam,Temeke Mc,,
PACIFIC PRIMARY SCHOOL,,Dar Es Salaam,Temeke Mc,,
POSTMODERN PRIMARY SCHOOL,,Dar Es Salaam,Temeke Mc,,
RUFU PRIMARY SCHOOL,,Dar Es Salaam,Temeke Mc,,
SANDALI PRIMARY SCHOOL,,Dar Es Salaam,Temeke Mc,,
ST MARY'S-INTER MBAGALA PRIMARY SCHOOL,,Dar Es Salaam,Temeke Mc,,
TANDIKA PRIMARY SCHOOL,,Dar Es Salaam,Temeke Mc,,
TEMEKE PRIMARY SCHOOL,,Dar Es Salaam,Temeke Mc,,
TOANGOMA PRIMARY SCHOOL,,Dar Es Salaam,Temeke Mc,,
UNUBINI PRIMARY SCHOOL,,Dar Es Salaam,Temeke Mc,,
USHIRIKA PRIMARY SCHOOL,,Dar Es Salaam,Temeke Mc,,
VIKUNAI PRIMARY SCHOOL,,Dar Es Salaam,Temeke Mc,,
YOMBO-DOVYA PRIMARY SCHOOL,,Dar Es Salaam,Temeke Mc,,
AL-HIJRA ISLAMIC PRIMARY SCHOOL,,Dar Es Salaam,Temeke Mc,,
ALQAADIRIYYA PRIMARY SCHOOL,,Dar Es Salaam,Temeke Mc,,
ANNETTE-B PRIMARY SCHOOL,,Dar Es Salaam,Temeke Mc,,
BAHATI PRIMARY SCHOOL,,Dar Es Salaam,Temeke Mc,,
BOKORANI PRIMARY SCHOOL,,Dar Es Salaam,Temeke Mc,,
BUZA PRIMARY SCHOOL,,Dar Es Salaam,Temeke Mc,,
CHAMAZI PRIMARY SCHOOL,,Dar Es Salaam,Temeke Mc,,
DORIS PRIMARY SCHOOL,,Dar Es Salaam,Temeke Mc,,
EPIPHANY PRIMARY SCHOOL,,Dar Es Salaam,Temeke Mc,,
FARAJA PRIMARY SCHOOL,,Dar Es Salaam,Temeke Mc,,
GREAT VISION PRIMARY SCHOOL,,Dar Es Salaam,Temeke Mc,,
KEKO-MAGURUMBASI PRIMARY SCHOOL,,Dar Es Salaam,Temeke Mc,,
KISEWE PRIMARY SCHOOL,,Dar Es Salaam,Temeke Mc,,
LASSANA PRIMARY SCHOOL,,Dar Es Salaam,Temeke Mc,,
LIONESS-MIBURAN PRIMARY SCHOOL,,Dar Es Salaam,Temeke Mc,,
MAJIMATITU PRIMARY SCHOOL,,Dar Es Salaam,Temeke Mc,,
MARTEN LUMBANGA PRIMARY SCHOOL,,Dar Es Salaam,Temeke Mc,,
MATER DEI PRIMARY SCHOOL,,Dar Es Salaam,Temeke Mc,,
MBAGALA KUU PRIMARY SCHOOL,,Dar Es Salaam,Temeke Mc,,
MIANZINI PRIMARY SCHOOL,,Dar Es Salaam,Temeke Mc,,
MONTFORT PRIMARY SCHOOL,,Dar Es Salaam,Temeke Mc,,
MTONI SABASABA PRIMARY SCHOOL,,Dar Es Salaam,Temeke Mc,,
OCEAN VIEW PRIMARY SCHOOL,,Dar Es Salaam,Temeke Mc,,
PONDE PRIMARY SCHOOL,,Dar Es Salaam,Temeke Mc,,
RENIE PRIMARY SCHOOL,,Dar Es Salaam,Temeke Mc,,
RUWIJA PRIMARY SCHOOL,,Dar Es Salaam,Temeke Mc,,
SALAAM PRIMARY SCHOOL,,Dar Es Salaam,Temeke Mc,,
TAIFA PRIMARY SCHOOL,,Dar Es Salaam,Temeke Mc,,
TEMEKE ISLAMIC PRIMARY SCHOOL,,Dar Es Salaam,Temeke Mc,,
THADO PRIMARY SCHOOL,,Dar Es Salaam,Temeke Mc,,
UPEO ISLAMIC PRIMARY SCHOOL,,Dar Es Salaam,Temeke Mc,,
VETERINARY PRIMARY SCHOOL,,Dar Es Salaam,Temeke Mc,,
YEMENI PRIMARY SCHOOL,,Dar Es Salaam,Temeke Mc,,
YUSUPH R MAKAMBA PRIMARY SCHOOL,,Dar Es Salaam,Temeke Mc,,
AGAPE DAR ES SALAAM PRIMARY SCHOOL,,Dar Es Salaam,Temeke Mc,,
AL-NAHDHWA TEMEKE PRIMARY SCHOOL,,Dar Es Salaam,Temeke Mc,,
ANLEX PRIMARY SCHOOL,,Dar Es Salaam,Temeke Mc,,
BILAL-COMPREHENSIVE PRIMARY SCHOOL,,Dar Es Salaam,Temeke Mc,,
CHAMAZI ISLAMIC PRIMARY SCHOOL,,Dar Es Salaam,Temeke Mc,,
CHARAMBE PRIMARY SCHOOL,,Dar Es Salaam,Temeke Mc,,
CORNERSTONE PRIMARY SCHOOL,,Dar Es Salaam,Temeke Mc,,
DYNAMIC PRIMARY SCHOOL,,Dar Es Salaam,Temeke Mc,,
GOROKA 'A' PRIMARY SCHOOL,,Dar Es Salaam,Temeke Mc,,
HIGHBRIDGE PRIMARY SCHOOL,,Dar Es Salaam,Temeke Mc,,
JESHI-LA-WOKOVU PRIMARY SCHOOL,,Dar Es Salaam,Temeke Mc,,
KAMO PRIMARY SCHOOL,,Dar Es Salaam,Temeke Mc,,
KAZAURA PRIMARY SCHOOL,,Dar Es Salaam,Temeke Mc,,
KENT PRIMARY SCHOOL,,Dar Es Salaam,Temeke Mc,,
KIBURUGWA PRIMARY SCHOOL,,Dar Es Salaam,Temeke Mc,,
KIPONZA PRIMARY SCHOOL,,Dar Es Salaam,Temeke Mc,,
LILLIES PRIMARY SCHOOL,,Dar Es Salaam,Temeke Mc,,
MAQBOUL PRIMARY SCHOOL,,Dar Es Salaam,Temeke Mc,,
MARYDESTINY PRIMARY SCHOOL,,Dar Es Salaam,Temeke Mc,,
MBAGALA ISLAMIC PRIMARY SCHOOL,,Dar Es Salaam,Temeke Mc,,
MBANDE PRIMARY SCHOOL,,Dar Es Salaam,Temeke Mc,,
MGULANI PRIMARY SCHOOL,,Dar Es Salaam,Temeke Mc,,
MKONDOGWA PRIMARY SCHOOL,,Dar Es Salaam,Temeke Mc,,
MOSES PRIMARY SCHOOL,,Dar Es Salaam,Temeke Mc,,
OASIS PRIMARY SCHOOL,,Dar Es Salaam,Temeke Mc,,
PIUS PRIMARY SCHOOL,,Dar Es Salaam,Temeke Mc,,
RANGITATU PRIMARY SCHOOL,,Dar Es Salaam,Temeke Mc,,
RUVUMA PRIMARY SCHOOL,,Dar Es Salaam,Temeke Mc,,
SAKU PRIMARY SCHOOL,,Dar Es Salaam,Temeke Mc,,
ST. THERESE PRIMARY SCHOOL,,Dar Es Salaam,Temeke Mc,,
TANEEM PRIMARY SCHOOL,,Dar Es Salaam,Temeke Mc,,
TEMEKE SDA PRIMARY SCHOOL,,Dar Es Salaam,Temeke Mc,,
UNIQUE PRIMARY SCHOOL,,Dar Es Salaam,Temeke Mc,,
UWANJA WA NDEGE PRIMARY SCHOOL,,Dar Es Salaam,Temeke Mc,,
WAILES PRIMARY SCHOOL,,Dar Es Salaam,Temeke Mc,,
YOMBO-VITUKA PRIMARY SCHOOL,,Dar Es Salaam,Temeke Mc,,
ALI HASSAN MWINYI ISLAMIC PRIMARY SCHOOL,,Dar Es Salaam,Ubungo Mc,,
AMOR PRIMARY SCHOOL,,Dar Es Salaam,Ubungo Mc,,
ARISE PRIMARY SCHOOL,,Dar Es Salaam,Ubungo Mc,,
AUGUSTINE PRIMARY SCHOOL,,Dar Es Salaam,Ubungo Mc,,
BARNEY PRIMARY SCHOOL,,Dar Es Salaam,Ubungo Mc,,
BETHEL MISSION PRIMARY SCHOOL,,Dar Es Salaam,Ubungo Mc,,
BRAGGIN PRIMARY SCHOOL,,Dar Es Salaam,Ubungo Mc,,
BRYCESON PRIMARY SCHOOL,,Dar Es Salaam,Ubungo Mc,,
CALVARY MONTESSOR PRIMARY SCHOOL,,Dar Es Salaam,Ubungo Mc,,
DARBRIDGE PRIMARY SCHOOL,,Dar Es Salaam,Ubungo Mc,,
DIVINE PRIMARY SCHOOL,,Dar Es Salaam,Ubungo Mc,,
DR.OMARI ALLY JUMA PRIMARY SCHOOL,,Dar Es Salaam,Ubungo Mc,,
ELIMU HOUSE PRIMARY SCHOOL,,Dar Es Salaam,Ubungo Mc,,
FOUNTAIN OF JOY PRIMARY SCHOOL,,Dar Es Salaam,Ubungo Mc,,
FUTURE STARS PRIMARY SCHOOL,,Dar Es Salaam,Ubungo Mc,,
GOBA PRIMARY SCHOOL,,Dar Es Salaam,Ubungo Mc,,
GREEN BELT PRIMARY SCHOOL,,Dar Es Salaam,Ubungo Mc,,
HEKIMA WALDOF PRIMARY SCHOOL,,Dar Es Salaam,Ubungo Mc,,
IMMACULATE NURSERY AND PRIMARY SCHOOL,,Dar Es Salaam,Ubungo Mc,,
JOY CARE PRE-AND PRIMARY SCHOOL,,Dar Es Salaam,Ubungo Mc,,
KEN PRIMARY SCHOOL,,Dar Es Salaam,Ubungo Mc,,
KIBANGU PRIMARY SCHOOL,,Dar Es Salaam,Ubungo Mc,,
KIBWEGERE PRIMARY SCHOOL,,Dar Es Salaam,Ubungo Mc,,
KILUVYA PRIMARY SCHOOL,,Dar Es Salaam,Ubungo Mc,,
KING'AZI PRIMARY SCHOOL,,Dar Es Salaam,Ubungo Mc,,
KONSALT PRIMARY SCHOOL,,Dar Es Salaam,Ubungo Mc,,
KWEMBE PRIMARY SCHOOL,,Dar Es Salaam,Ubungo Mc,,
LITO ANGELES PRIMARY SCHOOL,,Dar Es Salaam,Ubungo Mc,,
MACRINE PRIMARY SCHOOL,,Dar Es Salaam,Ubungo Mc,,
MAKUBURI PRIMARY SCHOOL,,Dar Es Salaam,Ubungo Mc,,
MALAMBAMAWILI PRIMARY SCHOOL,,Dar Es Salaam,Ubungo Mc,,
MATSAPA PRIMARY SCHOOL,,Dar Es Salaam,Ubungo Mc,,
MBEZI LUIS PRIMARY SCHOOL,,Dar Es Salaam,Ubungo Mc,,
MECKIE PRIMARY SCHOOL,,Dar Es Salaam,Ubungo Mc,,
MLIMANI DEMONSTRATION PRIMARY SCHOOL,,Dar Es Salaam,Ubungo Mc,,
MORE LIGHT NURSERY AND PRIMARY SCHOOL,,Dar Es Salaam,Ubungo Mc,,
MOUNT CALVARY PRIMARY SCHOOL,,Dar Es Salaam,Ubungo Mc,,
MOUNT RUNGWE-KIBWEGERE PRIMARY SCHOOL,,Dar Es Salaam,Ubungo Mc,,
MSEWE PRIMARY SCHOOL,,Dar Es Salaam,Ubungo Mc,,
MSINGWA PRIMARY SCHOOL,,Dar Es Salaam,Ubungo Mc,,
MT. THERESIA PRIMARY SCHOOL,,Dar Es Salaam,Ubungo Mc,,
MWENDO PRIMARY SCHOOL,,Dar Es Salaam,Ubungo Mc,,
NICE FUTURE PRIMARY SCHOOL,,Dar Es Salaam,Ubungo Mc,,
PARADIGMS PRIMARY SCHOOL,,Dar Es Salaam,Ubungo Mc,,
REGINALD MENGI PRIMARY SCHOOL,,Dar Es Salaam,Ubungo Mc,,
SAFI PRIMARY SCHOOL,,Dar Es Salaam,Ubungo Mc,,
SNOW WHITE PRIMARY SCHOOL,,Dar Es Salaam,Ubungo Mc,,
ST. FELISTA PRIMARY SCHOOL,,Dar Es Salaam,Ubungo Mc,,
STAR PRE-AND PRIMARY SCHOOL,,Dar Es Salaam,Ubungo Mc,,
TEMBONI PRIMARY SCHOOL,,Dar Es Salaam,Ubungo Mc,,
TREHNA PRIMARY SCHOOL,,Dar Es Salaam,Ubungo Mc,,
UBUNGO PLAZA PRIMARY SCHOOL,,Dar Es Salaam,Ubungo Mc,,
VICTORY ADONAI NURSERY AND PRIMARY SCHOOL,,Dar Es Salaam,Ubungo Mc,,
WORLD KIDS PRIMARY SCHOOL,,Dar Es Salaam,Ubungo Mc,,
ANINY NNDUMI PRIMARY SCHOOL,,Dar Es Salaam,Ubungo Mc,,
ATLAS PRIMARY SCHOOL,,Dar Es Salaam,Ubungo Mc,,
BARAFU PRIMARY SCHOOL,,Dar Es Salaam,Ubungo Mc,,
BLESSED PRIMARY SCHOOL,,Dar Es Salaam,Ubungo Mc,,
BROOKSIDE PRIMARY SCHOOL,,Dar Es Salaam,Ubungo Mc,,
DAR TRUST FUND PRIMARY SCHOOL,,Dar Es Salaam,Ubungo Mc,,
DERBAB PRIMARY SCHOOL,,Dar Es Salaam,Ubungo Mc,,
DORCUS NURSERY AND PRIMARY SCHOOL,,Dar Es Salaam,Ubungo Mc,,
EKARUWA PRE-AND PRIMARY SCHOOL,,Dar Es Salaam,Ubungo Mc,,
EMI PRIMARY SCHOOL,,Dar Es Salaam,Ubungo Mc,,
FROZEN MOUNTAIN PRIMARY SCHOOL,,Dar Es Salaam,Ubungo Mc,,
GOBA MPAKANI PRIMARY SCHOOL,,Dar Es Salaam,Ubungo Mc,,
GOLANI 'B' PRIMARY SCHOOL,,Dar Es Salaam,Ubungo Mc,,
HARAI PRIMARY SCHOOL,,Dar Es Salaam,Ubungo Mc,,
IMMACULATE HEART OF MARY PRIMARY SCHOOL,,Dar Es Salaam,Ubungo Mc,,
JERUSALEM STAR PRIMARY SCHOOL,,Dar Es Salaam,Ubungo Mc,,
JORVING JUNIOR PRIMARY SCHOOL,,Dar Es Salaam,Ubungo Mc,,
KILUNGULE PRIMARY SCHOOL,,Dar Es Salaam,Ubungo Mc,,
KIMARA BARUTI PRIMARY SCHOOL,,Dar Es Salaam,Ubungo Mc,,
KINGS PRIMARY SCHOOL,,Dar Es Salaam,Ubungo Mc,,
KUNGURU PRIMARY SCHOOL,,Dar Es Salaam,Ubungo Mc,,
LIVING MINDS PRIMARY SCHOOL,,Dar Es Salaam,Ubungo Mc,,
MABIBO PRIMARY SCHOOL,,Dar Es Salaam,Ubungo Mc,,
MAKABE PRIMARY SCHOOL,,Dar Es Salaam,Ubungo Mc,,
MAKUBURI JESHINI PRIMARY SCHOOL,,Dar Es Salaam,Ubungo Mc,,
MALAMBA KWETU PRIMARY SCHOOL,,Dar Es Salaam,Ubungo Mc,,
MARIA MISSION PRIMARY SCHOOL,,Dar Es Salaam,Ubungo Mc,,
MAWO PRIMARY SCHOOL,,Dar Es Salaam,Ubungo Mc,,
MBURAHATI PRIMARY SCHOOL,,Dar Es Salaam,Ubungo Mc,,
MONT PRIMARY SCHOOL,,Dar Es Salaam,Ubungo Mc,,
MOTHER MARY PRIMARY SCHOOL,,Dar Es Salaam,Ubungo Mc,,
MOUNT RUNGWE PRIMARY SCHOOL,,Dar Es Salaam,Ubungo Mc,,
MOUNTAIN HILL PRIMARY SCHOOL,,Dar Es Salaam,Ubungo Mc,,
MSAKUZI PRIMARY SCHOOL,,Dar Es Salaam,Ubungo Mc,,
MSIGANI PRIMARY SCHOOL,,Dar Es Salaam,Ubungo Mc,,
MT. KILIMANJARO PRIMARY SCHOOL,,Dar Es Salaam,Ubungo Mc,,
NASA PRIMARY SCHOOL,,Dar Es Salaam,Ubungo Mc,,
NILAH PRIMARY SCHOOL,,Dar Es Salaam,Ubungo Mc,,
POWER MISSION PRIMARY SCHOOL,,Dar Es Salaam,Ubungo Mc,,
RAINBOW KING'AZI PRIMARY SCHOOL,,Dar Es Salaam,Ubungo Mc,,
ROSAMI PRIMARY SCHOOL,,Dar Es Salaam,Ubungo Mc,,
SAKANA PRIMARY SCHOOL,,Dar Es Salaam,Ubungo Mc,,
SINZA PRIMARY SCHOOL,,Dar Es Salaam,Ubungo Mc,,
ST. CLARET PRIMARY SCHOOL,,Dar Es Salaam,Ubungo Mc,,
TEGETA 'A' PRIMARY SCHOOL,,Dar Es Salaam,Ubungo Mc,,
TOPLAYER PRIMARY SCHOOL,,Dar Es Salaam,Ubungo Mc,,
UBUNGO NHC PRIMARY SCHOOL,,Dar Es Salaam,Ubungo Mc,,
VERITAS PRIMARY SCHOOL,,Dar Es Salaam,Ubungo Mc,,
WHITE ROSE PRIMARY SCHOOL,,Dar Es Salaam,Ubungo Mc,,
ANAZAK PRIMARY SCHOOL,,Dar Es Salaam,Ubungo Mc,,
ATHALIA PRIMARY SCHOOL,,Dar Es Salaam,Ubungo Mc,,
AUREKE PRIMARYSCHOOL PRIMARY SCHOOL,,Dar Es Salaam,Ubungo Mc,,
BELU PRIMARY SCHOOL,,Dar Es Salaam,Ubungo Mc,,
BETHEL-MSAKUZI PRIMARY SCHOOL,,Dar Es Salaam,Ubungo Mc,,
BRIGHT JUNIORS PRIMARY SCHOOL,,Dar Es Salaam,Ubungo Mc,,
BUBBLE GUPPIES PRIMARY SCHOOL,,Dar Es Salaam,Ubungo Mc,,
CASTLE HILLS PRIMARY SCHOOL,,Dar Es Salaam,Ubungo Mc,,
DARE INTEGRATED PRE-AND PRIMARY SCHOOL,,Dar Es Salaam,Ubungo Mc,,
DODAN PRIMARY SCHOOL,,Dar Es Salaam,Ubungo Mc,,
EBONITE PRIMARY SCHOOL,,Dar Es Salaam,Ubungo Mc,,
ELIZABETH PRIMARY SCHOOL,,Dar Es Salaam,Ubungo Mc,,
EZANUEL PRIMARY SCHOOL,,Dar Es Salaam,Ubungo Mc,,
FRANCL PRIMARY SCHOOL,,Dar Es Salaam,Ubungo Mc,,
GIFT SKILFUL NURSERY AND PRIMARY SCHOOL,,Dar Es Salaam,Ubungo Mc,,
GODIANA PRIMARY SCHOOL,,Dar Es Salaam,Ubungo Mc,,
GOLDENLIGHT PRIMARY SCHOOL,,Dar Es Salaam,Ubungo Mc,,
HAKI PRIMARY SCHOOL,,Dar Es Salaam,Ubungo Mc,,
HELLEN'S PRIMARY SCHOOL,,Dar Es Salaam,Ubungo Mc,,
IDRIS ABDUL WAKIL PRIMARY SCHOOL,,Dar Es Salaam,Ubungo Mc,,
JERUSALEM PRIMARY SCHOOL,,Dar Es Salaam,Ubungo Mc,,
KIBAMBA 'B' PRIMARY SCHOOL,,Dar Es Salaam,Ubungo Mc,,
KIBANGU RUGE PRIMARY SCHOOL,,Dar Es Salaam,Ubungo Mc,,
KIMARA 'B' PRIMARY SCHOOL,,Dar Es Salaam,Ubungo Mc,,
KULANGWA PRIMARY SCHOOL,,Dar Es Salaam,Ubungo Mc,,
LEGEND PRIMARY SCHOOL,,Dar Es Salaam,Ubungo Mc,,
LITTLE WOOD PRIMARY SCHOOL,,Dar Es Salaam,Ubungo Mc,,
LUQMAN PRIMARY SCHOOL,,Dar Es Salaam,Ubungo Mc,,
MAKABE HILLTOP PRE PRIMARY SCHOOL,,Dar Es Salaam,Ubungo Mc,,
MAKOKA PRIMARY SCHOOL,,Dar Es Salaam,Ubungo Mc,,
MANZESE PRIMARY SCHOOL,,Dar Es Salaam,Ubungo Mc,,
MAVURUNZA PRIMARY SCHOOL,,Dar Es Salaam,Ubungo Mc,,
MLIMBO PRIMARY SCHOOL,,Dar Es Salaam,Ubungo Mc,,
MOTHER EMILIE DORMAN PRIMARY SCHOOL,,Dar Es Salaam,Ubungo Mc,,
MOUNT MORIAH PRIMARY SCHOOL,,Dar Es Salaam,Ubungo Mc,,
MOUNT SAYUNI PRIMARY SCHOOL,,Dar Es Salaam,Ubungo Mc,,
MSAKUZI KUSINI PRIMARY SCHOOL,,Dar Es Salaam,Ubungo Mc,,
MSUMI PRIMARY SCHOOL,,Dar Es Salaam,Ubungo Mc,,
MUGABE PRIMARY SCHOOL,,Dar Es Salaam,Ubungo Mc,,
NABA PRIMARY SCHOOL,,Dar Es Salaam,Ubungo Mc,,
NICOSTA PRIMARY SCHOOL,,Dar Es Salaam,Ubungo Mc,,
PEACE AND LOVE NURSERY AND PRIMARY SCHOOL,,Dar Es Salaam,Ubungo Mc,,
PROSPERITY PRIMARY SCHOOL,,Dar Es Salaam,Ubungo Mc,,
RHEBENDAS PRIMARY SCHOOL,,Dar Es Salaam,Ubungo Mc,,
SEASON PRIMARY SCHOOL,,Dar Es Salaam,Ubungo Mc,,
ST. ANN'S PRIMARY SCHOOL,,Dar Es Salaam,Ubungo Mc,,
ST. MAGRETH PRIMARY SCHOOL,,Dar Es Salaam,Ubungo Mc,,
TOP STAR PRIMARY SCHOOL,,Dar Es Salaam,Ubungo Mc,,
UBUNGO KISIWANI PRIMARY SCHOOL,,Dar Es Salaam,Ubungo Mc,,
UZURI PRIMARY SCHOOL,,Dar Es Salaam,Ubungo Mc,,
VICTORY CHRISTIAN PRIMARY SCHOOL,,Dar Es Salaam,Ubungo Mc,,
ANGAZA PRIMARY SCHOOL,,Mbeya,Busokelo,,
BUSOKA PRIMARY SCHOOL,,Mbeya,Busokelo,,
IKAMA PRIMARY SCHOOL,,Mbeya,Busokelo,,
IPOMA PRIMARY SCHOOL,,Mbeya,Busokelo,,
ITEBE PRIMARY SCHOOL,,Mbeya,Busokelo,,
KANDETE PRIMARY SCHOOL,,Mbeya,Busokelo,,
KAPYU PRIMARY SCHOOL,,Mbeya,Busokelo,,
KASYABONE PRIMARY SCHOOL,,Mbeya,Busokelo,,
KILASI PRIMARY SCHOOL,,Mbeya,Busokelo,,
KIPYOLA PRIMARY SCHOOL,,Mbeya,Busokelo,,
LUGOMBO PRIMARY SCHOOL,,Mbeya,Busokelo,,
LUPATA PRIMARY SCHOOL,,Mbeya,Busokelo,,
LWANGWA PRIMARY SCHOOL,,Mbeya,Busokelo,,
MBIGILI PRIMARY SCHOOL,,Mbeya,Busokelo,,
MPOMBO PRIMARY SCHOOL,,Mbeya,Busokelo,,
NDALA PRIMARY SCHOOL,,Mbeya,Busokelo,,
NGANA PRIMARY SCHOOL,,Mbeya,Busokelo,,
NTAPISI PRIMARY SCHOOL,,Mbeya,Busokelo,,
BUJESI PRIMARY SCHOOL,,Mbeya,Busokelo,,
BUTOLA PRIMARY SCHOOL,,Mbeya,Busokelo,,
IKAPU PRIMARY SCHOOL,,Mbeya,Busokelo,,
IPYELA PRIMARY SCHOOL,,Mbeya,Busokelo,,
ITETE PRIMARY SCHOOL,,Mbeya,Busokelo,,
KASANGA PRIMARY SCHOOL,,Mbeya,Busokelo,,
KIBOLE PRIMARY SCHOOL,,Mbeya,Busokelo,,
KILUGU PRIMARY SCHOOL,,Mbeya,Busokelo,,
KISALALA PRIMARY SCHOOL,,Mbeya,Busokelo,,
LUBALA PRIMARY SCHOOL,,Mbeya,Busokelo,,
LUKASI PRIMARY SCHOOL,,Mbeya,Busokelo,,
LUSANJE PRIMARY SCHOOL,,Mbeya,Busokelo,,
MALEMA PRIMARY SCHOOL,,Mbeya,Busokelo,,
MASUNDO PRIMARY SCHOOL,,Mbeya,Busokelo,,
MBISA PRIMARY SCHOOL,,Mbeya,Busokelo,,
NDOBO PRIMARY SCHOOL,,Mbeya,Busokelo,,
NSANGA PRIMARY SCHOOL,,Mbeya,Busokelo,,
NYANGA PRIMARY SCHOOL,,Mbeya,Busokelo,,
BUJINGIJILA PRIMARY SCHOOL,,Mbeya,Busokelo,,
BWILANDO PRIMARY SCHOOL,,Mbeya,Busokelo,,
IPELO PRIMARY SCHOOL,,Mbeya,Busokelo,,
ISANGE PRIMARY SCHOOL,,Mbeya,Busokelo,,
ITETE-LUTEBA PRIMARY SCHOOL,,Mbeya,Busokelo,,
KAPULA PRIMARY SCHOOL,,Mbeya,Busokelo,,
KASANGALI PRIMARY SCHOOL,,Mbeya,Busokelo,,
KIFUNDA PRIMARY SCHOOL,,Mbeya,Busokelo,,
KINGILI PRIMARY SCHOOL,,Mbeya,Busokelo,,
LUFILYO PRIMARY SCHOOL,,Mbeya,Busokelo,,
LUPASO PRIMARY SCHOOL,,Mbeya,Busokelo,,
LUSUNGO PRIMARY SCHOOL,,Mbeya,Busokelo,,
MANOW PRIMARY SCHOOL,,Mbeya,Busokelo,,
MBAMBO PRIMARY SCHOOL,,Mbeya,Busokelo,,
MPATA PRIMARY SCHOOL,,Mbeya,Busokelo,,
NDUBI PRIMARY SCHOOL,,Mbeya,Busokelo,,
NGULULWALE PRIMARY SCHOOL,,Mbeya,Busokelo,,
NTABA PRIMARY SCHOOL,,Mbeya,Busokelo,,
SANGANILO PRIMARY SCHOOL,,Mbeya,Busokelo,,
CHALANGWA PRIMARY SCHOOL,,Mbeya,Chunya,,
CHUNYA KATI PRIMARY SCHOOL,,Mbeya,Chunya,,
IFUMBO PRIMARY SCHOOL,,Mbeya,Chunya,,
ISANGAWANA PRIMARY SCHOOL,,Mbeya,Chunya,,
IZUMBI PRIMARY SCHOOL,,Mbeya,Chunya,,
KANOGE PRIMARY SCHOOL,,Mbeya,Chunya,,
LOGYA PRIMARY SCHOOL,,Mbeya,Chunya,,
LUPA MARKET PRIMARY SCHOOL,,Mbeya,Chunya,,
LYESELO PRIMARY SCHOOL,,Mbeya,Chunya,,
MATUNDASI PRIMARY SCHOOL,,Mbeya,Chunya,,
MAZIMBO PRIMARY SCHOOL,,Mbeya,Chunya,,
MPEMBE PRIMARY SCHOOL,,Mbeya,Chunya,,
NKUNG'UNGU PRIMARY SCHOOL,,Mbeya,Chunya,,
BITIMANYANGA PRIMARY SCHOOL,,Mbeya,Chunya,,
CHEMICHEMI PRIMARY SCHOOL,,Mbeya,Chunya,,
CHUNYA MJINI PRIMARY SCHOOL,,Mbeya,Chunya,,
IDENDELUKA PRIMARY SCHOOL,,Mbeya,Chunya,,
IGOMAA PRIMARY SCHOOL,,Mbeya,Chunya,,
ISENYELA PRIMARY SCHOOL,,Mbeya,Chunya,,
ITUMBA PRIMARY SCHOOL,,Mbeya,Chunya,,
KALANGALI PRIMARY SCHOOL,,Mbeya,Chunya,,
KASASYA PRIMARY SCHOOL,,Mbeya,Chunya,,
KISALASI PRIMARY SCHOOL,,Mbeya,Chunya,,
LOLA PRIMARY SCHOOL,,Mbeya,Chunya,,
LUPA PRIMARY SCHOOL,,Mbeya,Chunya,,
MAFYEKO PRIMARY SCHOOL,,Mbeya,Chunya,,
MAKONGOLOSI PRIMARY SCHOOL,,Mbeya,Chunya,,
MBANGA PRIMARY SCHOOL,,Mbeya,Chunya,,
MLIMANJIWA PRIMARY SCHOOL,,Mbeya,Chunya,,
MTANDE PRIMARY SCHOOL,,Mbeya,Chunya,,
MWAOGA PRIMARY SCHOOL,,Mbeya,Chunya,,
NKWANGU PRIMARY SCHOOL,,Mbeya,Chunya,,
SAMBILIMWAYA PRIMARY SCHOOL,,Mbeya,Chunya,,
SHOGA PRIMARY SCHOOL,,Mbeya,Chunya,,
CHOKAA PRIMARY SCHOOL,,Mbeya,Chunya,,
GODIMA PRIMARY SCHOOL,,Mbeya,Chunya,,
IFUMA PRIMARY SCHOOL,,Mbeya,Chunya,,
ISEWE PRIMARY SCHOOL,,Mbeya,Chunya,,
ITUMBI PRIMARY SCHOOL,,Mbeya,Chunya,,
KAMBIKATOTO PRIMARY SCHOOL,,Mbeya,Chunya,,
KEN GOLD PRIMARY SCHOOL,,Mbeya,Chunya,,
KIPEMBAWE PRIMARY SCHOOL,,Mbeya,Chunya,,
LUALAJE PRIMARY SCHOOL,,Mbeya,Chunya,,
LUPATINGATINGA PRIMARY SCHOOL,,Mbeya,Chunya,,
MAJENGO II PRIMARY SCHOOL,,Mbeya,Chunya,,
MALANGAMILO PRIMARY SCHOOL,,Mbeya,Chunya,,
MAPOGORO PRIMARY SCHOOL,,Mbeya,Chunya,,
MAWELU PRIMARY SCHOOL,,Mbeya,Chunya,,
MNYOLIMA PRIMARY SCHOOL,,Mbeya,Chunya,,
MTANILA PRIMARY SCHOOL,,Mbeya,Chunya,,
MWIJI PRIMARY SCHOOL,,Mbeya,Chunya,,
NYATULA PRIMARY SCHOOL,,Mbeya,Chunya,,
SANGAMBI PRIMARY SCHOOL,,Mbeya,Chunya,,
SIPA PRIMARY SCHOOL,,Mbeya,Chunya,,
VITUMBI PRIMARY SCHOOL,,Mbeya,Chunya,,
BUJONDE PRIMARY SCHOOL,,Mbeya,Kyela,,
BWATO PRIMARY SCHOOL,,Mbeya,Kyela,,
IBUNGU PRIMARY SCHOOL,,Mbeya,Kyela,,
IKOMBE PRIMARY SCHOOL,,Mbeya,Kyela,,
ILOPA PRIMARY SCHOOL,,Mbeya,Kyela,,
ISAKI PRIMARY SCHOOL,,Mbeya,Kyela,,
ISUBA PRIMARY SCHOOL,,Mbeya,Kyela,,
KAFUNDO PRIMARY SCHOOL,,Mbeya,Kyela,,
KATUMBASONGWE PRIMARY SCHOOL,,Mbeya,Kyela,,
KIKUBA PRIMARY SCHOOL,,Mbeya,Kyela,,
KILASILO PRIMARY SCHOOL,,Mbeya,Kyela,,
KIWIRA-COAL-MINE PRIMARY SCHOOL,,Mbeya,Kyela,,
KYIJILA PRIMARY SCHOOL,,Mbeya,Kyela,,
LUKAMA PRIMARY SCHOOL,,Mbeya,Kyela,,
MALANGALI PRIMARY SCHOOL,,Mbeya,Kyela,,
MPANDA PRIMARY SCHOOL,,Mbeya,Kyela,,
MWAKIKOME PRIMARY SCHOOL,,Mbeya,Kyela,,
MWAYA PRIMARY SCHOOL,,Mbeya,Kyela,,
NDWANGA PRIMARY SCHOOL,,Mbeya,Kyela,,
NJISI PRIMARY SCHOOL,,Mbeya,Kyela,,
SUMBI PRIMARY SCHOOL,,Mbeya,Kyela,,
CBMIKU PRIMARY SCHOOL,,Mbeya,Kyela,,
IKOMELO PRIMARY SCHOOL,,Mbeya,Kyela,,
IPINDA PRIMARY SCHOOL,,Mbeya,Kyela,,
ITENYA PRIMARY SCHOOL,,Mbeya,Kyela,,
KAJUNJUMELE PRIMARY SCHOOL,,Mbeya,Kyela,,
KAPAMISYA PRIMARY SCHOOL,,Mbeya,Kyela,,
KASUMULU PRIMARY SCHOOL,,Mbeya,Kyela,,
KEIFO PRIMARY SCHOOL,,Mbeya,Kyela,,
KIKUSYA PRIMARY SCHOOL,,Mbeya,Kyela,,
KYANGALA PRIMARY SCHOOL,,Mbeya,Kyela,,
LAMYA PRIMARY SCHOOL,,Mbeya,Kyela,,
LUBELE PRIMARY SCHOOL,,Mbeya,Kyela,,
LUKUYU PRIMARY SCHOOL,,Mbeya,Kyela,,
MABABU PRIMARY SCHOOL,,Mbeya,Kyela,,
MALUNGO PRIMARY SCHOOL,,Mbeya,Kyela,,
MATEMA PRIMARY SCHOOL,,Mbeya,Kyela,,
MBOGELA PRIMARY SCHOOL,,Mbeya,Kyela,,
MPUNGUTI PRIMARY SCHOOL,,Mbeya,Kyela,,
MWALISI PRIMARY SCHOOL,,Mbeya,Kyela,,
NDOLA PRIMARY SCHOOL,,Mbeya,Kyela,,
NGAMANGA PRIMARY SCHOOL,,Mbeya,Kyela,,
NGOLELA PRIMARY SCHOOL,,Mbeya,Kyela,,
NJUGILO PRIMARY SCHOOL,,Mbeya,Kyela,,
NNYANGE PRIMARY SCHOOL,,Mbeya,Kyela,,
SAMA PRIMARY SCHOOL,,Mbeya,Kyela,,
TALATALA PRIMARY SCHOOL,,Mbeya,Kyela,,
BUTANGALI PRIMARY SCHOOL,,Mbeya,Kyela,,
IBONDE PRIMARY SCHOOL,,Mbeya,Kyela,,
IKOLO PRIMARY SCHOOL,,Mbeya,Kyela,,
IKULU PRIMARY SCHOOL,,Mbeya,Kyela,,
IPYANA PRIMARY SCHOOL,,Mbeya,Kyela,,
ISIMBA PRIMARY SCHOOL,,Mbeya,Kyela,,
ITUNGE PRIMARY SCHOOL,,Mbeya,Kyela,,
KABULA PRIMARY SCHOOL,,Mbeya,Kyela,,
KAPWILI PRIMARY SCHOOL,,Mbeya,Kyela,,
KATI PRIMARY SCHOOL,,Mbeya,Kyela,,
KIDZCARE KYELA PRIMARY SCHOOL,,Mbeya,Kyela,,
KILAMBO PRIMARY SCHOOL,,Mbeya,Kyela,,
KISYOSYO PRIMARY SCHOOL,,Mbeya,Kyela,,
KYELA PRIMARY SCHOOL,,Mbeya,Kyela,,
LEMA PRIMARY SCHOOL,,Mbeya,Kyela,,
LUKWEGO PRIMARY SCHOOL,,Mbeya,Kyela,,
LUTUSYO PRIMARY SCHOOL,,Mbeya,Kyela,,
MABUNGA PRIMARY SCHOOL,,Mbeya,Kyela,,
MAKWALE PRIMARY SCHOOL,,Mbeya,Kyela,,
MBAKO PRIMARY SCHOOL,,Mbeya,Kyela,,
MOTA PRIMARY SCHOOL,,Mbeya,Kyela,,
MWAMBUSYE PRIMARY SCHOOL,,Mbeya,Kyela,,
NDANDALO PRIMARY SCHOOL,,Mbeya,Kyela,,
NDUKA PRIMARY SCHOOL,,Mbeya,Kyela,,
NGONGA PRIMARY SCHOOL,,Mbeya,Kyela,,
NKOKWA PRIMARY SCHOOL,,Mbeya,Kyela,,
NSASA PRIMARY SCHOOL,,Mbeya,Kyela,,
SEBE PRIMARY SCHOOL,,Mbeya,Kyela,,
TENENDE PRIMARY SCHOOL,,Mbeya,Kyela,,
AGAPE PRIMARY SCHOOL,,Mbeya,Mbarali,,
CHALISUKA PRIMARY SCHOOL,,Mbeya,Mbarali,,
CHOSI-'A' PRIMARY SCHOOL,,Mbeya,Mbarali,,
IBARA PRIMARY SCHOOL,,Mbeya,Mbarali,,
IBUMILA PRIMARY SCHOOL,,Mbeya,Mbarali,,
IGALAKO PRIMARY SCHOOL,,Mbeya,Mbarali,,
IGOMELO PRIMARY SCHOOL,,Mbeya,Mbarali,,
IHAHI PRIMARY SCHOOL,,Mbeya,Mbarali,,
IKANUTWA PRIMARY SCHOOL,,Mbeya,Mbarali,,
ILOLO PRIMARY SCHOOL,,Mbeya,Mbarali,,
ISHUNGU PRIMARY SCHOOL,,Mbeya,Mbarali,,
ISUNURA PRIMARY SCHOOL,,Mbeya,Mbarali,,
KANGAGA PRIMARY SCHOOL,,Mbeya,Mbarali,,
KAPALAMBWA PRIMARY SCHOOL,,Mbeya,Mbarali,,
KAPYO PRIMARY SCHOOL,,Mbeya,Mbarali,,
LIMSENI PRIMARY SCHOOL,,Mbeya,Mbarali,,
LUWANGO PRIMARY SCHOOL,,Mbeya,Mbarali,,
MABADAGA 'B' PRIMARY SCHOOL,,Mbeya,Mbarali,,
MADIBIRA PRIMARY SCHOOL,,Mbeya,Mbarali,,
MAGIGIWE PRIMARY SCHOOL,,Mbeya,Mbarali,,
MAHANGO-MSWISWI PRIMARY SCHOOL,,Mbeya,Mbarali,,
MAMBI PRIMARY SCHOOL,,Mbeya,Mbarali,,
MAURUS HARTMANN'S PRIMARY SCHOOL,,Mbeya,Mbarali,,
MBALINO PRIMARY SCHOOL,,Mbeya,Mbarali,,
MENGELE PRIMARY SCHOOL,,Mbeya,Mbarali,,
MKANDAMI-'A' PRIMARY SCHOOL,,Mbeya,Mbarali,,
MLEMBULE PRIMARY SCHOOL,,Mbeya,Mbarali,,
MOGELO PRIMARY SCHOOL,,Mbeya,Mbarali,,
MPOLO PRIMARY SCHOOL,,Mbeya,Mbarali,,
MSESULE PRIMARY SCHOOL,,Mbeya,Mbarali,,
MWATENGA PRIMARY SCHOOL,,Mbeya,Mbarali,,
NYAKAZOMBE PRIMARY SCHOOL,,Mbeya,Mbarali,,
RUIWA PRIMARY SCHOOL,,Mbeya,Mbarali,,
SIMIKE PRIMARY SCHOOL,,Mbeya,Mbarali,,
UBARUKU PRIMARY SCHOOL,,Mbeya,Mbarali,,
UHAMILA PRIMARY SCHOOL,,Mbeya,Mbarali,,
UKWAMA PRIMARY SCHOOL,,Mbeya,Mbarali,,
UTENGULE-USANGU PRIMARY SCHOOL,,Mbeya,Mbarali,,
VIKAYE PRIMARY SCHOOL,,Mbeya,Mbarali,,
AZIMIO-MAPULA PRIMARY SCHOOL,,Mbeya,Mbarali,,
CHIMALA MISSION PRIMARY SCHOOL,,Mbeya,Mbarali,,
CHOSI-'B' PRIMARY SCHOOL,,Mbeya,Mbarali,,
IBELEGE PRIMARY SCHOOL,,Mbeya,Mbarali,,
IDUYA PRIMARY SCHOOL,,Mbeya,Mbarali,,
IGAVA PRIMARY SCHOOL,,Mbeya,Mbarali,,
IGURUSI MPYA PRIMARY SCHOOL,,Mbeya,Mbarali,,
IHANGA PRIMARY SCHOOL,,Mbeya,Mbarali,,
IKOGA MPYA PRIMARY SCHOOL,,Mbeya,Mbarali,,
ILONGO PRIMARY SCHOOL,,Mbeya,Mbarali,,
ITAMBA PRIMARY SCHOOL,,Mbeya,Mbarali,,
JANGURUTU PRIMARY SCHOOL,,Mbeya,Mbarali,,
KANINJOWO PRIMARY SCHOOL,,Mbeya,Mbarali,,
KAPUNGA 'B' PRIMARY SCHOOL,,Mbeya,Mbarali,,
KELLY'S PRIMARY SCHOOL,,Mbeya,Mbarali,,
LUHANGA PRIMARY SCHOOL,,Mbeya,Mbarali,,
LYAHAMILE PRIMARY SCHOOL,,Mbeya,Mbarali,,
MABADAGA PRIMARY SCHOOL,,Mbeya,Mbarali,,
MADUNDASI PRIMARY SCHOOL,,Mbeya,Mbarali,,
MAGWALISI PRIMARY SCHOOL,,Mbeya,Mbarali,,
MAHANGO-RUIWA PRIMARY SCHOOL,,Mbeya,Mbarali,,
MAJENJE PRIMARY SCHOOL,,Mbeya,Mbarali,,
MANIENGA PRIMARY SCHOOL,,Mbeya,Mbarali,,
MATEBETE PRIMARY SCHOOL,,Mbeya,Mbarali,,
MAWINDI PRIMARY SCHOOL,,Mbeya,Mbarali,,
MBARALI PRIMARY SCHOOL,,Mbeya,Mbarali,,
MERERE PRIMARY SCHOOL,,Mbeya,Mbarali,,
MKANDAMI-'B' PRIMARY SCHOOL,,Mbeya,Mbarali,,
MKOMBWE PRIMARY SCHOOL,,Mbeya,Mbarali,,
MLOMBOJI PRIMARY SCHOOL,,Mbeya,Mbarali,,
MSWISWI PRIMARY SCHOOL,,Mbeya,Mbarali,,
MWANAVALA PRIMARY SCHOOL,,Mbeya,Mbarali,,
NSONYANGA PRIMARY SCHOOL,,Mbeya,Mbarali,,
NYAMAKUYU PRIMARY SCHOOL,,Mbeya,Mbarali,,
RUJEWA PRIMARY SCHOOL,,Mbeya,Mbarali,,
SONGWE-IMALILO PRIMARY SCHOOL,,Mbeya,Mbarali,,
UDINDILWA PRIMARY SCHOOL,,Mbeya,Mbarali,,
UHUSIANO PRIMARY SCHOOL,,Mbeya,Mbarali,,
UKWAVILA PRIMARY SCHOOL,,Mbeya,Mbarali,,
UTURO PRIMARY SCHOOL,,Mbeya,Mbarali,,
WARUMBA PRIMARY SCHOOL,,Mbeya,Mbarali,,
AZIMIO-MSWISWI PRIMARY SCHOOL,,Mbeya,Mbarali,,
CHIMALA PRIMARY SCHOOL,,Mbeya,Mbarali,,
GAMALIEL PRIMARY SCHOOL,,Mbeya,Mbarali,,
IBOHORA PRIMARY SCHOOL,,Mbeya,Mbarali,,
IFUSHILO PRIMARY SCHOOL,,Mbeya,Mbarali,,
IGAWA PRIMARY SCHOOL,,Mbeya,Mbarali,,
IGURUSI PRIMARY SCHOOL,,Mbeya,Mbarali,,
IHEHA PRIMARY SCHOOL,,Mbeya,Mbarali,,
ILAMBITALI PRIMARY SCHOOL,,Mbeya,Mbarali,,
IPWANI PRIMARY SCHOOL,,Mbeya,Mbarali,,
ISITU PRIMARY SCHOOL,,Mbeya,Mbarali,,
ITAMBOLEO PRIMARY SCHOOL,,Mbeya,Mbarali,,
KANAMALENGA PRIMARY SCHOOL,,Mbeya,Mbarali,,
KANIOGA PRIMARY SCHOOL,,Mbeya,Mbarali,,
KAPUNGA PRIMARY SCHOOL,,Mbeya,Mbarali,,
LYAMBOGO PRIMARY SCHOOL,,Mbeya,Mbarali,,
MABAMBILA PRIMARY SCHOOL,,Mbeya,Mbarali,,
MAHANGO-MADIBIRA PRIMARY SCHOOL,,Mbeya,Mbarali,,
MAHONGOLE PRIMARY SCHOOL,,Mbeya,Mbarali,,
MALAMBA PRIMARY SCHOOL,,Mbeya,Mbarali,,
MAPOGORO ' B' PRIMARY SCHOOL,,Mbeya,Mbarali,,
MATEMELA PRIMARY SCHOOL,,Mbeya,Mbarali,,
MAYOTA PRIMARY SCHOOL,,Mbeya,Mbarali,,
MIYOMBWENI PRIMARY SCHOOL,,Mbeya,Mbarali,,
MKOJI PRIMARY SCHOOL,,Mbeya,Mbarali,,
MKUNYWA PRIMARY SCHOOL,,Mbeya,Mbarali,,
MLUNGU PRIMARY SCHOOL,,Mbeya,Mbarali,,
MSANGAJI MPYA PRIMARY SCHOOL,,Mbeya,Mbarali,,
MWASHIKAMILE PRIMARY SCHOOL,,Mbeya,Mbarali,,
NYAKADETE PRIMARY SCHOOL,,Mbeya,Mbarali,,
NYEREGETE PRIMARY SCHOOL,,Mbeya,Mbarali,,
RWANYO PRIMARY SCHOOL,,Mbeya,Mbarali,,
ST ANN'S PRIMARY SCHOOL,,Mbeya,Mbarali,,
UHAMBULE PRIMARY SCHOOL,,Mbeya,Mbarali,,
UJEWA PRIMARY SCHOOL,,Mbeya,Mbarali,,
URUNDA PRIMARY SCHOOL,,Mbeya,Mbarali,,
UTYEGO PRIMARY SCHOOL,,Mbeya,Mbarali,,
YALA PRIMARY SCHOOL,,Mbeya,Mbarali,,
GALIJEMBE PRIMARY SCHOOL,,Mbeya,Mbeya,,
HATWELO PRIMARY SCHOOL,,Mbeya,Mbeya,,
HORONGO PRIMARY SCHOOL,,Mbeya,Mbeya,,
IDIWILI PRIMARY SCHOOL,,Mbeya,Mbeya,,
IFIGA PRIMARY SCHOOL,,Mbeya,Mbeya,,
IGALUKWA PRIMARY SCHOOL,,Mbeya,Mbeya,,
IGOWE PRIMARY SCHOOL,,Mbeya,Mbeya,,
IJOMBE-JUU PRIMARY SCHOOL,,Mbeya,Mbeya,,
IKUYU PRIMARY SCHOOL,,Mbeya,Mbeya,,
ILEMBO-USAFWA PRIMARY SCHOOL,,Mbeya,Mbeya,,
ILOTA PRIMARY SCHOOL,,Mbeya,Mbeya,,
INYALA PRIMARY SCHOOL,,Mbeya,Mbeya,,
ISANGATI PRIMARY SCHOOL,,Mbeya,Mbeya,,
ISONGOLE PRIMARY SCHOOL,,Mbeya,Mbeya,,
ISYASYA PRIMARY SCHOOL,,Mbeya,Mbeya,,
ITALA PRIMARY SCHOOL,,Mbeya,Mbeya,,
ITEGA PRIMARY SCHOOL,,Mbeya,Mbeya,,
ITIMBA PRIMARY SCHOOL,,Mbeya,Mbeya,,
IWALA PRIMARY SCHOOL,,Mbeya,Mbeya,,
IWANZA PRIMARY SCHOOL,,Mbeya,Mbeya,,
IWOWO PRIMARY SCHOOL,,Mbeya,Mbeya,,
IZUMBWE-I PRIMARY SCHOOL,,Mbeya,Mbeya,,
IZYIRA PRIMARY SCHOOL,,Mbeya,Mbeya,,
KIKONDO PRIMARY SCHOOL,,Mbeya,Mbeya,,
LUPETA PRIMARY SCHOOL,,Mbeya,Mbeya,,
MAADILISHO PRIMARY SCHOOL,,Mbeya,Mbeya,,
MAGANJO PRIMARY SCHOOL,,Mbeya,Mbeya,,
MASHUJAA PRIMARY SCHOOL,,Mbeya,Mbeya,,
MBAWI PRIMARY SCHOOL,,Mbeya,Mbeya,,
MLOWO PRIMARY SCHOOL,,Mbeya,Mbeya,,
MWASELELA PRIMARY SCHOOL,,Mbeya,Mbeya,,
MWELA PRIMARY SCHOOL,,Mbeya,Mbeya,,
NGOLE PRIMARY SCHOOL,,Mbeya,Mbeya,,
NJELENJE-'B' PRIMARY SCHOOL,,Mbeya,Mbeya,,
NSALALA PRIMARY SCHOOL,,Mbeya,Mbeya,,
NYALWELA PRIMARY SCHOOL,,Mbeya,Mbeya,,
PARADISE MISSION PRIMARY SCHOOL,,Mbeya,Mbeya,,
ROHILA PRIMARY SCHOOL,,Mbeya,Mbeya,,
SANTILYA PRIMARY SCHOOL,,Mbeya,Mbeya,,
SHAMWENGO PRIMARY SCHOOL,,Mbeya,Mbeya,,
SHIHOLA PRIMARY SCHOOL,,Mbeya,Mbeya,,
SHISONTA PRIMARY SCHOOL,,Mbeya,Mbeya,,
SHIZUVI PRIMARY SCHOOL,,Mbeya,Mbeya,,
SIMAMBWE PRIMARY SCHOOL,,Mbeya,Mbeya,,
SWAYA PRIMARY SCHOOL,,Mbeya,Mbeya,,
TUYOMBO PRIMARY SCHOOL,,Mbeya,Mbeya,,
UKULILA PRIMARY SCHOOL,,Mbeya,Mbeya,,
USOHA-NJIAPANDA PRIMARY SCHOOL,,Mbeya,Mbeya,,
GOD'S BRIDGE MBALIZI PRIMARY SCHOOL,,Mbeya,Mbeya,,
IDIGA PRIMARY SCHOOL,,Mbeya,Mbeya,,
IDUGUMBI PRIMARY SCHOOL,,Mbeya,Mbeya,,
IFUPA PRIMARY SCHOOL,,Mbeya,Mbeya,,
IGOMA-I PRIMARY SCHOOL,,Mbeya,Mbeya,,
IGUNGA PRIMARY SCHOOL,,Mbeya,Mbeya,,
IKUKWA PRIMARY SCHOOL,,Mbeya,Mbeya,,
ILANGALE PRIMARY SCHOOL,,Mbeya,Mbeya,,
ILEYA PRIMARY SCHOOL,,Mbeya,Mbeya,,
IRAMBO PRIMARY SCHOOL,,Mbeya,Mbeya,,
ISEBE PRIMARY SCHOOL,,Mbeya,Mbeya,,
ISONSO PRIMARY SCHOOL,,Mbeya,Mbeya,,
ISYONJE PRIMARY SCHOOL,,Mbeya,Mbeya,,
ITALAZYA PRIMARY SCHOOL,,Mbeya,Mbeya,,
ITENDE-JUU PRIMARY SCHOOL,,Mbeya,Mbeya,,
ITIMU PRIMARY SCHOOL,,Mbeya,Mbeya,,
IWALANJE PRIMARY SCHOOL,,Mbeya,Mbeya,,
IWIJI PRIMARY SCHOOL,,Mbeya,Mbeya,,
IYAWAYA PRIMARY SCHOOL,,Mbeya,Mbeya,,
IZUMBWE-II PRIMARY SCHOOL,,Mbeya,Mbeya,,
KARUME-CAMP PRIMARY SCHOOL,,Mbeya,Mbeya,,
KIMONDO PRIMARY SCHOOL,,Mbeya,Mbeya,,
MADUGU PRIMARY SCHOOL,,Mbeya,Mbeya,,
MAGEUZI PRIMARY SCHOOL,,Mbeya,Mbeya,,
MAPELELE PRIMARY SCHOOL,,Mbeya,Mbeya,,
MASOKO PRIMARY SCHOOL,,Mbeya,Mbeya,,
MBALIZI-I PRIMARY SCHOOL,,Mbeya,Mbeya,,
MBEYA-PEAK PRIMARY SCHOOL,,Mbeya,Mbeya,,
MPANDE PRIMARY SCHOOL,,Mbeya,Mbeya,,
MUVWA PRIMARY SCHOOL,,Mbeya,Mbeya,,
MWAMENGO PRIMARY SCHOOL,,Mbeya,Mbeya,,
MWASHIWAWALA PRIMARY SCHOOL,,Mbeya,Mbeya,,
NHINDO PRIMARY SCHOOL,,Mbeya,Mbeya,,
NSHEHA PRIMARY SCHOOL,,Mbeya,Mbeya,,
ONICAH PRIMARY SCHOOL,,Mbeya,Mbeya,,
PASHUNGU PRIMARY SCHOOL,,Mbeya,Mbeya,,
RUANDA-II PRIMARY SCHOOL,,Mbeya,Mbeya,,
SHANGO PRIMARY SCHOOL,,Mbeya,Mbeya,,
SHILANGA PRIMARY SCHOOL,,Mbeya,Mbeya,,
SHISYETE PRIMARY SCHOOL,,Mbeya,Mbeya,,
SHONGO PRIMARY SCHOOL,,Mbeya,Mbeya,,
SONGWE-II PRIMARY SCHOOL,,Mbeya,Mbeya,,
TEMBELA PRIMARY SCHOOL,,Mbeya,Mbeya,,
TWISA PRIMARY SCHOOL,,Mbeya,Mbeya,,
UTENGULE-USONGWE PRIMARY SCHOOL,,Mbeya,Mbeya,,
DIMBWE PRIMARY SCHOOL,,Mbeya,Mbeya,,
HAONDE PRIMARY SCHOOL,,Mbeya,Mbeya,,
IDIMI PRIMARY SCHOOL,,Mbeya,Mbeya,,
IDUNDA PRIMARY SCHOOL,,Mbeya,Mbeya,,
IGALE PRIMARY SCHOOL,,Mbeya,Mbeya,,
IGOMA-II PRIMARY SCHOOL,,Mbeya,Mbeya,,
IHANGO PRIMARY SCHOOL,,Mbeya,Mbeya,,
IKUMBI PRIMARY SCHOOL,,Mbeya,Mbeya,,
ILEMBO PRIMARY SCHOOL,,Mbeya,Mbeya,,
ILINDI PRIMARY SCHOOL,,Mbeya,Mbeya,,
IMEZU PRIMARY SCHOOL,,Mbeya,Mbeya,,
ISANGALA PRIMARY SCHOOL,,Mbeya,Mbeya,,
ISENDE PRIMARY SCHOOL,,Mbeya,Mbeya,,
ISUTO PRIMARY SCHOOL,,Mbeya,Mbeya,,
ITAGA PRIMARY SCHOOL,,Mbeya,Mbeya,,
ITAMBALILA PRIMARY SCHOOL,,Mbeya,Mbeya,,
ITIZI PRIMARY SCHOOL,,Mbeya,Mbeya,,
IWANGA PRIMARY SCHOOL,,Mbeya,Mbeya,,
IWINDI PRIMARY SCHOOL,,Mbeya,Mbeya,,
IYUNGA MAPINDUZI PRIMARY SCHOOL,,Mbeya,Mbeya,,
IZUO PRIMARY SCHOOL,,Mbeya,Mbeya,,
KAWETERE PRIMARY SCHOOL,,Mbeya,Mbeya,,
LUNJI PRIMARY SCHOOL,,Mbeya,Mbeya,,
LWANJILO PRIMARY SCHOOL,,Mbeya,Mbeya,,
MALOWE PRIMARY SCHOOL,,Mbeya,Mbeya,,
MASEWE PRIMARY SCHOOL,,Mbeya,Mbeya,,
MASYETA PRIMARY SCHOOL,,Mbeya,Mbeya,,
MBALIZI-II PRIMARY SCHOOL,,Mbeya,Mbeya,,
MBONILE PRIMARY SCHOOL,,Mbeya,Mbeya,,
MLIMARELI PRIMARY SCHOOL,,Mbeya,Mbeya,,
MSHEWE PRIMARY SCHOOL,,Mbeya,Mbeya,,
MUMBA PRIMARY SCHOOL,,Mbeya,Mbeya,,
MWAKASITA PRIMARY SCHOOL,,Mbeya,Mbeya,,
MWAMPALALA PRIMARY SCHOOL,,Mbeya,Mbeya,,
MWASHOMA PRIMARY SCHOOL,,Mbeya,Mbeya,,
NJELENJE-'A' PRIMARY SCHOOL,,Mbeya,Mbeya,,
NOPPO PRIMARY SCHOOL,,Mbeya,Mbeya,,
NSEGA PRIMARY SCHOOL,,Mbeya,Mbeya,,
NSONGWI-JUU PRIMARY SCHOOL,,Mbeya,Mbeya,,
ONICAH-KING JOSIAH PRIMARY SCHOOL,,Mbeya,Mbeya,,
PIPELINE PRIMARY SCHOOL,,Mbeya,Mbeya,,
SANJE PRIMARY SCHOOL,,Mbeya,Mbeya,,
SAYUMA PRIMARY SCHOOL,,Mbeya,Mbeya,,
SHIBOLYA PRIMARY SCHOOL,,Mbeya,Mbeya,,
SHINZINGO PRIMARY SCHOOL,,Mbeya,Mbeya,,
SHITETE PRIMARY SCHOOL,,Mbeya,Mbeya,,
SHUWA PRIMARY SCHOOL,,Mbeya,Mbeya,,
SONGWE-MAGEREZA PRIMARY SCHOOL,,Mbeya,Mbeya,,
UJAFU PRIMARY SCHOOL,,Mbeya,Mbeya,,
USOHA-MUUNGANO PRIMARY SCHOOL,,Mbeya,Mbeya,,
WIMBA PRIMARY SCHOOL,,Mbeya,Mbeya,,
AGGREY PRIMARY SCHOOL,,Mbeya,Mbeya Cc,,
HALENGO PRIMARY SCHOOL,,Mbeya,Mbeya Cc,,
HASANGA PRIMARY SCHOOL,,Mbeya,Mbeya Cc,,
IGANJO PRIMARY SCHOOL,,Mbeya,Mbeya Cc,,
IJOMBE PRIMARY SCHOOL,,Mbeya,Mbeya Cc,,
ILEMI PRIMARY SCHOOL,,Mbeya,Mbeya Cc,,
ITAGANO PRIMARY SCHOOL,,Mbeya,Mbeya Cc,,
IVUMWE PRIMARY SCHOOL,,Mbeya,Mbeya Cc,,
IYUNGA PRIMARY SCHOOL,,Mbeya,Mbeya Cc,,
MAANGA PRIMARY SCHOOL,,Mbeya,Mbeya Cc,,
MARY'S PRIMARY SCHOOL,,Mbeya,Mbeya Cc,,
META PRIMARY SCHOOL,,Mbeya,Mbeya Cc,,
MWAHALA PRIMARY SCHOOL,,Mbeya,Mbeya Cc,,
MWASANGA PRIMARY SCHOOL,,Mbeya,Mbeya Cc,,
NSALAGA PRIMARY SCHOOL,,Mbeya,Mbeya Cc,,
NYIGAMBA PRIMARY SCHOOL,,Mbeya,Mbeya Cc,,
RIVER SIDE PRIMARY SCHOOL,,Mbeya,Mbeya Cc,,
SISIMBA PRIMARY SCHOOL,,Mbeya,Mbeya Cc,,
ST.CLARA PRIMARY SCHOOL,,Mbeya,Mbeya Cc,,
UMMU SALAMA PRIMARY SCHOOL,,Mbeya,Mbeya Cc,,
UYOLE PRIMARY SCHOOL,,Mbeya,Mbeya Cc,,
AIRPORT PRIMARY SCHOOL,,Mbeya,Mbeya Cc,,
BENSON MPESYA PRIMARY SCHOOL,,Mbeya,Mbeya Cc,,
GOMBE PRIMARY SCHOOL,,Mbeya,Mbeya Cc,,
HALINJI PRIMARY SCHOOL,,Mbeya,Mbeya Cc,,
HAYANGA PRIMARY SCHOOL,,Mbeya,Mbeya Cc,,
IGANZO PRIMARY SCHOOL,,Mbeya,Mbeya Cc,,
ISAIAH SAMARITAN PRIMARY SCHOOL,,Mbeya,Mbeya Cc,,
ITEZI PRIMARY SCHOOL,,Mbeya,Mbeya Cc,,
IWAMBI PRIMARY SCHOOL,,Mbeya,Mbeya Cc,,
IZIWA PRIMARY SCHOOL,,Mbeya,Mbeya Cc,,
JULIUS PRIMARY SCHOOL,,Mbeya,Mbeya Cc,,
KALOBE PRIMARY SCHOOL,,Mbeya,Mbeya Cc,,
MBATA PRIMARY SCHOOL,,Mbeya,Mbeya Cc,,
MLOLE PRIMARY SCHOOL,,Mbeya,Mbeya Cc,,
MWAKIBETE PRIMARY SCHOOL,,Mbeya,Mbeya Cc,,
MWASENKWA PRIMARY SCHOOL,,Mbeya,Mbeya Cc,,
NERO PRIMARY SCHOOL,,Mbeya,Mbeya Cc,,
NSOHO PRIMARY SCHOOL,,Mbeya,Mbeya Cc,,
NZOVWE PRIMARY SCHOOL,,Mbeya,Mbeya Cc,,
RUANDA-NZOVWE PRIMARY SCHOOL,,Mbeya,Mbeya Cc,,
SINDE PRIMARY SCHOOL,,Mbeya,Mbeya Cc,,
ST MARCUS PRIMARY SCHOOL,,Mbeya,Mbeya Cc,,
STMARYS PRIMARY SCHOOL,,Mbeya,Mbeya Cc,,
TONYA PRIMARY SCHOOL,,Mbeya,Mbeya Cc,,
VETA PRIMARY SCHOOL,,Mbeya,Mbeya Cc,,
AKILISTARS PRIMARY SCHOOL,,Mbeya,Mbeya Cc,,
BESTA PRIMARY SCHOOL,,Mbeya,Mbeya Cc,,
CHIEF ROCKET MWANSHINGA PRIMARY SCHOOL,,Mbeya,Mbeya Cc,,
GREEN EAGLE PRIMARY SCHOOL,,Mbeya,Mbeya Cc,,
HANSESHELO PRIMARY SCHOOL,,Mbeya,Mbeya Cc,,
IDUDA PRIMARY SCHOOL,,Mbeya,Mbeya Cc,,
IKUTI PRIMARY SCHOOL,,Mbeya,Mbeya Cc,,
ILOMBA PRIMARY SCHOOL,,Mbeya,Mbeya Cc,,
ITIJI PRIMARY SCHOOL,,Mbeya,Mbeya Cc,,
IYELA PRIMARY SCHOOL,,Mbeya,Mbeya Cc,,
JUMA HOMERA PRE AND PRIMARY SCHOOL,,Mbeya,Mbeya Cc,,
LYOTO PRIMARY SCHOOL,,Mbeya,Mbeya Cc,,
MABONDE PRIMARY SCHOOL,,Mbeya,Mbeya Cc,,
MAGUFULI PRIMARY SCHOOL,,Mbeya,Mbeya Cc,,
MBEYA ADVENTIST PRIMARY SCHOOL,,Mbeya,Mbeya Cc,,
MWANYANJE PRIMARY SCHOOL,,Mbeya,Mbeya Cc,,
MWASOTE PRIMARY SCHOOL,,Mbeya,Mbeya Cc,,
NONDE PRIMARY SCHOOL,,Mbeya,Mbeya Cc,,
NSONGWI PRIMARY SCHOOL,,Mbeya,Mbeya Cc,,
PAMBOGO PRIMARY SCHOOL,,Mbeya,Mbeya Cc,,
SCRIPTURE UNION PRIMARY SCHOOL,,Mbeya,Mbeya Cc,,
SINSITILA PRIMARY SCHOOL,,Mbeya,Mbeya Cc,,
ST. CHARLES BORROMEO PRIMARY SCHOOL,,Mbeya,Mbeya Cc,,
UWATA PRIMARY SCHOOL,,Mbeya,Mbeya Cc,,
BUJINGA PRIMARY SCHOOL,,Mbeya,Rungwe,,
BUNYAKASEGE PRIMARY SCHOOL,,Mbeya,Rungwe,,
BUSONA PRIMARY SCHOOL,,Mbeya,Rungwe,,
GOJE PRIMARY SCHOOL,,Mbeya,Rungwe,,
IBAGHA PRIMARY SCHOOL,,Mbeya,Rungwe,,
IBUKA PRIMARY SCHOOL,,Mbeya,Rungwe,,
IGEMBE PRIMARY SCHOOL,,Mbeya,Rungwe,,
ILALABWE PRIMARY SCHOOL,,Mbeya,Rungwe,,
ILOTO PRIMARY SCHOOL,,Mbeya,Rungwe,,
IPONJOLA PRIMARY SCHOOL,,Mbeya,Rungwe,,
ISESELO PRIMARY SCHOOL,,Mbeya,Rungwe,,
ISUGA PRIMARY SCHOOL,,Mbeya,Rungwe,,
ITAGATA PRIMARY SCHOOL,,Mbeya,Rungwe,,
KABEMBE PRIMARY SCHOOL,,Mbeya,Rungwe,,
KAPUGI PRIMARY SCHOOL,,Mbeya,Rungwe,,
KATUMBA-II PRIMARY SCHOOL,,Mbeya,Rungwe,,
KIBWE PRIMARY SCHOOL,,Mbeya,Rungwe,,
KIKUYU PRIMARY SCHOOL,,Mbeya,Rungwe,,
KINYANGWA PRIMARY SCHOOL,,Mbeya,Rungwe,,
KISA PRIMARY SCHOOL,,Mbeya,Rungwe,,
KISUMBA PRIMARY SCHOOL,,Mbeya,Rungwe,,
KIWIRA PRIMARY SCHOOL,,Mbeya,Rungwe,,
KYOBO PRIMARY SCHOOL,,Mbeya,Rungwe,,
LUBEMBA PRIMARY SCHOOL,,Mbeya,Rungwe,,
LUKATA PRIMARY SCHOOL,,Mbeya,Rungwe,,
LUMBILA PRIMARY SCHOOL,,Mbeya,Rungwe,,
LUPOTO PRIMARY SCHOOL,,Mbeya,Rungwe,,
LYEBE PRIMARY SCHOOL,,Mbeya,Rungwe,,
MATWEBE PRIMARY SCHOOL,,Mbeya,Rungwe,,
MBAKA PRIMARY SCHOOL,,Mbeya,Rungwe,,
MIBULA PRIMARY SCHOOL,,Mbeya,Rungwe,,
MPELANGWASI PRIMARY SCHOOL,,Mbeya,Rungwe,,
NDITU PRIMARY SCHOOL,,Mbeya,Rungwe,,
NJIKULA PRIMARY SCHOOL,,Mbeya,Rungwe,,
NSONGWA PRIMARY SCHOOL,,Mbeya,Rungwe,,
RUNGWE PRIMARY SCHOOL,,Mbeya,Rungwe,,
SONGWE PRIMARY SCHOOL,,Mbeya,Rungwe,,
TUKUYU PRIMARY SCHOOL,,Mbeya,Rungwe,,
BUGOBA PRIMARY SCHOOL,,Mbeya,Rungwe,,
BULONGWE PRIMARY SCHOOL,,Mbeya,Rungwe,,
BUNYANGOMALE PRIMARY SCHOOL,,Mbeya,Rungwe,,
CHUO-MAGEREZA PRIMARY SCHOOL,,Mbeya,Rungwe,,
IBIGI PRIMARY SCHOOL,,Mbeya,Rungwe,,
IBULA PRIMARY SCHOOL,,Mbeya,Rungwe,,
IBUTU PRIMARY SCHOOL,,Mbeya,Rungwe,,
IKUKISYA PRIMARY SCHOOL,,Mbeya,Rungwe,,
ILENGE PRIMARY SCHOOL,,Mbeya,Rungwe,,
ILULWE PRIMARY SCHOOL,,Mbeya,Rungwe,,
ISHINGA PRIMARY SCHOOL,,Mbeya,Rungwe,,
ISUMBA PRIMARY SCHOOL,,Mbeya,Rungwe,,
ITIKI PRIMARY SCHOOL,,Mbeya,Rungwe,,
KAKALA PRIMARY SCHOOL,,Mbeya,Rungwe,,
KATABE PRIMARY SCHOOL,,Mbeya,Rungwe,,
KATUSYO PRIMARY SCHOOL,,Mbeya,Rungwe,,
KIBISI PRIMARY SCHOOL,,Mbeya,Rungwe,,
KIGUGU PRIMARY SCHOOL,,Mbeya,Rungwe,,
KINYIKA PRIMARY SCHOOL,,Mbeya,Rungwe,,
KISINDILE PRIMARY SCHOOL,,Mbeya,Rungwe,,
KITOPE PRIMARY SCHOOL,,Mbeya,Rungwe,,
KYAMBAMBEMBE PRIMARY SCHOOL,,Mbeya,Rungwe,,
KYOSA PRIMARY SCHOOL,,Mbeya,Rungwe,,
LUBWE PRIMARY SCHOOL,,Mbeya,Rungwe,,
LUKINGI PRIMARY SCHOOL,,Mbeya,Rungwe,,
LUPALE PRIMARY SCHOOL,,Mbeya,Rungwe,,
LUTENGANO-'N' PRIMARY SCHOOL,,Mbeya,Rungwe,,
LYENJE PRIMARY SCHOOL,,Mbeya,Rungwe,,
MAJOMBO PRIMARY SCHOOL,,Mbeya,Rungwe,,
MATWELI PRIMARY SCHOOL,,Mbeya,Rungwe,,
MBEYE-I PRIMARY SCHOOL,,Mbeya,Rungwe,,
MPUGUSO PRIMARY SCHOOL,,Mbeya,Rungwe,,
MWANKENJA PRIMARY SCHOOL,,Mbeya,Rungwe,,
NGUBATI PRIMARY SCHOOL,,Mbeya,Rungwe,,
NSYASYA PRIMARY SCHOOL,,Mbeya,Rungwe,,
NZUNDA PRIMARY SCHOOL,,Mbeya,Rungwe,,
SALEMU PRIMARY SCHOOL,,Mbeya,Rungwe,,
ST. JOSEPH ALLAMANO PRIMARY SCHOOL,,Mbeya,Rungwe,,
SYUKULA PRIMARY SCHOOL,,Mbeya,Rungwe,,
UKUKWE PRIMARY SCHOOL,,Mbeya,Rungwe,,
BUJELA PRIMARY SCHOOL,,Mbeya,Rungwe,,
BULYAGA PRIMARY SCHOOL,,Mbeya,Rungwe,,
BUSILYA PRIMARY SCHOOL,,Mbeya,Rungwe,,
GOD'S BRIDGE PRIMARY SCHOOL,,Mbeya,Rungwe,,
GOYE PRIMARY SCHOOL,,Mbeya,Rungwe,,
IBILILO PRIMARY SCHOOL,,Mbeya,Rungwe,,
IBUNGILA PRIMARY SCHOOL,,Mbeya,Rungwe,,
IDWELI PRIMARY SCHOOL,,Mbeya,Rungwe,,
IJIGHA PRIMARY SCHOOL,,Mbeya,Rungwe,,
ILIMA PRIMARY SCHOOL,,Mbeya,Rungwe,,
ILUNDO PRIMARY SCHOOL,,Mbeya,Rungwe,,
ISABULA PRIMARY SCHOOL,,Mbeya,Rungwe,,
ISEBELO PRIMARY SCHOOL,,Mbeya,Rungwe,,
ITULA PRIMARY SCHOOL,,Mbeya,Rungwe,,
KANYEGELE PRIMARY SCHOOL,,Mbeya,Rungwe,,
KATUMBA-I PRIMARY SCHOOL,,Mbeya,Rungwe,,
KAYUKI PRIMARY SCHOOL,,Mbeya,Rungwe,,
KIBUMBE PRIMARY SCHOOL,,Mbeya,Rungwe,,
KIKOLE PRIMARY SCHOOL,,Mbeya,Rungwe,,
KILOBA PRIMARY SCHOOL,,Mbeya,Rungwe,,
KIPANDE PRIMARY SCHOOL,,Mbeya,Rungwe,,
KISOKO PRIMARY SCHOOL,,Mbeya,Rungwe,,
KITULI PRIMARY SCHOOL,,Mbeya,Rungwe,,
KYIMBILA PRIMARY SCHOOL,,Mbeya,Rungwe,,
LUFINGO PRIMARY SCHOOL,,Mbeya,Rungwe,,
LUMBE PRIMARY SCHOOL,,Mbeya,Rungwe,,
LUPEPO PRIMARY SCHOOL,,Mbeya,Rungwe,,
LUTETE PRIMARY SCHOOL,,Mbeya,Rungwe,,
MAASA PRIMARY SCHOOL,,Mbeya,Rungwe,,
MAKANDANA PRIMARY SCHOOL,,Mbeya,Rungwe,,
MASUKULU PRIMARY SCHOOL,,Mbeya,Rungwe,,
MBAFWA PRIMARY SCHOOL,,Mbeya,Rungwe,,
MBUJAH PRIMARY SCHOOL,,Mbeya,Rungwe,,
MPANDAPANDA PRIMARY SCHOOL,,Mbeya,Rungwe,,
MPUMBULI PRIMARY SCHOOL,,Mbeya,Rungwe,,
NDAGA PRIMARY SCHOOL,,Mbeya,Rungwe,,
NGUMBULU PRIMARY SCHOOL,,Mbeya,Rungwe,,
NSONGOLA PRIMARY SCHOOL,,Mbeya,Rungwe,,
NTOKELA PRIMARY SCHOOL,,Mbeya,Rungwe,,
PAKATI PRIMARY SCHOOL,,Mbeya,Rungwe,,
SEGELA PRIMARY SCHOOL,,Mbeya,Rungwe,,
SUMA PRIMARY SCHOOL,,Mbeya,Rungwe,,
TUKUYU ADVENTIST PRIMARY SCHOOL,,Mbeya,Rungwe,,
UNYAMWANGA PRIMARY SCHOOL,,Mbeya,Rungwe,,
IBIHI PRIMARY SCHOOL,,Njombe,Ludewa,,
IKALO PRIMARY SCHOOL,,Njombe,Ludewa,,
ILELA PRIMARY SCHOOL,,Njombe,Ludewa,,
IWELA PRIMARY SCHOOL,,Njombe,Ludewa,,
KIMBILA PRIMARY SCHOOL,,Njombe,Ludewa,,
KIPANGALA PRIMARY SCHOOL,,Njombe,Ludewa,,
KITEWELE PRIMARY SCHOOL,,Njombe,Ludewa,,
LIFUA PRIMARY SCHOOL,,Njombe,Ludewa,,
LIGANGA PRIMARY SCHOOL,,Njombe,Ludewa,,
LIPANGARA PRIMARY SCHOOL,,Njombe,Ludewa,,
LUANA PRIMARY SCHOOL,,Njombe,Ludewa,,
LUDEWA-KIJIJINI PRIMARY SCHOOL,,Njombe,Ludewa,,
LUGARAWA PRIMARY SCHOOL,,Njombe,Ludewa,,
LUPEFU PRIMARY SCHOOL,,Njombe,Ludewa,,
LUSITU PRIMARY SCHOOL,,Njombe,Ludewa,,
LUVUYO PRIMARY SCHOOL,,Njombe,Ludewa,,
MADOPE PRIMARY SCHOOL,,Njombe,Ludewa,,
MAKONDE PRIMARY SCHOOL,,Njombe,Ludewa,,
MASAULA PRIMARY SCHOOL,,Njombe,Ludewa,,
MATIKA PRIMARY SCHOOL,,Njombe,Ludewa,,
MAVANGA PRIMARY SCHOOL,,Njombe,Ludewa,,
MCHUCHUMA PRIMARY SCHOOL,,Njombe,Ludewa,,
MFALASI PRIMARY SCHOOL,,Njombe,Ludewa,,
MORNING STAR PRIMARY SCHOOL,,Njombe,Ludewa,,
MUNDINDI PRIMARY SCHOOL,,Njombe,Ludewa,,
NGELENGE PRIMARY SCHOOL,,Njombe,Ludewa,,
NKANDA PRIMARY SCHOOL,,Njombe,Ludewa,,
NSELE PRIMARY SCHOOL,,Njombe,Ludewa,,
NYAMALAMBA PRIMARY SCHOOL,,Njombe,Ludewa,,
ULONGE PRIMARY SCHOOL,,Njombe,Ludewa,,
WECHA PRIMARY SCHOOL,,Njombe,Ludewa,,
IBUMI PRIMARY SCHOOL,,Njombe,Ludewa,,
IKULUNGILO PRIMARY SCHOOL,,Njombe,Ludewa,,
ILININDA PRIMARY SCHOOL,,Njombe,Ludewa,,
IYUNGUYA PRIMARY SCHOOL,,Njombe,Ludewa,,
KILONDO PRIMARY SCHOOL,,Njombe,Ludewa,,
KIMELEMBE PRIMARY SCHOOL,,Njombe,Ludewa,,
KIPINGU PRIMARY SCHOOL,,Njombe,Ludewa,,
KIYOGO PRIMARY SCHOOL,,Njombe,Ludewa,,
LIFUMA PRIMARY SCHOOL,,Njombe,Ludewa,,
LIGUMBIRO PRIMARY SCHOOL,,Njombe,Ludewa,,
LIUGAI PRIMARY SCHOOL,,Njombe,Ludewa,,
LUBINDI PRIMARY SCHOOL,,Njombe,Ludewa,,
LUDEWA-MJINI PRIMARY SCHOOL,,Njombe,Ludewa,,
LUHAHA PRIMARY SCHOOL,,Njombe,Ludewa,,
LUPANDE PRIMARY SCHOOL,,Njombe,Ludewa,,
LUPINGU PRIMARY SCHOOL,,Njombe,Ludewa,,
LUTALA PRIMARY SCHOOL,,Njombe,Ludewa,,
MADILU PRIMARY SCHOOL,,Njombe,Ludewa,,
MADUNDA PRIMARY SCHOOL,,Njombe,Ludewa,,
MAMALILO PRIMARY SCHOOL,,Njombe,Ludewa,,
MANYANYA PRIMARY SCHOOL,,Njombe,Ludewa,,
MASIMAVALAFU PRIMARY SCHOOL,,Njombe,Ludewa,,
MATUNDU PRIMARY SCHOOL,,Njombe,Ludewa,,
MAWENGI PRIMARY SCHOOL,,Njombe,Ludewa,,
MBWEYA PRIMARY SCHOOL,,Njombe,Ludewa,,
MDETE PRIMARY SCHOOL,,Njombe,Ludewa,,
MHAMBALASI PRIMARY SCHOOL,,Njombe,Ludewa,,
MKONGOBAKI PRIMARY SCHOOL,,Njombe,Ludewa,,
MUHUMBI PRIMARY SCHOOL,,Njombe,Ludewa,,
NDOWA PRIMARY SCHOOL,,Njombe,Ludewa,,
NINDI PRIMARY SCHOOL,,Njombe,Ludewa,,
NKOMANG'OMBE PRIMARY SCHOOL,,Njombe,Ludewa,,
NSISI PRIMARY SCHOOL,,Njombe,Ludewa,,
SAGALU PRIMARY SCHOOL,,Njombe,Ludewa,,
FIGANGA PRIMARY SCHOOL,,Njombe,Ludewa,,
IGALU PRIMARY SCHOOL,,Njombe,Ludewa,,
ILAWA PRIMARY SCHOOL,,Njombe,Ludewa,,
ITUNDU PRIMARY SCHOOL,,Njombe,Ludewa,,
KIBITO PRIMARY SCHOOL,,Njombe,Ludewa,,
KIMATA PRIMARY SCHOOL,,Njombe,Ludewa,,
KINGOLE PRIMARY SCHOOL,,Njombe,Ludewa,,
KISAULA PRIMARY SCHOOL,,Njombe,Ludewa,,
LIFUNGULU PRIMARY SCHOOL,,Njombe,Ludewa,,
LIHAGULE PRIMARY SCHOOL,,Njombe,Ludewa,,
LIUNJI PRIMARY SCHOOL,,Njombe,Ludewa,,
LUDENDE PRIMARY SCHOOL,,Njombe,Ludewa,,
LUFUMBU PRIMARY SCHOOL,,Njombe,Ludewa,,
LUILO PRIMARY SCHOOL,,Njombe,Ludewa,,
LUPANGA PRIMARY SCHOOL,,Njombe,Ludewa,,
LUSALA PRIMARY SCHOOL,,Njombe,Ludewa,,
LUVUNGO PRIMARY SCHOOL,,Njombe,Ludewa,,
MADINDO PRIMARY SCHOOL,,Njombe,Ludewa,,
MAHOLONG'WA PRIMARY SCHOOL,,Njombe,Ludewa,,
MASIMBWE PRIMARY SCHOOL,,Njombe,Ludewa,,
MAVALA PRIMARY SCHOOL,,Njombe,Ludewa,,
MBONGO PRIMARY SCHOOL,,Njombe,Ludewa,,
MBWILA PRIMARY SCHOOL,,Njombe,Ludewa,,
MFALANYAKI PRIMARY SCHOOL,,Njombe,Ludewa,,
MHOLO PRIMARY SCHOOL,,Njombe,Ludewa,,
MKING'INO PRIMARY SCHOOL,,Njombe,Ludewa,,
MLANGALI PRIMARY SCHOOL,,Njombe,Ludewa,,
MUNDINDI ELIMU MAALUM PRIMARY SCHOOL,,Njombe,Ludewa,,
NGALAWALE PRIMARY SCHOOL,,Njombe,Ludewa,,
NJELELA PRIMARY SCHOOL,,Njombe,Ludewa,,
NKWIMBILI PRIMARY SCHOOL,,Njombe,Ludewa,,
NTUMBATI PRIMARY SCHOOL,,Njombe,Ludewa,,
SAMBALA PRIMARY SCHOOL,,Njombe,Ludewa,,
UGERA PRIMARY SCHOOL,,Njombe,Ludewa,,
UTILILI PRIMARY SCHOOL,,Njombe,Ludewa,,
CHRISTIAAN PRIMARY SCHOOL,,Njombe,Makambako Tc,,
IDOFI PRIMARY SCHOOL,,Njombe,Makambako Tc,,
ILANGAMOTO PRIMARY SCHOOL,,Njombe,Makambako Tc,,
KIFUMBE PRIMARY SCHOOL,,Njombe,Makambako Tc,,
KITANDILILO PRIMARY SCHOOL,,Njombe,Makambako Tc,,
LYAMKENA PRIMARY SCHOOL,,Njombe,Makambako Tc,,
MAGUVANI PRIMARY SCHOOL,,Njombe,Makambako Tc,,
MAKAMBAKO PRIMARY SCHOOL,,Njombe,Makambako Tc,,
MAWANDE PRIMARY SCHOOL,,Njombe,Makambako Tc,,
MLUDZA PRIMARY SCHOOL,,Njombe,Makambako Tc,,
MTULINGALA PRIMARY SCHOOL,,Njombe,Makambako Tc,,
MWEMBETOGWA PRIMARY SCHOOL,,Njombe,Makambako Tc,,
BRIGHT STAR PRIMARY SCHOOL,,Njombe,Makambako Tc,,
DEO SANGA PRIMARY SCHOOL,,Njombe,Makambako Tc,,
IKELU PRIMARY SCHOOL,,Njombe,Makambako Tc,,
KIUMBA PRIMARY SCHOOL,,Njombe,Makambako Tc,,
MLENGA PRIMARY SCHOOL,,Njombe,Makambako Tc,,
SELENGA PRIMARY SCHOOL,,Njombe,Makambako Tc,,
WANGAMA PRIMARY SCHOOL,,Njombe,Makambako Tc,,
IBATU PRIMARY SCHOOL,,Njombe,Makambako Tc,,
IKWETE PRIMARY SCHOOL,,Njombe,Makambako Tc,,
KAHAWA PRIMARY SCHOOL,,Njombe,Makambako Tc,,
LUNGWA PRIMARY SCHOOL,,Njombe,Makambako Tc,,
MAGEGELE PRIMARY SCHOOL,,Njombe,Makambako Tc,,
MFUMBI PRIMARY SCHOOL,,Njombe,Makambako Tc,,
MLOWA PRIMARY SCHOOL,,Njombe,Makambako Tc,,
MTANGA PRIMARY SCHOOL,,Njombe,Makambako Tc,,
MWEMBETOGWA 'B' PRIMARY SCHOOL,,Njombe,Makambako Tc,,
NYAMANDE PRIMARY SCHOOL,,Njombe,Makambako Tc,,
SIGRID PRIMARY SCHOOL,,Njombe,Makambako Tc,,
USETULE PRIMARY SCHOOL,,Njombe,Makambako Tc,,
ZIGA PRIMARY SCHOOL,,Njombe,Makambako Tc,,
BULONGWA PRIMARY SCHOOL,,Njombe,Makete,,
IGUMBILO PRIMARY SCHOOL,,Njombe,Makete,,
IKETE PRIMARY SCHOOL,,Njombe,Makete,,
IKOVOKOVO PRIMARY SCHOOL,,Njombe,Makete,,
ILEVELO PRIMARY SCHOOL,,Njombe,Makete,,
IPELELE PRIMARY SCHOOL,,Njombe,Makete,,
IVALALILA PRIMARY SCHOOL,,Njombe,Makete,,
IWAWA PRIMARY SCHOOL,,Njombe,Makete,,
KIDUGA PRIMARY SCHOOL,,Njombe,Makete,,
KIJYOMBO PRIMARY SCHOOL,,Njombe,Makete,,
KIMANI PRIMARY SCHOOL,,Njombe,Makete,,
LUDIHANI PRIMARY SCHOOL,,Njombe,Makete,,
LUPALILO PRIMARY SCHOOL,,Njombe,Makete,,
LUVULUNGE PRIMARY SCHOOL,,Njombe,Makete,,
MAFIGA PRIMARY SCHOOL,,Njombe,Makete,,
MAHANJI PRIMARY SCHOOL,,Njombe,Makete,,
MAKETE PRIMARY SCHOOL,,Njombe,Makete,,
MALANDUKU PRIMARY SCHOOL,,Njombe,Makete,,
MASISIWE PRIMARY SCHOOL,,Njombe,Makete,,
MBALACHE PRIMARY SCHOOL,,Njombe,Makete,,
MISSIWA PRIMARY SCHOOL,,Njombe,Makete,,
MLONDWE PRIMARY SCHOOL,,Njombe,Makete,,
MWALUSA PRIMARY SCHOOL,,Njombe,Makete,,
NGOJE PRIMARY SCHOOL,,Njombe,Makete,,
NKENJA PRIMARY SCHOOL,,Njombe,Makete,,
ST. JOAKIM PRIMARY SCHOOL,,Njombe,Makete,,
TANDALA PRIMARY SCHOOL,,Njombe,Makete,,
UGANGA PRIMARY SCHOOL,,Njombe,Makete,,
UNYANGALA PRIMARY SCHOOL,,Njombe,Makete,,
USUNGILO PRIMARY SCHOOL,,Njombe,Makete,,
UWATA-LUPALILO PRIMARY SCHOOL,,Njombe,Makete,,
IBAGA PRIMARY SCHOOL,,Njombe,Makete,,
IGHALA PRIMARY SCHOOL,,Njombe,Makete,,
IKONDA PRIMARY SCHOOL,,Njombe,Makete,,
IKUNGULA PRIMARY SCHOOL,,Njombe,Makete,,
ILINDIWE PRIMARY SCHOOL,,Njombe,Makete,,
IMEHE PRIMARY SCHOOL,,Njombe,Makete,,
IPEPO PRIMARY SCHOOL,,Njombe,Makete,,
IVILIKINGE PRIMARY SCHOOL,,Njombe,Makete,,
KATENGA PRIMARY SCHOOL,,Njombe,Makete,,
KIGALA PRIMARY SCHOOL,,Njombe,Makete,,
KILANJI PRIMARY SCHOOL,,Njombe,Makete,,
LUDODOLELO PRIMARY SCHOOL,,Njombe,Makete,,
LUPILA PRIMARY SCHOOL,,Njombe,Makete,,
LUWUMBU PRIMARY SCHOOL,,Njombe,Makete,,
MAGO PRIMARY SCHOOL,,Njombe,Makete,,
MAHULU PRIMARY SCHOOL,,Njombe,Makete,,
MAKUSI PRIMARY SCHOOL,,Njombe,Makete,,
MALEMBULI PRIMARY SCHOOL,,Njombe,Makete,,
MATAMBA PRIMARY SCHOOL,,Njombe,Makete,,
MLANDA PRIMARY SCHOOL,,Njombe,Makete,,
MPANGALA PRIMARY SCHOOL,,Njombe,Makete,,
NG'ONDE PRIMARY SCHOOL,,Njombe,Makete,,
NKONDO PRIMARY SCHOOL,,Njombe,Makete,,
ST. MONICA PRIMARY SCHOOL,,Njombe,Makete,,
UBILUKO PRIMARY SCHOOL,,Njombe,Makete,,
UJUNI PRIMARY SCHOOL,,Njombe,Makete,,
ULUMBA PRIMARY SCHOOL,,Njombe,Makete,,
USAGATIKWA PRIMARY SCHOOL,,Njombe,Makete,,
UTENGULE PRIMARY SCHOOL,,Njombe,Makete,,
IDENDE PRIMARY SCHOOL,,Njombe,Makete,,
IGOLWA PRIMARY SCHOOL,,Njombe,Makete,,
IHELA PRIMARY SCHOOL,,Njombe,Makete,,
IKOVO PRIMARY SCHOOL,,Njombe,Makete,,
IKUWO PRIMARY SCHOOL,,Njombe,Makete,,
INIHO PRIMARY SCHOOL,,Njombe,Makete,,
ISAPULANO PRIMARY SCHOOL,,Njombe,Makete,,
IWALE PRIMARY SCHOOL,,Njombe,Makete,,
KIDOPE PRIMARY SCHOOL,,Njombe,Makete,,
KIGULU PRIMARY SCHOOL,,Njombe,Makete,,
KISASATU PRIMARY SCHOOL,,Njombe,Makete,,
KITULO PRIMARY SCHOOL,,Njombe,Makete,,
LUGODA PRIMARY SCHOOL,,Njombe,Makete,,
LUPOMBWE PRIMARY SCHOOL,,Njombe,Makete,,
MADIHANI PRIMARY SCHOOL,,Njombe,Makete,,
MAGOYE PRIMARY SCHOOL,,Njombe,Makete,,
MAKANGALAWE PRIMARY SCHOOL,,Njombe,Makete,,
MAKWARANGA PRIMARY SCHOOL,,Njombe,Makete,,
MALEUTSI PRIMARY SCHOOL,,Njombe,Makete,,
MANG'OTO PRIMARY SCHOOL,,Njombe,Makete,,
MATENGA PRIMARY SCHOOL,,Njombe,Makete,,
MLENGU PRIMARY SCHOOL,,Njombe,Makete,,
MWAKAUTA PRIMARY SCHOOL,,Njombe,Makete,,
NDULAMO PRIMARY SCHOOL,,Njombe,Makete,,
NHUNGU PRIMARY SCHOOL,,Njombe,Makete,,
RUAHA PRIMARY SCHOOL,,Njombe,Makete,,
SUNJI PRIMARY SCHOOL,,Njombe,Makete,,
UGABWA PRIMARY SCHOOL,,Njombe,Makete,,
UKANGE PRIMARY SCHOOL,,Njombe,Makete,,
UNENAMWA PRIMARY SCHOOL,,Njombe,Makete,,
USALIMWANI PRIMARY SCHOOL,,Njombe,Makete,,
UTWEVE PRIMARY SCHOOL,,Njombe,Makete,,
COLOMBO PRE PRIMARY SCHOOL,,Njombe,Njombe,,
GOD GIVEN PRIMARY SCHOOL,,Njombe,Njombe,,
IGONGOLO PRIMARY SCHOOL,,Njombe,Njombe,,
IKANDO PRIMARY SCHOOL,,Njombe,Njombe,,
IKUNA PRIMARY SCHOOL,,Njombe,Njombe,,
IMAGE PRIMARY SCHOOL,,Njombe,Njombe,,
ITUNDUMA PRIMARY SCHOOL,,Njombe,Njombe,,
KANIKELELE PRIMARY SCHOOL,,Njombe,Njombe,,
KITOLE PRIMARY SCHOOL,,Njombe,Njombe,,
LWANZALI PRIMARY SCHOOL,,Njombe,Njombe,,
MADUMA PRIMARY SCHOOL,,Njombe,Njombe,,
MAKULA PRIMARY SCHOOL,,Njombe,Njombe,,
MFRIGA PRIMARY SCHOOL,,Njombe,Njombe,,
NINGA PRIMARY SCHOOL,,Njombe,Njombe,,
SOVI PRIMARY SCHOOL,,Njombe,Njombe,,
UPAMI PRIMARY SCHOOL,,Njombe,Njombe,,
CONSOLATHA PRIMARY SCHOOL,,Njombe,Njombe,,
HAVANGA PRIMARY SCHOOL,,Njombe,Njombe,,
IDITIMA PRIMARY SCHOOL,,Njombe,Njombe,,
IHANG'ANA PRIMARY SCHOOL,,Njombe,Njombe,,
IKANG'ASI PRIMARY SCHOOL,,Njombe,Njombe,,
ILENGITITU PRIMARY SCHOOL,,Njombe,Njombe,,
INYAMALO PRIMARY SCHOOL,,Njombe,Njombe,,
ISOLIWAYA PRIMARY SCHOOL,,Njombe,Njombe,,
IWAFI PRIMARY SCHOOL,,Njombe,Njombe,,
KICHIWA PRIMARY SCHOOL,,Njombe,Njombe,,
LIMA PRIMARY SCHOOL,,Njombe,Njombe,,
LUNGUYA PRIMARY SCHOOL,,Njombe,Njombe,,
LYALALO PRIMARY SCHOOL,,Njombe,Njombe,,
MAGOMATI PRIMARY SCHOOL,,Njombe,Njombe,,
MATEMBWE PRIMARY SCHOOL,,Njombe,Njombe,,
MHANU PRIMARY SCHOOL,,Njombe,Njombe,,
NYAVE PRIMARY SCHOOL,,Njombe,Njombe,,
TAGAMENDA PRIMARY SCHOOL,,Njombe,Njombe,,
WANGINYI PRIMARY SCHOOL,,Njombe,Njombe,,
DZUNGULE PRIMARY SCHOOL,,Njombe,Njombe,,
IBIKI PRIMARY SCHOOL,,Njombe,Njombe,,
IDONGELA PRIMARY SCHOOL,,Njombe,Njombe,,
IHANZINYI PRIMARY SCHOOL,,Njombe,Njombe,,
ILUNDA PRIMARY SCHOOL,,Njombe,Njombe,,
ITIPINGI PRIMARY SCHOOL,,Njombe,Njombe,,
IYEMBELA PRIMARY SCHOOL,,Njombe,Njombe,,
KIDEGEMBYE PRIMARY SCHOOL,,Njombe,Njombe,,
LIMAKWALE PRIMARY SCHOOL,,Njombe,Njombe,,
LUPEMBE PRIMARY SCHOOL,,Njombe,Njombe,,
MADEKE PRIMARY SCHOOL,,Njombe,Njombe,,
MAHALULE PRIMARY SCHOOL,,Njombe,Njombe,,
MATIGANJOLA PRIMARY SCHOOL,,Njombe,Njombe,,
MKONDOA PRIMARY SCHOOL,,Njombe,Njombe,,
NYOMBO PRIMARY SCHOOL,,Njombe,Njombe,,
UKALAWA PRIMARY SCHOOL,,Njombe,Njombe,,
WELELA PRIMARY SCHOOL,,Njombe,Njombe,,
COMPASSION PRIMARY SCHOOL,,Njombe,Njombe Tc,,
IBOYA PRIMARY SCHOOL,,Njombe,Njombe Tc,,
IGOMINYI PRIMARY SCHOOL,,Njombe,Njombe Tc,,
IKISA PRIMARY SCHOOL,,Njombe,Njombe Tc,,
ITULIKE PRIMARY SCHOOL,,Njombe,Njombe Tc,,
KIBENA PRIMARY SCHOOL,,Njombe,Njombe Tc,,
KIYAULA PRIMARY SCHOOL,,Njombe,Njombe Tc,,
LIHOGOSA PRIMARY SCHOOL,,Njombe,Njombe Tc,,
LUPONDE PRIMARY SCHOOL,,Njombe,Njombe Tc,,
MAKOWO PRIMARY SCHOOL,,Njombe,Njombe Tc,,
MARIAN NUNDU PRIMARY SCHOOL,,Njombe,Njombe Tc,,
MGODECHI PRIMARY SCHOOL,,Njombe,Njombe Tc,,
MOTHER TERESA PRIMARY SCHOOL,,Njombe,Njombe Tc,,
MSINDU PRIMARY SCHOOL,,Njombe,Njombe Tc,,
NGALANGA PRIMARY SCHOOL,,Njombe,Njombe Tc,,
NJOMBE JUNIOR PRIMARY SCHOOL,,Njombe,Njombe Tc,,
NOLE PRIMARY SCHOOL,,Njombe,Njombe Tc,,
PELUHANDA PRIMARY SCHOOL,,Njombe,Njombe Tc,,
RUHUJI PRIMARY SCHOOL,,Njombe,Njombe Tc,,
ST DONBOSCO PRIMARY SCHOOL,,Njombe,Njombe Tc,,
WIKICHI PRIMARY SCHOOL,,Njombe,Njombe Tc,,
BOIMANDA PRIMARY SCHOOL,,Njombe,Njombe Tc,,
DEO MWANYIKA PRIMARY SCHOOL,,Njombe,Njombe Tc,,
IDIHANI PRIMARY SCHOOL,,Njombe,Njombe Tc,,
IGOLA PRIMARY SCHOOL,,Njombe,Njombe Tc,,
IHALULA PRIMARY SCHOOL,,Njombe,Njombe Tc,,
ILOWOLA PRIMARY SCHOOL,,Njombe,Njombe Tc,,
IWUNGILO PRIMARY SCHOOL,,Njombe,Njombe Tc,,
KIFANYA PRIMARY SCHOOL,,Njombe,Njombe Tc,,
KISILO PRIMARY SCHOOL,,Njombe,Njombe Tc,,
KKKT VIZIWI PRIMARY SCHOOL,,Njombe,Njombe Tc,,
LILOMBWI PRIMARY SCHOOL,,Njombe,Njombe Tc,,
LIWENGI PRIMARY SCHOOL,,Njombe,Njombe Tc,,
MADOBOLE PRIMARY SCHOOL,,Njombe,Njombe Tc,,
MAHEVE PRIMARY SCHOOL,,Njombe,Njombe Tc,,
MAMONGORO PRIMARY SCHOOL,,Njombe,Njombe Tc,,
MATOLA PRIMARY SCHOOL,,Njombe,Njombe Tc,,
MFEREKE PRIMARY SCHOOL,,Njombe,Njombe Tc,,
MIKONGO PRIMARY SCHOOL,,Njombe,Njombe Tc,,
MKELA PRIMARY SCHOOL,,Njombe,Njombe Tc,,
MPECHI PRIMARY SCHOOL,,Njombe,Njombe Tc,,
MT BAKITA PRIMARY SCHOOL,,Njombe,Njombe Tc,,
NG'ELAMO PRIMARY SCHOOL,,Njombe,Njombe Tc,,
NJOMBE PRIMARY SCHOOL,,Njombe,Njombe Tc,,
RAMADHANI PRIMARY SCHOOL,,Njombe,Njombe Tc,,
SOVELO PRIMARY SCHOOL,,Njombe,Njombe Tc,,
ST GETRUDE IMILIWAHA PRIMARY SCHOOL,,Njombe,Njombe Tc,,
ULIWA PRIMARY SCHOOL,,Njombe,Njombe Tc,,
UTALINGORO PRIMARY SCHOOL,,Njombe,Njombe Tc,,
YAKOBI PRIMARY SCHOOL,,Njombe,Njombe Tc,,
CHALIMA PRIMARY SCHOOL,,Njombe,Njombe Tc,,
GILGAL PRIMARY SCHOOL,,Njombe,Njombe Tc,,
IDUCHU PRIMARY SCHOOL,,Njombe,Njombe Tc,,
ITIPULA PRIMARY SCHOOL,,Njombe,Njombe Tc,,
KILENZI PRIMARY SCHOOL,,Njombe,Njombe Tc,,
KITULILA PRIMARY SCHOOL,,Njombe,Njombe Tc,,
KONA PRIMARY SCHOOL,,Njombe,Njombe Tc,,
LIMAGE PRIMARY SCHOOL,,Njombe,Njombe Tc,,
LUGENGE PRIMARY SCHOOL,,Njombe,Njombe Tc,,
LWANGU PRIMARY SCHOOL,,Njombe,Njombe Tc,,
MAKANJAULA PRIMARY SCHOOL,,Njombe,Njombe Tc,,
MBEGA PRIMARY SCHOOL,,Njombe,Njombe Tc,,
MGALA PRIMARY SCHOOL,,Njombe,Njombe Tc,,
MIVA PRIMARY SCHOOL,,Njombe,Njombe Tc,,
MPETO PRIMARY SCHOOL,,Njombe,Njombe Tc,,
MTILA PRIMARY SCHOOL,,Njombe,Njombe Tc,,
NAZARETH PRIMARY SCHOOL,,Njombe,Njombe Tc,,
NJOMBE DAY PRIMARY SCHOOL,,Njombe,Njombe Tc,,
NJOOMLOLE PRIMARY SCHOOL,,Njombe,Njombe Tc,,
NYAMUYUYA PRIMARY SCHOOL,,Njombe,Njombe Tc,,
RUHUJI B PRIMARY SCHOOL,,Njombe,Njombe Tc,,
SENGA PRIMARY SCHOOL,,Njombe,Njombe Tc,,
ST BENEDICT PRIMARY SCHOOL,,Njombe,Njombe Tc,,
ST MARY'S ANGLICAN PRIMARY SCHOOL,,Njombe,Njombe Tc,,
UMAGO PRIMARY SCHOOL,,Njombe,Njombe Tc,,
UWEMBA PRIMARY SCHOOL,,Njombe,Njombe Tc,,
DULAMU PRIMARY SCHOOL,,Njombe,Wanging'Ombe,,
HANJAWANU PRIMARY SCHOOL,,Njombe,Wanging'Ombe,,
IGELANGO PRIMARY SCHOOL,,Njombe,Wanging'Ombe,,
IGIMA PRIMARY SCHOOL,,Njombe,Wanging'Ombe,,
IGOSI PRIMARY SCHOOL,,Njombe,Wanging'Ombe,,
IHANJA PRIMARY SCHOOL,,Njombe,Wanging'Ombe,,
IKULIMAMBO PRIMARY SCHOOL,,Njombe,Wanging'Ombe,,
ILEMBULA PRIMARY SCHOOL,,Njombe,Wanging'Ombe,,
IPONDA PRIMARY SCHOOL,,Njombe,Wanging'Ombe,,
ITAMBO PRIMARY SCHOOL,,Njombe,Wanging'Ombe,,
ITENGELO PRIMARY SCHOOL,,Njombe,Wanging'Ombe,,
IYAYI PRIMARY SCHOOL,,Njombe,Wanging'Ombe,,
KANANI PRIMARY SCHOOL,,Njombe,Wanging'Ombe,,
KIDUGALA PRIMARY SCHOOL,,Njombe,Wanging'Ombe,,
KIPENGERE PRIMARY SCHOOL,,Njombe,Wanging'Ombe,,
LITUNDU PRIMARY SCHOOL,,Njombe,Wanging'Ombe,,
LYADEBWE PRIMARY SCHOOL,,Njombe,Wanging'Ombe,,
MAFINGA PRIMARY SCHOOL,,Njombe,Wanging'Ombe,,
MASAGE PRIMARY SCHOOL,,Njombe,Wanging'Ombe,,
MATOWO PRIMARY SCHOOL,,Njombe,Wanging'Ombe,,
MBEMBE PRIMARY SCHOOL,,Njombe,Wanging'Ombe,,
MDZOMBE PRIMARY SCHOOL,,Njombe,Wanging'Ombe,,
MLEVELA PRIMARY SCHOOL,,Njombe,Wanging'Ombe,,
MUNG'ELENGE PRIMARY SCHOOL,,Njombe,Wanging'Ombe,,
NG'ANDA PRIMARY SCHOOL,,Njombe,Wanging'Ombe,,
ROSELIGHT PRIMARY SCHOOL,,Njombe,Wanging'Ombe,,
UFWALA PRIMARY SCHOOL,,Njombe,Wanging'Ombe,,
UHENGA PRIMARY SCHOOL,,Njombe,Wanging'Ombe,,
USALULE PRIMARY SCHOOL,,Njombe,Wanging'Ombe,,
UTELEWE PRIMARY SCHOOL,,Njombe,Wanging'Ombe,,
WANGAMIKO PRIMARY SCHOOL,,Njombe,Wanging'Ombe,,
BANAWANU PRIMARY SCHOOL,,Njombe,Wanging'Ombe,,
ELLY'S PRIMARY SCHOOL,,Njombe,Wanging'Ombe,,
IDENYIMEMBE PRIMARY SCHOOL,,Njombe,Wanging'Ombe,,
IGAGALA PRIMARY SCHOOL,,Njombe,Wanging'Ombe,,
IGELEHEDZA PRIMARY SCHOOL,,Njombe,Wanging'Ombe,,
IGODIVAHA PRIMARY SCHOOL,,Njombe,Wanging'Ombe,,
IGULA PRIMARY SCHOOL,,Njombe,Wanging'Ombe,,
IHANZUTWA PRIMARY SCHOOL,,Njombe,Wanging'Ombe,,
IKWAVILA PRIMARY SCHOOL,,Njombe,Wanging'Ombe,,
ILOVI PRIMARY SCHOOL,,Njombe,Wanging'Ombe,,
IMALINYI PRIMARY SCHOOL,,Njombe,Wanging'Ombe,,
ISIMIKE PRIMARY SCHOOL,,Njombe,Wanging'Ombe,,
ITANANA PRIMARY SCHOOL,,Njombe,Wanging'Ombe,,
ITENI PRIMARY SCHOOL,,Njombe,Wanging'Ombe,,
ITULAHUMBA PRIMARY SCHOOL,,Njombe,Wanging'Ombe,,
KASAGALA PRIMARY SCHOOL,,Njombe,Wanging'Ombe,,
KIJOMBE PRIMARY SCHOOL,,Njombe,Wanging'Ombe,,
KITUMBIKA PRIMARY SCHOOL,,Njombe,Wanging'Ombe,,
LUDUGA PRIMARY SCHOOL,,Njombe,Wanging'Ombe,,
LUSISI PRIMARY SCHOOL,,Njombe,Wanging'Ombe,,
LYAMULUKI PRIMARY SCHOOL,,Njombe,Wanging'Ombe,,
MASAULWA PRIMARY SCHOOL,,Njombe,Wanging'Ombe,,
MDANDU PRIMARY SCHOOL,,Njombe,Wanging'Ombe,,
MHAJI PRIMARY SCHOOL,,Njombe,Wanging'Ombe,,
MNGATE PRIMARY SCHOOL,,Njombe,Wanging'Ombe,,
MPULULU PRIMARY SCHOOL,,Njombe,Wanging'Ombe,,
MTAPA PRIMARY SCHOOL,,Njombe,Wanging'Ombe,,
NYUMBANITU PRIMARY SCHOOL,,Njombe,Wanging'Ombe,,
ST.ELIZABETH PRE-PRIMARY SCHOOL,,Njombe,Wanging'Ombe,,
UJANGE PRIMARY SCHOOL,,Njombe,Wanging'Ombe,,
UKOMOLA PRIMARY SCHOOL,,Njombe,Wanging'Ombe,,
USITA PRIMARY SCHOOL,,Njombe,Wanging'Ombe,,
UTIGA PRIMARY SCHOOL,,Njombe,Wanging'Ombe,,
WANGING'OMBE PRIMARY SCHOOL,,Njombe,Wanging'Ombe,,
CHALOWE PRIMARY SCHOOL,,Njombe,Wanging'Ombe,,
GONELAMAFUTA PRIMARY SCHOOL,,Njombe,Wanging'Ombe,,
IDINDILIMUNYO PRIMARY SCHOOL,,Njombe,Wanging'Ombe,,
IGANDO PRIMARY SCHOOL,,Njombe,Wanging'Ombe,,
IGOMBA PRIMARY SCHOOL,,Njombe,Wanging'Ombe,,
IGWACHANYA PRIMARY SCHOOL,,Njombe,Wanging'Ombe,,
IKANGA PRIMARY SCHOOL,,Njombe,Wanging'Ombe,,
IKWEGA PRIMARY SCHOOL,,Njombe,Wanging'Ombe,,
ILULU PRIMARY SCHOOL,,Njombe,Wanging'Ombe,,
ING'ENYANGO PRIMARY SCHOOL,,Njombe,Wanging'Ombe,,
ISINDAGOSI PRIMARY SCHOOL,,Njombe,Wanging'Ombe,,
ITANDULA PRIMARY SCHOOL,,Njombe,Wanging'Ombe,,
ITOWO PRIMARY SCHOOL,,Njombe,Wanging'Ombe,,
IVIGO PRIMARY SCHOOL,,Njombe,Wanging'Ombe,,
KATENGE PRIMARY SCHOOL,,Njombe,Wanging'Ombe,,
KINENULO PRIMARY SCHOOL,,Njombe,Wanging'Ombe,,
KORINTO PRIMARY SCHOOL,,Njombe,Wanging'Ombe,,
LUTEGELO PRIMARY SCHOOL,,Njombe,Wanging'Ombe,,
MADASI PRIMARY SCHOOL,,Njombe,Wanging'Ombe,,
MAMBEGU PRIMARY SCHOOL,,Njombe,Wanging'Ombe,,
MASILU PRIMARY SCHOOL,,Njombe,Wanging'Ombe,,
MAYALE PRIMARY SCHOOL,,Njombe,Wanging'Ombe,,
MDASI PRIMARY SCHOOL,,Njombe,Wanging'Ombe,,
MKEHA PRIMARY SCHOOL,,Njombe,Wanging'Ombe,,
MORONGA PRIMARY SCHOOL,,Njombe,Wanging'Ombe,,
MTEWELE PRIMARY SCHOOL,,Njombe,Wanging'Ombe,,
MWILAMBA PRIMARY SCHOOL,,Njombe,Wanging'Ombe,,
PALANGAWANU PRIMARY SCHOOL,,Njombe,Wanging'Ombe,,
SAKALENGA PRIMARY SCHOOL,,Njombe,Wanging'Ombe,,
UDONJA PRIMARY SCHOOL,,Njombe,Wanging'Ombe,,
UHEKULE PRIMARY SCHOOL,,Njombe,Wanging'Ombe,,
UJINDILE PRIMARY SCHOOL,,Njombe,Wanging'Ombe,,
ULEMBWE PRIMARY SCHOOL,,Njombe,Wanging'Ombe,,
USUKA PRIMARY SCHOOL,,Njombe,Wanging'Ombe,,
WANGUTWA PRIMARY SCHOOL,,Njombe,Wanging'Ombe,,
BANJI PRIMARY SCHOOL,,Songwe,Ileje,,
BUPIGU PRIMARY SCHOOL,,Songwe,Ileje,,
CHEMBE PRIMARY SCHOOL,,Songwe,Ileje,,
CHILEMBA PRIMARY SCHOOL,,Songwe,Ileje,,
IBABA PRIMARY SCHOOL,,Songwe,Ileje,,
IKINGA PRIMARY SCHOOL,,Songwe,Ileje,,
IPANDE PRIMARY SCHOOL,,Songwe,Ileje,,
IPOKA PRIMARY SCHOOL,,Songwe,Ileje,,
ISOKO PRIMARY SCHOOL,,Songwe,Ileje,,
ITALE PRIMARY SCHOOL,,Songwe,Ileje,,
KAGURU PRIMARY SCHOOL,,Songwe,Ileje,,
LUSALALA PRIMARY SCHOOL,,Songwe,Ileje,,
MABULA PRIMARY SCHOOL,,Songwe,Ileje,,
MBEBE PRIMARY SCHOOL,,Songwe,Ileje,,
MFULU PRIMARY SCHOOL,,Songwe,Ileje,,
MKUMBUKWA PRIMARY SCHOOL,,Songwe,Ileje,,
MSIA PRIMARY SCHOOL,,Songwe,Ileje,,
NTEMBO PRIMARY SCHOOL,,Songwe,Ileje,,
SHIKUNGA PRIMARY SCHOOL,,Songwe,Ileje,,
SHUBA PRIMARY SCHOOL,,Songwe,Ileje,,
YULI PRIMARY SCHOOL,,Songwe,Ileje,,
BUFULA PRIMARY SCHOOL,,Songwe,Ileje,,
CHIBILA PRIMARY SCHOOL,,Songwe,Ileje,,
CHITETE PRIMARY SCHOOL,,Songwe,Ileje,,
IBETA PRIMARY SCHOOL,,Songwe,Ileje,,
IGUMILA PRIMARY SCHOOL,,Songwe,Ileje,,
IKUMBILO PRIMARY SCHOOL,,Songwe,Ileje,,
ISHENTA PRIMARY SCHOOL,,Songwe,Ileje,,
IZUBA PRIMARY SCHOOL,,Songwe,Ileje,,
KALEMBO PRIMARY SCHOOL,,Songwe,Ileje,,
LUPANDO PRIMARY SCHOOL,,Songwe,Ileje,,
MAKOGA PRIMARY SCHOOL,,Songwe,Ileje,,
MBALULA PRIMARY SCHOOL,,Songwe,Ileje,,
MBEMBATI PRIMARY SCHOOL,,Songwe,Ileje,,
MGAYA PRIMARY SCHOOL,,Songwe,Ileje,,
MLALE PRIMARY SCHOOL,,Songwe,Ileje,,
MTIMA PRIMARY SCHOOL,,Songwe,Ileje,,
NAMASELE PRIMARY SCHOOL,,Songwe,Ileje,,
NGULILO PRIMARY SCHOOL,,Songwe,Ileje,,
SAPANDA PRIMARY SCHOOL,,Songwe,Ileje,,
SHINJI PRIMARY SCHOOL,,Songwe,Ileje,,
BULANGA PRIMARY SCHOOL,,Songwe,Ileje,,
CHABU PRIMARY SCHOOL,,Songwe,Ileje,,
CHIKUMBULU PRIMARY SCHOOL,,Songwe,Ileje,,
HASONGWA PRIMARY SCHOOL,,Songwe,Ileje,,
IBEZYA PRIMARY SCHOOL,,Songwe,Ileje,,
IGWILIZYA PRIMARY SCHOOL,,Songwe,Ileje,,
ILANGA PRIMARY SCHOOL,,Songwe,Ileje,,
IPAPA PRIMARY SCHOOL,,Songwe,Ileje,,
KAPETA PRIMARY SCHOOL,,Songwe,Ileje,,
KISYESYE PRIMARY SCHOOL,,Songwe,Ileje,,
LUSWISI PRIMARY SCHOOL,,Songwe,Ileje,,
MBANGALA PRIMARY SCHOOL,,Songwe,Ileje,,
MCHALA PRIMARY SCHOOL,,Songwe,Ileje,,
MTULA PRIMARY SCHOOL,,Songwe,Ileje,,
NDAPWA PRIMARY SCHOOL,,Songwe,Ileje,,
NGULUGULU PRIMARY SCHOOL,,Songwe,Ileje,,
RUNGWA PRIMARY SCHOOL,,Songwe,Ileje,,
SHEYO PRIMARY SCHOOL,,Songwe,Ileje,,
SHIRINGA PRIMARY SCHOOL,,Songwe,Ileje,,
YENZEBWE PRIMARY SCHOOL,,Songwe,Ileje,,
CHIMBUYA PRIMARY SCHOOL,,Songwe,Mbozi,,
EPHATA PRIMARY SCHOOL,,Songwe,Mbozi,,
HALOLI PRIMARY SCHOOL,,Songwe,Mbozi,,
HAMWELO PRIMARY SCHOOL,,Songwe,Mbozi,,
HANKOMO PRIMARY SCHOOL,,Songwe,Mbozi,,
HARAKA PRIMARY SCHOOL,,Songwe,Mbozi,,
HATETE PRIMARY SCHOOL,,Songwe,Mbozi,,
HOLYWOOD PRIMARY SCHOOL,,Songwe,Mbozi,,
ICHESA PRIMARY SCHOOL,,Songwe,Mbozi,,
IGANDUKA PRIMARY SCHOOL,,Songwe,Mbozi,,
IKONYA PRIMARY SCHOOL,,Songwe,Mbozi,,
ILASI PRIMARY SCHOOL,,Songwe,Mbozi,,
IPANZYA PRIMARY SCHOOL,,Songwe,Mbozi,,
IPUNGA PRIMARY SCHOOL,,Songwe,Mbozi,,
ITAKA PRIMARY SCHOOL,,Songwe,Mbozi,,
ITEPULA PRIMARY SCHOOL,,Songwe,Mbozi,,
IVUGULA PRIMARY SCHOOL,,Songwe,Mbozi,,
IWEZI PRIMARY SCHOOL,,Songwe,Mbozi,,
IYULA PRIMARY SCHOOL,,Songwe,Mbozi,,
IZYANICHE PRIMARY SCHOOL,,Songwe,Mbozi,,
LONDON PRIMARY SCHOOL,,Songwe,Mbozi,,
LWATI PRIMARY SCHOOL,,Songwe,Mbozi,,
MALONJI PRIMARY SCHOOL,,Songwe,Mbozi,,
MASANGULA PRIMARY SCHOOL,,Songwe,Mbozi,,
MBOJI PRIMARY SCHOOL,,Songwe,Mbozi,,
MBULU PRIMARY SCHOOL,,Songwe,Mbozi,,
MLENJE PRIMARY SCHOOL,,Songwe,Mbozi,,
MPELA PRIMARY SCHOOL,,Songwe,Mbozi,,
MSAMBA-I PRIMARY SCHOOL,,Songwe,Mbozi,,
MSIYA PRIMARY SCHOOL,,Songwe,Mbozi,,
MTUNDURU PRIMARY SCHOOL,,Songwe,Mbozi,,
MWANJELWA PRIMARY SCHOOL,,Songwe,Mbozi,,
MYOVIZI PRIMARY SCHOOL,,Songwe,Mbozi,,
NAMILE PRIMARY SCHOOL,,Songwe,Mbozi,,
NAMWANGWA PRIMARY SCHOOL,,Songwe,Mbozi,,
NANYUNYI PRIMARY SCHOOL,,Songwe,Mbozi,,
NDYUDA PRIMARY SCHOOL,,Songwe,Mbozi,,
NSALA PRIMARY SCHOOL,,Songwe,Mbozi,,
NSWIGA PRIMARY SCHOOL,,Songwe,Mbozi,,
NZOVU PRIMARY SCHOOL,,Songwe,Mbozi,,
RADA PRIMARY SCHOOL,,Songwe,Mbozi,,
SAKAMWELA PRIMARY SCHOOL,,Songwe,Mbozi,,
SENJELE PRIMARY SCHOOL,,Songwe,Mbozi,,
SHIHANDO PRIMARY SCHOOL,,Songwe,Mbozi,,
SHITUNGURU PRIMARY SCHOOL,,Songwe,Mbozi,,
SHOMOLA PRIMARY SCHOOL,,Songwe,Mbozi,,
SONGWE SUNRISE PRIMARY SCHOOL,,Songwe,Mbozi,,
TAZARA PRIMARY SCHOOL,,Songwe,Mbozi,,
ULULU PRIMARY SCHOOL,,Songwe,Mbozi,,
WELU-I PRIMARY SCHOOL,,Songwe,Mbozi,,
CHIZUMBI PRIMARY SCHOOL,,Songwe,Mbozi,,
GOD'S BRIDGE SONGWE PRIMARY SCHOOL,,Songwe,Mbozi,,
HALUNGU PRIMARY SCHOOL,,Songwe,Mbozi,,
HANGOMBA PRIMARY SCHOOL,,Songwe,Mbozi,,
HANSEKETWA PRIMARY SCHOOL,,Songwe,Mbozi,,
HAYUNYI PRIMARY SCHOOL,,Songwe,Mbozi,,
IBEMBWA PRIMARY SCHOOL,,Songwe,Mbozi,,
IDIBILA PRIMARY SCHOOL,,Songwe,Mbozi,,
IFUNGO PRIMARY SCHOOL,,Songwe,Mbozi,,
IGUNDA PRIMARY SCHOOL,,Songwe,Mbozi,,
IHOWA PRIMARY SCHOOL,,Songwe,Mbozi,,
ILYIKA PRIMARY SCHOOL,,Songwe,Mbozi,,
ISANGU PRIMARY SCHOOL,,Songwe,Mbozi,,
ISENZANYA PRIMARY SCHOOL,,Songwe,Mbozi,,
ITEMBA PRIMARY SCHOOL,,Songwe,Mbozi,,
IVWANGA PRIMARY SCHOOL,,Songwe,Mbozi,,
IWEZYA PRIMARY SCHOOL,,Songwe,Mbozi,,
IZIWILA PRIMARY SCHOOL,,Songwe,Mbozi,,
KILIMAMPIMBI PRIMARY SCHOOL,,Songwe,Mbozi,,
LUEMBA PRIMARY SCHOOL,,Songwe,Mbozi,,
MALINGO PRIMARY SCHOOL,,Songwe,Mbozi,,
MANINGA PRIMARY SCHOOL,,Songwe,Mbozi,,
MBOZI PRIMARY SCHOOL,,Songwe,Mbozi,,
MPITO PRIMARY SCHOOL,,Songwe,Mbozi,,
MSANYILA PRIMARY SCHOOL,,Songwe,Mbozi,,
MSUNTE PRIMARY SCHOOL,,Songwe,Mbozi,,
NAMLONGA PRIMARY SCHOOL,,Songwe,Mbozi,,
NANSAMA PRIMARY SCHOOL,,Songwe,Mbozi,,
NAULONGO PRIMARY SCHOOL,,Songwe,Mbozi,,
OSWE PRIMARY SCHOOL,,Songwe,Mbozi,,
RUANDA PRIMARY SCHOOL,,Songwe,Mbozi,,
SAMBEWE PRIMARY SCHOOL,,Songwe,Mbozi,,
SHASYA PRIMARY SCHOOL,,Songwe,Mbozi,,
SHIWANDA PRIMARY SCHOOL,,Songwe,Mbozi,,
SIYA PRIMARY SCHOOL,,Songwe,Mbozi,,
ST THOMAS MORE PRIMARY SCHOOL,,Songwe,Mbozi,,
TWINZI PRIMARY SCHOOL,,Songwe,Mbozi,,
USUNJE PRIMARY SCHOOL,,Songwe,Mbozi,,
VWAWA PRIMARY SCHOOL,,Songwe,Mbozi,,
WELU-II PRIMARY SCHOOL,,Songwe,Mbozi,,
CANAAN MLOWO PRIMARY SCHOOL,,Songwe,Mbozi,,
DR. SAMIA S.H PRIMARY SCHOOL,,Songwe,Mbozi,,
HALAMBO PRIMARY SCHOOL,,Songwe,Mbozi,,
HAMPANGALA PRIMARY SCHOOL,,Songwe,Mbozi,,
HANKALAGWA PRIMARY SCHOOL,,Songwe,Mbozi,,
HANTESYA PRIMARY SCHOOL,,Songwe,Mbozi,,
HATELELE PRIMARY SCHOOL,,Songwe,Mbozi,,
HEZYA PRIMARY SCHOOL,,Songwe,Mbozi,,
ICHENJEZYA PRIMARY SCHOOL,,Songwe,Mbozi,,
IGAMBA PRIMARY SCHOOL,,Songwe,Mbozi,,
IGWILA PRIMARY SCHOOL,,Songwe,Mbozi,,
IKOMELA PRIMARY SCHOOL,,Songwe,Mbozi,,
ILALANGURU PRIMARY SCHOOL,,Songwe,Mbozi,,
ILENGO PRIMARY SCHOOL,,Songwe,Mbozi,,
INSANI PRIMARY SCHOOL,,Songwe,Mbozi,,
IPOROTO PRIMARY SCHOOL,,Songwe,Mbozi,,
ISALALO PRIMARY SCHOOL,,Songwe,Mbozi,,
ISANSA PRIMARY SCHOOL,,Songwe,Mbozi,,
ISOWEZYA PRIMARY SCHOOL,,Songwe,Mbozi,,
ITENTULA PRIMARY SCHOOL,,Songwe,Mbozi,,
ITUMPI PRIMARY SCHOOL,,Songwe,Mbozi,,
IYENGA PRIMARY SCHOOL,,Songwe,Mbozi,,
LUKULULU PRIMARY SCHOOL,,Songwe,Mbozi,,
LUTUMBI PRIMARY SCHOOL,,Songwe,Mbozi,,
MAHENJE PRIMARY SCHOOL,,Songwe,Mbozi,,
MAKUA PRIMARY SCHOOL,,Songwe,Mbozi,,
MALOLO PRIMARY SCHOOL,,Songwe,Mbozi,,
MANYALA PRIMARY SCHOOL,,Songwe,Mbozi,,
MBEWE PRIMARY SCHOOL,,Songwe,Mbozi,,
MBUGA PRIMARY SCHOOL,,Songwe,Mbozi,,
MPONELA PRIMARY SCHOOL,,Songwe,Mbozi,,
MSENSE PRIMARY SCHOOL,,Songwe,Mbozi,,
MTUMBO PRIMARY SCHOOL,,Songwe,Mbozi,,
MWANDA PRIMARY SCHOOL,,Songwe,Mbozi,,
NAMBINZO PRIMARY SCHOOL,,Songwe,Mbozi,,
NAMPANJI PRIMARY SCHOOL,,Songwe,Mbozi,,
NANYALA PRIMARY SCHOOL,,Songwe,Mbozi,,
NDOLEZI PRIMARY SCHOOL,,Songwe,Mbozi,,
NKANGA PRIMARY SCHOOL,,Songwe,Mbozi,,
NSOGA PRIMARY SCHOOL,,Songwe,Mbozi,,
NYIMBILI PRIMARY SCHOOL,,Songwe,Mbozi,,
QUEEN OF THE APOSTLES PRIMARY SCHOOL,,Songwe,Mbozi,,
SASENGA PRIMARY SCHOOL,,Songwe,Mbozi,,
SHIDUNDA PRIMARY SCHOOL,,Songwe,Mbozi,,
SHITITI PRIMARY SCHOOL,,Songwe,Mbozi,,
SHIWINGA PRIMARY SCHOOL,,Songwe,Mbozi,,
SUMBALWELA PRIMARY SCHOOL,,Songwe,Mbozi,,
ULANDI PRIMARY SCHOOL,,Songwe,Mbozi,,
UTAMBALILA PRIMARY SCHOOL,,Songwe,Mbozi,,
WASA PRIMARY SCHOOL,,Songwe,Mbozi,,
ZELEZETA PRIMARY SCHOOL,,Songwe,Mbozi,,
CHAFUMA PRIMARY SCHOOL,,Songwe,Momba,,
CHINDI PRIMARY SCHOOL,,Songwe,Momba,,
IPATIKANA PRIMARY SCHOOL,,Songwe,Momba,,
ITELEFYA PRIMARY SCHOOL,,Songwe,Momba,,
IVUNA PRIMARY SCHOOL,,Songwe,Momba,,
KALUNGU PRIMARY SCHOOL,,Songwe,Momba,,
KAPELE PRIMARY SCHOOL,,Songwe,Momba,,
KITETE PRIMARY SCHOOL,,Songwe,Momba,,
LWATWE PRIMARY SCHOOL,,Songwe,Momba,,
MALANGWA PRIMARY SCHOOL,,Songwe,Momba,,
MASANYINTA PRIMARY SCHOOL,,Songwe,Momba,,
MBAO PRIMARY SCHOOL,,Songwe,Momba,,
MFUTO PRIMARY SCHOOL,,Songwe,Momba,,
MKULWE PRIMARY SCHOOL,,Songwe,Momba,,
MLOMBA PRIMARY SCHOOL,,Songwe,Momba,,
MPAPA PRIMARY SCHOOL,,Songwe,Momba,,
MSANGANO PRIMARY SCHOOL,,Songwe,Momba,,
NAIMBA PRIMARY SCHOOL,,Songwe,Momba,,
NAMING'ONGO PRIMARY SCHOOL,,Songwe,Momba,,
NAMSINDE II PRIMARY SCHOOL,,Songwe,Momba,,
NKALA PRIMARY SCHOOL,,Songwe,Momba,,
NYENJELE PRIMARY SCHOOL,,Songwe,Momba,,
SANTE PRIMARY SCHOOL,,Songwe,Momba,,
TINDINGOMA PRIMARY SCHOOL,,Songwe,Momba,,
CHILANGU PRIMARY SCHOOL,,Songwe,Momba,,
CHIPUMPU PRIMARY SCHOOL,,Songwe,Momba,,
CHIULA PRIMARY SCHOOL,,Songwe,Momba,,
CHUO PRIMARY SCHOOL,,Songwe,Momba,,
IYENDWE PRIMARY SCHOOL,,Songwe,Momba,,
KAMSAMBA PRIMARY SCHOOL,,Songwe,Momba,,
KASANU PRIMARY SCHOOL,,Songwe,Momba,,
LOZI PRIMARY SCHOOL,,Songwe,Momba,,
MACHINDO PRIMARY SCHOOL,,Songwe,Momba,,
MALOLI PRIMARY SCHOOL,,Songwe,Momba,,
MATETE PRIMARY SCHOOL,,Songwe,Momba,,
MKUMBA PRIMARY SCHOOL,,Songwe,Momba,,
MPUI PRIMARY SCHOOL,,Songwe,Momba,,
MWENEEMBA PRIMARY SCHOOL,,Songwe,Momba,,
NAKAWALE PRIMARY SCHOOL,,Songwe,Momba,,
NAMITOO PRIMARY SCHOOL,,Songwe,Momba,,
NAMTAMBALALA PRIMARY SCHOOL,,Songwe,Momba,,
NKANGAMO PRIMARY SCHOOL,,Songwe,Momba,,
NTINGA PRIMARY SCHOOL,,Songwe,Momba,,
NZOKA PRIMARY SCHOOL,,Songwe,Momba,,
TONTELA PRIMARY SCHOOL,,Songwe,Momba,,
CHILULUMO PRIMARY SCHOOL,,Songwe,Momba,,
CHISITU PRIMARY SCHOOL,,Songwe,Momba,,
CHIWANDA PRIMARY SCHOOL,,Songwe,Momba,,
IKANA PRIMARY SCHOOL,,Songwe,Momba,,
IPATA PRIMARY SCHOOL,,Songwe,Momba,,
ISUNDA PRIMARY SCHOOL,,Songwe,Momba,,
ITUMBULA PRIMARY SCHOOL,,Songwe,Momba,,
KAKOZI PRIMARY SCHOOL,,Songwe,Momba,,
KASINDE PRIMARY SCHOOL,,Songwe,Momba,,
LWASHO PRIMARY SCHOOL,,Songwe,Momba,,
MANG'ULA PRIMARY SCHOOL,,Songwe,Momba,,
MBALWA PRIMARY SCHOOL,,Songwe,Momba,,
MENGO PRIMARY SCHOOL,,Songwe,Momba,,
MKONKO PRIMARY SCHOOL,,Songwe,Momba,,
MKUTANO PRIMARY SCHOOL,,Songwe,Momba,,
MORAVIANI PRIMARY SCHOOL,,Songwe,Momba,,
MSAMARIA MWEMA PRIMARY SCHOOL,,Songwe,Momba,,
MSUNGWE PRIMARY SCHOOL,,Songwe,Momba,,
MYUNGA PRIMARY SCHOOL,,Songwe,Momba,,
NAMCHINKA PRIMARY SCHOOL,,Songwe,Momba,,
NAMSINDE I PRIMARY SCHOOL,,Songwe,Momba,,
NDALAMBO PRIMARY SCHOOL,,Songwe,Momba,,
NSANZYA PRIMARY SCHOOL,,Songwe,Momba,,
NTUNGWA PRIMARY SCHOOL,,Songwe,Momba,,
SAMANG'OMBE PRIMARY SCHOOL,,Songwe,Momba,,
SILIWITI PRIMARY SCHOOL,,Songwe,Momba,,
USOCHE PRIMARY SCHOOL,,Songwe,Momba,,
CHANG`OMBE PRIMARY SCHOOL,,Songwe,Songwe,,
GUA PRIMARY SCHOOL,,Songwe,Songwe,,
IFWENKENYA PRIMARY SCHOOL,,Songwe,Songwe,,
IPALA PRIMARY SCHOOL,,Songwe,Songwe,,
ITIZIRO PRIMARY SCHOOL,,Songwe,Songwe,,
NAMKUKWE PRIMARY SCHOOL,,Songwe,Songwe,,
NGWALA M PRIMARY SCHOOL,,Songwe,Songwe,,
PATAMELA PRIMARY SCHOOL,,Songwe,Songwe,,
SAZA PRIMARY SCHOOL,,Songwe,Songwe,,
TETE PRIMARY SCHOOL,,Songwe,Songwe,,
WANZANI PRIMARY SCHOOL,,Songwe,Songwe,,
CHOTA PRIMARY SCHOOL,,Songwe,Songwe,,
IBOMA PRIMARY SCHOOL,,Songwe,Songwe,,
ILASILO PRIMARY SCHOOL,,Songwe,Songwe,,
IYOVYO PRIMARY SCHOOL,,Songwe,Songwe,,
KALANDA PRIMARY SCHOOL,,Songwe,Songwe,,
KININGA PRIMARY SCHOOL,,Songwe,Songwe,,
MALEZA PRIMARY SCHOOL,,Songwe,Songwe,,
MPONA PRIMARY SCHOOL,,Songwe,Songwe,,
NAHALYONGO PRIMARY SCHOOL,,Songwe,Songwe,,
NDANGA PRIMARY SCHOOL,,Songwe,Songwe,,
NJELENJE PRIMARY SCHOOL,,Songwe,Songwe,,
RUKWA PRIMARY SCHOOL,,Songwe,Songwe,,
SAZAFALLS PRIMARY SCHOOL,,Songwe,Songwe,,
TOTOWE PRIMARY SCHOOL,,Songwe,Songwe,,
ZIRA PRIMARY SCHOOL,,Songwe,Songwe,,
GALULA PRIMARY SCHOOL,,Songwe,Songwe,,
IFUKO PRIMARY SCHOOL,,Songwe,Songwe,,
ITINDI PRIMARY SCHOOL,,Songwe,Songwe,,
KAPALALA PRIMARY SCHOOL,,Songwe,Songwe,,
MANDA JUU PRIMARY SCHOOL,,Songwe,Songwe,,
NAMAMBO PRIMARY SCHOOL,,Songwe,Songwe,,
NGWALA K PRIMARY SCHOOL,,Songwe,Songwe,,
OSTERBAY PRIMARY SCHOOL,,Songwe,Songwe,,
SAWI PRIMARY SCHOOL,,Songwe,Songwe,,
SOME PRIMARY SCHOOL,,Songwe,Songwe,,
SWELA PRIMARY SCHOOL,,Songwe,Songwe,,
UDINDE PRIMARY SCHOOL,,Songwe,Songwe,,
CHAPWA A PRIMARY SCHOOL,,Songwe,Tunduma Tc,,
CHIWEZI PRIMARY SCHOOL,,Songwe,Tunduma Tc,,
IPITO PRIMARY SCHOOL,,Songwe,Tunduma Tc,,
KAPEMBE PRIMARY SCHOOL,,Songwe,Tunduma Tc,,
KISANGANI PRIMARY SCHOOL,,Songwe,Tunduma Tc,,
MAPOROMOKO PRIMARY SCHOOL,,Songwe,Tunduma Tc,,
MELELANI PRIMARY SCHOOL,,Songwe,Tunduma Tc,,
MPEMBA PRIMARY SCHOOL,,Songwe,Tunduma Tc,,
MWAKA PRIMARY SCHOOL,,Songwe,Tunduma Tc,,
NAMOLE PRIMARY SCHOOL,,Songwe,Tunduma Tc,,
NEW DREAM PRIMARY SCHOOL,,Songwe,Tunduma Tc,,
NIZA PRIMARY SCHOOL,,Songwe,Tunduma Tc,,
TUNDUMA PRIMARY SCHOOL,,Songwe,Tunduma Tc,,
WILLIAM BRANHAM PRIMARY SCHOOL,,Songwe,Tunduma Tc,,
CHAPWA PRIMARY SCHOOL,,Songwe,Tunduma Tc,,
HAISOJA PRIMARY SCHOOL,,Songwe,Tunduma Tc,,
ISANZO PRIMARY SCHOOL,,Songwe,Tunduma Tc,,
KATENJELE PRIMARY SCHOOL,,Songwe,Tunduma Tc,,
KOKOTO PRIMARY SCHOOL,,Songwe,Tunduma Tc,,
MAKAMBINI PRIMARY SCHOOL,,Songwe,Tunduma Tc,,
MATES PRIMARY SCHOOL,,Songwe,Tunduma Tc,,
MSAMBA II PRIMARY SCHOOL,,Songwe,Tunduma Tc,,
NAJOJO PRIMARY SCHOOL,,Songwe,Tunduma Tc,,
NANDANGA PRIMARY SCHOOL,,Songwe,Tunduma Tc,,
SILVESTER PRIMARY SCHOOL,,Songwe,Tunduma Tc,,
BOAM PRIMARY SCHOOL,,Songwe,Tunduma Tc,,
CHIPAKA PRIMARY SCHOOL,,Songwe,Tunduma Tc,,
HIGH QUALITY PRIMARY SCHOOL,,Songwe,Tunduma Tc,,
ISENTI PRIMARY SCHOOL,,Songwe,Tunduma Tc,,
KATETE PRIMARY SCHOOL,,Songwe,Tunduma Tc,,
MBASSA PRIMARY SCHOOL,,Songwe,Tunduma Tc,,
MSINDE PRIMARY SCHOOL,,Songwe,Tunduma Tc,,
NAMANZYANZYA PRIMARY SCHOOL,,Songwe,Tunduma Tc,,
NANSELE PRIMARY SCHOOL,,Songwe,Tunduma Tc,,
NIUMBA PRIMARY SCHOOL,,Songwe,Tunduma Tc,,
SOGEA PRIMARY SCHOOL,,Songwe,Tunduma Tc,,
TULONGWE PRIMARY SCHOOL,,Songwe,Tunduma Tc,,
CHALATILA PRIMARY SCHOOL,,Rukwa,Kalambo,,
FORODHANI PRIMARY SCHOOL,,Rukwa,Kalambo,,
ILIMBA PRIMARY SCHOOL,,Rukwa,Kalambo,,
JENGENI PRIMARY SCHOOL,,Rukwa,Kalambo,,
KAFUKULA PRIMARY SCHOOL,,Rukwa,Kalambo,,
KALALASI PRIMARY SCHOOL,,Rukwa,Kalambo,,
KALEMBE PRIMARY SCHOOL,,Rukwa,Kalambo,,
KALETA PRIMARY SCHOOL,,Rukwa,Kalambo,,
KAMBO PRIMARY SCHOOL,,Rukwa,Kalambo,,
KAPERE PRIMARY SCHOOL,,Rukwa,Kalambo,,
KASITU PRIMARY SCHOOL,,Rukwa,Kalambo,,
KATAPULO PRIMARY SCHOOL,,Rukwa,Kalambo,,
KATUKA PRIMARY SCHOOL,,Rukwa,Kalambo,,
KIFONE PRIMARY SCHOOL,,Rukwa,Kalambo,,
KIPANGA PRIMARY SCHOOL,,Rukwa,Kalambo,,
KIZOMBWE PRIMARY SCHOOL,,Rukwa,Kalambo,,
LUSE PRIMARY SCHOOL,,Rukwa,Kalambo,,
MAO PRIMARY SCHOOL,,Rukwa,Kalambo,,
MBULUMA PRIMARY SCHOOL,,Rukwa,Kalambo,,
MISHETA PRIMARY SCHOOL,,Rukwa,Kalambo,,
MKOWE PRIMARY SCHOOL,,Rukwa,Kalambo,,
MPENJEMSOMA PRIMARY SCHOOL,,Rukwa,Kalambo,,
MSANZI B PRIMARY SCHOOL,,Rukwa,Kalambo,,
MSOMA PRIMARY SCHOOL,,Rukwa,Kalambo,,
MWAZYE PRIMARY SCHOOL,,Rukwa,Kalambo,,
MZUNGWA PRIMARY SCHOOL,,Rukwa,Kalambo,,
NGOROTWA PRIMARY SCHOOL,,Rukwa,Kalambo,,
NONDO PRIMARY SCHOOL,,Rukwa,Kalambo,,
SELENGOMA PRIMARY SCHOOL,,Rukwa,Kalambo,,
SOPA PRIMARY SCHOOL,,Rukwa,Kalambo,,
ULUMI PRIMARY SCHOOL,,Rukwa,Kalambo,,
CHIPAPA PRIMARY SCHOOL,,Rukwa,Kalambo,,
ILAMBILA PRIMARY SCHOOL,,Rukwa,Kalambo,,
ILONGA PRIMARY SCHOOL,,Rukwa,Kalambo,,
KACHELE PRIMARY SCHOOL,,Rukwa,Kalambo,,
KALAMBO PRIMARY SCHOOL,,Rukwa,Kalambo,,
KALEPULA 'B ' PRE AND PRIMARY SCHOOL,,Rukwa,Kalambo,,
KALUKO PRIMARY SCHOOL,,Rukwa,Kalambo,,
KANTALEMWA PRIMARY SCHOOL,,Rukwa,Kalambo,,
KASAMA PRIMARY SCHOOL,,Rukwa,Kalambo,,
KASOTE PRIMARY SCHOOL,,Rukwa,Kalambo,,
KATAZI PRIMARY SCHOOL,,Rukwa,Kalambo,,
KAZILA PRIMARY SCHOOL,,Rukwa,Kalambo,,
KILESHA PRIMARY SCHOOL,,Rukwa,Kalambo,,
KIPWA PRIMARY SCHOOL,,Rukwa,Kalambo,,
KISUNGAMILE PRIMARY SCHOOL,,Rukwa,Kalambo,,
LEGEZAMWENDO PRIMARY SCHOOL,,Rukwa,Kalambo,,
MADIBILA PRIMARY SCHOOL,,Rukwa,Kalambo,,
MATAI A PRIMARY SCHOOL,,Rukwa,Kalambo,,
MBUZA PRIMARY SCHOOL,,Rukwa,Kalambo,,
MPOMBWE PRIMARY SCHOOL,,Rukwa,Kalambo,,
MSIPAZI PRIMARY SCHOOL,,Rukwa,Kalambo,,
MVULA PRIMARY SCHOOL,,Rukwa,Kalambo,,
MWIMBI PRIMARY SCHOOL,,Rukwa,Kalambo,,
NAMLANGWA PRIMARY SCHOOL,,Rukwa,Kalambo,,
NINGA 'A' PRIMARY SCHOOL,,Rukwa,Kalambo,,
SAFU PRIMARY SCHOOL,,Rukwa,Kalambo,,
SENGAKALONJE PRIMARY SCHOOL,,Rukwa,Kalambo,,
TATANDA PRIMARY SCHOOL,,Rukwa,Kalambo,,
CHISAMBO PRIMARY SCHOOL,,Rukwa,Kalambo,,
ILANGO PRIMARY SCHOOL,,Rukwa,Kalambo,,
ITEKESHA PRIMARY SCHOOL,,Rukwa,Kalambo,,
KAFUKOKA PRIMARY SCHOOL,,Rukwa,Kalambo,,
KALAELA PRIMARY SCHOOL,,Rukwa,Kalambo,,
KALE PRIMARY SCHOOL,,Rukwa,Kalambo,,
KALEPULA PRIMARY SCHOOL,,Rukwa,Kalambo,,
KAMAWE PRIMARY SCHOOL,,Rukwa,Kalambo,,
KANYEZI PRIMARY SCHOOL,,Rukwa,Kalambo,,
KASUSU PRIMARY SCHOOL,,Rukwa,Kalambo,,
KAZOZYA PRIMARY SCHOOL,,Rukwa,Kalambo,,
KILEWANI PRIMARY SCHOOL,,Rukwa,Kalambo,,
KISALA PRIMARY SCHOOL,,Rukwa,Kalambo,,
KIUNDINAMEMA PRIMARY SCHOOL,,Rukwa,Kalambo,,
LOLESHA PRIMARY SCHOOL,,Rukwa,Kalambo,,
MAMBWEKENYA PRIMARY SCHOOL,,Rukwa,Kalambo,,
MATAI B PRIMARY SCHOOL,,Rukwa,Kalambo,,
MIKONKO PRIMARY SCHOOL,,Rukwa,Kalambo,,
MKOMBO PRIMARY SCHOOL,,Rukwa,Kalambo,,
MNAMBA PRIMARY SCHOOL,,Rukwa,Kalambo,,
MSANZI A PRIMARY SCHOOL,,Rukwa,Kalambo,,
MSISHINDWE PRIMARY SCHOOL,,Rukwa,Kalambo,,
MTUTUMBE PRIMARY SCHOOL,,Rukwa,Kalambo,,
NINGA B PRIMARY SCHOOL,,Rukwa,Kalambo,,
SAMAZI PRIMARY SCHOOL,,Rukwa,Kalambo,,
SINGIWE PRIMARY SCHOOL,,Rukwa,Kalambo,,
TUNYI PRIMARY SCHOOL,,Rukwa,Kalambo,,
ZYANGOMA PRIMARY SCHOOL,,Rukwa,Kalambo,,
CHINA PRIMARY SCHOOL,,Rukwa,Nkasi,,
IFUNDWA PRIMARY SCHOOL,,Rukwa,Nkasi,,
IPANDA PRIMARY SCHOOL,,Rukwa,Nkasi,,
ISUNTA PRIMARY SCHOOL,,Rukwa,Nkasi,,
IZINGA PRIMARY SCHOOL,,Rukwa,Nkasi,,
KALUNDI PRIMARY SCHOOL,,Rukwa,Nkasi,,
KANTAWA PRIMARY SCHOOL,,Rukwa,Nkasi,,
KATANI PRIMARY SCHOOL,,Rukwa,Nkasi,,
KAZOVUBUMANDA PRIMARY SCHOOL,,Rukwa,Nkasi,,
KIRANDO PRIMARY SCHOOL,,Rukwa,Nkasi,,
KIZI PRIMARY SCHOOL,,Rukwa,Nkasi,,
MASHETE PRIMARY SCHOOL,,Rukwa,Nkasi,,
MIOMBO PRIMARY SCHOOL,,Rukwa,Nkasi,,
MKANGALE PRIMARY SCHOOL,,Rukwa,Nkasi,,
MKIRINGA PRIMARY SCHOOL,,Rukwa,Nkasi,,
MKWAMBA PRIMARY SCHOOL,,Rukwa,Nkasi,,
MPASA PRIMARY SCHOOL,,Rukwa,Nkasi,,
MSAMBA PRIMARY SCHOOL,,Rukwa,Nkasi,,
MTAPENDA PRIMARY SCHOOL,,Rukwa,Nkasi,,
MVIMWA PRIMARY SCHOOL,,Rukwa,Nkasi,,
MYULA PRIMARY SCHOOL,,Rukwa,Nkasi,,
NCHENJE PRIMARY SCHOOL,,Rukwa,Nkasi,,
NKANA PRIMARY SCHOOL,,Rukwa,Nkasi,,
NKOMOLO-I PRIMARY SCHOOL,,Rukwa,Nkasi,,
NTALAMILA PRIMARY SCHOOL,,Rukwa,Nkasi,,
NTEMBA PRIMARY SCHOOL,,Rukwa,Nkasi,,
SINTALI PRIMARY SCHOOL,,Rukwa,Nkasi,,
WAMPEMBE PRIMARY SCHOOL,,Rukwa,Nkasi,,
CHALANTAI PRIMARY SCHOOL,,Rukwa,Nkasi,,
CHONGA PRIMARY SCHOOL,,Rukwa,Nkasi,,
KABWE PRIMARY SCHOOL,,Rukwa,Nkasi,,
KALA PRIMARY SCHOOL,,Rukwa,Nkasi,,
KASAPA PRIMARY SCHOOL,,Rukwa,Nkasi,,
KATE PRIMARY SCHOOL,,Rukwa,Nkasi,,
KIPILI PRIMARY SCHOOL,,Rukwa,Nkasi,,
KISAMBALA PRIMARY SCHOOL,,Rukwa,Nkasi,,
KITOSI PRIMARY SCHOOL,,Rukwa,Nkasi,,
KIZUMBI PRIMARY SCHOOL,,Rukwa,Nkasi,,
LONDOKAZI PRIMARY SCHOOL,,Rukwa,Nkasi,,
LYAPINDA PRIMARY SCHOOL,,Rukwa,Nkasi,,
MALONGWE PRIMARY SCHOOL,,Rukwa,Nkasi,,
MASOKOLO PRIMARY SCHOOL,,Rukwa,Nkasi,,
MBWENDI PRIMARY SCHOOL,,Rukwa,Nkasi,,
MISUNKUMILO PRIMARY SCHOOL,,Rukwa,Nkasi,,
MKOLE PRIMARY SCHOOL,,Rukwa,Nkasi,,
MLALAMBO PRIMARY SCHOOL,,Rukwa,Nkasi,,
MSILIHOFU PRIMARY SCHOOL,,Rukwa,Nkasi,,
MTENGA PRIMARY SCHOOL,,Rukwa,Nkasi,,
NAMANSI PRIMARY SCHOOL,,Rukwa,Nkasi,,
NG'UNDWE PRIMARY SCHOOL,,Rukwa,Nkasi,,
NKATA PRIMARY SCHOOL,,Rukwa,Nkasi,,
NKOMOLO-II PRIMARY SCHOOL,,Rukwa,Nkasi,,
NTANGANYIKA PRIMARY SCHOOL,,Rukwa,Nkasi,,
NTUCHI PRIMARY SCHOOL,,Rukwa,Nkasi,,
SWAILA PRIMARY SCHOOL,,Rukwa,Nkasi,,
UDACHI PRIMARY SCHOOL,,Rukwa,Nkasi,,
CHONGOKATETE PRIMARY SCHOOL,,Rukwa,Nkasi,,
INEKE ALBERDA PRIMARY SCHOOL,,Rukwa,Nkasi,,
ISALE PRIMARY SCHOOL,,Rukwa,Nkasi,,
KACHECHE PRIMARY SCHOOL,,Rukwa,Nkasi,,
KALILA PRIMARY SCHOOL,,Rukwa,Nkasi,,
KANCHUI PRIMARY SCHOOL,,Rukwa,Nkasi,,
KASU PRIMARY SCHOOL,,Rukwa,Nkasi,,
KATONGOLO PRIMARY SCHOOL,,Rukwa,Nkasi,,
KING'OMBE PRIMARY SCHOOL,,Rukwa,Nkasi,,
KIPUNDUKALA PRIMARY SCHOOL,,Rukwa,Nkasi,,
KISULA PRIMARY SCHOOL,,Rukwa,Nkasi,,
KITUKU PRIMARY SCHOOL,,Rukwa,Nkasi,,
KORONGWE PRIMARY SCHOOL,,Rukwa,Nkasi,,
LUNYALA PRIMARY SCHOOL,,Rukwa,Nkasi,,
LYAZUMBI PRIMARY SCHOOL,,Rukwa,Nkasi,,
MANDAKERENGE PRIMARY SCHOOL,,Rukwa,Nkasi,,
MASOLO PRIMARY SCHOOL,,Rukwa,Nkasi,,
MILUNDIKWA PRIMARY SCHOOL,,Rukwa,Nkasi,,
MKOMBE PRIMARY SCHOOL,,Rukwa,Nkasi,,
MLAMBO PRIMARY SCHOOL,,Rukwa,Nkasi,,
MPENGE PRIMARY SCHOOL,,Rukwa,Nkasi,,
MWINZA PRIMARY SCHOOL,,Rukwa,Nkasi,,
NAMANYERE PRIMARY SCHOOL,,Rukwa,Nkasi,,
NINDE PRIMARY SCHOOL,,Rukwa,Nkasi,,
NKOMANCHINDO PRIMARY SCHOOL,,Rukwa,Nkasi,,
NKUNDI PRIMARY SCHOOL,,Rukwa,Nkasi,,
NTATUMBILA PRIMARY SCHOOL,,Rukwa,Nkasi,,
PARAMAWE PRIMARY SCHOOL,,Rukwa,Nkasi,,
TAMBARUKA PRIMARY SCHOOL,,Rukwa,Nkasi,,
UTINTA PRIMARY SCHOOL,,Rukwa,Nkasi,,
CHOMBE PRIMARY SCHOOL,,Rukwa,Sumbawanga,,
KAMNYAZYA PRIMARY SCHOOL,,Rukwa,Sumbawanga,,
KAOZE PRIMARY SCHOOL,,Rukwa,Sumbawanga,,
KASAMVU PRIMARY SCHOOL,,Rukwa,Sumbawanga,,
KAWALACHITETE PRIMARY SCHOOL,,Rukwa,Sumbawanga,,
KAZWILA PRIMARY SCHOOL,,Rukwa,Sumbawanga,,
KILANGAWANA PRIMARY SCHOOL,,Rukwa,Sumbawanga,,
KINAMBO PRIMARY SCHOOL,,Rukwa,Sumbawanga,,
LAELA 'B' PRIMARY SCHOOL,,Rukwa,Sumbawanga,,
LOWE PRIMARY SCHOOL,,Rukwa,Sumbawanga,,
LWANJI PRIMARY SCHOOL,,Rukwa,Sumbawanga,,
MAENJE PRIMARY SCHOOL,,Rukwa,Sumbawanga,,
MITITI PRIMARY SCHOOL,,Rukwa,Sumbawanga,,
MKUNDA PRIMARY SCHOOL,,Rukwa,Sumbawanga,,
MLOMBO PRIMARY SCHOOL,,Rukwa,Sumbawanga,,
MPANDANKWILO PRIMARY SCHOOL,,Rukwa,Sumbawanga,,
MPUI B PRIMARY SCHOOL,,Rukwa,Sumbawanga,,
MSANDAMUUNGANO PRIMARY SCHOOL,,Rukwa,Sumbawanga,,
MSILA PRIMARY SCHOOL,,Rukwa,Sumbawanga,,
MTETEZI PRIMARY SCHOOL,,Rukwa,Sumbawanga,,
MTOWISA PRIMARY SCHOOL,,Rukwa,Sumbawanga,,
MUZE PRIMARY SCHOOL,,Rukwa,Sumbawanga,,
NANKANGA PRIMARY SCHOOL,,Rukwa,Sumbawanga,,
NKWILO PRIMARY SCHOOL,,Rukwa,Sumbawanga,,
SAKALILO PRIMARY SCHOOL,,Rukwa,Sumbawanga,,
SOLOLA PRIMARY SCHOOL,,Rukwa,Sumbawanga,,
TENTULA PRIMARY SCHOOL,,Rukwa,Sumbawanga,,
TUWI 'B' PRIMARY SCHOOL,,Rukwa,Sumbawanga,,
ZIMBA PRIMARY SCHOOL,,Rukwa,Sumbawanga,,
IGONDA PRIMARY SCHOOL,,Rukwa,Sumbawanga,,
ITELA PRIMARY SCHOOL,,Rukwa,Sumbawanga,,
KAENGESA PRIMARY SCHOOL,,Rukwa,Sumbawanga,,
KALUMBALEZA PRIMARY SCHOOL,,Rukwa,Sumbawanga,,
KAPENTA PRIMARY SCHOOL,,Rukwa,Sumbawanga,,
KASEKELA PRIMARY SCHOOL,,Rukwa,Sumbawanga,,
KAWILA PRIMARY SCHOOL,,Rukwa,Sumbawanga,,
KIANDA PRIMARY SCHOOL,,Rukwa,Sumbawanga,,
KILEMBO PRIMARY SCHOOL,,Rukwa,Sumbawanga,,
KIPETA PRIMARY SCHOOL,,Rukwa,Sumbawanga,,
LANCHI PRIMARY SCHOOL,,Rukwa,Sumbawanga,,
LULA PRIMARY SCHOOL,,Rukwa,Sumbawanga,,
LYANGALILE PRIMARY SCHOOL,,Rukwa,Sumbawanga,,
MIANGALUA PRIMARY SCHOOL,,Rukwa,Sumbawanga,,
MKUSI PRIMARY SCHOOL,,Rukwa,Sumbawanga,,
MPEMBANO PRIMARY SCHOOL,,Rukwa,Sumbawanga,,
MSHANI PRIMARY SCHOOL,,Rukwa,Sumbawanga,,
MTINDILO PRIMARY SCHOOL,,Rukwa,Sumbawanga,,
MUKAMANYE PRIMARY SCHOOL,,Rukwa,Sumbawanga,,
NDELEMA PRIMARY SCHOOL,,Rukwa,Sumbawanga,,
NTUMBI PRIMARY SCHOOL,,Rukwa,Sumbawanga,,
SANDULULA PRIMARY SCHOOL,,Rukwa,Sumbawanga,,
SONGAMBELE-AZIMIO PRIMARY SCHOOL,,Rukwa,Sumbawanga,,
TULULU PRIMARY SCHOOL,,Rukwa,Sumbawanga,,
TUWI PRIMARY SCHOOL,,Rukwa,Sumbawanga,,
IKOZI PRIMARY SCHOOL,,Rukwa,Sumbawanga,,
ILEMBA PRIMARY SCHOOL,,Rukwa,Sumbawanga,,
IWELYAMVULA PRIMARY SCHOOL,,Rukwa,Sumbawanga,,
KALAMBAZITE PRIMARY SCHOOL,,Rukwa,Sumbawanga,,
KAMNYALILE PRIMARY SCHOOL,,Rukwa,Sumbawanga,,
KANCHO PRIMARY SCHOOL,,Rukwa,Sumbawanga,,
KAPEWA PRIMARY SCHOOL,,Rukwa,Sumbawanga,,
KAVIFUTI PRIMARY SCHOOL,,Rukwa,Sumbawanga,,
KAZIKATONTO PRIMARY SCHOOL,,Rukwa,Sumbawanga,,
KIFINGA PRIMARY SCHOOL,,Rukwa,Sumbawanga,,
KILYAMATUNDU PRIMARY SCHOOL,,Rukwa,Sumbawanga,,
LAELA 'A' PRIMARY SCHOOL,,Rukwa,Sumbawanga,,
LEGEZA PRIMARY SCHOOL,,Rukwa,Sumbawanga,,
LYAPONA PRIMARY SCHOOL,,Rukwa,Sumbawanga,,
MALOLWA PRIMARY SCHOOL,,Rukwa,Sumbawanga,,
MILEPA PRIMARY SCHOOL,,Rukwa,Sumbawanga,,
MKIMA PRIMARY SCHOOL,,Rukwa,Sumbawanga,,
MLECHE PRIMARY SCHOOL,,Rukwa,Sumbawanga,,
MOVU PRIMARY SCHOOL,,Rukwa,Sumbawanga,,
MPWAPWA PRIMARY SCHOOL,,Rukwa,Sumbawanga,,
MTETA PRIMARY SCHOOL,,Rukwa,Sumbawanga,,
MTOWISA ''B'' PRIMARY SCHOOL,,Rukwa,Sumbawanga,,
NAMPAKO PRIMARY SCHOOL,,Rukwa,Sumbawanga,,
NG'ONGO PRIMARY SCHOOL,,Rukwa,Sumbawanga,,
SIKAUNGU PRIMARY SCHOOL,,Rukwa,Sumbawanga,,
SONTAUKIA PRIMARY SCHOOL,,Rukwa,Sumbawanga,,
TUNKO PRIMARY SCHOOL,,Rukwa,Sumbawanga,,
UZIA PRIMARY SCHOOL,,Rukwa,Sumbawanga,,
ANNA PRIMARY SCHOOL,,Rukwa,Sumbawanga Mc,,
FYENGELEZYA PRIMARY SCHOOL,,Rukwa,Sumbawanga Mc,,
KANONDO PRIMARY SCHOOL,,Rukwa,Sumbawanga Mc,,
KATANDALA-'B' PRIMARY SCHOOL,,Rukwa,Sumbawanga Mc,,
KAWAMA PRIMARY SCHOOL,,Rukwa,Sumbawanga Mc,,
KIZWITE PRIMARY SCHOOL,,Rukwa,Sumbawanga Mc,,
MAFULALA PRIMARY SCHOOL,,Rukwa,Sumbawanga Mc,,
MALAGANO PRIMARY SCHOOL,,Rukwa,Sumbawanga Mc,,
MANZITISWE PRIMARY SCHOOL,,Rukwa,Sumbawanga Mc,,
MAWENZUSI PRIMARY SCHOOL,,Rukwa,Sumbawanga Mc,,
MLANDA 'A' PRIMARY SCHOOL,,Rukwa,Sumbawanga Mc,,
MOMOKA PRIMARY SCHOOL,,Rukwa,Sumbawanga Mc,,
MPONDA PRIMARY SCHOOL,,Rukwa,Sumbawanga Mc,,
MTIMBWA PRIMARY SCHOOL,,Rukwa,Sumbawanga Mc,,
NDUA PRIMARY SCHOOL,,Rukwa,Sumbawanga Mc,,
PITO PRIMARY SCHOOL,,Rukwa,Sumbawanga Mc,,
ST GERTRUDE PRIMARY SCHOOL,,Rukwa,Sumbawanga Mc,,
SUMBAWANGA ISTIQAAMA PRIMARY SCHOOL,,Rukwa,Sumbawanga Mc,,
ULINJI PRIMARY SCHOOL,,Rukwa,Sumbawanga Mc,,
CHANJI PRIMARY SCHOOL,,Rukwa,Sumbawanga Mc,,
CHIPU PRIMARY SCHOOL,,Rukwa,Sumbawanga Mc,,
HILLCREST JUNIOR ACADEMY PRIMARY SCHOOL,,Rukwa,Sumbawanga Mc,,
KANTALAMBA-MAZOEZI PRIMARY SCHOOL,,Rukwa,Sumbawanga Mc,,
KASISIWE PRIMARY SCHOOL,,Rukwa,Sumbawanga Mc,,
KATUMBA-AZIMIO PRIMARY SCHOOL,,Rukwa,Sumbawanga Mc,,
LUKEWILLE PRIMARY SCHOOL,,Rukwa,Sumbawanga Mc,,
MBALIKA PRIMARY SCHOOL,,Rukwa,Sumbawanga Mc,,
MLANDA-'B' PRIMARY SCHOOL,,Rukwa,Sumbawanga Mc,,
MOONLIGHT ACADEMY PRIMARY SCHOOL,,Rukwa,Sumbawanga Mc,,
MWENGE-'A' PRIMARY SCHOOL,,Rukwa,Sumbawanga Mc,,
NTENDO PRIMARY SCHOOL,,Rukwa,Sumbawanga Mc,,
ST MATHIAS PRIMARY SCHOOL,,Rukwa,Sumbawanga Mc,,
TAMASENGA PRIMARY SCHOOL,,Rukwa,Sumbawanga Mc,,
CHELENGANYA PRIMARY SCHOOL,,Rukwa,Sumbawanga Mc,,
DR. ATMAN MEMORIAL PRIMARY SCHOOL,,Rukwa,Sumbawanga Mc,,
HOMAGE PRIMARY SCHOOL,,Rukwa,Sumbawanga Mc,,
IZIA PRIMARY SCHOOL,,Rukwa,Sumbawanga Mc,,
KANKWALE PRIMARY SCHOOL,,Rukwa,Sumbawanga Mc,,
KASENSE PRIMARY SCHOOL,,Rukwa,Sumbawanga Mc,,
KATANDALA-'A' PRIMARY SCHOOL,,Rukwa,Sumbawanga Mc,,
KATUSA PRIMARY SCHOOL,,Rukwa,Sumbawanga Mc,,
KINAMWANGA PRIMARY SCHOOL,,Rukwa,Sumbawanga Mc,,
LUWA PRIMARY SCHOOL,,Rukwa,Sumbawanga Mc,,
MAKAZI MAPYA PRIMARY SCHOOL,,Rukwa,Sumbawanga Mc,,
MALONJE PRIMARY SCHOOL,,Rukwa,Sumbawanga Mc,,
MATANGA PRIMARY SCHOOL,,Rukwa,Sumbawanga Mc,,
MILANZI PRIMARY SCHOOL,,Rukwa,Sumbawanga Mc,,
MOLLO PRIMARY SCHOOL,,Rukwa,Sumbawanga Mc,,
MPASI PRIMARY SCHOOL,,Rukwa,Sumbawanga Mc,,
MTIMBWA 'B' PRIMARY SCHOOL,,Rukwa,Sumbawanga Mc,,
NAMBOGO PRIMARY SCHOOL,,Rukwa,Sumbawanga Mc,,
OJAK PRIMARY SCHOOL,,Rukwa,Sumbawanga Mc,,
SOKOLO PRIMARY SCHOOL,,Rukwa,Sumbawanga Mc,,
ST.AGGREY PRIMARY SCHOOL,,Rukwa,Sumbawanga Mc,,
UFIPA PRIMARY SCHOOL,,Rukwa,Sumbawanga Mc,,
WIPANGA PRIMARY SCHOOL,,Rukwa,Sumbawanga Mc,,
IBELAMAFIPA PRIMARY SCHOOL,,Katavi,Mlele,,
ILUNDE PRIMARY SCHOOL,,Katavi,Mlele,,
IZENGA PRIMARY SCHOOL,,Katavi,Mlele,,
KAMALAMPAKA PRIMARY SCHOOL,,Katavi,Mlele,,
KANKELELE PRIMARY SCHOOL,,Katavi,Mlele,,
MAPILI PRIMARY SCHOOL,,Katavi,Mlele,,
MLELE PRIMARY SCHOOL,,Katavi,Mlele,,
NSENKWA PRIMARY SCHOOL,,Katavi,Mlele,,
ULYAMBOGO PRIMARY SCHOOL,,Katavi,Mlele,,
IMALAUDUKI PRIMARY SCHOOL,,Katavi,Mlele,,
KAFULU PRIMARY SCHOOL,,Katavi,Mlele,,
KAMSISI PRIMARY SCHOOL,,Katavi,Mlele,,
KAULOLO PRIMARY SCHOOL,,Katavi,Mlele,,
MASIGO PRIMARY SCHOOL,,Katavi,Mlele,,
MLOGOLO PRIMARY SCHOOL,,Katavi,Mlele,,
INYONGA PRIMARY SCHOOL,,Katavi,Mlele,,
KALOVYA PRIMARY SCHOOL,,Katavi,Mlele,,
KAMWELWE PRIMARY SCHOOL,,Katavi,Mlele,,
KUSA PRIMARY SCHOOL,,Katavi,Mlele,,
MGOMBE PRIMARY SCHOOL,,Katavi,Mlele,,
WACHAWASEME PRIMARY SCHOOL,,Katavi,Mlele,,
KABWAGA PRIMARY SCHOOL,,Katavi,Mpanda Mc,,
KAPUFI PRIMARY SCHOOL,,Katavi,Mpanda Mc,,
KASIMBA PRIMARY SCHOOL,,Katavi,Mpanda Mc,,
KAZIMA PRIMARY SCHOOL,,Katavi,Mpanda Mc,,
MKOKWA PRIMARY SCHOOL,,Katavi,Mpanda Mc,,
MSAKILA PRIMARY SCHOOL,,Katavi,Mpanda Mc,,
MWAMKULU PRIMARY SCHOOL,,Katavi,Mpanda Mc,,
NSEMULWA PRIMARY SCHOOL,,Katavi,Mpanda Mc,,
NZELLA PRIMARY SCHOOL,,Katavi,Mpanda Mc,,
SHANWE PRIMARY SCHOOL,,Katavi,Mpanda Mc,,
SUNGAMILA PRIMARY SCHOOL,,Katavi,Mpanda Mc,,
DIRIFU PRIMARY SCHOOL,,Katavi,Mpanda Mc,,
KAKESE PRIMARY SCHOOL,,Katavi,Mpanda Mc,,
KASHATO PRIMARY SCHOOL,,Katavi,Mpanda Mc,,
KAWAJENSE PRIMARY SCHOOL,,Katavi,Mpanda Mc,,
MAKANYAGIO PRIMARY SCHOOL,,Katavi,Mpanda Mc,,
MIGAZINI PRIMARY SCHOOL,,Katavi,Mpanda Mc,,
MIZENGO PINDA PRIMARY SCHOOL,,Katavi,Mpanda Mc,,
MTAKUMBUKA PRIMARY SCHOOL,,Katavi,Mpanda Mc,,
NSESO PRIMARY SCHOOL,,Katavi,Mpanda Mc,,
REIMETA PRIMARY SCHOOL,,Katavi,Mpanda Mc,,
SOMBIRO PRIMARY SCHOOL,,Katavi,Mpanda Mc,,
TULIENI PRIMARY SCHOOL,,Katavi,Mpanda Mc,,
KAMAKUKA PRIMARY SCHOOL,,Katavi,Mpanda Mc,,
KASHAULILI PRIMARY SCHOOL,,Katavi,Mpanda Mc,,
KASOKOLA PRIMARY SCHOOL,,Katavi,Mpanda Mc,,
KAWANZIGE PRIMARY SCHOOL,,Katavi,Mpanda Mc,,
MAKONGOLO PRIMARY SCHOOL,,Katavi,Mpanda Mc,,
MILALA PRIMARY SCHOOL,,Katavi,Mpanda Mc,,
NSAMBWE PRIMARY SCHOOL,,Katavi,Mpanda Mc,,
SAYARI PRIMARY SCHOOL,,Katavi,Mpanda Mc,,
SOMOLA PRIMARY SCHOOL,,Katavi,Mpanda Mc,,
BULA PRIMARY SCHOOL,,Katavi,Mpimbwe,,
IKULWE PRIMARY SCHOOL,,Katavi,Mpimbwe,,
IZIWASUNGU PRIMARY SCHOOL,,Katavi,Mpimbwe,,
KANINDI PRIMARY SCHOOL,,Katavi,Mpimbwe,,
KIKONKO PRIMARY SCHOOL,,Katavi,Mpimbwe,,
MBEDE PRIMARY SCHOOL,,Katavi,Mpimbwe,,
MINYOSO PRIMARY SCHOOL,,Katavi,Mpimbwe,,
MWAMAPULI PRIMARY SCHOOL,,Katavi,Mpimbwe,,
NYAMBWE PRIMARY SCHOOL,,Katavi,Mpimbwe,,
UKINGWAMINZI PRIMARY SCHOOL,,Katavi,Mpimbwe,,
CHAMALENDI PRIMARY SCHOOL,,Katavi,Mpimbwe,,
ILALANGULU PRIMARY SCHOOL,,Katavi,Mpimbwe,,
KABUNDE PRIMARY SCHOOL,,Katavi,Mpimbwe,,
KAVUU PRIMARY SCHOOL,,Katavi,Mpimbwe,,
KILIDA PRIMARY SCHOOL,,Katavi,Mpimbwe,,
LUCHIMA PRIMARY SCHOOL,,Katavi,Mpimbwe,,
MAKUYUGU PRIMARY SCHOOL,,Katavi,Mpimbwe,,
MGOLOKA PRIMARY SCHOOL,,Katavi,Mpimbwe,,
MIRUMBA PRIMARY SCHOOL,,Katavi,Mpimbwe,,
USEVYA PRIMARY SCHOOL,,Katavi,Mpimbwe,,
IKUBA PRIMARY SCHOOL,,Katavi,Mpimbwe,,
KAKUNI PRIMARY SCHOOL,,Katavi,Mpimbwe,,
KASIMA PRIMARY SCHOOL,,Katavi,Mpimbwe,,
KITUPA PRIMARY SCHOOL,,Katavi,Mpimbwe,,
MAIMBA PRIMARY SCHOOL,,Katavi,Mpimbwe,,
MIGUNGA PRIMARY SCHOOL,,Katavi,Mpimbwe,,
MISISI PRIMARY SCHOOL,,Katavi,Mpimbwe,,
MSADYA PRIMARY SCHOOL,,Katavi,Mpimbwe,,
NTASWA PRIMARY SCHOOL,,Katavi,Mpimbwe,,
TUPINDO PRIMARY SCHOOL,,Katavi,Mpimbwe,,
VILOLO PRIMARY SCHOOL,,Katavi,Mpimbwe,,
BARUTI PRIMARY SCHOOL,,Katavi,Nsimbo,,
FILIMULE PRIMARY SCHOOL,,Katavi,Nsimbo,,
IKONDAMOYO PRIMARY SCHOOL,,Katavi,Nsimbo,,
ITENKA 'A' PRIMARY SCHOOL,,Katavi,Nsimbo,,
IWIMBI PRIMARY SCHOOL,,Katavi,Nsimbo,,
KAJEJE PRIMARY SCHOOL,,Katavi,Nsimbo,,
KAMBUZI PRIMARY SCHOOL,,Katavi,Nsimbo,,
KATUMBA PRIMARY SCHOOL,,Katavi,Nsimbo,,
LITAPUNGA PRIMARY SCHOOL,,Katavi,Nsimbo,,
MTAMBALALA PRIMARY SCHOOL,,Katavi,Nsimbo,,
MTISI PRIMARY SCHOOL,,Katavi,Nsimbo,,
NDURUMO PRIMARY SCHOOL,,Katavi,Nsimbo,,
NSIMBO PRIMARY SCHOOL,,Katavi,Nsimbo,,
SIKWISI PRIMARY SCHOOL,,Katavi,Nsimbo,,
TUKOMA PRIMARY SCHOOL,,Katavi,Nsimbo,,
UGALLA PRIMARY SCHOOL,,Katavi,Nsimbo,,
USENSE PRIMARY SCHOOL,,Katavi,Nsimbo,,
BULANGWA PRIMARY SCHOOL,,Katavi,Nsimbo,,
IBINDI PRIMARY SCHOOL,,Katavi,Nsimbo,,
ISANJANDUGU PRIMARY SCHOOL,,Katavi,Nsimbo,,
ITENKA 'B' PRIMARY SCHOOL,,Katavi,Nsimbo,,
KALELE PRIMARY SCHOOL,,Katavi,Nsimbo,,
KAMINI PRIMARY SCHOOL,,Katavi,Nsimbo,,
MATANDALANI PRIMARY SCHOOL,,Katavi,Nsimbo,,
MNYAKI PRIMARY SCHOOL,,Katavi,Nsimbo,,
MSAGINYA PRIMARY SCHOOL,,Katavi,Nsimbo,,
MTAMBO PRIMARY SCHOOL,,Katavi,Nsimbo,,
NDUWI PRIMARY SCHOOL,,Katavi,Nsimbo,,
NZAGA PRIMARY SCHOOL,,Katavi,Nsimbo,,
SITALIKE PRIMARY SCHOOL,,Katavi,Nsimbo,,
SONJA PRIMARY SCHOOL,,Katavi,Nsimbo,,
UMOJA PRE AN DPRIMARY SCHOOL,,Katavi,Nsimbo,,
IKOLONGO PRIMARY SCHOOL,,Katavi,Nsimbo,,
ISINDE PRIMARY SCHOOL,,Katavi,Nsimbo,,
IVUNGWE PRIMARY SCHOOL,,Katavi,Nsimbo,,
KABURONGE PRIMARY SCHOOL,,Katavi,Nsimbo,,
KAMINULA PRIMARY SCHOOL,,Katavi,Nsimbo,,
KATISUNGA PRIMARY SCHOOL,,Katavi,Nsimbo,,
MAKUTANIO PRIMARY SCHOOL,,Katavi,Nsimbo,,
MNYAMASI PRIMARY SCHOOL,,Katavi,Nsimbo,,
MSHIHA PRIMARY SCHOOL,,Katavi,Nsimbo,,
NSANDA PRIMARY SCHOOL,,Katavi,Nsimbo,,
SHELESI PRIMARY SCHOOL,,Katavi,Nsimbo,,
TAMBAZI PRIMARY SCHOOL,,Katavi,Nsimbo,,
URUWIRA PRIMARY SCHOOL,,Katavi,Nsimbo,,
BUGWE PRIMARY SCHOOL,,Katavi,Tanganyika,,
BUSONGOLA PRIMARY SCHOOL,,Katavi,Tanganyika,,
IFUMBULA PRIMARY SCHOOL,,Katavi,Tanganyika,,
IKOLA PRIMARY SCHOOL,,Katavi,Tanganyika,,
IMALAUPINA PRIMARY SCHOOL,,Katavi,Tanganyika,,
ISENGULE PRIMARY SCHOOL,,Katavi,Tanganyika,,
ITETEMYA PRIMARY SCHOOL,,Katavi,Tanganyika,,
KABAGE PRIMARY SCHOOL,,Katavi,Tanganyika,,
KABUNGU PRIMARY SCHOOL,,Katavi,Tanganyika,,
KALILANKULUKULU PRIMARY SCHOOL,,Katavi,Tanganyika,,
KAMLENGA PRIMARY SCHOOL,,Katavi,Tanganyika,,
KAPANGA PRIMARY SCHOOL,,Katavi,Tanganyika,,
KASANGANTONGWE PRIMARY SCHOOL,,Katavi,Tanganyika,,
KATOBO PRIMARY SCHOOL,,Katavi,Tanganyika,,
LAKE TANGANYIKA 'B' PRIMARY SCHOOL,,Katavi,Tanganyika,,
LUHAFWE PRIMARY SCHOOL,,Katavi,Tanganyika,,
MAGOROFANI PRIMARY SCHOOL,,Katavi,Tanganyika,,
MCHAKAMCHAKA PRIMARY SCHOOL,,Katavi,Tanganyika,,
MLANGALA PRIMARY SCHOOL,,Katavi,Tanganyika,,
MPANDANDOGO PRIMARY SCHOOL,,Katavi,Tanganyika,,
NGOMALUSAMBO PRIMARY SCHOOL,,Katavi,Tanganyika,,
NTIMBA PRIMARY SCHOOL,,Katavi,Tanganyika,,
SIBWESA PRIMARY SCHOOL,,Katavi,Tanganyika,,
VIKONGE PRIMARY SCHOOL,,Katavi,Tanganyika,,
BUJOMBE PRIMARY SCHOOL,,Katavi,Tanganyika,,
IFINSI PRIMARY SCHOOL,,Katavi,Tanganyika,,
ILANGU PRIMARY SCHOOL,,Katavi,Tanganyika,,
IPWAGA PRIMARY SCHOOL,,Katavi,Tanganyika,,
ISUBANGALA PRIMARY SCHOOL,,Katavi,Tanganyika,,
ITUNYA PRIMARY SCHOOL,,Katavi,Tanganyika,,
KAFISHA PRIMARY SCHOOL,,Katavi,Tanganyika,,
KAHELELE PRIMARY SCHOOL,,Katavi,Tanganyika,,
KAMBANGA PRIMARY SCHOOL,,Katavi,Tanganyika,,
KAMSANGA PRIMARY SCHOOL,,Katavi,Tanganyika,,
KAPEMBA PRIMARY SCHOOL,,Katavi,Tanganyika,,
KASEGANYAMA PRIMARY SCHOOL,,Katavi,Tanganyika,,
KASUNGA PRIMARY SCHOOL,,Katavi,Tanganyika,,
KATONYAGA PRIMARY SCHOOL,,Katavi,Tanganyika,,
KONA MNYAGALA PRIMARY SCHOOL,,Katavi,Tanganyika,,
LAKE TANGANYIKA PRIMARY SCHOOL,,Katavi,Tanganyika,,
LWEGA PRIMARY SCHOOL,,Katavi,Tanganyika,,
MANYONYI PRIMARY SCHOOL,,Katavi,Tanganyika,,
MGANSA PRIMARY SCHOOL,,Katavi,Tanganyika,,
MLIBANSI PRIMARY SCHOOL,,Katavi,Tanganyika,,
MWESE PRIMARY SCHOOL,,Katavi,Tanganyika,,
NKUNGWI PRIMARY SCHOOL,,Katavi,Tanganyika,,
NTUMBA PRIMARY SCHOOL,,Katavi,Tanganyika,,
SILONGE PRIMARY SCHOOL,,Katavi,Tanganyika,,
BULAMATA PRIMARY SCHOOL,,Katavi,Tanganyika,,
IFUKUTWA PRIMARY SCHOOL,,Katavi,Tanganyika,,
IKAKA PRIMARY SCHOOL,,Katavi,Tanganyika,,
ILEBULA PRIMARY SCHOOL,,Katavi,Tanganyika,,
ISUMBWE PRIMARY SCHOOL,,Katavi,Tanganyika,,
ITWANGA PRIMARY SCHOOL,,Katavi,Tanganyika,,
KABATINI PRIMARY SCHOOL,,Katavi,Tanganyika,,
KAKOSO PRIMARY SCHOOL,,Katavi,Tanganyika,,
KAMJELA PRIMARY SCHOOL,,Katavi,Tanganyika,,
KAPALAMSENGA PRIMARY SCHOOL,,Katavi,Tanganyika,,
KAREMA PRIMARY SCHOOL,,Katavi,Tanganyika,,
KASEKESE PRIMARY SCHOOL,,Katavi,Tanganyika,,
KATENTE PRIMARY SCHOOL,,Katavi,Tanganyika,,
KATUMA PRIMARY SCHOOL,,Katavi,Tanganyika,,
KUSI PRIMARY SCHOOL,,Katavi,Tanganyika,,
LUGONESI PRIMARY SCHOOL,,Katavi,Tanganyika,,
MAGOMENI PRIMARY SCHOOL,,Katavi,Tanganyika,,
MAZWE PRIMARY SCHOOL,,Katavi,Tanganyika,,
MISHAMO PRIMARY SCHOOL,,Katavi,Tanganyika,,
MNYAGALA PRIMARY SCHOOL,,Katavi,Tanganyika,,
MWIKANG'OMBE PRIMARY SCHOOL,,Katavi,Tanganyika,,
NTIKIMO PRIMARY SCHOOL,,Katavi,Tanganyika,,
RUGUFU PRIMARY SCHOOL,,Katavi,Tanganyika,,
GUMBIRO PRIMARY SCHOOL,,Ruvuma,Madaba,,
IGAWISENGA PRIMARY SCHOOL,,Ruvuma,Madaba,,
KIPINGO PRIMARY SCHOOL,,Ruvuma,Madaba,,
LIPUPUMA PRIMARY SCHOOL,,Ruvuma,Madaba,,
MADABA PRIMARY SCHOOL,,Ruvuma,Madaba,,
MATETEREKA PRIMARY SCHOOL,,Ruvuma,Madaba,,
MKONGOTEMA PRIMARY SCHOOL,,Ruvuma,Madaba,,
MTYANGIMBOLE PRIMARY SCHOOL,,Ruvuma,Madaba,,
NGEMBAMBILI PRIMARY SCHOOL,,Ruvuma,Madaba,,
ST. GETRUDE PRIMARY SCHOOL,,Ruvuma,Madaba,,
IFINGA PRIMARY SCHOOL,,Ruvuma,Madaba,,
KIBLANG'OMBE PRIMARY SCHOOL,,Ruvuma,Madaba,,
LIKARANGILO PRIMARY SCHOOL,,Ruvuma,Madaba,,
LUHIMBA PRIMARY SCHOOL,,Ruvuma,Madaba,,
MAGINGO PRIMARY SCHOOL,,Ruvuma,Madaba,,
MAWESO PRIMARY SCHOOL,,Ruvuma,Madaba,,
MKWERA PRIMARY SCHOOL,,Ruvuma,Madaba,,
NDELENYUMA PRIMARY SCHOOL,,Ruvuma,Madaba,,
NJEGEA PRIMARY SCHOOL,,Ruvuma,Madaba,,
IFUGWA PRIMARY SCHOOL,,Ruvuma,Madaba,,
KIFAGURO PRIMARY SCHOOL,,Ruvuma,Madaba,,
LILONDO PRIMARY SCHOOL PRIMARY SCHOOL,,Ruvuma,Madaba,,
LUTUKIRA PRIMARY SCHOOL,,Ruvuma,Madaba,,
MAHANJE PRIMARY SCHOOL,,Ruvuma,Madaba,,
MBANGAMAWE PRIMARY SCHOOL,,Ruvuma,Madaba,,
MTAZAMO PRIMARY SCHOOL,,Ruvuma,Madaba,,
NGADINDA PRIMARY SCHOOL,,Ruvuma,Madaba,,
WINO PRIMARY SCHOOL PRIMARY SCHOOL,,Ruvuma,Madaba,,
AMANIMAKORO PRIMARY SCHOOL,,Ruvuma,Mbinga,,
BARABARA PRIMARY SCHOOL,,Ruvuma,Mbinga,,
CHUNYA PRIMARY SCHOOL,,Ruvuma,Mbinga,,
ILAKAI PRIMARY SCHOOL,,Ruvuma,Mbinga,,
KIGONSERA PRIMARY SCHOOL,,Ruvuma,Mbinga,,
KIHEREKETI PRIMARY SCHOOL,,Ruvuma,Mbinga,,
KIHURUKU PRIMARY SCHOOL,,Ruvuma,Mbinga,,
KIKULI PRIMARY SCHOOL,,Ruvuma,Mbinga,,
KINDIMBACHINI PRIMARY SCHOOL,,Ruvuma,Mbinga,,
KIPAPA PRIMARY SCHOOL,,Ruvuma,Mbinga,,
KIPOLOLO PRIMARY SCHOOL,,Ruvuma,Mbinga,,
KITOGOTA PRIMARY SCHOOL,,Ruvuma,Mbinga,,
KIWOMBI PRIMARY SCHOOL,,Ruvuma,Mbinga,,
KOMBOA PRIMARY SCHOOL,,Ruvuma,Mbinga,,
LIHALE PRIMARY SCHOOL,,Ruvuma,Mbinga,,
LINGOMBA PRIMARY SCHOOL,,Ruvuma,Mbinga,,
LITANDA PRIMARY SCHOOL,,Ruvuma,Mbinga,,
LITUMBANDYOSI PRIMARY SCHOOL,,Ruvuma,Mbinga,,
LIWANGA PRIMARY SCHOOL,,Ruvuma,Mbinga,,
LONGA PRIMARY SCHOOL,,Ruvuma,Mbinga,,
LUHALALA PRIMARY SCHOOL,,Ruvuma,Mbinga,,
LUKAI PRIMARY SCHOOL,,Ruvuma,Mbinga,,
LULWAHI PRIMARY SCHOOL,,Ruvuma,Mbinga,,
MAGUU PRIMARY SCHOOL,,Ruvuma,Mbinga,,
MAHUMBATO PRIMARY SCHOOL,,Ruvuma,Mbinga,,
MALEKA PRIMARY SCHOOL,,Ruvuma,Mbinga,,
MANZEYE PRIMARY SCHOOL,,Ruvuma,Mbinga,,
MAPIPILI PRIMARY SCHOOL,,Ruvuma,Mbinga,,
MATOKEO PRIMARY SCHOOL,,Ruvuma,Mbinga,,
MHILO PRIMARY SCHOOL,,Ruvuma,Mbinga,,
MIHANGO PRIMARY SCHOOL,,Ruvuma,Mbinga,,
MIMBUA PRIMARY SCHOOL,,Ruvuma,Mbinga,,
MITANGA PRIMARY SCHOOL,,Ruvuma,Mbinga,,
MKAKO PRIMARY SCHOOL,,Ruvuma,Mbinga,,
MKEKE PRIMARY SCHOOL,,Ruvuma,Mbinga,,
MKOHA PRIMARY SCHOOL,,Ruvuma,Mbinga,,
MKUMBU PRIMARY SCHOOL,,Ruvuma,Mbinga,,
MTAZAMAGAMA PRIMARY SCHOOL,,Ruvuma,Mbinga,,
MZUZU PRIMARY SCHOOL,,Ruvuma,Mbinga,,
NDESA PRIMARY SCHOOL,,Ruvuma,Mbinga,,
NGERUKE PRIMARY SCHOOL,,Ruvuma,Mbinga,,
NJOMBO PRIMARY SCHOOL,,Ruvuma,Mbinga,,
NTUNDUWARO PRIMARY SCHOOL,,Ruvuma,Mbinga,,
PARADISO PRIMARY SCHOOL,,Ruvuma,Mbinga,,
SARA PRIMARY SCHOOL,,Ruvuma,Mbinga,,
WUKIRO PRIMARY SCHOOL,,Ruvuma,Mbinga,,
BURMA PRIMARY SCHOOL,,Ruvuma,Mbinga,,
HAGATI PRIMARY SCHOOL,,Ruvuma,Mbinga,,
KIBANGA PRIMARY SCHOOL,,Ruvuma,Mbinga,,
KIGOTI PRIMARY SCHOOL,,Ruvuma,Mbinga,,
KIHONGO PRIMARY SCHOOL,,Ruvuma,Mbinga,,
KIHURUNGI PRIMARY SCHOOL,,Ruvuma,Mbinga,,
KILANGAJUU PRIMARY SCHOOL,,Ruvuma,Mbinga,,
KIMARA PRIMARY SCHOOL,,Ruvuma,Mbinga,,
KINGOLI PRIMARY SCHOOL,,Ruvuma,Mbinga,,
KIPEGEI PRIMARY SCHOOL,,Ruvuma,Mbinga,,
KITAI PRIMARY SCHOOL,,Ruvuma,Mbinga,,
KIYAHA PRIMARY SCHOOL,,Ruvuma,Mbinga,,
LANGANDONDO PRIMARY SCHOOL,,Ruvuma,Mbinga,,
LIHUTU PRIMARY SCHOOL,,Ruvuma,Mbinga,,
LIPUMBA PRIMARY SCHOOL,,Ruvuma,Mbinga,,
LITEMBO PRIMARY SCHOOL,,Ruvuma,Mbinga,,
LIWIHI PRIMARY SCHOOL,,Ruvuma,Mbinga,,
LUGARI PRIMARY SCHOOL,,Ruvuma,Mbinga,,
LUHANYA PRIMARY SCHOOL,,Ruvuma,Mbinga,,
LUKARASI PRIMARY SCHOOL,,Ruvuma,Mbinga,,
LUNORO PRIMARY SCHOOL,,Ruvuma,Mbinga,,
LUWINO PRIMARY SCHOOL,,Ruvuma,Mbinga,,
MAKEMU PRIMARY SCHOOL,,Ruvuma,Mbinga,,
MALIBA PRIMARY SCHOOL,,Ruvuma,Mbinga,,
MAPENDANO PRIMARY SCHOOL,,Ruvuma,Mbinga,,
MATEKELA PRIMARY SCHOOL,,Ruvuma,Mbinga,,
MATUNGUTU PRIMARY SCHOOL,,Ruvuma,Mbinga,,
MAWONO PRIMARY SCHOOL,,Ruvuma,Mbinga,,
MBUGU PRIMARY SCHOOL,,Ruvuma,Mbinga,,
MHIMBAZI PRIMARY SCHOOL,,Ruvuma,Mbinga,,
MIKALANGA PRIMARY SCHOOL,,Ruvuma,Mbinga,,
MITAWA PRIMARY SCHOOL,,Ruvuma,Mbinga,,
MKALANGA PRIMARY SCHOOL,,Ruvuma,Mbinga,,
MKESO PRIMARY SCHOOL,,Ruvuma,Mbinga,,
MKUKA PRIMARY SCHOOL,,Ruvuma,Mbinga,,
MKURUMUSI PRIMARY SCHOOL,,Ruvuma,Mbinga,,
MNAZIMMOJA PRIMARY SCHOOL,,Ruvuma,Mbinga,,
MSAMALA PRIMARY SCHOOL,,Ruvuma,Mbinga,,
MWANYU PRIMARY SCHOOL,,Ruvuma,Mbinga,,
NAKATOKE PRIMARY SCHOOL,,Ruvuma,Mbinga,,
NDEMBO PRIMARY SCHOOL,,Ruvuma,Mbinga,,
NDONGOSI PRIMARY SCHOOL,,Ruvuma,Mbinga,,
NGIMA PRIMARY SCHOOL,,Ruvuma,Mbinga,,
NYONI PRIMARY SCHOOL,,Ruvuma,Mbinga,,
UGANO PRIMARY SCHOOL,,Ruvuma,Mbinga,,
ULIMA PRIMARY SCHOOL,,Ruvuma,Mbinga,,
BURUNDI PRIMARY SCHOOL,,Ruvuma,Mbinga,,
HALALE PRIMARY SCHOOL,,Ruvuma,Mbinga,,
KIGANGI PRIMARY SCHOOL,,Ruvuma,Mbinga,,
KIHANGIMAHUKA PRIMARY SCHOOL,,Ruvuma,Mbinga,,
KIHUMBAGURU PRIMARY SCHOOL,,Ruvuma,Mbinga,,
KIKODI PRIMARY SCHOOL,,Ruvuma,Mbinga,,
KILANGO PRIMARY SCHOOL,,Ruvuma,Mbinga,,
KIMBARAKATA PRIMARY SCHOOL,,Ruvuma,Mbinga,,
KINGUA PRIMARY SCHOOL,,Ruvuma,Mbinga,,
KITESA PRIMARY SCHOOL,,Ruvuma,Mbinga,,
KIWALANGI PRIMARY SCHOOL,,Ruvuma,Mbinga,,
LANGIRO PRIMARY SCHOOL,,Ruvuma,Mbinga,,
LIMBONI PRIMARY SCHOOL,,Ruvuma,Mbinga,,
LISAU PRIMARY SCHOOL,,Ruvuma,Mbinga,,
LITOHO PRIMARY SCHOOL,,Ruvuma,Mbinga,,
LIULA PRIMARY SCHOOL,,Ruvuma,Mbinga,,
LIYOMBO PRIMARI SCHOOL PRIMARY SCHOOL,,Ruvuma,Mbinga,,
LUHAGARA PRIMARY SCHOOL,,Ruvuma,Mbinga,,
LUHIKITIKI PRIMARY SCHOOL,,Ruvuma,Mbinga,,
LUKITI PRIMARY SCHOOL,,Ruvuma,Mbinga,,
LUPILINGA PRIMARY SCHOOL,,Ruvuma,Mbinga,,
MABUNI PRIMARY SCHOOL,,Ruvuma,Mbinga,,
MAHILO PRIMARY SCHOOL,,Ruvuma,Mbinga,,
MAKONGA PRIMARY SCHOOL,,Ruvuma,Mbinga,,
MALINDINDO PRIMARY SCHOOL,,Ruvuma,Mbinga,,
MAPERA PRIMARY SCHOOL,,Ruvuma,Mbinga,,
MATIRI PRIMARY SCHOOL,,Ruvuma,Mbinga,,
MATUTA PRIMARY SCHOOL,,Ruvuma,Mbinga,,
MBANDA PRIMARY SCHOOL,,Ruvuma,Mbinga,,
MBUJI PRIMARY SCHOOL,,Ruvuma,Mbinga,,
MHAGAWA PRIMARY SCHOOL,,Ruvuma,Mbinga,,
MHONGOZI PRIMARY SCHOOL,,Ruvuma,Mbinga,,
MITAMBO PRIMARY SCHOOL,,Ruvuma,Mbinga,,
MITULA PRIMARY SCHOOL,,Ruvuma,Mbinga,,
MKALITE PRIMARY SCHOOL,,Ruvuma,Mbinga,,
MKUWANI PRIMARY SCHOOL,,Ruvuma,Mbinga,,
MTAWA PRIMARY SCHOOL,,Ruvuma,Mbinga,,
MYAU PRIMARY SCHOOL,,Ruvuma,Mbinga,,
NAMSWEA PRIMARY SCHOOL,,Ruvuma,Mbinga,,
NDENGU PRIMARY SCHOOL,,Ruvuma,Mbinga,,
NDUNGULI PRIMARY SCHOOL,,Ruvuma,Mbinga,,
NTESUKA PRIMARY SCHOOL,,Ruvuma,Mbinga,,
NYOTA PRIMARY SCHOOL,,Ruvuma,Mbinga,,
UKATA PRIMARY SCHOOL,,Ruvuma,Mbinga,,
UNANGO PRIMARY SCHOOL,,Ruvuma,Mbinga,,
AL JAZIRA PRIMARY SCHOOL,,Ruvuma,Mbinga Tc,,
IRINGA PRIMARY SCHOOL,,Ruvuma,Mbinga Tc,,
KIHULILA PRIMARY SCHOOL,,Ruvuma,Mbinga Tc,,
KIPUNGU PRIMARY SCHOOL,,Ruvuma,Mbinga Tc,,
LIFAKARA PRIMARY SCHOOL,,Ruvuma,Mbinga Tc,,
LIPEMBE PRIMARY SCHOOL,,Ruvuma,Mbinga Tc,,
LUHEHE PRIMARY SCHOOL,,Ruvuma,Mbinga Tc,,
LUPOSO PRIMARY SCHOOL,,Ruvuma,Mbinga Tc,,
MAGANAGANA PRIMARY SCHOOL,,Ruvuma,Mbinga Tc,,
MAKATANI PRIMARY SCHOOL,,Ruvuma,Mbinga Tc,,
MASASI PRIMARY SCHOOL,,Ruvuma,Mbinga Tc,,
MATEKA PRIMARY SCHOOL,,Ruvuma,Mbinga Tc,,
MBANGAMAO PRIMARY SCHOOL,,Ruvuma,Mbinga Tc,,
MPEPAI PRIMARY SCHOOL,,Ruvuma,Mbinga Tc,,
MUNDEKI PRIMARY SCHOOL,,Ruvuma,Mbinga Tc,,
RUDISHA PRIMARY SCHOOL,,Ruvuma,Mbinga Tc,,
SEPUKILA PRIMARY SCHOOL,,Ruvuma,Mbinga Tc,,
TUGUTU PRIMARY SCHOOL,,Ruvuma,Mbinga Tc,,
UZENA PRIMARY SCHOOL,,Ruvuma,Mbinga Tc,,
BERUMA PRIMARY SCHOOL,,Ruvuma,Mbinga Tc,,
KAGUGU PRIMARY SCHOOL,,Ruvuma,Mbinga Tc,,
KIHUNGU PRIMARY SCHOOL,,Ruvuma,Mbinga Tc,,
KINDIMBA PRIMARY SCHOOL,,Ruvuma,Mbinga Tc,,
KITANDA PRIMARY SCHOOL,,Ruvuma,Mbinga Tc,,
KIWANJANI PRIMARY SCHOOL,,Ruvuma,Mbinga Tc,,
LIHUMBE PRIMARY SCHOOL,,Ruvuma,Mbinga Tc,,
LIPILIPILI PRIMARY SCHOOL,,Ruvuma,Mbinga Tc,,
LUPILISI PRIMARY SCHOOL,,Ruvuma,Mbinga Tc,,
LUTHER PRIMARY SCHOOL,,Ruvuma,Mbinga Tc,,
MAKONGOWELA PRIMARY SCHOOL,,Ruvuma,Mbinga Tc,,
MALETA JUU PRIMARY SCHOOL,,Ruvuma,Mbinga Tc,,
MASIMERI PRIMARY SCHOOL,,Ruvuma,Mbinga Tc,,
MATENGO PRIMARY SCHOOL,,Ruvuma,Mbinga Tc,,
MBINGA PRIMARY SCHOOL,,Ruvuma,Mbinga Tc,,
MIKOLOLA PRIMARY SCHOOL,,Ruvuma,Mbinga Tc,,
MTUA PRIMARY SCHOOL,,Ruvuma,Mbinga Tc,,
NGWAMBO PRIMARY SCHOOL,,Ruvuma,Mbinga Tc,,
NZOPAI PRIMARY SCHOOL,,Ruvuma,Mbinga Tc,,
RUVUMA CHINI PRIMARY SCHOOL,,Ruvuma,Mbinga Tc,,
ST. WILHELM PRIMARY SCHOOL,,Ruvuma,Mbinga Tc,,
TUKUZI PRIMARY SCHOOL,,Ruvuma,Mbinga Tc,,
UKIMO PRIMARY SCHOOL,,Ruvuma,Mbinga Tc,,
ZOMBA PRIMARY SCHOOL,,Ruvuma,Mbinga Tc,,
KIHUKA PRIMARY SCHOOL,,Ruvuma,Mbinga Tc,,
KIKOLO PRIMARY SCHOOL,,Ruvuma,Mbinga Tc,,
KIPIKA PRIMARY SCHOOL,,Ruvuma,Mbinga Tc,,
KITANGALI PRIMARY SCHOOL,,Ruvuma,Mbinga Tc,,
LAZI PRIMARY SCHOOL,,Ruvuma,Mbinga Tc,,
LIHUNUNA PRIMARY SCHOOL,,Ruvuma,Mbinga Tc,,
LUPILO PRIMARY SCHOOL,,Ruvuma,Mbinga Tc,,
LUWAITA PRIMARY SCHOOL,,Ruvuma,Mbinga Tc,,
MAHELA PRIMARY SCHOOL,,Ruvuma,Mbinga Tc,,
MAKUNGURU PRIMARY SCHOOL,,Ruvuma,Mbinga Tc,,
MANDONYA PRIMARY SCHOOL,,Ruvuma,Mbinga Tc,,
MASUMUNI PRIMARY SCHOOL,,Ruvuma,Mbinga Tc,,
MBAMBI PRIMARY SCHOOL,,Ruvuma,Mbinga Tc,,
MHEKELA PRIMARY SCHOOL,,Ruvuma,Mbinga Tc,,
MKWAYA PRIMARY SCHOOL,,Ruvuma,Mbinga Tc,,
MULIKA PRIMARY SCHOOL,,Ruvuma,Mbinga Tc,,
MYANGAYANGA PRIMARY SCHOOL,,Ruvuma,Mbinga Tc,,
NJOMLOLE PRIMARY SCHOOL,,Ruvuma,Mbinga Tc,,
PACHASITA PRIMARY SCHOOL,,Ruvuma,Mbinga Tc,,
TANGA PRIMARY SCHOOL,,Ruvuma,Mbinga Tc,,
TULILA PRIMARY SCHOOL,,Ruvuma,Mbinga Tc,,
UTIRI PRIMARY SCHOOL,,Ruvuma,Mbinga Tc,,
HANGA DDC PRIMARY SCHOOL,,Ruvuma,Namtumbo,,
KANJELE PRIMARY SCHOOL,,Ruvuma,Namtumbo,,
KIBURUNGUTU PRIMARY SCHOOL,,Ruvuma,Namtumbo,,
KILIMASERA PRIMARY SCHOOL,,Ruvuma,Namtumbo,,
KWIZOMBE PRIMARY SCHOOL,,Ruvuma,Namtumbo,,
LIGERA PRIMARY SCHOOL,,Ruvuma,Namtumbo,,
LIKUSANGUSE PRIMARY SCHOOL,,Ruvuma,Namtumbo,,
LISIMONJI PRIMARY SCHOOL,,Ruvuma,Namtumbo,,
LUEGU PRIMARY SCHOOL,,Ruvuma,Namtumbo,,
LUMECHA PRIMARY SCHOOL,,Ruvuma,Namtumbo,,
MATEPWENDE PRIMARY SCHOOL,,Ruvuma,Namtumbo,,
MCHOMORO PRIMARY SCHOOL,,Ruvuma,Namtumbo,,
MGOMBASI PRIMARY SCHOOL,,Ruvuma,Namtumbo,,
MIGELEGELE PRIMARY SCHOOL,,Ruvuma,Namtumbo,,
MINGWEHA PRIMARY SCHOOL,,Ruvuma,Namtumbo,,
MLILAYOYO PRIMARY SCHOOL,,Ruvuma,Namtumbo,,
MPUTA PRIMARY SCHOOL,,Ruvuma,Namtumbo,,
MTAKANINI PRIMARY SCHOOL,,Ruvuma,Namtumbo,,
MTUMBATIMAJI PRIMARY SCHOOL,,Ruvuma,Namtumbo,,
NAHORO PRIMARY SCHOOL,,Ruvuma,Namtumbo,,
NAMAHOKA PRIMARY SCHOOL,,Ruvuma,Namtumbo,,
NAMANIMA PRIMARY SCHOOL,,Ruvuma,Namtumbo,,
NAMBEHE PRIMARY SCHOOL,,Ruvuma,Namtumbo,,
NANDENGELE PRIMARY SCHOOL,,Ruvuma,Namtumbo,,
NJALAMATATA PRIMARY SCHOOL,,Ruvuma,Namtumbo,,
SASAWALA PRIMARY SCHOOL,,Ruvuma,Namtumbo,,
ST NICHOLAUS PRIMARY SCHOOL,,Ruvuma,Namtumbo,,
KIDUGARO PRIMARY SCHOOL,,Ruvuma,Namtumbo,,
LIBANGO PRIMARY SCHOOL,,Ruvuma,Namtumbo,,
LIGUNGA PRIMARY SCHOOL,,Ruvuma,Namtumbo,,
LIKUYUSEKA MAGANGA PRIMARY SCHOOL,,Ruvuma,Namtumbo,,
LITETE PRIMARY SCHOOL,,Ruvuma,Namtumbo,,
LUGONGORO PRIMARY SCHOOL,,Ruvuma,Namtumbo,,
LUSENTI PRIMARY SCHOOL,,Ruvuma,Namtumbo,,
MAGAZINI PRIMARY SCHOOL,,Ruvuma,Namtumbo,,
MANDEPWENDE PRIMARY SCHOOL,,Ruvuma,Namtumbo,,
MAWA PRIMARY SCHOOL,,Ruvuma,Namtumbo,,
MDWEMA PRIMARY SCHOOL,,Ruvuma,Namtumbo,,
MHANGAZI PRIMARY SCHOOL,,Ruvuma,Namtumbo,,
MILONJI PRIMARY SCHOOL,,Ruvuma,Namtumbo,,
MKOMANILE PRIMARY SCHOOL,,Ruvuma,Namtumbo,,
MLINDIMILA PRIMARY SCHOOL,,Ruvuma,Namtumbo,,
MTELAWAMWAHI PRIMARY SCHOOL,,Ruvuma,Namtumbo,,
MTWARA PACHANI PRIMARY SCHOOL,,Ruvuma,Namtumbo,,
NAHANGE PRIMARY SCHOOL,,Ruvuma,Namtumbo,,
NAIKESI PRIMARY SCHOOL,,Ruvuma,Namtumbo,,
NAMALI PRIMARY SCHOOL,,Ruvuma,Namtumbo,,
NAMBALAMA PRIMARY SCHOOL,,Ruvuma,Namtumbo,,
NAMTUMBO PRIMARY SCHOOL,,Ruvuma,Namtumbo,,
NANGERO PRIMARY SCHOOL,,Ruvuma,Namtumbo,,
NJUGA PRIMARY SCHOOL,,Ruvuma,Namtumbo,,
PAX PRIMARY SCHOOL,,Ruvuma,Namtumbo,,
SELOUS PRIMARY SCHOOL,,Ruvuma,Namtumbo,,
ST AGNES CHIPOLE PRIMARY SCHOOL,,Ruvuma,Namtumbo,,
ST XAVIERS PRIMARY SCHOOL,,Ruvuma,Namtumbo,,
TUONANE PRIMARY SCHOOL,,Ruvuma,Namtumbo,,
UKIWAYUYU PRIMARY SCHOOL,,Ruvuma,Namtumbo,,
UTWANGO PRIMARY SCHOOL,,Ruvuma,Namtumbo,,
CHENGENA PRIMARY SCHOOL,,Ruvuma,Namtumbo,,
KUMBARA PRIMARY SCHOOL,,Ruvuma,Namtumbo,,
LIBOBI PRIMARY SCHOOL,,Ruvuma,Namtumbo,,
LIKONDE PRIMARY SCHOOL,,Ruvuma,Namtumbo,,
LIMAMU PRIMARY SCHOOL,,Ruvuma,Namtumbo,,
LITOLA PRIMARY SCHOOL,,Ruvuma,Namtumbo,,
LUHANGANO PRIMARY SCHOOL,,Ruvuma,Namtumbo,,
LUSEWA PRIMARY SCHOOL,,Ruvuma,Namtumbo,,
MBIMBI PRIMARY SCHOOL,,Ruvuma,Namtumbo,,
MFUATE PRIMARY SCHOOL,,Ruvuma,Namtumbo,,
MITORONJI PRIMARY SCHOOL,,Ruvuma,Namtumbo,,
MKONGO NAKAWALE PRIMARY SCHOOL,,Ruvuma,Namtumbo,,
MLAMBICHUMA PRIMARY SCHOOL,,Ruvuma,Namtumbo,,
MLIWASI PRIMARY SCHOOL,,Ruvuma,Namtumbo,,
MSISIMA PRIMARY SCHOOL,,Ruvuma,Namtumbo,,
MTONYA PRIMARY SCHOOL,,Ruvuma,Namtumbo,,
MWINUKO PRIMARY SCHOOL,,Ruvuma,Namtumbo,,
NAHIMBA PRIMARY SCHOOL,,Ruvuma,Namtumbo,,
NAMABENGO PRIMARY SCHOOL,,Ruvuma,Namtumbo,,
NAMANGULI PRIMARY SCHOOL,,Ruvuma,Namtumbo,,
NAMBECHA PRIMARY SCHOOL,,Ruvuma,Namtumbo,,
NAMWAYA PRIMARY SCHOOL,,Ruvuma,Namtumbo,,
NGWINDE PRIMARY SCHOOL,,Ruvuma,Namtumbo,,
NTUNGWE PRIMARY SCHOOL,,Ruvuma,Namtumbo,,
RWINGA PRIMARY SCHOOL,,Ruvuma,Namtumbo,,
SEMENI PRIMARY SCHOOL,,Ruvuma,Namtumbo,,
ST LAURENT PRIMARY SCHOOL,,Ruvuma,Namtumbo,,
SULUTI PRIMARY SCHOOL,,Ruvuma,Namtumbo,,
CHIULU PRIMARY SCHOOL,,Ruvuma,Nyasa,,
HONGI PRIMARY SCHOOL,,Ruvuma,Nyasa,,
KIMBANGO PRIMARY SCHOOL,,Ruvuma,Nyasa,,
KUHAMBA PRIMARY SCHOOL,,Ruvuma,Nyasa,,
LIKWILU PRIMARY SCHOOL,,Ruvuma,Nyasa,,
LINDI PRIMARY SCHOOL,,Ruvuma,Nyasa,,
LITIMBA PRIMARY SCHOOL,,Ruvuma,Nyasa,,
LITUHI PRIMARY SCHOOL,,Ruvuma,Nyasa,,
LOVUND PRIMARY SCHOOL,,Ruvuma,Nyasa,,
LULIMBO PRIMARY SCHOOL,,Ruvuma,Nyasa,,
LUMEME PRIMARY SCHOOL,,Ruvuma,Nyasa,,
LUNYELE PRIMARY SCHOOL,,Ruvuma,Nyasa,,
MALAMALA PRIMARY SCHOOL,,Ruvuma,Nyasa,,
MARUDIO PRIMARY SCHOOL,,Ruvuma,Nyasa,,
MBAMBA BAY PRIMARY SCHOOL,,Ruvuma,Nyasa,,
MIPOTOPOTO PRIMARY SCHOOL,,Ruvuma,Nyasa,,
MKALI B PRIMARY SCHOOL,,Ruvuma,Nyasa,,
MKURUSI PRIMARY SCHOOL,,Ruvuma,Nyasa,,
MSETO PRIMARY SCHOOL,,Ruvuma,Nyasa,,
MTIPWILI PRIMARY SCHOOL,,Ruvuma,Nyasa,,
MWERAMPYA PRIMARY SCHOOL,,Ruvuma,Nyasa,,
NAMBILA PRIMARY SCHOOL,,Ruvuma,Nyasa,,
NDESULE PRIMARY SCHOOL,,Ruvuma,Nyasa,,
NDONGA PRIMARY SCHOOL,,Ruvuma,Nyasa,,
NGINDO PRIMARY SCHOOL,,Ruvuma,Nyasa,,
NG'OMBO PRIMARY SCHOOL,,Ruvuma,Nyasa,,
PUULU PRIMARY SCHOOL,,Ruvuma,Nyasa,,
TINGI PRIMARY SCHOOL,,Ruvuma,Nyasa,,
UNDU PRIMARY SCHOOL,,Ruvuma,Nyasa,,
CHIMATE PRIMARY SCHOOL,,Ruvuma,Nyasa,,
CHIWINDI PRIMARY SCHOOL,,Ruvuma,Nyasa,,
KIHURUNGA PRIMARY SCHOOL,,Ruvuma,Nyasa,,
KILINDINDA PRIMARY SCHOOL,,Ruvuma,Nyasa,,
KINGERIKITI PRIMARY SCHOOL,,Ruvuma,Nyasa,,
KWAMBE PRIMARY SCHOOL,,Ruvuma,Nyasa,,
LIPARAMBA PRIMARY SCHOOL,,Ruvuma,Nyasa,,
LITINDO PRIMARY SCHOOL,,Ruvuma,Nyasa,,
LIWETA PRIMARY SCHOOL,,Ruvuma,Nyasa,,
LUHANGARASI PRIMARY SCHOOL,,Ruvuma,Nyasa,,
LUMALU PRIMARY SCHOOL,,Ruvuma,Nyasa,,
LUNDO PRIMARY SCHOOL,,Ruvuma,Nyasa,,
MALINI PRIMARY SCHOOL,,Ruvuma,Nyasa,,
MAPATO PRIMARY SCHOOL,,Ruvuma,Nyasa,,
MATARAWE PRIMARY SCHOOL,,Ruvuma,Nyasa,,
MBAHA PRIMARY SCHOOL,,Ruvuma,Nyasa,,
MITOMONI PRIMARY SCHOOL,,Ruvuma,Nyasa,,
MKALOLE PRIMARY SCHOOL,,Ruvuma,Nyasa,,
MPEPO PRIMARY SCHOOL,,Ruvuma,Nyasa,,
MTENGULE PRIMARY SCHOOL,,Ruvuma,Nyasa,,
MTUPALE PRIMARY SCHOOL,,Ruvuma,Nyasa,,
NANGOMBO PRIMARY SCHOOL,,Ruvuma,Nyasa,,
NDINGINE PRIMARY SCHOOL,,Ruvuma,Nyasa,,
NDUMBI PRIMARY SCHOOL,,Ruvuma,Nyasa,,
NGINGAMA PRIMARY SCHOOL,,Ruvuma,Nyasa,,
NJOMOLE PRIMARY SCHOOL,,Ruvuma,Nyasa,,
PISI PRIMARY SCHOOL,,Ruvuma,Nyasa,,
RUHUHU PRIMARY SCHOOL,,Ruvuma,Nyasa,,
UPOLO PRIMARY SCHOOL,,Ruvuma,Nyasa,,
CHINULA PRIMARY SCHOOL,,Ruvuma,Nyasa,,
DAR PORI PRIMARY SCHOOL,,Ruvuma,Nyasa,,
KIHAGARA PRIMARY SCHOOL,,Ruvuma,Nyasa,,
KIJUMBA PRIMARY SCHOOL,,Ruvuma,Nyasa,,
KILOSA PRIMARY SCHOOL,,Ruvuma,Nyasa,,
KONGANYWITA PRIMARY SCHOOL,,Ruvuma,Nyasa,,
LAMI PRIMARY SCHOOL,,Ruvuma,Nyasa,,
LINDA PRIMARY SCHOOL,,Ruvuma,Nyasa,,
LIPINGO PRIMARY SCHOOL,,Ruvuma,Nyasa,,
LITOROMELO PRIMARY SCHOOL,,Ruvuma,Nyasa,,
LIWUNDI PRIMARY SCHOOL,,Ruvuma,Nyasa,,
LUHINDO PRIMARY SCHOOL,,Ruvuma,Nyasa,,
LUNDU PRIMARY SCHOOL,,Ruvuma,Nyasa,,
LUSILINGO PRIMARY SCHOOL,,Ruvuma,Nyasa,,
MALUNGU PRIMARY SCHOOL,,Ruvuma,Nyasa,,
MAPENDO PRIMARY SCHOOL,,Ruvuma,Nyasa,,
MATENJE PRIMARY SCHOOL,,Ruvuma,Nyasa,,
MBAHI PRIMARY SCHOOL,,Ruvuma,Nyasa,,
MBUYULA PRIMARY SCHOOL,,Ruvuma,Nyasa,,
MITUMBITUMBI PRIMARY SCHOOL,,Ruvuma,Nyasa,,
MKILI PRIMARY SCHOOL,,Ruvuma,Nyasa,,
MPOPOMA PRIMARY SCHOOL,,Ruvuma,Nyasa,,
MTACHI PRIMARY SCHOOL,,Ruvuma,Nyasa,,
MTETEMA PRIMARY SCHOOL,,Ruvuma,Nyasa,,
NAIWANGA PRIMARY SCHOOL,,Ruvuma,Nyasa,,
NDENGELE PRIMARY SCHOOL,,Ruvuma,Nyasa,,
NDONDO PRIMARY SCHOOL,,Ruvuma,Nyasa,,
NGEHE PRIMARY SCHOOL,,Ruvuma,Nyasa,,
NGOMBA PRIMARY SCHOOL,,Ruvuma,Nyasa,,
NKALACHI PRIMARY SCHOOL,,Ruvuma,Nyasa,,
PUNGA PRIMARY SCHOOL,,Ruvuma,Nyasa,,
UKULI PRIMARY SCHOOL,,Ruvuma,Nyasa,,
YOLA PRIMARY SCHOOL,,Ruvuma,Nyasa,,
ABOUD-JUMBE PRIMARY SCHOOL,,Ruvuma,Songea,,
HUMBARO PRIMARY SCHOOL,,Ruvuma,Songea,,
KIHEO PRIMARY SCHOOL,,Ruvuma,Songea,,
KILAWALAWA PRIMARY SCHOOL,,Ruvuma,Songea,,
LILAHI PRIMARY SCHOOL,,Ruvuma,Songea,,
LITAPWASI PRIMARY SCHOOL,,Ruvuma,Songea,,
LUNDUSI PRIMARY SCHOOL,,Ruvuma,Songea,,
LUSONGA PRIMARY SCHOOL,,Ruvuma,Songea,,
MAGWAMILA PRIMARY SCHOOL,,Ruvuma,Songea,,
MALETA PRIMARY SCHOOL,,Ruvuma,Songea,,
MASANGU PRIMARY SCHOOL,,Ruvuma,Songea,,
MATOMONDO PRIMARY SCHOOL,,Ruvuma,Songea,,
MBOLONGO PRIMARY SCHOOL,,Ruvuma,Songea,,
MGOWA PRIMARY SCHOOL,,Ruvuma,Songea,,
MIPETA PRIMARY SCHOOL,,Ruvuma,Songea,,
MNYONGA PRIMARY SCHOOL,,Ruvuma,Songea,,
MPANGULA PRIMARY SCHOOL,,Ruvuma,Songea,,
NAKAHEGWA PRIMARY SCHOOL,,Ruvuma,Songea,,
NAMAKINGA PRIMARY SCHOOL,,Ruvuma,Songea,,
NAMBENDO PRIMARY SCHOOL,,Ruvuma,Songea,,
NGAHOKORA PRIMARY SCHOOL,,Ruvuma,Songea,,
PUTIRE PRIMARY SCHOOL,,Ruvuma,Songea,,
UYAHUDINI PRIMARY SCHOOL,,Ruvuma,Songea,,
AMKATWENDE PRIMARY SCHOOL,,Ruvuma,Songea,,
JENISTA PRIMARY SCHOOL,,Ruvuma,Songea,,
KIKUNJA PRIMARY SCHOOL,,Ruvuma,Songea,,
KIZUKA PRIMARY SCHOOL,,Ruvuma,Songea,,
LIHANJE PRIMARY SCHOOL,,Ruvuma,Songea,,
LIPAYA PRIMARY SCHOOL,,Ruvuma,Songea,,
LITISHA PRIMARY SCHOOL,,Ruvuma,Songea,,
LUNG'OO PRIMARY SCHOOL,,Ruvuma,Songea,,
MAGAGURA PRIMARY SCHOOL,,Ruvuma,Songea,,
MAKAMBI PRIMARY SCHOOL,,Ruvuma,Songea,,
MATAMA PRIMARY SCHOOL,,Ruvuma,Songea,,
MBILO PRIMARY SCHOOL,,Ruvuma,Songea,,
MBWAMBWASI PRIMARY SCHOOL,,Ruvuma,Songea,,
MHEPAI PRIMARY SCHOOL,,Ruvuma,Songea,,
MOROGORO PRIMARY SCHOOL,,Ruvuma,Songea,,
MPINGI PRIMARY SCHOOL,,Ruvuma,Songea,,
MUHUKURU PRIMARY SCHOOL,,Ruvuma,Songea,,
NAKAHUGA PRIMARY SCHOOL,,Ruvuma,Songea,,
NAMATUHI PRIMARY SCHOOL,,Ruvuma,Songea,,
NDIRIMA PRIMARY SCHOOL,,Ruvuma,Songea,,
PARANGU PRIMARY SCHOOL,,Ruvuma,Songea,,
SELEKANO PRIMARY SCHOOL,,Ruvuma,Songea,,
CHIPOLE PRIMARY SCHOOL,,Ruvuma,Songea,,
KIBURUNGI PRIMARY SCHOOL,,Ruvuma,Songea,,
KILAGANO PRIMARY SCHOOL,,Ruvuma,Songea,,
KITURO PRIMARY SCHOOL,,Ruvuma,Songea,,
LIHUHU PRIMARY SCHOOL,,Ruvuma,Songea,,
LIPOKELA PRIMARY SCHOOL,,Ruvuma,Songea,,
LITOWA PRIMARY SCHOOL,,Ruvuma,Songea,,
LUGAGARA PRIMARY SCHOOL,,Ruvuma,Songea,,
MAGIMA PRIMARY SCHOOL,,Ruvuma,Songea,,
MAKWAYA PRIMARY SCHOOL,,Ruvuma,Songea,,
MAPOSENI PRIMARY SCHOOL,,Ruvuma,Songea,,
MATIMIRA PRIMARY SCHOOL,,Ruvuma,Songea,,
MBINGAMHARULE PRIMARY SCHOOL,,Ruvuma,Songea,,
MGAZINI PRIMARY SCHOOL,,Ruvuma,Songea,,
MHIMBASI PRIMARY SCHOOL,,Ruvuma,Songea,,
MPANDANGINDO PRIMARY SCHOOL,,Ruvuma,Songea,,
MPITIMBI PRIMARY SCHOOL,,Ruvuma,Songea,,
NAKAWALE MUHUKURU PRIMARY SCHOOL,,Ruvuma,Songea,,
NAMBALAPI PRIMARY SCHOOL,,Ruvuma,Songea,,
PERAMIHO PRIMARY SCHOOL,,Ruvuma,Songea,,
ULAMBONI PRIMARY SCHOOL,,Ruvuma,Songea,,
AJOFU PRIMARY SCHOOL,,Ruvuma,Songea Mc,,
CHANDALUA PRIMARY SCHOOL,,Ruvuma,Songea Mc,,
HUDUMA PRIMARY SCHOOL,,Ruvuma,Songea Mc,,
LIKUYUFUSI PRIMARY SCHOOL,,Ruvuma,Songea Mc,,
LIWUMBU PRIMARY SCHOOL,,Ruvuma,Songea Mc,,
LUHIRASEKO PRIMARY SCHOOL,,Ruvuma,Songea Mc,,
MADIZINI PRIMARY SCHOOL,,Ruvuma,Songea Mc,,
MAKEMBA PRIMARY SCHOOL,,Ruvuma,Songea Mc,,
MISUFINI 'B' PRIMARY SCHOOL,,Ruvuma,Songea Mc,,
MITENDEWAWA PRIMARY SCHOOL,,Ruvuma,Songea Mc,,
MKUZO PRIMARY SCHOOL,,Ruvuma,Songea Mc,,
MLIMANIPARK PRIMARY SCHOOL,,Ruvuma,Songea Mc,,
MTAZAMA PRIMARY SCHOOL,,Ruvuma,Songea Mc,,
MWANAMONGA PRIMARY SCHOOL,,Ruvuma,Songea Mc,,
NAMANDITI PRIMARY SCHOOL,,Ruvuma,Songea Mc,,
NTIMBANJAYO PRIMARY SCHOOL,,Ruvuma,Songea Mc,,
RUHUWIKO PRIMARY SCHOOL,,Ruvuma,Songea Mc,,
SAMORA PRIMARY SCHOOL,,Ruvuma,Songea Mc,,
SONGEA PRIMARY SCHOOL,,Ruvuma,Songea Mc,,
SUBIRA PRIMARY SCHOOL,,Ruvuma,Songea Mc,,
TEMBO MASHUJAA PRIMARY SCHOOL,,Ruvuma,Songea Mc,,
VIZIWI ST VINCENT PRIMARY SCHOOL,,Ruvuma,Songea Mc,,
CAVENDISH PRIMARY SCHOOL,,Ruvuma,Songea Mc,,
CHANDAMALI PRIMARY SCHOOL,,Ruvuma,Songea Mc,,
CHIEF MBANO PRIMARY SCHOOL,,Ruvuma,Songea Mc,,
GOOD SHEPHERD MONTESSORI PRIMARY SCHOOL,,Ruvuma,Songea Mc,,
KIBURANG'OMA PRIMARY SCHOOL,,Ruvuma,Songea Mc,,
LEGELE PRIMARY SCHOOL,,Ruvuma,Songea Mc,,
LILAMBO PRIMARY SCHOOL,,Ruvuma,Songea Mc,,
LONDONI PRIMARY SCHOOL,,Ruvuma,Songea Mc,,
LUPAPILA PRIMARY SCHOOL,,Ruvuma,Songea Mc,,
MAJIMAJI PRIMARY SCHOOL,,Ruvuma,Songea Mc,,
MAKING'INDA PRIMARY SCHOOL,,Ruvuma,Songea Mc,,
MFARANYAKI PRIMARY SCHOOL,,Ruvuma,Songea Mc,,
MLETE PRIMARY SCHOOL,,Ruvuma,Songea Mc,,
MLOWEKA PRIMARY SCHOOL,,Ruvuma,Songea Mc,,
MSHANGANO KATI PRIMARY SCHOOL,,Ruvuma,Songea Mc,,
MUHUMBEZI PRIMARY SCHOOL,,Ruvuma,Songea Mc,,
MWEMBECHAI PRIMARY SCHOOL,,Ruvuma,Songea Mc,,
NDILIMA-LITEMBO PRIMARY SCHOOL,,Ruvuma,Songea Mc,,
PAMBAZUKO PRIMARY SCHOOL,,Ruvuma,Songea Mc,,
SANANGULA PRIMARY SCHOOL,,Ruvuma,Songea Mc,,
SKILL PATH PRIMARY SCHOOL,,Ruvuma,Songea Mc,,
TAIFA FOUNDATION PRIMARY SCHOOL,,Ruvuma,Songea Mc,,
ZIMANIMOTO PRIMARY SCHOOL,,Ruvuma,Songea Mc,,
BEROYA PRIMARY SCHOOL,,Ruvuma,Songea Mc,,
CHABRUMA PRIMARY SCHOOL,,Ruvuma,Songea Mc,,
CHIEF ZULU PRIMARY SCHOOL,,Ruvuma,Songea Mc,,
KIPELA PRIMARY SCHOOL,,Ruvuma,Songea Mc,,
LIHWENA PRIMARY SCHOOL,,Ruvuma,Songea Mc,,
LUHIRA PRIMARY SCHOOL,,Ruvuma,Songea Mc,,
LUWAWASI PRIMARY SCHOOL,,Ruvuma,Songea Mc,,
MANG'UA PRIMARY SCHOOL,,Ruvuma,Songea Mc,,
MASIGILA PRIMARY SCHOOL,,Ruvuma,Songea Mc,,
MATOGORO PRIMARY SCHOOL,,Ruvuma,Songea Mc,,
MKUZO ISLAMIC PRIMARY SCHOOL,,Ruvuma,Songea Mc,,
MLETELE PRIMARY SCHOOL,,Ruvuma,Songea Mc,,
MSIENDEMBALI PRIMARY SCHOOL,,Ruvuma,Songea Mc,,
MWENGE-MSHINDO PRIMARY SCHOOL,,Ruvuma,Songea Mc,,
NONGANONGA PRIMARY SCHOOL,,Ruvuma,Songea Mc,,
RUHUWIKO B PRIMARY SCHOOL,,Ruvuma,Songea Mc,,
SIMA-GO PRIMARY SCHOOL,,Ruvuma,Songea Mc,,
ST. BENEDICT TUMAINI PRIMARY SCHOOL,,Ruvuma,Songea Mc,,
UNANGWA PRIMARY SCHOOL,,Ruvuma,Songea Mc,,
CHAJILA PRIMARY SCHOOL,,Ruvuma,Tunduru,,
CHELEWENI PRIMARY SCHOOL,,Ruvuma,Tunduru,,
CHIKOMO PRIMARY SCHOOL,,Ruvuma,Tunduru,,
CHILUNDUNDU PRIMARY SCHOOL,,Ruvuma,Tunduru,,
DARAJAMBILI PRIMARY SCHOOL,,Ruvuma,Tunduru,,
KANGOMBA PRIMARY SCHOOL,,Ruvuma,Tunduru,,
KIDODOMA PRIMARY SCHOOL,,Ruvuma,Tunduru,,
KITALO PRIMARY SCHOOL,,Ruvuma,Tunduru,,
LIPEPO PRIMARY SCHOOL,,Ruvuma,Tunduru,,
LUKALA PRIMARY SCHOOL,,Ruvuma,Tunduru,,
LUWAWA PRIMARY SCHOOL,,Ruvuma,Tunduru,,
MAHAUHAU PRIMARY SCHOOL,,Ruvuma,Tunduru,,
MALUNGULA PRIMARY SCHOOL,,Ruvuma,Tunduru,,
MBATI YA LEO PRIMARY SCHOOL,,Ruvuma,Tunduru,,
MCHAMALA PRIMARY SCHOOL,,Ruvuma,Tunduru,,
MCHENGAMOTO PRIMARY SCHOOL,,Ruvuma,Tunduru,,
MDINGULA PRIMARY SCHOOL,,Ruvuma,Tunduru,,
MISECHELA PRIMARY SCHOOL,,Ruvuma,Tunduru,,
MITWANA PRIMARY SCHOOL,,Ruvuma,Tunduru,,
MKANDU PRIMARY SCHOOL,,Ruvuma,Tunduru,,
MKOWELA PRIMARY SCHOOL,,Ruvuma,Tunduru,,
MPANJI PRIMARY SCHOOL,,Ruvuma,Tunduru,,
MSINJILI PRIMARY SCHOOL,,Ruvuma,Tunduru,,
MUHUWESI PRIMARY SCHOOL,,Ruvuma,Tunduru,,
NAKAPANYA PRIMARY SCHOOL,,Ruvuma,Tunduru,,
NALUWALE PRIMARY SCHOOL,,Ruvuma,Tunduru,,
NAMASAKATA PRIMARY SCHOOL,,Ruvuma,Tunduru,,
NAMATANDA PRIMARY SCHOOL,,Ruvuma,Tunduru,,
NAMPUNGU PRIMARY SCHOOL,,Ruvuma,Tunduru,,
NANGOLOMBE PRIMARY SCHOOL,,Ruvuma,Tunduru,,
NASOMBA PRIMARY SCHOOL,,Ruvuma,Tunduru,,
NGAPA PRIMARY SCHOOL,,Ruvuma,Tunduru,,
SAUTIMOJA PRIMARY SCHOOL,,Ruvuma,Tunduru,,
TULIVU PRIMARY SCHOOL,,Ruvuma,Tunduru,,
TUPENDANE PRIMARY SCHOOL,,Ruvuma,Tunduru,,
WENJE PRIMARY SCHOOL,,Ruvuma,Tunduru,,
ANGALIA PRIMARY SCHOOL,,Ruvuma,Tunduru,,
CHAMBA PRIMARY SCHOOL,,Ruvuma,Tunduru,,
CHIKUNJA PRIMARY SCHOOL,,Ruvuma,Tunduru,,
CHIUNGO PRIMARY SCHOOL,,Ruvuma,Tunduru,,
FUNDIMBANGA PRIMARY SCHOOL,,Ruvuma,Tunduru,,
IPANJE PRIMARY SCHOOL,,Ruvuma,Tunduru,,
JARIBUNI PRIMARY SCHOOL,,Ruvuma,Tunduru,,
KAJIMA PRIMARY SCHOOL,,Ruvuma,Tunduru,,
KATUMBI PRIMARY SCHOOL,,Ruvuma,Tunduru,,
LELOLELO PRIMARY SCHOOL,,Ruvuma,Tunduru,,
LIJOMBO PRIMARY SCHOOL,,Ruvuma,Tunduru,,
LUKUMBO PRIMARY SCHOOL,,Ruvuma,Tunduru,,
MACHEMBA PRIMARY SCHOOL,,Ruvuma,Tunduru,,
MAJALA PRIMARY SCHOOL,,Ruvuma,Tunduru,,
MAKANDE PRIMARY SCHOOL,,Ruvuma,Tunduru,,
MARUMBA PRIMARY SCHOOL,,Ruvuma,Tunduru,,
MATAKA PRIMARY SCHOOL,,Ruvuma,Tunduru,,
MBATAMILA PRIMARY SCHOOL,,Ruvuma,Tunduru,,
MBESA PRIMARY SCHOOL,,Ruvuma,Tunduru,,
MCHOTEKA PRIMARY SCHOOL,,Ruvuma,Tunduru,,
MILONDE PRIMARY SCHOOL,,Ruvuma,Tunduru,,
MKASALE PRIMARY SCHOOL,,Ruvuma,Tunduru,,
MKWAJU PRIMARY SCHOOL,,Ruvuma,Tunduru,,
MNEMASI PRIMARY SCHOOL,,Ruvuma,Tunduru,,
MRUSHA PRIMARY SCHOOL,,Ruvuma,Tunduru,,
MSAMARIA PRIMARY SCHOOL,,Ruvuma,Tunduru,,
MTOTELA PRIMARY SCHOOL,,Ruvuma,Tunduru,,
NAKAYAYA PRIMARY SCHOOL,,Ruvuma,Tunduru,,
NAMAKAMBALE PRIMARY SCHOOL,,Ruvuma,Tunduru,,
NAMASALAU PRIMARY SCHOOL,,Ruvuma,Tunduru,,
NAMBARAPI PRIMARY SCHOOL,,Ruvuma,Tunduru,,
NAMWINYU PRIMARY SCHOOL,,Ruvuma,Tunduru,,
NANGUNGURU PRIMARY SCHOOL,,Ruvuma,Tunduru,,
NASYA PRIMARY SCHOOL,,Ruvuma,Tunduru,,
NGATUNI PRIMARY SCHOOL,,Ruvuma,Tunduru,,
TINGINYA PRIMARY SCHOOL,,Ruvuma,Tunduru,,
TUWEMACHO PRIMARY SCHOOL,,Ruvuma,Tunduru,,
CHIKOLE PRIMARY SCHOOL,,Ruvuma,Tunduru,,
CHILONJI PRIMARY SCHOOL,,Ruvuma,Tunduru,,
CHIWANA PRIMARY SCHOOL,,Ruvuma,Tunduru,,
HULIA PRIMARY SCHOOL,,Ruvuma,Tunduru,,
JAKIKA PRIMARY SCHOOL,,Ruvuma,Tunduru,,
KALULU PRIMARY SCHOOL,,Ruvuma,Tunduru,,
KINDAMBA PRIMARY SCHOOL,,Ruvuma,Tunduru,,
KITANI PRIMARY SCHOOL,,Ruvuma,Tunduru,,
LIGOMA PRIMARY SCHOOL,,Ruvuma,Tunduru,,
LIKWESO PRIMARY SCHOOL,,Ruvuma,Tunduru,,
LIWANGULA PRIMARY SCHOOL,,Ruvuma,Tunduru,,
LUKUMBULE PRIMARY SCHOOL,,Ruvuma,Tunduru,,
MAKOTENI PRIMARY SCHOOL,,Ruvuma,Tunduru,,
MASIMA PRIMARY SCHOOL,,Ruvuma,Tunduru,,
MATEMANGA PRIMARY SCHOOL,,Ruvuma,Tunduru,,
MBATI PRIMARY SCHOOL,,Ruvuma,Tunduru,,
MBUNGULAJI PRIMARY SCHOOL,,Ruvuma,Tunduru,,
MCHEKENI PRIMARY SCHOOL,,Ruvuma,Tunduru,,
MDABWA PRIMARY SCHOOL,,Ruvuma,Tunduru,,
MISYAJE PRIMARY SCHOOL,,Ruvuma,Tunduru,,
MKAMBALA PRIMARY SCHOOL,,Ruvuma,Tunduru,,
MKOLOLA PRIMARY SCHOOL,,Ruvuma,Tunduru,,
MOLANDI PRIMARY SCHOOL,,Ruvuma,Tunduru,,
MSAGULA PRIMARY SCHOOL,,Ruvuma,Tunduru,,
MSINJI PRIMARY SCHOOL,,Ruvuma,Tunduru,,
MTINA PRIMARY SCHOOL,,Ruvuma,Tunduru,,
MTWARO PRIMARY SCHOOL,,Ruvuma,Tunduru,,
NAIKULA PRIMARY SCHOOL,,Ruvuma,Tunduru,,
NALASI PRIMARY SCHOOL,,Ruvuma,Tunduru,,
NAMAKUNGWA PRIMARY SCHOOL,,Ruvuma,Tunduru,,
NAMASIMBA PRIMARY SCHOOL,,Ruvuma,Tunduru,,
NAMIUNGO PRIMARY SCHOOL,,Ruvuma,Tunduru,,
NANDEMBO PRIMARY SCHOOL,,Ruvuma,Tunduru,,
NANJOKA PRIMARY SCHOOL,,Ruvuma,Tunduru,,
NDENYENDE PRIMARY SCHOOL,,Ruvuma,Tunduru,,
NJENGA PRIMARY SCHOOL,,Ruvuma,Tunduru,,
TUNDURU-MCHANGANYIKO PRIMARY SCHOOL,,Ruvuma,Tunduru,,
CHAPITA PRIMARY SCHOOL,,Lindi,Kilwa,,
FAIBA PRIMARY SCHOOL,,Lindi,Kilwa,,
HOTELI-TATU PRIMARY SCHOOL,,Lindi,Kilwa,,
KIBATA PRIMARY SCHOOL,,Lindi,Kilwa,,
KINYWANYU PRIMARY SCHOOL,,Lindi,Kilwa,,
KIRANJERANJE PRIMARY SCHOOL,,Lindi,Kilwa,,
KIVINJE PRIMARY SCHOOL,,Lindi,Kilwa,,
LIHIMALYAO PRIMARY SCHOOL,,Lindi,Kilwa,,
LYOMANGA PRIMARY SCHOOL,,Lindi,Kilwa,,
MANDAWA PRIMARY SCHOOL,,Lindi,Kilwa,,
MBATE PRIMARY SCHOOL,,Lindi,Kilwa,,
MBWEMKURU PRIMARY SCHOOL,,Lindi,Kilwa,,
MIGURUWE PRIMARY SCHOOL,,Lindi,Kilwa,,
MIUMBU PRIMARY SCHOOL,,Lindi,Kilwa,,
MKWANYULE PRIMARY SCHOOL,,Lindi,Kilwa,,
MPOPERA PRIMARY SCHOOL,,Lindi,Kilwa,,
MTITIMIRA PRIMARY SCHOOL,,Lindi,Kilwa,,
MTUKWAO PRIMARY SCHOOL,,Lindi,Kilwa,,
MWANGI PRIMARY SCHOOL,,Lindi,Kilwa,,
NAHAMA PRIMARY SCHOOL,,Lindi,Kilwa,,
NAKINGOMBE PRIMARY SCHOOL,,Lindi,Kilwa,,
NAMAKONGORO PRIMARY SCHOOL,,Lindi,Kilwa,,
NAMAYUNI PRIMARY SCHOOL,,Lindi,Kilwa,,
NAMPUNGA PRIMARY SCHOOL,,Lindi,Kilwa,,
NANGURUKURU PRIMARY SCHOOL,,Lindi,Kilwa,,
NASAYA PRIMARY SCHOOL,,Lindi,Kilwa,,
NGEA PRIMARY SCHOOL,,Lindi,Kilwa,,
NJINJO PRIMARY SCHOOL,,Lindi,Kilwa,,
PUNGUTINI PRIMARY SCHOOL,,Lindi,Kilwa,,
RUYAYA PRIMARY SCHOOL,,Lindi,Kilwa,,
SOMANGA SIMU PRIMARY SCHOOL,,Lindi,Kilwa,,
CHUMO PRIMARY SCHOOL,,Lindi,Kilwa,,
INGIRITO PRIMARY SCHOOL,,Lindi,Kilwa,,
KIBE PRIMARY SCHOOL,,Lindi,Kilwa,,
KIKOTAMA PRIMARY SCHOOL,,Lindi,Kilwa,,
KIPATIMU PRIMARY SCHOOL,,Lindi,Kilwa,,
KISANGI PRIMARY SCHOOL,,Lindi,Kilwa,,
LIKAWAGE PRIMARY SCHOOL,,Lindi,Kilwa,,
MAKANGAGA PRIMARY SCHOOL,,Lindi,Kilwa,,
MARENDEGO PRIMARY SCHOOL,,Lindi,Kilwa,,
MATANDU PRIMARY SCHOOL,,Lindi,Kilwa,,
MBELENJE PRIMARY SCHOOL,,Lindi,Kilwa,,
MCHAKAMA PRIMARY SCHOOL,,Lindi,Kilwa,,
MIKOMA PRIMARY SCHOOL,,Lindi,Kilwa,,
MITEJA PRIMARY SCHOOL,,Lindi,Kilwa,,
MKARANGO PRIMARY SCHOOL,,Lindi,Kilwa,,
MTANDANGO PRIMARY SCHOOL,,Lindi,Kilwa,,
MTENDE PRIMARY SCHOOL,,Lindi,Kilwa,,
MTONDO-KIMWAGA PRIMARY SCHOOL,,Lindi,Kilwa,,
MTYALAMBUKO PRIMARY SCHOOL,,Lindi,Kilwa,,
MWENGEI PRIMARY SCHOOL,,Lindi,Kilwa,,
NAIPULI PRIMARY SCHOOL,,Lindi,Kilwa,,
NAKIU PRIMARY SCHOOL,,Lindi,Kilwa,,
NAMATEWA PRIMARY SCHOOL,,Lindi,Kilwa,,
NAMBONDO PRIMARY SCHOOL,,Lindi,Kilwa,,
NAMTUTI PRIMARY SCHOOL,,Lindi,Kilwa,,
NANDETE PRIMARY SCHOOL,,Lindi,Kilwa,,
NANJIRINJI A PRIMARY SCHOOL,,Lindi,Kilwa,,
NDENDE PRIMARY SCHOOL,,Lindi,Kilwa,,
RUHATWE PRIMARY SCHOOL,,Lindi,Kilwa,,
SINGINO PRIMARY SCHOOL,,Lindi,Kilwa,,
SONGOMNARA PRIMARY SCHOOL,,Lindi,Kilwa,,
ZINGAKIBAONI PRIMARY SCHOOL,,Lindi,Kilwa,,
HONGWE PRIMARY SCHOOL,,Lindi,Kilwa,,
KANDAWALE PRIMARY SCHOOL,,Lindi,Kilwa,,
KIKANDA PRIMARY SCHOOL,,Lindi,Kilwa,,
KINJUMBI PRIMARY SCHOOL,,Lindi,Kilwa,,
KIPINDIMBI PRIMARY SCHOOL,,Lindi,Kilwa,,
KISIMAMKIKA PRIMARY SCHOOL,,Lindi,Kilwa,,
KISWERE PRIMARY SCHOOL,,Lindi,Kilwa,,
LIHIMALYAO KUSINI PRIMARY SCHOOL,,Lindi,Kilwa,,
LIKUMLA PRIMARY SCHOOL,,Lindi,Kilwa,,
MALALANI PRIMARY SCHOOL,,Lindi,Kilwa,,
MASANINGA PRIMARY SCHOOL,,Lindi,Kilwa,,
MAVUJI PRIMARY SCHOOL,,Lindi,Kilwa,,
MIGEREGERE PRIMARY SCHOOL,,Lindi,Kilwa,,
MINGUMBI PRIMARY SCHOOL,,Lindi,Kilwa,,
MITOLE PRIMARY SCHOOL,,Lindi,Kilwa,,
MKONDAJI PRIMARY SCHOOL,,Lindi,Kilwa,,
MNUNGUNDWA PRIMARY SCHOOL,,Lindi,Kilwa,,
MTANDI PRIMARY SCHOOL,,Lindi,Kilwa,,
MTEPERA PRIMARY SCHOOL,,Lindi,Kilwa,,
NAKINDU PRIMARY SCHOOL,,Lindi,Kilwa,,
NAMAKOLO PRIMARY SCHOOL,,Lindi,Kilwa,,
NAMATUNGUTUNGU PRIMARY SCHOOL,,Lindi,Kilwa,,
NAMKAMBA PRIMARY SCHOOL,,Lindi,Kilwa,,
NAMWEDO PRIMARY SCHOOL,,Lindi,Kilwa,,
NANG'OO KIWALA PRIMARY SCHOOL,,Lindi,Kilwa,,
NANJIRINJI PRIMARY SCHOOL,,Lindi,Kilwa,,
NGARAMBI PRIMARY SCHOOL,,Lindi,Kilwa,,
NJIANNE PRIMARY SCHOOL,,Lindi,Kilwa,,
PEC PRIMARY SCHOOL,,Lindi,Kilwa,,
RUSHUNGI PRIMARY SCHOOL,,Lindi,Kilwa,,
SOMANGA PRIMARY SCHOOL,,Lindi,Kilwa,,
SONGOSONGO PRIMARY SCHOOL,,Lindi,Kilwa,,
CHILALA PRIMARY SCHOOL,,Lindi,Lindi Mc,,
HIDAYA MEMORIAL PRIMARY SCHOOL,,Lindi,Lindi Mc,,
KILANGALA A PRIMARY SCHOOL,,Lindi,Lindi Mc,,
KINENG'ENE PRIMARY SCHOOL,,Lindi,Lindi Mc,,
KITOMANGA PRIMARY SCHOOL,,Lindi,Lindi Mc,,
LEGEZA MWENDO PRIMARY SCHOOL,,Lindi,Lindi Mc,,
LIKOTWA PRIMARY SCHOOL,,Lindi,Lindi Mc,,
MILOLA A PRIMARY SCHOOL,,Lindi,Lindi Mc,,
MIPINGO PRIMARY SCHOOL,,Lindi,Lindi Mc,,
MNYANGARA PRIMARY SCHOOL,,Lindi,Lindi Mc,,
MPUTWA PRIMARY SCHOOL,,Lindi,Lindi Mc,,
MTANGE PRIMARY SCHOOL,,Lindi,Lindi Mc,,
NAMTAMBA PRIMARY SCHOOL,,Lindi,Lindi Mc,,
NANYANJE PRIMARY SCHOOL,,Lindi,Lindi Mc,,
RUHOMA PRIMARY SCHOOL,,Lindi,Lindi Mc,,
TANDANGONGORO PRIMARY SCHOOL,,Lindi,Lindi Mc,,
CHIKONJI KASKAZINI PRIMARY SCHOOL,,Lindi,Lindi Mc,,
DIMBA PRIMARY SCHOOL,,Lindi,Lindi Mc,,
KIKOMOLELA PRIMARY SCHOOL,,Lindi,Lindi Mc,,
KILANGALA PRIMARY SCHOOL,,Lindi,Lindi Mc,,
KINGURUNGUNDWA PRIMARY SCHOOL,,Lindi,Lindi Mc,,
KITUMBIKWELA PRIMARY SCHOOL,,Lindi,Lindi Mc,,
LIHIMILO PRIMARY SCHOOL,,Lindi,Lindi Mc,,
LIKWAYA PRIMARY SCHOOL,,Lindi,Lindi Mc,,
MATAPWA PRIMARY SCHOOL,,Lindi,Lindi Mc,,
MCHINGA I PRIMARY SCHOOL,,Lindi,Lindi Mc,,
MILOLA B PRIMARY SCHOOL,,Lindi,Lindi Mc,,
MITWERO PRIMARY SCHOOL,,Lindi,Lindi Mc,,
MKUPAMA PRIMARY SCHOOL,,Lindi,Lindi Mc,,
MLANDEGE PRIMARY SCHOOL,,Lindi,Lindi Mc,,
MNAZIMMOJA B PRIMARY SCHOOL,,Lindi,Lindi Mc,,
MOKA PRIMARY SCHOOL,,Lindi,Lindi Mc,,
MSINJAHILI PRIMARY SCHOOL,,Lindi,Lindi Mc,,
MTULENI PRIMARY SCHOOL,,Lindi,Lindi Mc,,
NANDAMBI PRIMARY SCHOOL,,Lindi,Lindi Mc,,
NG'APA PRIMARY SCHOOL,,Lindi,Lindi Mc,,
RUTAMBA PRIMARY SCHOOL,,Lindi,Lindi Mc,,
CHIKONJI PRIMARY SCHOOL,,Lindi,Lindi Mc,,
GREAT MINDS PRIMARY SCHOOL,,Lindi,Lindi Mc,,
JOY SCHOOL PRIMARY SCHOOL,,Lindi,Lindi Mc,,
KIKWETU PRIMARY SCHOOL,,Lindi,Lindi Mc,,
KILOLAMBWANI PRIMARY SCHOOL,,Lindi,Lindi Mc,,
KINYOPE PRIMARY SCHOOL,,Lindi,Lindi Mc,,
LIKONG'O PRIMARY SCHOOL,,Lindi,Lindi Mc,,
MAKANGARA PRIMARY SCHOOL,,Lindi,Lindi Mc,,
MATIMBA PRIMARY SCHOOL,,Lindi,Lindi Mc,,
MCHINGA II PRIMARY SCHOOL,,Lindi,Lindi Mc,,
MINGOYO PRIMARY SCHOOL,,Lindi,Lindi Mc,,
MKANGA I PRIMARY SCHOOL,,Lindi,Lindi Mc,,
MNANG'OLE PRIMARY SCHOOL,,Lindi,Lindi Mc,,
MNIMBILA PRIMARY SCHOOL,,Lindi,Lindi Mc,,
MPILIPILI PRIMARY SCHOOL,,Lindi,Lindi Mc,,
MTANDA PRIMARY SCHOOL,,Lindi,Lindi Mc,,
MTUMBIKILE PRIMARY SCHOOL,,Lindi,Lindi Mc,,
NAMKONGO PRIMARY SCHOOL,,Lindi,Lindi Mc,,
NANGARU PRIMARY SCHOOL,,Lindi,Lindi Mc,,
NGWENYA PRIMARY SCHOOL,,Lindi,Lindi Mc,,
RUCHEMI PRIMARY SCHOOL,,Lindi,Lindi Mc,,
RUTAMBA YA SASA PRIMARY SCHOOL,,Lindi,Lindi Mc,,
STADIUM PRIMARY SCHOOL,,Lindi,Lindi Mc,,
ULEKA PRIMARY SCHOOL,,Lindi,Lindi Mc,,
BARIKIWA PRIMARY SCHOOL,,Lindi,Liwale,,
KAMENA PRIMARY SCHOOL,,Lindi,Liwale,,
KIBUTUKA PRIMARY SCHOOL,,Lindi,Liwale,,
KIKULYUNGU PRIMARY SCHOOL,,Lindi,Liwale,,
KIPELELE PRIMARY SCHOOL,,Lindi,Liwale,,
LIKOMBORA PRIMARY SCHOOL,,Lindi,Liwale,,
LILOMBE PRIMARY SCHOOL,,Lindi,Liwale,,
MANGIRIKITI PRIMARY SCHOOL,,Lindi,Liwale,,
MBULI PRIMARY SCHOOL,,Lindi,Liwale,,
MIRUI PRIMARY SCHOOL,,Lindi,Liwale,,
MPENGERE PRIMARY SCHOOL,,Lindi,Liwale,,
MTAWANGO PRIMARY SCHOOL,,Lindi,Liwale,,
NAIHURU PRIMARY SCHOOL,,Lindi,Liwale,,
NAMIHU PRIMARY SCHOOL,,Lindi,Liwale,,
NANJEGEJA PRIMARY SCHOOL,,Lindi,Liwale,,
NDUNYUNGU PRIMARY SCHOOL,,Lindi,Liwale,,
NGORONGOPA PRIMARY SCHOOL,,Lindi,Liwale,,
TURUKI PRIMARY SCHOOL,,Lindi,Liwale,,
CHIMBUKO PRIMARY SCHOOL,,Lindi,Liwale,,
KICHONDA PRIMARY SCHOOL,,Lindi,Liwale,,
KIMAMBI PRIMARY SCHOOL,,Lindi,Liwale,,
KIPULE PRIMARY SCHOOL,,Lindi,Liwale,,
LIKONGOWELE PRIMARY SCHOOL,,Lindi,Liwale,,
LIWALE PRIMARY SCHOOL,,Lindi,Liwale,,
MAKATA PRIMARY SCHOOL,,Lindi,Liwale,,
MBAYA PRIMARY SCHOOL,,Lindi,Liwale,,
MIHUMO PRIMARY SCHOOL,,Lindi,Liwale,,
MPIGAMITI PRIMARY SCHOOL,,Lindi,Liwale,,
MTAWATAWA PRIMARY SCHOOL,,Lindi,Liwale,,
NABUYA PRIMARY SCHOOL,,Lindi,Liwale,,
NALULEO PRIMARY SCHOOL,,Lindi,Liwale,,
NANGANDO PRIMARY SCHOOL,,Lindi,Liwale,,
NAUJOMBO PRIMARY SCHOOL,,Lindi,Liwale,,
NDURUKA PRIMARY SCHOOL,,Lindi,Liwale,,
NGUMBU PRIMARY SCHOOL,,Lindi,Liwale,,
KIANGARA PRIMARY SCHOOL,,Lindi,Liwale,,
KIGWEMA PRIMARY SCHOOL,,Lindi,Liwale,,
KIMBEMBA PRIMARY SCHOOL,,Lindi,Liwale,,
KITOGORO PRIMARY SCHOOL,,Lindi,Liwale,,
LILOMBE B PRIMARY SCHOOL,,Lindi,Liwale,,
LUIZA MLELWA PRIMARY SCHOOL,,Lindi,Liwale,,
MAKINDA PRIMARY SCHOOL,,Lindi,Liwale,,
MBONDE PRIMARY SCHOOL,,Lindi,Liwale,,
MIKUNYA PRIMARY SCHOOL,,Lindi,Liwale,,
MLEMBWE PRIMARY SCHOOL,,Lindi,Liwale,,
MUNGURUMO PRIMARY SCHOOL,,Lindi,Liwale,,
NAMBINDA PRIMARY SCHOOL,,Lindi,Liwale,,
NANGANO PRIMARY SCHOOL,,Lindi,Liwale,,
NDAPATA PRIMARY SCHOOL,,Lindi,Liwale,,
NGONGOWELE PRIMARY SCHOOL,,Lindi,Liwale,,
NGUNJA PRIMARY SCHOOL,,Lindi,Liwale,,
CHIKOMBE PRIMARY SCHOOL,,Lindi,Mtama,,
CHIUTA PRIMARY SCHOOL,,Lindi,Mtama,,
HINGAWALI PRIMARY SCHOOL,,Lindi,Mtama,,
LIKOLOMBE PRIMARY SCHOOL,,Lindi,Mtama,,
LIPOME PRIMARY SCHOOL,,Lindi,Mtama,,
LUWALE PRIMARY SCHOOL,,Lindi,Mtama,,
MAHIWA PRIMARY SCHOOL,,Lindi,Mtama,,
MIHOGONI PRIMARY SCHOOL,,Lindi,Mtama,,
MKANGA II PRIMARY SCHOOL,,Lindi,Mtama,,
MMONGOMONGO PRIMARY SCHOOL,,Lindi,Mtama,,
MNENGULO PRIMARY SCHOOL,,Lindi,Mtama,,
NACHUNYU PRIMARY SCHOOL,,Lindi,Mtama,,
NAMDEDA PRIMARY SCHOOL,,Lindi,Mtama,,
NAMUNDA PRIMARY SCHOOL,,Lindi,Mtama,,
NARWADI PRIMARY SCHOOL,,Lindi,Mtama,,
NIKOWELA PRIMARY SCHOOL,,Lindi,Mtama,,
NTAUNA PRIMARY SCHOOL,,Lindi,Mtama,,
NYANGAO PRIMARY SCHOOL,,Lindi,Mtama,,
PANGABOI PRIMARY SCHOOL,,Lindi,Mtama,,
SHUKA PRIMARY SCHOOL,,Lindi,Mtama,,
CHIODYA PRIMARY SCHOOL,,Lindi,Mtama,,
CHIUWE PRIMARY SCHOOL,,Lindi,Mtama,,
KILIDU PRIMARY SCHOOL,,Lindi,Mtama,,
LINDWANDWALI PRIMARY SCHOOL,,Lindi,Mtama,,
LITINGI PRIMARY SCHOOL,,Lindi,Mtama,,
MADANGWA PRIMARY SCHOOL,,Lindi,Mtama,,
MAHUMBIKA PRIMARY SCHOOL,,Lindi,Mtama,,
MBALALA PRIMARY SCHOOL,,Lindi,Mtama,,
MIHANGA PRIMARY SCHOOL,,Lindi,Mtama,,
MILAMBA PRIMARY SCHOOL,,Lindi,Mtama,,
MKUNG'UNI PRIMARY SCHOOL,,Lindi,Mtama,,
MMUMBU PRIMARY SCHOOL,,Lindi,Mtama,,
MNOLELA PRIMARY SCHOOL,,Lindi,Mtama,,
MTAMA PRIMARY SCHOOL,,Lindi,Mtama,,
MTUMBYA PRIMARY SCHOOL,,Lindi,Mtama,,
NAHUKAHUKA PRIMARY SCHOOL,,Lindi,Mtama,,
NAMUPA PRIMARY SCHOOL,,Lindi,Mtama,,
NAVANGA PRIMARY SCHOOL,,Lindi,Mtama,,
NJONJO PRIMARY SCHOOL,,Lindi,Mtama,,
NTENE PRIMARY SCHOOL,,Lindi,Mtama,,
NYENGEDI PRIMARY SCHOOL,,Lindi,Mtama,,
RUHOKWE PRIMARY SCHOOL,,Lindi,Mtama,,
SIMANA PRIMARY SCHOOL,,Lindi,Mtama,,
UJIRANIMWEMA PRIMARY SCHOOL,,Lindi,Mtama,,
CHIPONDA PRIMARY SCHOOL,,Lindi,Mtama,,
CHIWERERE PRIMARY SCHOOL,,Lindi,Mtama,,
KILIMANIHEWA PRIMARY SCHOOL,,Lindi,Mtama,,
KIWALALA PRIMARY SCHOOL,,Lindi,Mtama,,
LIHIMBA PRIMARY SCHOOL,,Lindi,Mtama,,
LINOHA PRIMARY SCHOOL,,Lindi,Mtama,,
LITIPU PRIMARY SCHOOL,,Lindi,Mtama,,
MADINGO PRIMARY SCHOOL,,Lindi,Mtama,,
MANDWANGA PRIMARY SCHOOL,,Lindi,Mtama,,
MBAWALA PRIMARY SCHOOL,,Lindi,Mtama,,
MIHIMA PRIMARY SCHOOL,,Lindi,Mtama,,
MMANGAWANGA PRIMARY SCHOOL,,Lindi,Mtama,,
MNARA PRIMARY SCHOOL,,Lindi,Mtama,,
MTEGU PRIMARY SCHOOL,,Lindi,Mtama,,
MWANGU PRIMARY SCHOOL,,Lindi,Mtama,,
NAMANGALE PRIMARY SCHOOL,,Lindi,Mtama,,
NAMTUMBULA PRIMARY SCHOOL,,Lindi,Mtama,,
NANG'AKA PRIMARY SCHOOL,,Lindi,Mtama,,
NG`AWA PRIMARY SCHOOL,,Lindi,Mtama,,
NNDAWA PRIMARY SCHOOL,,Lindi,Mtama,,
NYANGAMARA PRIMARY SCHOOL,,Lindi,Mtama,,
NYUNDO I PRIMARY SCHOOL,,Lindi,Mtama,,
RUO PRIMARY SCHOOL,,Lindi,Mtama,,
UTIMBE PRIMARY SCHOOL,,Lindi,Mtama,,
CHIMBENDENGA PRIMARY SCHOOL,,Lindi,Nachingwea,,
CHIUMBATI PRIMARY SCHOOL,,Lindi,Nachingwea,,
FARM 8 PRIMARY SCHOOL,,Lindi,Nachingwea,,
KILIMARONDO PRIMARY SCHOOL,,Lindi,Nachingwea,,
LIONJA PRIMARY SCHOOL,,Lindi,Nachingwea,,
MAKITIKITI PRIMARY SCHOOL,,Lindi,Nachingwea,,
MAUHINDA PRIMARY SCHOOL,,Lindi,Nachingwea,,
MBONDO PRIMARY SCHOOL,,Lindi,Nachingwea,,
MCHONDA PRIMARY SCHOOL,,Lindi,Nachingwea,,
MIUMBUTI PRIMARY SCHOOL,,Lindi,Nachingwea,,
MKOTOKUYANA PRIMARY SCHOOL,,Lindi,Nachingwea,,
MKURUPILO PRIMARY SCHOOL,,Lindi,Nachingwea,,
MPIRUKA PRIMARY SCHOOL,,Lindi,Nachingwea,,
MWANDILA PRIMARY SCHOOL,,Lindi,Nachingwea,,
NAGAGA PRIMARY SCHOOL,,Lindi,Nachingwea,,
NAIPINGO PRIMARY SCHOOL,,Lindi,Nachingwea,,
NAMANJA PRIMARY SCHOOL,,Lindi,Nachingwea,,
NAMATUMBUSI PRIMARY SCHOOL,,Lindi,Nachingwea,,
NAMBALAPALA PRIMARY SCHOOL,,Lindi,Nachingwea,,
NAMKULA PRIMARY SCHOOL,,Lindi,Nachingwea,,
NANGOWE PRIMARY SCHOOL,,Lindi,Nachingwea,,
NARUNGOMBE PRIMARY SCHOOL,,Lindi,Nachingwea,,
NDOMONDO PRIMARY SCHOOL,,Lindi,Nachingwea,,
NGUNICHILE PRIMARY SCHOOL,,Lindi,Nachingwea,,
NYAMBI PRIMARY SCHOOL,,Lindi,Nachingwea,,
RUPOTA PRIMARY SCHOOL,,Lindi,Nachingwea,,
CHIGANGA PRIMARY SCHOOL,,Lindi,Nachingwea,,
CHINGUNDULI PRIMARY SCHOOL,,Lindi,Nachingwea,,
GAMA PRIMARY SCHOOL,,Lindi,Nachingwea,,
KIEGEI PRIMARY SCHOOL,,Lindi,Nachingwea,,
LIPUYU PRIMARY SCHOOL,,Lindi,Nachingwea,,
MAJOGO PRIMARY SCHOOL,,Lindi,Nachingwea,,
MANDAI PRIMARY SCHOOL,,Lindi,Nachingwea,,
MARAMBO PRIMARY SCHOOL,,Lindi,Nachingwea,,
MAYAKA PRIMARY SCHOOL,,Lindi,Nachingwea,,
MBUTE PRIMARY SCHOOL,,Lindi,Nachingwea,,
MKOKA PRIMARY SCHOOL,,Lindi,Nachingwea,,
MKUKWE PRIMARY SCHOOL,,Lindi,Nachingwea,,
MPUTE PRIMARY SCHOOL,,Lindi,Nachingwea,,
NAKALONJI PRIMARY SCHOOL,,Lindi,Nachingwea,,
NAMAPWIA PRIMARY SCHOOL,,Lindi,Nachingwea,,
NAMATUNU PRIMARY SCHOOL,,Lindi,Nachingwea,,
NAMBAMBO PRIMARY SCHOOL,,Lindi,Nachingwea,,
NAMMANGA PRIMARY SCHOOL,,Lindi,Nachingwea,,
NANDILE PRIMARY SCHOOL,,Lindi,Nachingwea,,
NANGUNDE PRIMARY SCHOOL,,Lindi,Nachingwea,,
NAUNGO PRIMARY SCHOOL,,Lindi,Nachingwea,,
NDOMONI PRIMARY SCHOOL,,Lindi,Nachingwea,,
NGUVUMOJA PRIMARY SCHOOL,,Lindi,Nachingwea,,
RWEJE PRIMARY SCHOOL,,Lindi,Nachingwea,,
STESHENI PRIMARY SCHOOL,,Lindi,Nachingwea,,
CHILAILE PRIMARY SCHOOL,,Lindi,Nachingwea,,
CHIOLA PRIMARY SCHOOL,,Lindi,Nachingwea,,
FARM 17 PRIMARY SCHOOL,,Lindi,Nachingwea,,
KIHUWE PRIMARY SCHOOL,,Lindi,Nachingwea,,
KITANDI PRIMARY SCHOOL,,Lindi,Nachingwea,,
LIKWELA PRIMARY SCHOOL,,Lindi,Nachingwea,,
MAJONANGA PRIMARY SCHOOL,,Lindi,Nachingwea,,
MATANGINI PRIMARY SCHOOL,,Lindi,Nachingwea,,
MAZIWA PRIMARY SCHOOL,,Lindi,Nachingwea,,
MITUMBATI PRIMARY SCHOOL,,Lindi,Nachingwea,,
MKONJELA PRIMARY SCHOOL,,Lindi,Nachingwea,,
MNERO PRIMARY SCHOOL,,Lindi,Nachingwea,,
MTIMBO PRIMARY SCHOOL,,Lindi,Nachingwea,,
MUZDALIFA ISLAMIC PRIMARY SCHOOL,,Lindi,Nachingwea,,
NACHINGWEA PRIMARY SCHOOL,,Lindi,Nachingwea,,
NAIPANGA PRIMARY SCHOOL,,Lindi,Nachingwea,,
NALENGWE PRIMARY SCHOOL,,Lindi,Nachingwea,,
NAMATULA PRIMARY SCHOOL,,Lindi,Nachingwea,,
NAMAUNI PRIMARY SCHOOL,,Lindi,Nachingwea,,
NAMIKANGO PRIMARY SCHOOL,,Lindi,Nachingwea,,
NAMPEMBA PRIMARY SCHOOL,,Lindi,Nachingwea,,
NANG'ONDO PRIMARY SCHOOL,,Lindi,Nachingwea,,
NANJIHI PRIMARY SCHOOL,,Lindi,Nachingwea,,
NDITI PRIMARY SCHOOL,,Lindi,Nachingwea,,
NGANGAMBO PRIMARY SCHOOL,,Lindi,Nachingwea,,
NTILA PRIMARY SCHOOL,,Lindi,Nachingwea,,
RUPONDA PRIMARY SCHOOL,,Lindi,Nachingwea,,
SILVERNACHI PRIMARY SCHOOL,,Lindi,Nachingwea,,
TUNDURU-YA-LEO PRIMARY SCHOOL,,Lindi,Nachingwea,,
CHIBULA PRIMARY SCHOOL,,Lindi,Ruangwa,,
CHIKUNDI PRIMARY SCHOOL,,Lindi,Ruangwa,,
CHIMBILA 'B' PRIMARY SCHOOL,,Lindi,Ruangwa,,
CHINOKOLE PRIMARY SCHOOL,,Lindi,Ruangwa,,
CHUNYU PRIMARY SCHOOL,,Lindi,Ruangwa,,
LICHWACHWA PRIMARY SCHOOL,,Lindi,Ruangwa,,
LIKWACHU PRIMARY SCHOOL,,Lindi,Ruangwa,,
LIUGURU PRIMARY SCHOOL,,Lindi,Ruangwa,,
MAGUJA PRIMARY SCHOOL,,Lindi,Ruangwa,,
MANOKWE PRIMARY SCHOOL,,Lindi,Ruangwa,,
MBANGARA PRIMARY SCHOOL,,Lindi,Ruangwa,,
MBUNGU PRIMARY SCHOOL,,Lindi,Ruangwa,,
MIBURE PRIMARY SCHOOL,,Lindi,Ruangwa,,
MITOPE PRIMARY SCHOOL,,Lindi,Ruangwa,,
MMAWA PRIMARY SCHOOL,,Lindi,Ruangwa,,
MPANYU PRIMARY SCHOOL,,Lindi,Ruangwa,,
MTOPITOPI PRIMARY SCHOOL,,Lindi,Ruangwa,,
NACHIULAGA PRIMARY SCHOOL,,Lindi,Ruangwa,,
NAMAKONDE PRIMARY SCHOOL,,Lindi,Ruangwa,,
NAMBILANJE PRIMARY SCHOOL,,Lindi,Ruangwa,,
NAMIHEGU PRIMARY SCHOOL,,Lindi,Ruangwa,,
NAMITENDE PRIMARY SCHOOL,,Lindi,Ruangwa,,
NANDAGALA PRIMARY SCHOOL,,Lindi,Ruangwa,,
NANDENJE PRIMARY SCHOOL,,Lindi,Ruangwa,,
NANGURUGAI PRIMARY SCHOOL,,Lindi,Ruangwa,,
NAUNAMBE PRIMARY SCHOOL,,Lindi,Ruangwa,,
NG'IMBWA PRIMARY SCHOOL,,Lindi,Ruangwa,,
RUANGWA PRIMARY SCHOOL,,Lindi,Ruangwa,,
WONDER KIDS PRIMARY SCHOOL,,Lindi,Ruangwa,,
CHIENJELE PRIMARY SCHOOL,,Lindi,Ruangwa,,
CHIKWALE PRIMARY SCHOOL,,Lindi,Ruangwa,,
CHIMBILA PRIMARY SCHOOL,,Lindi,Ruangwa,,
CHINONGWE PRIMARY SCHOOL,,Lindi,Ruangwa,,
LIKANGARA PRIMARY SCHOOL,,Lindi,Ruangwa,,
LIPANDE PRIMARY SCHOOL,,Lindi,Ruangwa,,
LUCHELEGWA PRIMARY SCHOOL,,Lindi,Ruangwa,,
MAKANJIRO PRIMARY SCHOOL,,Lindi,Ruangwa,,
MANDARAWE PRIMARY SCHOOL,,Lindi,Ruangwa,,
MATAMBARALE PRIMARY SCHOOL,,Lindi,Ruangwa,,
MBECHA PRIMARY SCHOOL,,Lindi,Ruangwa,,
MICHENGA PRIMARY SCHOOL,,Lindi,Ruangwa,,
MNACHO PRIMARY SCHOOL,,Lindi,Ruangwa,,
MPARA PRIMARY SCHOOL,,Lindi,Ruangwa,,
MTAWILILE PRIMARY SCHOOL,,Lindi,Ruangwa,,
NACHINUKU PRIMARY SCHOOL,,Lindi,Ruangwa,,
NACHIUNGO PRIMARY SCHOOL,,Lindi,Ruangwa,,
NAMAKUKU PRIMARY SCHOOL,,Lindi,Ruangwa,,
NAMICHIGA PRIMARY SCHOOL,,Lindi,Ruangwa,,
NAMIKULO PRIMARY SCHOOL,,Lindi,Ruangwa,,
NAMKATILA PRIMARY SCHOOL,,Lindi,Ruangwa,,
NANDANDARA PRIMARY SCHOOL,,Lindi,Ruangwa,,
NANGANGA PRIMARY SCHOOL,,Lindi,Ruangwa,,
NANJARU PRIMARY SCHOOL,,Lindi,Ruangwa,,
NDANDAWALE PRIMARY SCHOOL,,Lindi,Ruangwa,,
SOUTHERN STAR PRIMARY SCHOOL,,Lindi,Ruangwa,,
CHIKOKO PRIMARY SCHOOL,,Lindi,Ruangwa,,
CHILANGALILE PRIMARY SCHOOL,,Lindi,Ruangwa,,
CHINGUMBWA PRIMARY SCHOOL,,Lindi,Ruangwa,,
CHIWANGALA PRIMARY SCHOOL,,Lindi,Ruangwa,,
IPINGO PRIMARY SCHOOL,,Lindi,Ruangwa,,
LIKUNJA PRIMARY SCHOOL,,Lindi,Ruangwa,,
LITAMA PRIMARY SCHOOL,,Lindi,Ruangwa,,
MACHANG'ANJA PRIMARY SCHOOL,,Lindi,Ruangwa,,
MATUMBU PRIMARY SCHOOL,,Lindi,Ruangwa,,
MBEKENYERA PRIMARY SCHOOL,,Lindi,Ruangwa,,
MCHENGANYUMBA PRIMARY SCHOOL,,Lindi,Ruangwa,,
MIHEWE PRIMARY SCHOOL,,Lindi,Ruangwa,,
MKUTINGOME PRIMARY SCHOOL,,Lindi,Ruangwa,,
MPUMBE PRIMARY SCHOOL,,Lindi,Ruangwa,,
MTONDO PRIMARY SCHOOL,,Lindi,Ruangwa,,
NACHINYIMBA PRIMARY SCHOOL,,Lindi,Ruangwa,,
NAHANGA PRIMARY SCHOOL,,Lindi,Ruangwa,,
NAMAPOU PRIMARY SCHOOL,,Lindi,Ruangwa,,
NAMIENJE PRIMARY SCHOOL,,Lindi,Ruangwa,,
NAMILEMA PRIMARY SCHOOL,,Lindi,Ruangwa,,
NAMKONJELA PRIMARY SCHOOL,,Lindi,Ruangwa,,
NANGUMBU PRIMARY SCHOOL,,Lindi,Ruangwa,,
NG'ALILE PRIMARY SCHOOL,,Lindi,Ruangwa,,
NKOWE PRIMARY SCHOOL,,Lindi,Ruangwa,,
ABBEY PRIMARY SCHOOL,,Mtwara,Masasi,,
CHIGUGU PRIMARY SCHOOL,,Mtwara,Masasi,,
CHIKOWETI PRIMARY SCHOOL,,Mtwara,Masasi,,
CHINGULUNGULU PRIMARY SCHOOL,,Mtwara,Masasi,,
CHIPITE PRIMARY SCHOOL,,Mtwara,Masasi,,
CHIUNGUTWA PRIMARY SCHOOL,,Mtwara,Masasi,,
HUWE PRIMARY SCHOOL,,Mtwara,Masasi,,
LILALA PRIMARY SCHOOL,,Mtwara,Masasi,,
LIPUTU PRIMARY SCHOOL,,Mtwara,Masasi,,
LUAGALA PRIMARY SCHOOL,,Mtwara,Masasi,,
LUKULEDI PRIMARY SCHOOL,,Mtwara,Masasi,,
MAJEMBENDAGO PRIMARY SCHOOL,,Mtwara,Masasi,,
MANDIWA PRIMARY SCHOOL,,Mtwara,Masasi,,
MBAJU PRIMARY SCHOOL,,Mtwara,Masasi,,
MDENGA PRIMARY SCHOOL,,Mtwara,Masasi,,
MIREWE PRIMARY SCHOOL,,Mtwara,Masasi,,
MIUNGO PRIMARY SCHOOL,,Mtwara,Masasi,,
MKALAPA PRIMARY SCHOOL,,Mtwara,Masasi,,
MKANG'U PRIMARY SCHOOL,,Mtwara,Masasi,,
MKUNGU PRIMARY SCHOOL,,Mtwara,Masasi,,
MLINGULA PRIMARY SCHOOL,,Mtwara,Masasi,,
MPINDIMBI PRIMARY SCHOOL,,Mtwara,Masasi,,
MRAUSHI PRIMARY SCHOOL,,Mtwara,Masasi,,
MTAKUJA I PRIMARY SCHOOL,,Mtwara,Masasi,,
MWITIKA PRIMARY SCHOOL,,Mtwara,Masasi,,
NAIROMBO PRIMARY SCHOOL,,Mtwara,Masasi,,
NAKALOLA PRIMARY SCHOOL,,Mtwara,Masasi,,
NAMAHINGA PRIMARY SCHOOL,,Mtwara,Masasi,,
NAMALENGA PRIMARY SCHOOL,,Mtwara,Masasi,,
NAMICHI PRIMARY SCHOOL,,Mtwara,Masasi,,
NANTONA PRIMARY SCHOOL,,Mtwara,Masasi,,
NASINDI PRIMARY SCHOOL,,Mtwara,Masasi,,
NDWIKA MAZOEZI PRIMARY SCHOOL,,Mtwara,Masasi,,
PACHANI PRIMARY SCHOOL,,Mtwara,Masasi,,
SINDANO PRIMARY SCHOOL,,Mtwara,Masasi,,
CHIGUMI PRIMARY SCHOOL,,Mtwara,Masasi,,
CHIKUKWE PRIMARY SCHOOL,,Mtwara,Masasi,,
CHIKUNJA I PRIMARY SCHOOL,,Mtwara,Masasi,,
CHIPANGO PRIMARY SCHOOL,,Mtwara,Masasi,,
CHIPUNDA PRIMARY SCHOOL,,Mtwara,Masasi,,
CHIWALE PRIMARY SCHOOL,,Mtwara,Masasi,,
KANYIMBI PRIMARY SCHOOL,,Mtwara,Masasi,,
LILOYA PRIMARY SCHOOL,,Mtwara,Masasi,,
LISANJE PRIMARY SCHOOL,,Mtwara,Masasi,,
LUATALA PRIMARY SCHOOL,,Mtwara,Masasi,,
LULINDI II PRIMARY SCHOOL,,Mtwara,Masasi,,
LUSONJE PRIMARY SCHOOL,,Mtwara,Masasi,,
MAKANYAMA PRIMARY SCHOOL,,Mtwara,Masasi,,
MANYULI PRIMARY SCHOOL,,Mtwara,Masasi,,
MASIKU PRIMARY SCHOOL,,Mtwara,Masasi,,
MBEMBA PRIMARY SCHOOL,,Mtwara,Masasi,,
MCHAURU PRIMARY SCHOOL,,Mtwara,Masasi,,
MGWAGULE PRIMARY SCHOOL,,Mtwara,Masasi,,
MILUNDA PRIMARY SCHOOL,,Mtwara,Masasi,,
MITESA PRIMARY SCHOOL,,Mtwara,Masasi,,
MIWALE PRIMARY SCHOOL,,Mtwara,Masasi,,
MKALIVATA PRIMARY SCHOOL,,Mtwara,Masasi,,
MKOLOPOLA PRIMARY SCHOOL,,Mtwara,Masasi,,
MKWAPA PRIMARY SCHOOL,,Mtwara,Masasi,,
MPANYANI PRIMARY SCHOOL,,Mtwara,Masasi,,
MPOWORA PRIMARY SCHOOL,,Mtwara,Masasi,,
MSIKISI PRIMARY SCHOOL,,Mtwara,Masasi,,
MTUNUNGU PRIMARY SCHOOL,,Mtwara,Masasi,,
MWENA PRIMARY SCHOOL,,Mtwara,Masasi,,
NAKACHERENI PRIMARY SCHOOL,,Mtwara,Masasi,,
NAKARARA PRIMARY SCHOOL,,Mtwara,Masasi,,
NAMAJANI PRIMARY SCHOOL,,Mtwara,Masasi,,
NAMATUTWE PRIMARY SCHOOL,,Mtwara,Masasi,,
NAMYOMYO PRIMARY SCHOOL,,Mtwara,Masasi,,
NANGOO PRIMARY SCHOOL,,Mtwara,Masasi,,
NANYINDWA PRIMARY SCHOOL,,Mtwara,Masasi,,
NDANDA PRIMARY SCHOOL,,Mtwara,Masasi,,
NGALOLE B PRIMARY SCHOOL,,Mtwara,Masasi,,
NJAWARA PRIMARY SCHOOL,,Mtwara,Masasi,,
SOUTHERN HILL PRE - PRIMARY SCHOOL,,Mtwara,Masasi,,
CHIDYA PRIMARY SCHOOL,,Mtwara,Masasi,,
CHIKOROPOLA PRIMARY SCHOOL,,Mtwara,Masasi,,
CHIKUNDI MSANGA PRIMARY SCHOOL,,Mtwara,Masasi,,
CHILIMBA PRIMARY SCHOOL,,Mtwara,Masasi,,
CHIPEMBE PRIMARY SCHOOL,,Mtwara,Masasi,,
CHIRORO PRIMARY SCHOOL,,Mtwara,Masasi,,
CHIWATA PRIMARY SCHOOL,,Mtwara,Masasi,,
LIPUMBURU PRIMARY SCHOOL,,Mtwara,Masasi,,
LIURUNGU PRIMARY SCHOOL,,Mtwara,Masasi,,
LUKULEDI MAALUM PRIMARY SCHOOL,,Mtwara,Masasi,,
LULINDI PRIMARY SCHOOL,,Mtwara,Masasi,,
MAJEMBE PRIMARY SCHOOL,,Mtwara,Masasi,,
MAKONG'ONDA PRIMARY SCHOOL,,Mtwara,Masasi,,
MAPARAWE PRIMARY SCHOOL,,Mtwara,Masasi,,
MASUGURU MTENGA PRIMARY SCHOOL,,Mtwara,Masasi,,
MBUGO PRIMARY SCHOOL,,Mtwara,Masasi,,
MCHOTI PRIMARY SCHOOL,,Mtwara,Masasi,,
MIESI PRIMARY SCHOOL,,Mtwara,Masasi,,
MINJALE PRIMARY SCHOOL,,Mtwara,Masasi,,
MITONJI PRIMARY SCHOOL,,Mtwara,Masasi,,
MKACHIMA PRIMARY SCHOOL,,Mtwara,Masasi,,
MKANGAULA PRIMARY SCHOOL,,Mtwara,Masasi,,
MKULULU PRIMARY SCHOOL,,Mtwara,Masasi,,
MNAVIRA PRIMARY SCHOOL,,Mtwara,Masasi,,
MPETA PRIMARY SCHOOL,,Mtwara,Masasi,,
MPULIMA PRIMARY SCHOOL,,Mtwara,Masasi,,
MSOKOSELA PRIMARY SCHOOL,,Mtwara,Masasi,,
MUMBURU PRIMARY SCHOOL,,Mtwara,Masasi,,
MWITI PRIMARY SCHOOL,,Mtwara,Masasi,,
NAKACHINDU PRIMARY SCHOOL,,Mtwara,Masasi,,
NALIONGOLO PRIMARY SCHOOL,,Mtwara,Masasi,,
NAMALEMBO PRIMARY SCHOOL,,Mtwara,Masasi,,
NAMBAWALA PRIMARY SCHOOL,,Mtwara,Masasi,,
NANDITI PRIMARY SCHOOL,,Mtwara,Masasi,,
NANJOTA PRIMARY SCHOOL,,Mtwara,Masasi,,
NAPATA PRIMARY SCHOOL,,Mtwara,Masasi,,
NDIBWA PRIMARY SCHOOL,,Mtwara,Masasi,,
NGALOLE PRIMARY SCHOOL,,Mtwara,Masasi,,
RIVANGO PRIMARY SCHOOL,,Mtwara,Masasi,,
TULEANE PRIMARY SCHOOL,,Mtwara,Masasi,,
BEZALEL PRIMARY SCHOOL,,Mtwara,Masasi Tc,,
MACHOMBE PRIMARY SCHOOL,,Mtwara,Masasi Tc,,
MIGONGO PRIMARY SCHOOL,,Mtwara,Masasi Tc,,
MKUTI PRIMARY SCHOOL,,Mtwara,Masasi Tc,,
MOROKO PRIMARY SCHOOL,,Mtwara,Masasi Tc,,
MWENGE MTAPIKA PRIMARY SCHOOL,,Mtwara,Masasi Tc,,
NAMKUNGWI PRIMARY SCHOOL,,Mtwara,Masasi Tc,,
NAVAI PRIMARY SCHOOL,,Mtwara,Masasi Tc,,
SULULU PRIMARY SCHOOL,,Mtwara,Masasi Tc,,
CHAKAMA PRIMARY SCHOOL,,Mtwara,Masasi Tc,,
CHISEGU PRIMARY SCHOOL,,Mtwara,Masasi Tc,,
MAKULANI PRIMARY SCHOOL,,Mtwara,Masasi Tc,,
MATAWALE PRIMARY SCHOOL,,Mtwara,Masasi Tc,,
MKAPUNDA PRIMARY SCHOOL,,Mtwara,Masasi Tc,,
MKOMAINDO PRIMARY SCHOOL,,Mtwara,Masasi Tc,,
MPEKESO PRIMARY SCHOOL,,Mtwara,Masasi Tc,,
MUMBAKA PRIMARY SCHOOL,,Mtwara,Masasi Tc,,
NANGOSE JUU PRIMARY SCHOOL,,Mtwara,Masasi Tc,,
CHANIKANGUO PRIMARY SCHOOL,,Mtwara,Masasi Tc,,
MACDONALD PRIMARY SCHOOL,,Mtwara,Masasi Tc,,
MAGUMCHILA PRIMARY SCHOOL,,Mtwara,Masasi Tc,,
MARIKA PRIMARY SCHOOL,,Mtwara,Masasi Tc,,
MKARAKATE PRIMARY SCHOOL,,Mtwara,Masasi Tc,,
MKUTI B PRIMARY SCHOOL,,Mtwara,Masasi Tc,,
MLUNDELUNDE PRIMARY SCHOOL,,Mtwara,Masasi Tc,,
MTAKUJA II PRIMARY SCHOOL,,Mtwara,Masasi Tc,,
MUZDALIFA PRIMARY SCHOOL,,Mtwara,Masasi Tc,,
NAMIKUNDA PRIMARY SCHOOL,,Mtwara,Masasi Tc,,
NANGOSE PRIMARY SCHOOL,,Mtwara,Masasi Tc,,
TUKAEWOTE PRIMARY SCHOOL,,Mtwara,Masasi Tc,,
IMEKUWA PRIMARY SCHOOL,,Mtwara,Mtwara,,
KITUNGULI PRIMARY SCHOOL,,Mtwara,Mtwara,,
LIBOBE PRIMARY SCHOOL,,Mtwara,Mtwara,,
LITEMBE PRIMARY SCHOOL,,Mtwara,Mtwara,,
MAYAYA PRIMARY SCHOOL,,Mtwara,Mtwara,,
MDUWI PRIMARY SCHOOL,,Mtwara,Mtwara,,
MIHEMBE PRIMARY SCHOOL,,Mtwara,Mtwara,,
MINYEMBE PRIMARY SCHOOL,,Mtwara,Mtwara,,
MKONYE PRIMARY SCHOOL,,Mtwara,Mtwara,,
MKUTIMANGO PRIMARY SCHOOL,,Mtwara,Mtwara,,
MNGOJI PRIMARY SCHOOL,,Mtwara,Mtwara,,
MNYUNDO PRIMARY SCHOOL,,Mtwara,Mtwara,,
MSANGAMKUU PRIMARY SCHOOL,,Mtwara,Mtwara,,
NACHENJELE PRIMARY SCHOOL,,Mtwara,Mtwara,,
NAMAHYAKATA PRIMARY SCHOOL,,Mtwara,Mtwara,,
NAMGOGOLI PRIMARY SCHOOL,,Mtwara,Mtwara,,
NANYANI PRIMARY SCHOOL,,Mtwara,Mtwara,,
NDUMBWE PRIMARY SCHOOL,,Mtwara,Mtwara,,
DIHIMBA PRIMARY SCHOOL,,Mtwara,Mtwara,,
KIVAVA PRIMARY SCHOOL,,Mtwara,Mtwara,,
LYOWA PRIMARY SCHOOL,,Mtwara,Mtwara,,
MAKOME PRIMARY SCHOOL,,Mtwara,Mtwara,,
MGAO PRIMARY SCHOOL,,Mtwara,Mtwara,,
MILUMBA PRIMARY SCHOOL,,Mtwara,Mtwara,,
MKUBIRU PRIMARY SCHOOL,,Mtwara,Mtwara,,
MNOMO PRIMARY SCHOOL,,Mtwara,Mtwara,,
MOMA PRIMARY SCHOOL,,Mtwara,Mtwara,,
MSIJUTE PRIMARY SCHOOL,,Mtwara,Mtwara,,
MWATEHI PRIMARY SCHOOL,,Mtwara,Mtwara,,
NAKADA PRIMARY SCHOOL,,Mtwara,Mtwara,,
NAMANJELE PRIMARY SCHOOL,,Mtwara,Mtwara,,
NAMUHI PRIMARY SCHOOL,,Mtwara,Mtwara,,
NANYATI PRIMARY SCHOOL,,Mtwara,Mtwara,,
RUVULA PRIMARY SCHOOL,,Mtwara,Mtwara,,
KIHIMIKA PRIMARY SCHOOL,,Mtwara,Mtwara,,
KITERE PRIMARY SCHOOL,,Mtwara,Mtwara,,
KYOBYA PRIMARY SCHOOL,,Mtwara,Mtwara,,
LIPWIDI PRIMARY SCHOOL,,Mtwara,Mtwara,,
MADIMBA PRIMARY SCHOOL,,Mtwara,Mtwara,,
MANGOPACHANNE PRIMARY SCHOOL,,Mtwara,Mtwara,,
MBUO PRIMARY SCHOOL,,Mtwara,Mtwara,,
MICHENJI PRIMARY SCHOOL,,Mtwara,Mtwara,,
MING'WENA PRIMARY SCHOOL,,Mtwara,Mtwara,,
MIUTA PRIMARY SCHOOL,,Mtwara,Mtwara,,
MKUNWA PRIMARY SCHOOL,,Mtwara,Mtwara,,
MNETE PRIMARY SCHOOL,,Mtwara,Mtwara,,
MNYIJA PRIMARY SCHOOL,,Mtwara,Mtwara,,
MPAPURA PRIMARY SCHOOL,,Mtwara,Mtwara,,
MSIMBATI PRIMARY SCHOOL,,Mtwara,Mtwara,,
MTENDACHI PRIMARY SCHOOL,,Mtwara,Mtwara,,
NALINGU PRIMARY SCHOOL,,Mtwara,Mtwara,,
NAMBELEKETELA PRIMARY SCHOOL,,Mtwara,Mtwara,,
NANGURUWE PRIMARY SCHOOL,,Mtwara,Mtwara,,
NAUMBU PRIMARY SCHOOL,,Mtwara,Mtwara,,
TANGAZO PRIMARY SCHOOL,,Mtwara,Mtwara,,
CHIKONGOLA PRIMARY SCHOOL,,Mtwara,Mtwara Mc,,
KING-DAVID PRIMARY SCHOOL,,Mtwara,Mtwara Mc,,
MANGAMBA PRIMARY SCHOOL,,Mtwara,Mtwara Mc,,
MEDI PRIMARY SCHOOL,,Mtwara,Mtwara Mc,,
MNAIDA PRIMARY SCHOOL,,Mtwara,Mtwara Mc,,
NAMAYANGA PRIMARY SCHOOL,,Mtwara,Mtwara Mc,,
SHANGANI PRIMARY SCHOOL,,Mtwara,Mtwara Mc,,
CHUNO PRIMARY SCHOOL,,Mtwara,Mtwara Mc,,
LILUNGU PRIMARY SCHOOL,,Mtwara,Mtwara Mc,,
MANGOWELA PRIMARY SCHOOL,,Mtwara,Mtwara Mc,,
MICHAEL ARCHANGEL PRIMARY SCHOOL,,Mtwara,Mtwara Mc,,
MITENGO PRIMARY SCHOOL,,Mtwara,Mtwara Mc,,
MKANGALA PRIMARY SCHOOL,,Mtwara,Mtwara Mc,,
LIGULA PRIMARY SCHOOL,,Mtwara,Mtwara Mc,,
LWELU PRIMARY SCHOOL,,Mtwara,Mtwara Mc,,
MBAE PRIMARY SCHOOL,,Mtwara,Mtwara Mc,,
MIKINDANI PRIMARY SCHOOL,,Mtwara,Mtwara Mc,,
MIVINJENI PRIMARY SCHOOL,,Mtwara,Mtwara Mc,,
MTWARA HERITAGE PRIMARY SCHOOL,,Mtwara,Mtwara Mc,,
NALIENDELE PRIMARY SCHOOL,,Mtwara,Mtwara Mc,,
SALEM PRIMARY SCHOOL,,Mtwara,Mtwara Mc,,
CHIHANGA PRIMARY SCHOOL,,Mtwara,Nanyamba Tc,,
KIHAMBA PRIMARY SCHOOL,,Mtwara,Nanyamba Tc,,
KIROMBA PRIMARY SCHOOL,,Mtwara,Nanyamba Tc,,
KITAYA PRIMARY SCHOOL,,Mtwara,Nanyamba Tc,,
MAYEMBE JUU PRIMARY SCHOOL,,Mtwara,Nanyamba Tc,,
MCHANJE PRIMARY SCHOOL,,Mtwara,Nanyamba Tc,,
MIKUMBI PRIMARY SCHOOL,,Mtwara,Nanyamba Tc,,
MIULE PRIMARY SCHOOL,,Mtwara,Nanyamba Tc,,
MKUMBWANANA PRIMARY SCHOOL,,Mtwara,Nanyamba Tc,,
MNIVATA PRIMARY SCHOOL,,Mtwara,Nanyamba Tc,,
MNYAWI PRIMARY SCHOOL,,Mtwara,Nanyamba Tc,,
MTINIKO PRIMARY SCHOOL,,Mtwara,Nanyamba Tc,,
MWANG'ANGA PRIMARY SCHOOL,,Mtwara,Nanyamba Tc,,
NAMISANGI PRIMARY SCHOOL,,Mtwara,Nanyamba Tc,,
NANG'AWANGA PRIMARY SCHOOL,,Mtwara,Nanyamba Tc,,
NANYAMBA PRIMARY SCHOOL,,Mtwara,Nanyamba Tc,,
NGONJA PRIMARY SCHOOL,,Mtwara,Nanyamba Tc,,
NJENGWA PRIMARY SCHOOL,,Mtwara,Nanyamba Tc,,
TULIA PRIMARY SCHOOL,,Mtwara,Nanyamba Tc,,
CHIKWAYA PRIMARY SCHOOL,,Mtwara,Nanyamba Tc,,
DINYECHA PRIMARY SCHOOL,,Mtwara,Nanyamba Tc,,
KITAMA BONDENI PRIMARY SCHOOL,,Mtwara,Nanyamba Tc,,
KIWENGULO PRIMARY SCHOOL,,Mtwara,Nanyamba Tc,,
MARANJE PRIMARY SCHOOL,,Mtwara,Nanyamba Tc,,
MBAMBAKOFI PRIMARY SCHOOL,,Mtwara,Nanyamba Tc,,
MIBOBO PRIMARY SCHOOL,,Mtwara,Nanyamba Tc,,
MILANGOMINNE PRIMARY SCHOOL,,Mtwara,Nanyamba Tc,,
MKAHARA PRIMARY SCHOOL,,Mtwara,Nanyamba Tc,,
MNONGODI PRIMARY SCHOOL,,Mtwara,Nanyamba Tc,,
MTOPWA PRIMARY SCHOOL,,Mtwara,Nanyamba Tc,,
NAMAMBI PRIMARY SCHOOL,,Mtwara,Nanyamba Tc,,
NAMKUKU PRIMARY SCHOOL,,Mtwara,Nanyamba Tc,,
NANJEDYA PRIMARY SCHOOL,,Mtwara,Nanyamba Tc,,
NARUNGA PRIMARY SCHOOL,,Mtwara,Nanyamba Tc,,
NITEKELA PRIMARY SCHOOL,,Mtwara,Nanyamba Tc,,
NYUNDO B PRIMARY SCHOOL,,Mtwara,Nanyamba Tc,,
CHAWI PRIMARY SCHOOL,,Mtwara,Nanyamba Tc,,
CHIWILO PRIMARY SCHOOL,,Mtwara,Nanyamba Tc,,
HINJU PRIMARY SCHOOL,,Mtwara,Nanyamba Tc,,
KIROMBA CHINI PRIMARY SCHOOL,,Mtwara,Nanyamba Tc,,
KITAYA 'B' PRIMARY SCHOOL,,Mtwara,Nanyamba Tc,,
KIYANGA PRIMARY SCHOOL,,Mtwara,Nanyamba Tc,,
MAYEMBE CHINI PRIMARY SCHOOL,,Mtwara,Nanyamba Tc,,
MBEMBALEO PRIMARY SCHOOL,,Mtwara,Nanyamba Tc,,
MKOMO PRIMARY SCHOOL,,Mtwara,Nanyamba Tc,,
MNIMA PRIMARY SCHOOL,,Mtwara,Nanyamba Tc,,
MNYAHI PRIMARY SCHOOL,,Mtwara,Nanyamba Tc,,
MTIMBWILIMBWI PRIMARY SCHOOL,,Mtwara,Nanyamba Tc,,
NAMDIMBA PRIMARY SCHOOL,,Mtwara,Nanyamba Tc,,
NAMTUMBUKA PRIMARY SCHOOL,,Mtwara,Nanyamba Tc,,
NANYAMBA B PRIMARY SCHOOL,,Mtwara,Nanyamba Tc,,
NAVIKOLE PRIMARY SCHOOL,,Mtwara,Nanyamba Tc,,
NIYUMBA PRIMARY SCHOOL,,Mtwara,Nanyamba Tc,,
NYUNDO II PRIMARY SCHOOL,,Mtwara,Nanyamba Tc,,
CHANGWALE PRIMARY SCHOOL,,Mtwara,Nanyumbu,,
CHIKOTWA PRIMARY SCHOOL,,Mtwara,Nanyumbu,,
CHINYANYILA PRIMARY SCHOOL,,Mtwara,Nanyumbu,,
CHITOWE PRIMARY SCHOOL,,Mtwara,Nanyumbu,,
HOLOLA PRIMARY SCHOOL,,Mtwara,Nanyumbu,,
LIPUPU PRIMARY SCHOOL,,Mtwara,Nanyumbu,,
LUKWIKA PRIMARY SCHOOL,,Mtwara,Nanyumbu,,
MANEME PRIMARY SCHOOL,,Mtwara,Nanyumbu,,
MARATANI PRIMARY SCHOOL,,Mtwara,Nanyumbu,,
MASYALELE PRIMARY SCHOOL,,Mtwara,Nanyumbu,,
MCHENJEUKA PRIMARY SCHOOL,,Mtwara,Nanyumbu,,
MIKANGAULA PRIMARY SCHOOL,,Mtwara,Nanyumbu,,
MKOROMWANA PRIMARY SCHOOL,,Mtwara,Nanyumbu,,
MNANJE PRIMARY SCHOOL,,Mtwara,Nanyumbu,,
MPOMBE PRIMARY SCHOOL,,Mtwara,Nanyumbu,,
MTALIKACHAU PRIMARY SCHOOL,,Mtwara,Nanyumbu,,
MTOKORA PRIMARY SCHOOL,,Mtwara,Nanyumbu,,
NACHIURA PRIMARY SCHOOL,,Mtwara,Nanyumbu,,
NAKATETE PRIMARY SCHOOL,,Mtwara,Nanyumbu,,
NAMAKA PRIMARY SCHOOL,,Mtwara,Nanyumbu,,
NAMASOGO PRIMARY SCHOOL,,Mtwara,Nanyumbu,,
NANJISA PRIMARY SCHOOL,,Mtwara,Nanyumbu,,
NAPALAVI PRIMARY SCHOOL,,Mtwara,Nanyumbu,,
NDECHELA PRIMARY SCHOOL,,Mtwara,Nanyumbu,,
NJISA PRIMARY SCHOOL,,Mtwara,Nanyumbu,,
CHIGWEJE PRIMARY SCHOOL,,Mtwara,Nanyumbu,,
CHIKUNJA II PRIMARY SCHOOL,,Mtwara,Nanyumbu,,
CHIPUPUTA 'B' PRIMARY SCHOOL,,Mtwara,Nanyumbu,,
CHIVIRIKITI PRIMARY SCHOOL,,Mtwara,Nanyumbu,,
JENERALI VENANCE MABEYO PRIMARY SCHOOL,,Mtwara,Nanyumbu,,
KILIMANIHEWA 'B' PRIMARY SCHOOL,,Mtwara,Nanyumbu,,
LIKOKONA PRIMARY SCHOOL,,Mtwara,Nanyumbu,,
LIUNGA PRIMARY SCHOOL,,Mtwara,Nanyumbu,,
LUMESULE PRIMARY SCHOOL,,Mtwara,Nanyumbu,,
MAKONG`ONDERA PRIMARY SCHOOL,,Mtwara,Nanyumbu,,
MANGAKA PRIMARY SCHOOL,,Mtwara,Nanyumbu,,
MBANGARA MBUYUNI PRIMARY SCHOOL,,Mtwara,Nanyumbu,,
MEHIRU PRIMARY SCHOOL,,Mtwara,Nanyumbu,,
MIKUVA PRIMARY SCHOOL,,Mtwara,Nanyumbu,,
MKAMBATA PRIMARY SCHOOL,,Mtwara,Nanyumbu,,
MKUMBARU PRIMARY SCHOOL,,Mtwara,Nanyumbu,,
MNEMEKA PRIMARY SCHOOL,,Mtwara,Nanyumbu,,
MPWAHIA PRIMARY SCHOOL,,Mtwara,Nanyumbu,,
MTAMBASWALA PRIMARY SCHOOL,,Mtwara,Nanyumbu,,
NAHAWARA PRIMARY SCHOOL,,Mtwara,Nanyumbu,,
NAKOLE PRIMARY SCHOOL,,Mtwara,Nanyumbu,,
NAMALOMBE PRIMARY SCHOOL,,Mtwara,Nanyumbu,,
NANDERU PRIMARY SCHOOL,,Mtwara,Nanyumbu,,
NANGARAMO PRIMARY SCHOOL,,Mtwara,Nanyumbu,,
NANYUMBU I PRIMARY SCHOOL,,Mtwara,Nanyumbu,,
NAURU PRIMARY SCHOOL,,Mtwara,Nanyumbu,,
NDWIKA II PRIMARY SCHOOL,,Mtwara,Nanyumbu,,
RUKUMBI PRIMARY SCHOOL,,Mtwara,Nanyumbu,,
ULANGA PRIMARY SCHOOL,,Mtwara,Nanyumbu,,
CHIHUVE PRIMARY SCHOOL,,Mtwara,Nanyumbu,,
CHIMIKA PRIMARY SCHOOL,,Mtwara,Nanyumbu,,
CHIPUPUTA PRIMARY SCHOOL,,Mtwara,Nanyumbu,,
CHUNGU PRIMARY SCHOOL,,Mtwara,Nanyumbu,,
KAMUNDI PRIMARY SCHOOL,,Mtwara,Nanyumbu,,
LIKOKONA 'B' PRIMARY SCHOOL,,Mtwara,Nanyumbu,,
LUKULA PRIMARY SCHOOL,,Mtwara,Nanyumbu,,
MBURUSA PRIMARY SCHOOL,,Mtwara,Nanyumbu,,
MICHIGA PRIMARY SCHOOL,,Mtwara,Nanyumbu,,
MITIMINGI PRIMARY SCHOOL,,Mtwara,Nanyumbu,,
MNONIA PRIMARY SCHOOL,,Mtwara,Nanyumbu,,
MSINYASI PRIMARY SCHOOL,,Mtwara,Nanyumbu,,
NAKOPI PRIMARY SCHOOL,,Mtwara,Nanyumbu,,
NAMAROMBA PRIMARY SCHOOL,,Mtwara,Nanyumbu,,
NAMIJATI PRIMARY SCHOOL,,Mtwara,Nanyumbu,,
NANDETE 'B' PRIMARY SCHOOL,,Mtwara,Nanyumbu,,
NANGOMBA PRIMARY SCHOOL,,Mtwara,Nanyumbu,,
NANYUMBU II PRIMARY SCHOOL,,Mtwara,Nanyumbu,,
NAWAJE PRIMARY SCHOOL,,Mtwara,Nanyumbu,,
NGUPE PRIMARY SCHOOL,,Mtwara,Nanyumbu,,
SENGENYA PRIMARY SCHOOL,,Mtwara,Nanyumbu,,
WANIKA PRIMARY SCHOOL,,Mtwara,Nanyumbu,,
CHIKOI PRIMARY SCHOOL,,Mtwara,Newala,,
CHILANGALA PRIMARY SCHOOL,,Mtwara,Newala,,
CHITENDA PRIMARY SCHOOL,,Mtwara,Newala,,
CHIWONGA PRIMARY SCHOOL,,Mtwara,Newala,,
KADENGWA PRIMARY SCHOOL,,Mtwara,Newala,,
LENGO PRIMARY SCHOOL,,Mtwara,Newala,,
MAHOHA PRIMARY SCHOOL,,Mtwara,Newala,,
MAKUKWE1 PRIMARY SCHOOL,,Mtwara,Newala,,
MBEMBELE PRIMARY SCHOOL,,Mtwara,Newala,,
MDIMBA PRIMARY SCHOOL,,Mtwara,Newala,,
MIYUYU PRIMARY SCHOOL,,Mtwara,Newala,,
MKOMA2 PRIMARY SCHOOL,,Mtwara,Newala,,
MMULUNGA PRIMARY SCHOOL,,Mtwara,Newala,,
MNAYOPE PRIMARY SCHOOL,,Mtwara,Newala,,
MNYAMBACHI PRIMARY SCHOOL,,Mtwara,Newala,,
MNYEU PRIMARY SCHOOL,,Mtwara,Newala,,
MTONGWELE PRIMARY SCHOOL,,Mtwara,Newala,,
MTUNGURU PRIMARY SCHOOL,,Mtwara,Newala,,
NAMANGUDU PRIMARY SCHOOL,,Mtwara,Newala,,
NANDWAHI PRIMARY SCHOOL,,Mtwara,Newala,,
SIJAONA PRIMARY SCHOOL,,Mtwara,Newala,,
VIHOKOLI PRIMARY SCHOOL,,Mtwara,Newala,,
CHIHANGU PRIMARY SCHOOL,,Mtwara,Newala,,
CHIKUNDA LUBIDO PRIMARY SCHOOL,,Mtwara,Newala,,
CHILENDE PRIMARY SCHOOL,,Mtwara,Newala,,
CHIULE PRIMARY SCHOOL,,Mtwara,Newala,,
GREEN HILLS KITANGALI PRIMARY SCHOOL,,Mtwara,Newala,,
KITANGARI 'B' PRIMARY SCHOOL,,Mtwara,Newala,,
LIHANGA PRIMARY SCHOOL,,Mtwara,Newala,,
MAJEMBE JUU PRIMARY SCHOOL,,Mtwara,Newala,,
MAKUKWE2 PRIMARY SCHOOL,,Mtwara,Newala,,
MBEYA PRIMARY SCHOOL,,Mtwara,Newala,,
MCHEDEBWA PRIMARY SCHOOL,,Mtwara,Newala,,
MITAHU PRIMARY SCHOOL,,Mtwara,Newala,,
MKALENDA PRIMARY SCHOOL,,Mtwara,Newala,,
MKONGI PRIMARY SCHOOL,,Mtwara,Newala,,
MNALI PRIMARY SCHOOL,,Mtwara,Newala,,
MNING'ALIYE PRIMARY SCHOOL,,Mtwara,Newala,,
MNYAMBE PRIMARY SCHOOL,,Mtwara,Newala,,
MPALU PRIMARY SCHOOL,,Mtwara,Newala,,
NAMBALI PRIMARY SCHOOL,,Mtwara,Newala,,
NAMIHONGA PRIMARY SCHOOL,,Mtwara,Newala,,
NANKONG'O PRIMARY SCHOOL,,Mtwara,Newala,,
TENGULENGU PRIMARY SCHOOL,,Mtwara,Newala,,
CHIKALULE PRIMARY SCHOOL,,Mtwara,Newala,,
CHIKUTI PRIMARY SCHOOL,,Mtwara,Newala,,
CHITEKETE PRIMARY SCHOOL,,Mtwara,Newala,,
HENGAPANO PRIMARY SCHOOL,,Mtwara,Newala,,
KITANGARI MAZOEZI PRIMARY SCHOOL,,Mtwara,Newala,,
MALATU PRIMARY SCHOOL,,Mtwara,Newala,,
MCHEMO PRIMARY SCHOOL,,Mtwara,Newala,,
MKOMA SOKONI PRIMARY SCHOOL,,Mtwara,Newala,,
MKWEDU TANKINI PRIMARY SCHOOL,,Mtwara,Newala,,
MNAUYA PRIMARY SCHOOL,,Mtwara,Newala,,
MNYENGACHI PRIMARY SCHOOL,,Mtwara,Newala,,
MPOTOLA PRIMARY SCHOOL,,Mtwara,Newala,,
MTUNGURU B PRIMARY SCHOOL,,Mtwara,Newala,,
NAKAHAKO PRIMARY SCHOOL,,Mtwara,Newala,,
NAMBUDI PRIMARY SCHOOL,,Mtwara,Newala,,
NANDA PRIMARY SCHOOL,,Mtwara,Newala,,
NGONGO PRIMARY SCHOOL,,Mtwara,Newala,,
JULIA PRIMARY SCHOOL,,Mtwara,Newala Tc,,
KIUTA PRIMARY SCHOOL,,Mtwara,Newala Tc,,
LUCHINGU PRIMARY SCHOOL,,Mtwara,Newala Tc,,
MAKOTE PRIMARY SCHOOL,,Mtwara,Newala Tc,,
MCHOLI GODAUNI PRIMARY SCHOOL,,Mtwara,Newala Tc,,
MKOMA I PRIMARY SCHOOL,,Mtwara,Newala Tc,,
MNALALE PRIMARY SCHOOL,,Mtwara,Newala Tc,,
MTANGALANGA PRIMARY SCHOOL,,Mtwara,Newala Tc,,
NAMBUNGA PRIMARY SCHOOL,,Mtwara,Newala Tc,,
NANYONDA PRIMARY SCHOOL,,Mtwara,Newala Tc,,
ST. MARY'S NEWALA PRIMARY SCHOOL,,Mtwara,Newala Tc,,
CHIPITU PRIMARY SCHOOL,,Mtwara,Newala Tc,,
LIDUMBE PRIMARY SCHOOL,,Mtwara,Newala Tc,,
MAGOMBO PRIMARY SCHOOL,,Mtwara,Newala Tc,,
MAKONDEKO PRIMARY SCHOOL,,Mtwara,Newala Tc,,
MANDUMBA PRIMARY SCHOOL,,Mtwara,Newala Tc,,
MCHOLI II PRIMARY SCHOOL,,Mtwara,Newala Tc,,
MKUNYA PRIMARY SCHOOL,,Mtwara,Newala Tc,,
NAMIYONGA 'A' PRIMARY SCHOOL,,Mtwara,Newala Tc,,
NANGWALA PRIMARY SCHOOL,,Mtwara,Newala Tc,,
NEWALA PRIMARY SCHOOL,,Mtwara,Newala Tc,,
TAWALA PRIMARY SCHOOL,,Mtwara,Newala Tc,,
CHIHWINDI PRIMARY SCHOOL,,Mtwara,Newala Tc,,
CHITANDI PRIMARY SCHOOL,,Mtwara,Newala Tc,,
KIDUNI PRIMARY SCHOOL,,Mtwara,Newala Tc,,
KIPIMI PRIMARY SCHOOL,,Mtwara,Newala Tc,,
LIKUNA PRIMARY SCHOOL,,Mtwara,Newala Tc,,
MNAIDA I PRIMARY SCHOOL,,Mtwara,Newala Tc,,
NACHITULO PRIMARY SCHOOL,,Mtwara,Newala Tc,,
NAMIYONGA 'B' PRIMARY SCHOOL,,Mtwara,Newala Tc,,
NANGWANDA PRIMARY SCHOOL,,Mtwara,Newala Tc,,
TWENDE PAMOJA PRIMARY SCHOOL,,Mtwara,Newala Tc,,
CHIDEDE PRIMARY SCHOOL,,Mtwara,Tandahimba,,
CHIKUNDA PRIMARY SCHOOL,,Mtwara,Tandahimba,,
CHITOHOLI 'A' PRIMARY SCHOOL,,Mtwara,Tandahimba,,
DINDUMA 'B' PRIMARY SCHOOL,,Mtwara,Tandahimba,,
KILIDU-MKOREHA PRIMARY SCHOOL,,Mtwara,Tandahimba,,
KUNANDUNDU PRIMARY SCHOOL,,Mtwara,Tandahimba,,
LIPONDE PRIMARY SCHOOL,,Mtwara,Tandahimba,,
LUAGALA 'A' PRIMARY SCHOOL,,Mtwara,Tandahimba,,
LUHEYA PRIMARY SCHOOL,,Mtwara,Tandahimba,,
MACHEDI PRIMARY SCHOOL,,Mtwara,Tandahimba,,
MAMBAMBA PRIMARY SCHOOL,,Mtwara,Tandahimba,,
MAUNDO JUU PRIMARY SCHOOL,,Mtwara,Tandahimba,,
MCHICHIRA 'A' PRIMARY SCHOOL,,Mtwara,Tandahimba,,
MIHAMBWE PRIMARY SCHOOL,,Mtwara,Tandahimba,,
MILIDU PRIMARY SCHOOL,,Mtwara,Tandahimba,,
MITONDI PRIMARY SCHOOL,,Mtwara,Tandahimba,,
MKAHA PRIMARY SCHOOL,,Mtwara,Tandahimba,,
MKONJOWANO PRIMARY SCHOOL,,Mtwara,Tandahimba,,
MKUPETE PRIMARY SCHOOL,,Mtwara,Tandahimba,,
MKWITI JUU PRIMARY SCHOOL,,Mtwara,Tandahimba,,
MMEDA PRIMARY SCHOOL,,Mtwara,Tandahimba,,
MNDUMBWE PRIMARY SCHOOL,,Mtwara,Tandahimba,,
MNYOMA PRIMARY SCHOOL,,Mtwara,Tandahimba,,
MWANGAZA SOKONI PRIMARY SCHOOL,,Mtwara,Tandahimba,,
NAMBAHU PRIMARY SCHOOL,,Mtwara,Tandahimba,,
NAMEDI PRIMARY SCHOOL,,Mtwara,Tandahimba,,
NAMINDONDI PRIMARY SCHOOL,,Mtwara,Tandahimba,,
NANDONDE PRIMARY SCHOOL,,Mtwara,Tandahimba,,
NANJANGA PRIMARY SCHOOL,,Mtwara,Tandahimba,,
NAPUTA PRIMARY SCHOOL,,Mtwara,Tandahimba,,
TANDAHIMBA PRIMARY SCHOOL,,Mtwara,Tandahimba,,
CHIKONGO PRIMARY SCHOOL,,Mtwara,Tandahimba,,
CHILINDA PRIMARY SCHOOL,,Mtwara,Tandahimba,,
CHITOHOLI PRIMARY SCHOOL,,Mtwara,Tandahimba,,
DINEMBO PRIMARY SCHOOL,,Mtwara,Tandahimba,,
KITAMA-I PRIMARY SCHOOL,,Mtwara,Tandahimba,,
LIPALWE CHINI PRIMARY SCHOOL,,Mtwara,Tandahimba,,
LITEHU PRIMARY SCHOOL,,Mtwara,Tandahimba,,
LUAGALA 'B' PRIMARY SCHOOL,,Mtwara,Tandahimba,,
LUKOKODA PRIMARY SCHOOL,,Mtwara,Tandahimba,,
MAHUTA BONDENI PRIMARY SCHOOL,,Mtwara,Tandahimba,,
MANGOMBYA PRIMARY SCHOOL,,Mtwara,Tandahimba,,
MFYATULA PRIMARY SCHOOL,,Mtwara,Tandahimba,,
MIKUNDA PRIMARY SCHOOL,,Mtwara,Tandahimba,,
MILONGODI PRIMARY SCHOOL,,Mtwara,Tandahimba,,
MITENE PRIMARY SCHOOL,,Mtwara,Tandahimba,,
MIVANGA PRIMARY SCHOOL,,Mtwara,Tandahimba,,
MKOLA JUU PRIMARY SCHOOL,,Mtwara,Tandahimba,,
MKWITI PRIMARY SCHOOL,,Mtwara,Tandahimba,,
MPUNDA PRIMARY SCHOOL,,Mtwara,Tandahimba,,
MTENDA PRIMARY SCHOOL,,Mtwara,Tandahimba,,
MUNDAMKULU PRIMARY SCHOOL,,Mtwara,Tandahimba,,
NAKAYAKA PRIMARY SCHOOL,,Mtwara,Tandahimba,,
NAMDOWOLA PRIMARY SCHOOL,,Mtwara,Tandahimba,,
NAMIKUPA I PRIMARY SCHOOL,,Mtwara,Tandahimba,,
NAMKOMOLELA PRIMARY SCHOOL,,Mtwara,Tandahimba,,
NANHYANGA 'A' PRIMARY SCHOOL,,Mtwara,Tandahimba,,
NANNALA PRIMARY SCHOOL,,Mtwara,Tandahimba,,
CHAUME PRIMARY SCHOOL,,Mtwara,Tandahimba,,
CHINGUNGWE PRIMARY SCHOOL,,Mtwara,Tandahimba,,
CHIUMO PRIMARY SCHOOL,,Mtwara,Tandahimba,,
DINYEKE PRIMARY SCHOOL,,Mtwara,Tandahimba,,
KUCHELE PRIMARY SCHOOL,,Mtwara,Tandahimba,,
LIENJE PRIMARY SCHOOL,,Mtwara,Tandahimba,,
LIPALWE PRIMARY SCHOOL,,Mtwara,Tandahimba,,
LITEMLA PRIMARY SCHOOL,,Mtwara,Tandahimba,,
LUBANGALA PRIMARY SCHOOL,,Mtwara,Tandahimba,,
MABETI PRIMARY SCHOOL,,Mtwara,Tandahimba,,
MAHEHA PRIMARY SCHOOL,,Mtwara,Tandahimba,,
MAHUTA MJINI PRIMARY SCHOOL,,Mtwara,Tandahimba,,
MAMBAMBA B PRIMARY SCHOOL,,Mtwara,Tandahimba,,
MICHENJELE PRIMARY SCHOOL,,Mtwara,Tandahimba,,
MITONDI 'A' PRIMARY SCHOOL,,Mtwara,Tandahimba,,
MKOLA TANKINI PRIMARY SCHOOL,,Mtwara,Tandahimba,,
MKULUNG'ULU PRIMARY SCHOOL,,Mtwara,Tandahimba,,
MKWEDU LUAGALA PRIMARY SCHOOL,,Mtwara,Tandahimba,,
MMALALA PRIMARY SCHOOL,,Mtwara,Tandahimba,,
MNYAWA PRIMARY SCHOOL,,Mtwara,Tandahimba,,
MTANDAVALA PRIMARY SCHOOL,,Mtwara,Tandahimba,,
MTING'INDA PRIMARY SCHOOL,,Mtwara,Tandahimba,,
MWERU PRIMARY SCHOOL,,Mtwara,Tandahimba,,
NAMAHONGA PRIMARY SCHOOL,,Mtwara,Tandahimba,,
NAMDWANI PRIMARY SCHOOL,,Mtwara,Tandahimba,,
NAMIKUPA II PRIMARY SCHOOL,,Mtwara,Tandahimba,,
NANHYANGA 'B' PRIMARY SCHOOL,,Mtwara,Tandahimba,,
NANYUWILA PRIMARY SCHOOL,,Mtwara,Tandahimba,,
NG'ONGOLO PRIMARY SCHOOL,,Mtwara,Tandahimba,,
ULODALEO PRIMARY SCHOOL,,Mtwara,Tandahimba,,
BIHARU PRIMARY SCHOOL,,Kigoma,Buhigwe,,
BULAMBILA PRIMARY SCHOOL,,Kigoma,Buhigwe,,
GWIMBOGO PRIMARY SCHOOL,,Kigoma,Buhigwe,,
KAJANA PRIMARY SCHOOL,,Kigoma,Buhigwe,,
KASUMO PRIMARY SCHOOL,,Kigoma,Buhigwe,,
KAVUMU PRIMARY SCHOOL,,Kigoma,Buhigwe,,
KIBILA PRIMARY SCHOOL,,Kigoma,Buhigwe,,
KIGARAGA PRIMARY SCHOOL,,Kigoma,Buhigwe,,
KIHANGALE PRIMARY SCHOOL,,Kigoma,Buhigwe,,
KINAZI PRIMARY SCHOOL,,Kigoma,Buhigwe,,
KISHIHA PRIMARY SCHOOL,,Kigoma,Buhigwe,,
LEMBA PRIMARY SCHOOL,,Kigoma,Buhigwe,,
MILENDA PRIMARY SCHOOL,,Kigoma,Buhigwe,,
MUBANGA PRIMARY SCHOOL,,Kigoma,Buhigwe,,
MULERA PRIMARY SCHOOL,,Kigoma,Buhigwe,,
MUNYIKA PRIMARY SCHOOL,,Kigoma,Buhigwe,,
MURUNYENYI PRIMARY SCHOOL,,Kigoma,Buhigwe,,
MUYAMA PRIMARY SCHOOL,,Kigoma,Buhigwe,,
MWIBAMBA PRIMARY SCHOOL,,Kigoma,Buhigwe,,
NYAKIMUE PRIMARY SCHOOL,,Kigoma,Buhigwe,,
NYAMIHANGA PRIMARY SCHOOL,,Kigoma,Buhigwe,,
NYAMINKUNGA PRIMARY SCHOOL,,Kigoma,Buhigwe,,
NYAMWASHI PRIMARY SCHOOL,,Kigoma,Buhigwe,,
NYANKORONKO PRIMARY SCHOOL,,Kigoma,Buhigwe,,
NYARUBOZA PRIMARY SCHOOL,,Kigoma,Buhigwe,,
RUSABA- 'A' PRIMARY SCHOOL,,Kigoma,Buhigwe,,
SABUHENE PRIMARY SCHOOL,,Kigoma,Buhigwe,,
BIGARA PRIMARY SCHOOL,,Kigoma,Buhigwe,,
BUHIGWE PRIMARY SCHOOL,,Kigoma,Buhigwe,,
BULIMANYI PRIMARY SCHOOL,,Kigoma,Buhigwe,,
BWERANKA PRIMARY SCHOOL,,Kigoma,Buhigwe,,
KABUYE PRIMARY SCHOOL,,Kigoma,Buhigwe,,
KALEGE PRIMARY SCHOOL,,Kigoma,Buhigwe,,
KAZAMWENDO PRIMARY SCHOOL,,Kigoma,Buhigwe,,
KIBUYE PRIMARY SCHOOL,,Kigoma,Buhigwe,,
KIGEGE PRIMARY SCHOOL,,Kigoma,Buhigwe,,
KILELEMA PRIMARY SCHOOL,,Kigoma,Buhigwe,,
KIRUNGU PRIMARY SCHOOL,,Kigoma,Buhigwe,,
KISOVU PRIMARY SCHOOL,,Kigoma,Buhigwe,,
KIYANGE PRIMARY SCHOOL,,Kigoma,Buhigwe,,
LULENGERA PRIMARY SCHOOL,,Kigoma,Buhigwe,,
MGOGO PRIMARY SCHOOL,,Kigoma,Buhigwe,,
MKATANGA PRIMARY SCHOOL,,Kigoma,Buhigwe,,
MUNANILA PRIMARY SCHOOL,,Kigoma,Buhigwe,,
MUNZEZE PRIMARY SCHOOL,,Kigoma,Buhigwe,,
MUSAGARA PRIMARY SCHOOL,,Kigoma,Buhigwe,,
NYABIGETE PRIMARY SCHOOL,,Kigoma,Buhigwe,,
NYAMASOVU PRIMARY SCHOOL,,Kigoma,Buhigwe,,
NYAMIHINI PRIMARY SCHOOL,,Kigoma,Buhigwe,,
NYAMTI PRIMARY SCHOOL,,Kigoma,Buhigwe,,
NYANZIGO PRIMARY SCHOOL,,Kigoma,Buhigwe,,
NYARUGANO PRIMARY SCHOOL,,Kigoma,Buhigwe,,
RUSABA- 'B' PRIMARY SCHOOL,,Kigoma,Buhigwe,,
BIGINA PRIMARY SCHOOL,,Kigoma,Buhigwe,,
BUKUBA PRIMARY SCHOOL,,Kigoma,Buhigwe,,
BWAFUMBA PRIMARY SCHOOL,,Kigoma,Buhigwe,,
CHAGWE PRIMARY SCHOOL,,Kigoma,Buhigwe,,
KAFENE PRIMARY SCHOOL,,Kigoma,Buhigwe,,
KAVOMO PRIMARY SCHOOL,,Kigoma,Buhigwe,,
KIBANDE PRIMARY SCHOOL,,Kigoma,Buhigwe,,
KIBWIGWA PRIMARY SCHOOL,,Kigoma,Buhigwe,,
KIGOGWE PRIMARY SCHOOL,,Kigoma,Buhigwe,,
KISHANGA PRIMARY SCHOOL,,Kigoma,Buhigwe,,
KITAMBUKA PRIMARY SCHOOL,,Kigoma,Buhigwe,,
KUMSENGA PRIMARY SCHOOL,,Kigoma,Buhigwe,,
MANYOVU PRIMARY SCHOOL,,Kigoma,Buhigwe,,
MLANGILIZI PRIMARY SCHOOL,,Kigoma,Buhigwe,,
MUHINDA PRIMARY SCHOOL,,Kigoma,Buhigwe,,
MUNYEGERA PRIMARY SCHOOL,,Kigoma,Buhigwe,,
MUVUMU PRIMARY SCHOOL,,Kigoma,Buhigwe,,
MWAYAYA PRIMARY SCHOOL,,Kigoma,Buhigwe,,
NYAGUMA PRIMARY SCHOOL,,Kigoma,Buhigwe,,
NYAMIGUHA PRIMARY SCHOOL,,Kigoma,Buhigwe,,
NYAMILAMBO PRIMARY SCHOOL,,Kigoma,Buhigwe,,
NYAMUGALI PRIMARY SCHOOL,,Kigoma,Buhigwe,,
NYANGAMBA PRIMARY SCHOOL,,Kigoma,Buhigwe,,
NYARUBINGO PRIMARY SCHOOL,,Kigoma,Buhigwe,,
RWICHE PRIMARY SCHOOL,,Kigoma,Buhigwe,,
TWING MEMORIAL PRIMARY SCHOOL,,Kigoma,Buhigwe,,
CHERABULO PRIMARY SCHOOL,,Kigoma,Kakonko,,
GWANUMPU PRIMARY SCHOOL,,Kigoma,Kakonko,,
KABARE PRIMARY SCHOOL,,Kigoma,Kakonko,,
KAKONKO PRIMARY SCHOOL,,Kigoma,Kakonko,,
KANYONZA PRIMARY SCHOOL,,Kigoma,Kakonko,,
KASUGA PRIMARY SCHOOL,,Kigoma,Kakonko,,
KAVUNGWE PRIMARY SCHOOL,,Kigoma,Kakonko,,
KICHACHA PRIMARY SCHOOL,,Kigoma,Kakonko,,
KINIHA PRIMARY SCHOOL,,Kigoma,Kakonko,,
KIVURUGA PRIMARY SCHOOL,,Kigoma,Kakonko,,
KUMUHUNGA PRIMARY SCHOOL,,Kigoma,Kakonko,,
MALENGA PRIMARY SCHOOL,,Kigoma,Kakonko,,
NARUBURA PRIMARY SCHOOL,,Kigoma,Kakonko,,
NYABIBUYE PRIMARY SCHOOL,,Kigoma,Kakonko,,
NYAKIYOBE PRIMARY SCHOOL,,Kigoma,Kakonko,,
NYAMWIRONGE PRIMARY SCHOOL,,Kigoma,Kakonko,,
NYANZUKI PRIMARY SCHOOL,,Kigoma,Kakonko,,
RUMASHI PRIMARY SCHOOL,,Kigoma,Kakonko,,
SHUHUDIA PRIMARY SCHOOL,,Kigoma,Kakonko,,
BUKIRILO PRIMARY SCHOOL,,Kigoma,Kakonko,,
CHILAMBO PRIMARY SCHOOL,,Kigoma,Kakonko,,
GWARAMA PRIMARY SCHOOL,,Kigoma,Kakonko,,
ITUMBIKO PRIMARY SCHOOL,,Kigoma,Kakonko,,
KALINZI PRIMARY SCHOOL,,Kigoma,Kakonko,,
KASANDA PRIMARY SCHOOL,,Kigoma,Kakonko,,
KATAHOKWA PRIMARY SCHOOL,,Kigoma,Kakonko,,
KAZILAMIHUNDA PRIMARY SCHOOL,,Kigoma,Kakonko,,
KIDUDUYE PRIMARY SCHOOL,,Kigoma,Kakonko,,
KIHOGAZI PRIMARY SCHOOL,,Kigoma,Kakonko,,
KINONKO PRIMARY SCHOOL,,Kigoma,Kakonko,,
KIYOBERA PRIMARY SCHOOL,,Kigoma,Kakonko,,
LUHURU PRIMARY SCHOOL,,Kigoma,Kakonko,,
MUGUNZU PRIMARY SCHOOL,,Kigoma,Kakonko,,
NGOMERO PRIMARY SCHOOL,,Kigoma,Kakonko,,
NYAKAVYIRU PRIMARY SCHOOL,,Kigoma,Kakonko,,
NYANENGE PRIMARY SCHOOL,,Kigoma,Kakonko,,
NYESATO PRIMARY SCHOOL,,Kigoma,Kakonko,,
CHURAZO PRIMARY SCHOOL,,Kigoma,Kakonko,,
ILABIRO PRIMARY SCHOOL,,Kigoma,Kakonko,,
KAGONDO PRIMARY SCHOOL,,Kigoma,Kakonko,,
KANYAMANZA PRIMARY SCHOOL,,Kigoma,Kakonko,,
KASONGATI PRIMARY SCHOOL,,Kigoma,Kakonko,,
KIHOMOKA PRIMARY SCHOOL,,Kigoma,Kakonko,,
KUMKOBE PRIMARY SCHOOL,,Kigoma,Kakonko,,
MUHANGE PRIMARY SCHOOL,,Kigoma,Kakonko,,
NYAKAYENZI PRIMARY SCHOOL,,Kigoma,Kakonko,,
NYAMTUKUZA PRIMARY SCHOOL,,Kigoma,Kakonko,,
NYANZIGE PRIMARY SCHOOL,,Kigoma,Kakonko,,
RUGENGE PRIMARY SCHOOL,,Kigoma,Kakonko,,
RUTENGA PRIMARY SCHOOL,,Kigoma,Kakonko,,
ASANTE NYERERE PRIMARY SCHOOL,,Kigoma,Kasulu,,
BUGAGA PRIMARY SCHOOL,,Kigoma,Kasulu,,
CHEKENYA PRIMARY SCHOOL,,Kigoma,Kasulu,,
KABULANZWILI PRIMARY SCHOOL,,Kigoma,Kasulu,,
KAKUNGWE PRIMARY SCHOOL,,Kigoma,Kasulu,,
KASANGEZI PRIMARY SCHOOL,,Kigoma,Kasulu,,
KAZAGE PRIMARY SCHOOL,,Kigoma,Kasulu,,
KIGEMBE PRIMARY SCHOOL,,Kigoma,Kasulu,,
KIYUNGWE PRIMARY SCHOOL,,Kigoma,Kasulu,,
KUMTUNDU PRIMARY SCHOOL,,Kigoma,Kasulu,,
KWAGA PRIMARY SCHOOL,,Kigoma,Kasulu,,
MAKERE PRIMARY SCHOOL,,Kigoma,Kasulu,,
MUGOMBE PRIMARY SCHOOL,,Kigoma,Kasulu,,
MUTALA PRIMARY SCHOOL,,Kigoma,Kasulu,,
MVINZA PRIMARY SCHOOL,,Kigoma,Kasulu,,
MWITIRI PRIMARY SCHOOL,,Kigoma,Kasulu,,
NYABWERU PRIMARY SCHOOL,,Kigoma,Kasulu,,
NYAKATOKE PRIMARY SCHOOL,,Kigoma,Kasulu,,
NYAKITONTO PRIMARY SCHOOL,,Kigoma,Kasulu,,
NYANKALA PRIMARY SCHOOL,,Kigoma,Kasulu,,
NYANZAZA PRIMARY SCHOOL,,Kigoma,Kasulu,,
NYENGE PRIMARY SCHOOL,,Kigoma,Kasulu,,
RUNGWE MPYA PRIMARY SCHOOL,,Kigoma,Kasulu,,
SHUNGA PRIMARY SCHOOL,,Kigoma,Kasulu,,
BOMBWE PRIMARY SCHOOL,,Kigoma,Kasulu,,
BUHORO PRIMARY SCHOOL,,Kigoma,Kasulu,,
HERU USHINGO PRIMARY SCHOOL,,Kigoma,Kasulu,,
KACHELI PRIMARY SCHOOL,,Kigoma,Kasulu,,
KAGURUKA PRIMARY SCHOOL,,Kigoma,Kasulu,,
KALELA PRIMARY SCHOOL,,Kigoma,Kasulu,,
KASASA PRIMARY SCHOOL,,Kigoma,Kasulu,,
KIBILIZI PRIMARY SCHOOL,,Kigoma,Kasulu,,
KITEMA PRIMARY SCHOOL,,Kigoma,Kasulu,,
KUMKAMBATI PRIMARY SCHOOL,,Kigoma,Kasulu,,
KUNDE PRIMARY SCHOOL,,Kigoma,Kasulu,,
KWILIBA PRIMARY SCHOOL,,Kigoma,Kasulu,,
MAKINGI PRIMARY SCHOOL,,Kigoma,Kasulu,,
MVUGWE PRIMARY SCHOOL,,Kigoma,Kasulu,,
NYACHENDA PRIMARY SCHOOL,,Kigoma,Kasulu,,
NYAKAYAGA PRIMARY SCHOOL,,Kigoma,Kasulu,,
NYAMGONGO PRIMARY SCHOOL,,Kigoma,Kasulu,,
NYAMNYUSI PRIMARY SCHOOL,,Kigoma,Kasulu,,
NYANKOLE PRIMARY SCHOOL,,Kigoma,Kasulu,,
NYARUGUSU PRIMARY SCHOOL,,Kigoma,Kasulu,,
NYUMBWE PRIMARY SCHOOL,,Kigoma,Kasulu,,
RUSESA PRIMARY SCHOOL,,Kigoma,Kasulu,,
SHUNGULIBA PRIMARY SCHOOL,,Kigoma,Kasulu,,
TITYE PRIMARY SCHOOL,,Kigoma,Kasulu,,
BUCHUMA PRIMARY SCHOOL,,Kigoma,Kasulu,,
BULUHUKILO PRIMARY SCHOOL,,Kigoma,Kasulu,,
IMANGA PRIMARY SCHOOL,,Kigoma,Kasulu,,
KAGEGE PRIMARY SCHOOL,,Kigoma,Kasulu,,
KAKIRUNGU PRIMARY SCHOOL,,Kigoma,Kasulu,,
KAMEMBE PRIMARY SCHOOL,,Kigoma,Kasulu,,
KATOTO PRIMARY SCHOOL,,Kigoma,Kasulu,,
KIGADYE PRIMARY SCHOOL,,Kigoma,Kasulu,,
KITAGATA PRIMARY SCHOOL,,Kigoma,Kasulu,,
KITIBITIBI PRIMARY SCHOOL,,Kigoma,Kasulu,,
KUMLAMA PRIMARY SCHOOL,,Kigoma,Kasulu,,
LALAMBE PRIMARY SCHOOL,,Kigoma,Kasulu,,
MURUBANGA PRIMARY SCHOOL,,Kigoma,Kasulu,,
MUZYE PRIMARY SCHOOL,,Kigoma,Kasulu,,
MWALI PRIMARY SCHOOL,,Kigoma,Kasulu,,
NKUNDUTSI PRIMARY SCHOOL,,Kigoma,Kasulu,,
NYAKASANDA PRIMARY SCHOOL,,Kigoma,Kasulu,,
NYAKELELA PRIMARY SCHOOL,,Kigoma,Kasulu,,
NYAMIDAHO PRIMARY SCHOOL,,Kigoma,Kasulu,,
NYAMUGANZA PRIMARY SCHOOL,,Kigoma,Kasulu,,
NYANYUKA PRIMARY SCHOOL,,Kigoma,Kasulu,,
NYARUHANDE PRIMARY SCHOOL,,Kigoma,Kasulu,,
RUGUFU RELINI PRIMARY SCHOOL,,Kigoma,Kasulu,,
SABAGA PRIMARY SCHOOL,,Kigoma,Kasulu,,
SOGEENI PRIMARY SCHOOL,,Kigoma,Kasulu,,
ZEZE PRIMARY SCHOOL,,Kigoma,Kasulu,,
BAJANA PRIMARY SCHOOL,,Kigoma,Kasulu Tc,,
BWAMI PRIMARY SCHOOL,,Kigoma,Kasulu Tc,,
JUNGA PRIMARY SCHOOL,,Kigoma,Kasulu Tc,,
KARUNGA PRIMARY SCHOOL,,Kigoma,Kasulu Tc,,
KATWALO PRIMARY SCHOOL,,Kigoma,Kasulu Tc,,
KIGANAMO PRIMARY SCHOOL,,Kigoma,Kasulu Tc,,
KUMKATA PRIMARY SCHOOL,,Kigoma,Kasulu Tc,,
MSAMBARA PRIMARY SCHOOL,,Kigoma,Kasulu Tc,,
MUDYANDA PRIMARY SCHOOL,,Kigoma,Kasulu Tc,,
MUHUNGA PRIMARY SCHOOL,,Kigoma,Kasulu Tc,,
MURUFITI PRIMARY SCHOOL,,Kigoma,Kasulu Tc,,
MWANGA B PRIMARY SCHOOL,,Kigoma,Kasulu Tc,,
MWIBUYE PRIMARY SCHOOL,,Kigoma,Kasulu Tc,,
NDALICHAKO PRIMARY SCHOOL,,Kigoma,Kasulu Tc,,
NYAKABONDO PRIMARY SCHOOL,,Kigoma,Kasulu Tc,,
NYANGWA PRE SND PRIMARY SCHOOL,,Kigoma,Kasulu Tc,,
RUCHUGI PRIMARY SCHOOL,,Kigoma,Kasulu Tc,,
TULASHASHE PRIMARY SCHOOL,,Kigoma,Kasulu Tc,,
BOGWE PRIMARY SCHOOL,,Kigoma,Kasulu Tc,,
BWEZANGELE PRIMARY SCHOOL,,Kigoma,Kasulu Tc,,
HERU JUU PRIMARY SCHOOL,,Kigoma,Kasulu Tc,,
KABANGA MAZOEZI PRIMARY SCHOOL,,Kigoma,Kasulu Tc,,
KALINONE PRIMARY SCHOOL,,Kigoma,Kasulu Tc,,
KASULU PRIMARY SCHOOL,,Kigoma,Kasulu Tc,,
KIBAGWE PRIMARY SCHOOL,,Kigoma,Kasulu Tc,,
KIGONDO PRIMARY SCHOOL,,Kigoma,Kasulu Tc,,
KIMOBWA PRIMARY SCHOOL,,Kigoma,Kasulu Tc,,
LUGOYI PRIMARY SCHOOL,,Kigoma,Kasulu Tc,,
MSIVYI PRIMARY SCHOOL,,Kigoma,Kasulu Tc,,
MUGANDAZI PRIMARY SCHOOL,,Kigoma,Kasulu Tc,,
MUMNYIKA PRIMARY SCHOOL,,Kigoma,Kasulu Tc,,
MURUSI PRIMARY SCHOOL,,Kigoma,Kasulu Tc,,
MWENDA PRIMARY SCHOOL,,Kigoma,Kasulu Tc,,
MWILAMVYA NURSERY AND PRIMARY SCHOOL,,Kigoma,Kasulu Tc,,
NTALE PRIMARY SCHOOL,,Kigoma,Kasulu Tc,,
NYAMAGUBWE PRIMARY SCHOOL,,Kigoma,Kasulu Tc,,
NYANKUNGWE PRIMARY SCHOOL,,Kigoma,Kasulu Tc,,
NYARUMANGA PRIMARY SCHOOL,,Kigoma,Kasulu Tc,,
BUHA PRIMARY SCHOOL,,Kigoma,Kasulu Tc,,
GAHIMA PRIMARY SCHOOL,,Kigoma,Kasulu Tc,,
KACHONGE PRIMARY SCHOOL,,Kigoma,Kasulu Tc,,
KASYENENE PRIMARY SCHOOL,,Kigoma,Kasulu Tc,,
KIDYAMA PRIMARY SCHOOL,,Kigoma,Kasulu Tc,,
KIGULE PRIMARY SCHOOL,,Kigoma,Kasulu Tc,,
KISITO PRIMARY SCHOOL,,Kigoma,Kasulu Tc,,
MALEMBO PRIMARY SCHOOL,,Kigoma,Kasulu Tc,,
MURUBONA PRIMARY SCHOOL,,Kigoma,Kasulu Tc,,
MWILAMVYA PRIMARY SCHOOL,,Kigoma,Kasulu Tc,,
NYABUYANGE PRIMARY SCHOOL,,Kigoma,Kasulu Tc,,
NYANDURA PRIMARY SCHOOL,,Kigoma,Kasulu Tc,,
NYANSHA PRIMARY SCHOOL,,Kigoma,Kasulu Tc,,
NYUMBIGWA PRIMARY SCHOOL,,Kigoma,Kasulu Tc,,
SUNZU PRIMARY SCHOOL,,Kigoma,Kasulu Tc,,
BAVUNJA PRIMARY SCHOOL,,Kigoma,Kibondo,,
BUSUNZU 'A' PRIMARY SCHOOL,,Kigoma,Kibondo,,
KAGEZI PRIMARY SCHOOL,,Kigoma,Kibondo,,
KANYAMAHELA PRIMARY SCHOOL,,Kigoma,Kibondo,,
KASANA PRIMARY SCHOOL,,Kigoma,Kibondo,,
KAYEMBA PRIMARY SCHOOL,,Kigoma,Kibondo,,
KITELAMA PRIMARY SCHOOL,,Kigoma,Kibondo,,
KUMBANGA PRIMARY SCHOOL,,Kigoma,Kibondo,,
KUMKUYU PRIMARY SCHOOL,,Kigoma,Kibondo,,
KUMSHINDWI PRIMARY SCHOOL,,Kigoma,Kibondo,,
KWIZERA PRIMARY SCHOOL,,Kigoma,Kibondo,,
MAGARAMA PRIMARY SCHOOL,,Kigoma,Kibondo,,
MALOREGWA PRIMARY SCHOOL,,Kigoma,Kibondo,,
MUKABUYE PRIMARY SCHOOL,,Kigoma,Kibondo,,
NENGO PRIMARY SCHOOL,,Kigoma,Kibondo,,
NYAKABOZ I PRIMARY SCHOOL,,Kigoma,Kibondo,,
NYAMILEMBI PRIMARY SCHOOL,,Kigoma,Kibondo,,
NYANGE PRIMARY SCHOOL,,Kigoma,Kibondo,,
NYARUGUNGA PRIMARY SCHOOL,,Kigoma,Kibondo,,
NYARUYOBA 'A' PRIMARY SCHOOL,,Kigoma,Kibondo,,
NYAVYUMBU PRIMARY SCHOOL,,Kigoma,Kibondo,,
RUGONGWE PRIMARY SCHOOL,,Kigoma,Kibondo,,
SAMVURA PRIMARY SCHOOL,,Kigoma,Kibondo,,
TWABAGONDOZI PRIMARY SCHOOL,,Kigoma,Kibondo,,
BITARE PRIMARY SCHOOL,,Kigoma,Kibondo,,
BUNYAMBO PRIMARY SCHOOL,,Kigoma,Kibondo,,
BUSUNZU 'B' PRIMARY SCHOOL,,Kigoma,Kibondo,,
KABWIGWA PRIMARY SCHOOL,,Kigoma,Kibondo,,
KASEBUZI PRIMARY SCHOOL,,Kigoma,Kibondo,,
KICHANANGA PRIMARY SCHOOL,,Kigoma,Kibondo,,
KIGENDEKA PRIMARY SCHOOL,,Kigoma,Kibondo,,
KILEMBA PRIMARY SCHOOL,,Kigoma,Kibondo,,
KIZAZI PRIMARY SCHOOL,,Kigoma,Kibondo,,
KUMHAMA PRIMARY SCHOOL,,Kigoma,Kibondo,,
KUMNAZI PRIMARY SCHOOL,,Kigoma,Kibondo,,
KUMUHASHA PRIMARY SCHOOL,,Kigoma,Kibondo,,
LUKAYA PRIMARY SCHOOL,,Kigoma,Kibondo,,
MINYINYA PRIMARY SCHOOL,,Kigoma,Kibondo,,
MUKARAZ I PRIMARY SCHOOL,,Kigoma,Kibondo,,
MUYAGA PRIMARY SCHOOL,,Kigoma,Kibondo,,
NTOYOYO PRIMARY SCHOOL,,Kigoma,Kibondo,,
NYAMPENGERE PRIMARY SCHOOL,,Kigoma,Kibondo,,
NYANKWI PRIMARY SCHOOL,,Kigoma,Kibondo,,
NYARUHAZA PRIMARY SCHOOL,,Kigoma,Kibondo,,
NYARUYOBA 'B PRIMARY SCHOOL,,Kigoma,Kibondo,,
RUGUNGA PRIMARY SCHOOL,,Kigoma,Kibondo,,
BITURANA PRIMARY SCHOOL,,Kigoma,Kibondo,,
HOPE TRIUMPH PRIMARY SCHOOL,,Kigoma,Kibondo,,
KAGEYO PRIMARY SCHOOL,,Kigoma,Kibondo,,
KAHARAWE PRIMARY SCHOOL,,Kigoma,Kibondo,,
KASAKA PRIMARY SCHOOL,,Kigoma,Kibondo,,
KATELELA PRIMARY SCHOOL,,Kigoma,Kibondo,,
KIFURA PRIMARY SCHOOL,,Kigoma,Kibondo,,
KISOGWE PRIMARY SCHOOL,,Kigoma,Kibondo,,
KUKINAMA PRIMARY SCHOOL,,Kigoma,Kibondo,,
KUMKUGWA PRIMARY SCHOOL,,Kigoma,Kibondo,,
KUMWAMBU PRIMARY SCHOOL,,Kigoma,Kibondo,,
MABAMBA PRIMARY SCHOOL,,Kigoma,Kibondo,,
MGAZIMMOJA PRIMARY SCHOOL,,Kigoma,Kibondo,,
MOYOWOSI PRIMARY SCHOOL,,Kigoma,Kibondo,,
MULANGE PRIMARY SCHOOL,,Kigoma,Kibondo,,
NABUHIMA PRIMARY SCHOOL,,Kigoma,Kibondo,,
NYABITAKA PRIMARY SCHOOL,,Kigoma,Kibondo,,
NYAKILENDA PRIMARY SCHOOL,,Kigoma,Kibondo,,
NYAMUGURUMA PRIMARY SCHOOL,,Kigoma,Kibondo,,
NYARUBOGO PRIMARY SCHOOL,,Kigoma,Kibondo,,
NYARULANGA PRIMARY SCHOOL,,Kigoma,Kibondo,,
NYATSE PRIMARY SCHOOL,,Kigoma,Kibondo,,
RUBIRIZI PRIMARY SCHOOL,,Kigoma,Kibondo,,
RUSOHOKO PRIMARY SCHOOL,,Kigoma,Kibondo,,
ALPHA ADVENTIST SCHOOL PRIMARY SCHOOL,,Kigoma,Kigoma,,
BIGERE PRIMARY SCHOOL,,Kigoma,Kigoma,,
BONDO PRIMARY SCHOOL,,Kigoma,Kigoma,,
BUGAMBA PRIMARY SCHOOL,,Kigoma,Kigoma,,
BUHAGARA PRIMARY SCHOOL,,Kigoma,Kigoma,,
BWERU PRIMARY SCHOOL,,Kigoma,Kigoma,,
KAMARA PRIMARY SCHOOL,,Kigoma,Kigoma,,
KASABA PRIMARY SCHOOL,,Kigoma,Kigoma,,
KASEKE PRIMARY SCHOOL,,Kigoma,Kigoma,,
KIGALYE PRIMARY SCHOOL,,Kigoma,Kigoma,,
KILEMBELA PRIMARY SCHOOL,,Kigoma,Kigoma,,
KIRASA PRIMARY SCHOOL,,Kigoma,Kigoma,,
KIZIBA PRIMARY SCHOOL,,Kigoma,Kigoma,,
MATUMAINI PRIMARY SCHOOL,,Kigoma,Kigoma,,
MGARAGANZA PRIMARY SCHOOL,,Kigoma,Kigoma,,
MISEMELE PRIMARY SCHOOL,,Kigoma,Kigoma,,
MKONGORO PRIMARY SCHOOL,,Kigoma,Kigoma,,
MSIMBA PRIMARY SCHOOL,,Kigoma,Kigoma,,
MUHAMANI PRIMARY SCHOOL,,Kigoma,Kigoma,,
MWAMGONGO PRIMARY SCHOOL,,Kigoma,Kigoma,,
MWITANGA PRIMARY SCHOOL,,Kigoma,Kigoma,,
NKEMA PRIMARY SCHOOL,,Kigoma,Kigoma,,
NYABUSHO PRIMARY SCHOOL,,Kigoma,Kigoma,,
NYAMIRAMBO PRIMARY SCHOOL,,Kigoma,Kigoma,,
NYAMUHOZA PRIMARY SCHOOL,,Kigoma,Kigoma,,
NYANTOLE PRIMARY SCHOOL,,Kigoma,Kigoma,,
NYETE PRIMARY SCHOOL,,Kigoma,Kigoma,,
RUHOBE PRIMARY SCHOOL,,Kigoma,Kigoma,,
SAMILO PRIMARY SCHOOL,,Kigoma,Kigoma,,
BITALE MAALUM PRIMARY SCHOOL,,Kigoma,Kigoma,,
BUGUGO PRIMARY SCHOOL,,Kigoma,Kigoma,,
BULOMBORA PRIMARY SCHOOL,,Kigoma,Kigoma,,
CHANKABWIMBA PRIMARY SCHOOL,,Kigoma,Kigoma,,
GWAMANGA PRIMARY SCHOOL,,Kigoma,Kigoma,,
KAGINA PRIMARY SCHOOL,,Kigoma,Kigoma,,
KALALANGABO PRIMARY SCHOOL,,Kigoma,Kigoma,,
KANGONA PRIMARY SCHOOL,,Kigoma,Kigoma,,
KASUKU PRIMARY SCHOOL,,Kigoma,Kigoma,,
KIGANZA PRIMARY SCHOOL,,Kigoma,Kigoma,,
KISITWE PRIMARY SCHOOL,,Kigoma,Kigoma,,
KIYENGA PRIMARY SCHOOL,,Kigoma,Kigoma,,
KWITANGA PRIMARY SCHOOL,,Kigoma,Kigoma,,
LUICHE PRIMARY SCHOOL,,Kigoma,Kigoma,,
MATYAZO PRIMARY SCHOOL,,Kigoma,Kigoma,,
MGEGE PRIMARY SCHOOL,,Kigoma,Kigoma,,
MKABOGO PRIMARY SCHOOL,,Kigoma,Kigoma,,
MLAMA PRIMARY SCHOOL,,Kigoma,Kigoma,,
MSHENYI PRIMARY SCHOOL,,Kigoma,Kigoma,,
MUKIGO PRIMARY SCHOOL,,Kigoma,Kigoma,,
NDAMEZE PRIMARY SCHOOL,,Kigoma,Kigoma,,
NKUNGWE PRIMARY SCHOOL,,Kigoma,Kigoma,,
NYAMOLI PRIMARY SCHOOL,,Kigoma,Kigoma,,
NYANGOVA PRIMARY SCHOOL,,Kigoma,Kigoma,,
NYARUBANDA PRIMARY SCHOOL,,Kigoma,Kigoma,,
PAMILA PRIMARY SCHOOL,,Kigoma,Kigoma,,
RUSHA PRIMARY SCHOOL,,Kigoma,Kigoma,,
BIGABIRO PRIMARY SCHOOL,,Kigoma,Kigoma,,
BITALE PRIMARY SCHOOL,,Kigoma,Kigoma,,
BUBANGO PRIMARY SCHOOL,,Kigoma,Kigoma,,
BUGUMBA PRIMARY SCHOOL,,Kigoma,Kigoma,,
CHANKELE PRIMARY SCHOOL,,Kigoma,Kigoma,,
KIDAHWE PRIMARY SCHOOL,,Kigoma,Kigoma,,
KIMBWELA PRIMARY SCHOOL,,Kigoma,Kigoma,,
KISOZI PRIMARY SCHOOL,,Kigoma,Kigoma,,
KIZENGA PRIMARY SCHOOL,,Kigoma,Kigoma,,
MATENDO PRIMARY SCHOOL,,Kigoma,Kigoma,,
MAYANGE PRIMARY SCHOOL,,Kigoma,Kigoma,,
MLATI PRIMARY SCHOOL,,Kigoma,Kigoma,,
MTARA PRIMARY SCHOOL,,Kigoma,Kigoma,,
MUNGONYA PRIMARY SCHOOL,,Kigoma,Kigoma,,
MWANDIGA PRIMARY SCHOOL,,Kigoma,Kigoma,,
NGONYA PRIMARY SCHOOL,,Kigoma,Kigoma,,
NYABIGINA PRIMARY SCHOOL,,Kigoma,Kigoma,,
NYAMPEMBA PRIMARY SCHOOL,,Kigoma,Kigoma,,
RUGOMELO PRIMARY SCHOOL,,Kigoma,Kigoma,,
RUSIMBI PRIMARY SCHOOL,,Kigoma,Kigoma,,
SIMBO PRIMARY SCHOOL,,Kigoma,Kigoma,,
ZASHE PRIMARY SCHOOL,,Kigoma,Kigoma,,
BURONGE PRIMARY SCHOOL,,Kigoma,Kigoma Mc,,
BUTUNGA PRIMARY SCHOOL,,Kigoma,Kigoma Mc,,
CARMEL CONVENT PRIMARY SCHOOL,,Kigoma,Kigoma Mc,,
KIGOMA PRIMARY SCHOOL,,Kigoma,Kigoma Mc,,
LAKE-TANGANYIKA PRIMARY SCHOOL,,Kigoma,Kigoma Mc,,
MGUMILE PRIMARY SCHOOL,,Kigoma,Kigoma Mc,,
SHABBIR PRIMARY SCHOOL,,Kigoma,Kigoma Mc,,
BISHOP MLOLA PRIMARY SCHOOL,,Kigoma,Kigoma Mc,,
BUSHABANI PRIMARY SCHOOL,,Kigoma,Kigoma Mc,,
BUZEBAZEBA PRIMARY SCHOOL,,Kigoma,Kigoma Mc,,
GUNGU PRIMARY SCHOOL,,Kigoma,Kigoma Mc,,
KARUTA PRIMARY SCHOOL,,Kigoma,Kigoma Mc,,
KICHANGACHUI PRIMARY SCHOOL,,Kigoma,Kigoma Mc,,
KIHEBA PRIMARY SCHOOL,,Kigoma,Kigoma Mc,,
KIPAMPA PRIMARY SCHOOL,,Kigoma,Kigoma Mc,,
MANARAH PRIMARY SCHOOL,,Kigoma,Kigoma Mc,,
MGUNGA PRIMARY SCHOOL,,Kigoma,Kigoma Mc,,
RASINI PRIMARY SCHOOL,,Kigoma,Kigoma Mc,,
RUTALE PRIMARY SCHOOL,,Kigoma,Kigoma Mc,,
BANGWE PRIMARY SCHOOL,,Kigoma,Kigoma Mc,,
BUREGA PRIMARY SCHOOL,,Kigoma,Kigoma Mc,,
BUSINDE PRIMARY SCHOOL,,Kigoma,Kigoma Mc,,
CAMBRIDGESHIRE PRIMARY SCHOOL,,Kigoma,Kigoma Mc,,
HOPE OF THE NATIONS PRIMARY SCHOOL,,Kigoma,Kigoma Mc,,
KAHABWA PRIMARY SCHOOL,,Kigoma,Kigoma Mc,,
KATUBUKA PRIMARY SCHOOL,,Kigoma,Kigoma Mc,,
KIEZYA PRIMARY SCHOOL,,Kigoma,Kigoma Mc,,
KIKUNGU PRIMARY SCHOOL,,Kigoma,Kigoma Mc,,
KITONGONI PRIMARY SCHOOL,,Kigoma,Kigoma Mc,,
MBANO PRIMARY SCHOOL,,Kigoma,Kigoma Mc,,
MSINGENI PRIMARY SCHOOL,,Kigoma,Kigoma Mc,,
MWASENGA PRIMARY SCHOOL,,Kigoma,Kigoma Mc,,
SAUD AL AUJAN PRIMARY SCHOOL,,Kigoma,Kigoma Mc,,
UJIJI PRIMARY SCHOOL,,Kigoma,Kigoma Mc,,
BASANZA PRIMARY SCHOOL,,Kigoma,Uvinza,,
BUZE PRIMARY SCHOOL,,Kigoma,Uvinza,,
CHAKULU PRIMARY SCHOOL,,Kigoma,Uvinza,,
HUMULE PRIMARY SCHOOL,,Kigoma,Uvinza,,
ILAGALA PRIMARY SCHOOL,,Kigoma,Uvinza,,
ITEBULA PRIMARY SCHOOL,,Kigoma,Uvinza,,
KABUYANGE PRIMARY SCHOOL,,Kigoma,Uvinza,,
KAGWILA PRIMARY SCHOOL,,Kigoma,Uvinza,,
KAJEJE 'B' PRIMARY SCHOOL,,Kigoma,Uvinza,,
KALYA PRIMARY SCHOOL,,Kigoma,Uvinza,,
KAMIYOVU PRIMARY SCHOOL,,Kigoma,Uvinza,,
KANDAGA PRIMARY SCHOOL,,Kigoma,Uvinza,,
KANYWANGILI PRIMARY SCHOOL,,Kigoma,Uvinza,,
KARAGO PRIMARY SCHOOL,,Kigoma,Uvinza,,
KATARAGUZA PRIMARY SCHOOL,,Kigoma,Uvinza,,
LUBALISI PRIMARY SCHOOL,,Kigoma,Uvinza,,
LUGONGONI 'A' PRIMARY SCHOOL,,Kigoma,Uvinza,,
LUGUFU PRIMARY SCHOOL,,Kigoma,Uvinza,,
MABANINI PRIMARY SCHOOL,,Kigoma,Uvinza,,
MAHALE PRIMARY SCHOOL,,Kigoma,Uvinza,,
MALAGARASI PRIMARY SCHOOL,,Kigoma,Uvinza,,
MAZUNGWE PRIMARY SCHOOL,,Kigoma,Uvinza,,
MGANZA PRIMARY SCHOOL,,Kigoma,Uvinza,,
MKANGA PRIMARY SCHOOL,,Kigoma,Uvinza,,
MLELA PRIMARY SCHOOL,,Kigoma,Uvinza,,
MUMBARA PRIMARY SCHOOL,,Kigoma,Uvinza,,
MWAKIZEGA PRIMARY SCHOOL,,Kigoma,Uvinza,,
MWASHA PRIMARY SCHOOL,,Kigoma,Uvinza,,
NGURUKA PRIMARY SCHOOL,,Kigoma,Uvinza,,
NYAMBUTWE PRIMARY SCHOOL,,Kigoma,Uvinza,,
NYANGANGA PRIMARY SCHOOL,,Kigoma,Uvinza,,
RELIMPYA PRIMARY SCHOOL,,Kigoma,Uvinza,,
RULINGA PRIMARY SCHOOL,,Kigoma,Uvinza,,
SUNUKA PRIMARY SCHOOL,,Kigoma,Uvinza,,
TAMBUSHA PRIMARY SCHOOL,,Kigoma,Uvinza,,
TUNDEGAMBAZI PRIMARY SCHOOL,,Kigoma,Uvinza,,
UVINZA PRIMARY SCHOOL,,Kigoma,Uvinza,,
ANZARANI PRIMARY SCHOOL,,Kigoma,Uvinza,,
BUHINGU PRIMARY SCHOOL,,Kigoma,Uvinza,,
CHEMCHEMI PRIMARY SCHOOL,,Kigoma,Uvinza,,
JUHUDI - MGANZA PRIMARY SCHOOL,,Kigoma,Uvinza,,
KACHILINGULO PRIMARY SCHOOL,,Kigoma,Uvinza,,
KAHWIBILI PRIMARY SCHOOL,,Kigoma,Uvinza,,
KAMCHELE PRIMARY SCHOOL,,Kigoma,Uvinza,,
KAMPANDE PRIMARY SCHOOL,,Kigoma,Uvinza,,
KANGWENA PRIMARY SCHOOL,,Kigoma,Uvinza,,
KASHAGULU PRIMARY SCHOOL,,Kigoma,Uvinza,,
KATETE 'A' PRIMARY SCHOOL,,Kigoma,Uvinza,,
LUFUBU PRIMARY SCHOOL,,Kigoma,Uvinza,,
LUGONGONI 'B' PRIMARY SCHOOL,,Kigoma,Uvinza,,
LULENGELULE PRIMARY SCHOOL,,Kigoma,Uvinza,,
MACHAZO PRIMARY SCHOOL,,Kigoma,Uvinza,,
MALAGARASI RELINI PRIMARY SCHOOL,,Kigoma,Uvinza,,
MGAMBAZI PRIMARY SCHOOL,,Kigoma,Uvinza,,
MLINDA PRIMARY SCHOOL,,Kigoma,Uvinza,,
MSEBEI PRIMARY SCHOOL,,Kigoma,Uvinza,,
MTEGOWANOTI PRIMARY SCHOOL,,Kigoma,Uvinza,,
MWAMILA PRIMARY SCHOOL,,Kigoma,Uvinza,,
NKONKWA PRIMARY SCHOOL,,Kigoma,Uvinza,,
NYAMGENI PRIMARY SCHOOL,,Kigoma,Uvinza,,
NYANSIMBI PRIMARY SCHOOL,,Kigoma,Uvinza,,
RUBONA PRIMARY SCHOOL,,Kigoma,Uvinza,,
RUSUNU PRIMARY SCHOOL,,Kigoma,Uvinza,,
SIGUNGA PRIMARY SCHOOL,,Kigoma,Uvinza,,
UBANDA PRIMARY SCHOOL,,Kigoma,Uvinza,,
VILONGWA PRIMARY SCHOOL,,Kigoma,Uvinza,,
BULANGAMILA PRIMARY SCHOOL,,Kigoma,Uvinza,,
CHAGU PRIMARY SCHOOL,,Kigoma,Uvinza,,
CHUMVI UVINZA PRIMARY SCHOOL,,Kigoma,Uvinza,,
HEREMBE PRIMARY SCHOOL,,Kigoma,Uvinza,,
IKUBULU PRIMARY SCHOOL,,Kigoma,Uvinza,,
KABEBA PRIMARY SCHOOL,,Kigoma,Uvinza,,
KAJEJE 'A' PRIMARY SCHOOL,,Kigoma,Uvinza,,
KALILANI PRIMARY SCHOOL,,Kigoma,Uvinza,,
KAMIGUNGA PRIMARY SCHOOL,,Kigoma,Uvinza,,
KAMPISA PRIMARY SCHOOL,,Kigoma,Uvinza,,
KANYASE PRIMARY SCHOOL,,Kigoma,Uvinza,,
KASISI PRIMARY SCHOOL,,Kigoma,Uvinza,,
KATETE 'B' PRIMARY SCHOOL,,Kigoma,Uvinza,,
KAZURAMIMBA PRIMARY SCHOOL,,Kigoma,Uvinza,,
LAGOSA PRIMARY SCHOOL,,Kigoma,Uvinza,,
LUGUFU II PRIMARY SCHOOL,,Kigoma,Uvinza,,
LYABUSENDE PRIMARY SCHOOL,,Kigoma,Uvinza,,
MAMBWE PRIMARY SCHOOL,,Kigoma,Uvinza,,
MIKAMBA PRIMARY SCHOOL,,Kigoma,Uvinza,,
MKUYU PRIMARY SCHOOL,,Kigoma,Uvinza,,
MPAMPA PRIMARY SCHOOL,,Kigoma,Uvinza,,
MSIHEZI PRIMARY SCHOOL,,Kigoma,Uvinza,,
MULUBANGA PRIMARY SCHOOL,,Kigoma,Uvinza,,
MUYOBOZI PRIMARY SCHOOL,,Kigoma,Uvinza,,
NDEKA PRIMARY SCHOOL,,Kigoma,Uvinza,,
NTEME PRIMARY SCHOOL,,Kigoma,Uvinza,,
NYANGABO PRIMARY SCHOOL,,Kigoma,Uvinza,,
RABA PRIMARY SCHOOL,,Kigoma,Uvinza,,
SHEKESHE PRIMARY SCHOOL,,Kigoma,Uvinza,,
UVINZA MAALUM PRIMARY SCHOOL,,Kigoma,Uvinza,,
ACACIA LAND PRIMARY SCHOOL,,Tabora,Igunga,,
BUGAYAMBELELE PRIMARY SCHOOL,,Tabora,Igunga,,
BULENYA PRIMARY SCHOOL,,Tabora,Igunga,,
BULYANG'OMBE PRIMARY SCHOOL,,Tabora,Igunga,,
CHAGANA PRIMARY SCHOOL,,Tabora,Igunga,,
CHAPELA PRIMARY SCHOOL,,Tabora,Igunga,,
CHIPUKIZI PRIMARY SCHOOL,,Tabora,Igunga,,
GANYAWA PRIMARY SCHOOL,,Tabora,Igunga,,
IBOLE PRIMARY SCHOOL,,Tabora,Igunga,,
IGOWEKO PRIMARY SCHOOL,,Tabora,Igunga,,
IKULAMAWE PRIMARY SCHOOL,,Tabora,Igunga,,
IPUMBULYA PRIMARY SCHOOL,,Tabora,Igunga,,
ISUGILO PRIMARY SCHOOL,,Tabora,Igunga,,
ITULASHILANGA PRIMARY SCHOOL,,Tabora,Igunga,,
KALANGALE PRIMARY SCHOOL,,Tabora,Igunga,,
KIDALU PRIMARY SCHOOL,,Tabora,Igunga,,
KINUNGU PRIMARY SCHOOL,,Tabora,Igunga,,
KITYELO PRIMARY SCHOOL,,Tabora,Igunga,,
MATINJE PRIMARY SCHOOL,,Tabora,Igunga,,
MGONDAMVELA PRIMARY SCHOOL,,Tabora,Igunga,,
MHAMAMMOJA PRIMARY SCHOOL,,Tabora,Igunga,,
MTUNGULU PRIMARY SCHOOL,,Tabora,Igunga,,
MWABUBELE PRIMARY SCHOOL,,Tabora,Igunga,,
MWAJINJAMA PRIMARY SCHOOL,,Tabora,Igunga,,
MWAKIPANGA PRIMARY SCHOOL,,Tabora,Igunga,,
MWAMAKONA PRIMARY SCHOOL,,Tabora,Igunga,,
MWANSHOMA PRIMARY SCHOOL,,Tabora,Igunga,,
MWASHIKU PRIMARY SCHOOL,,Tabora,Igunga,,
MWAYUNGE PRIMARY SCHOOL,,Tabora,Igunga,,
NCHELI PRIMARY SCHOOL,,Tabora,Igunga,,
NGURITI PRIMARY SCHOOL,,Tabora,Igunga,,
SEBELO PRIMARY SCHOOL,,Tabora,Igunga,,
ST JOSEPH OF CLUNY PRIMARY SCHOOL,,Tabora,Igunga,,
TAMBALALE PRIMARY SCHOOL,,Tabora,Igunga,,
UTUJA PRIMARY SCHOOL,,Tabora,Igunga,,
BUGINGIJA PRIMARY SCHOOL,,Tabora,Igunga,,
BUKOKO PRIMARY SCHOOL,,Tabora,Igunga,,
BULUMBELA PRIMARY SCHOOL,,Tabora,Igunga,,
BUSOMEKE PRIMARY SCHOOL,,Tabora,Igunga,,
CHALAMO PRIMARY SCHOOL,,Tabora,Igunga,,
CHARLES KABEHO PRIMARY SCHOOL,,Tabora,Igunga,,
CHOMA PRIMARY SCHOOL,,Tabora,Igunga,,
HANIHANI PRIMARY SCHOOL,,Tabora,Igunga,,
IBOLOGERO PRIMARY SCHOOL,,Tabora,Igunga,,
IGOMBANILO PRIMARY SCHOOL,,Tabora,Igunga,,
IGURUBI PRIMARY SCHOOL,,Tabora,Igunga,,
IKUNGUIPINA PRIMARY SCHOOL,,Tabora,Igunga,,
IMENYA PRIMARY SCHOOL,,Tabora,Igunga,,
IZIMBILI PRIMARY SCHOOL,,Tabora,Igunga,,
JOGOHYA PRIMARY SCHOOL,,Tabora,Igunga,,
KALEMELA PRIMARY SCHOOL,,Tabora,Igunga,,
KISHELELE PRIMARY SCHOOL,,Tabora,Igunga,,
MALIBASI PRIMARY SCHOOL,,Tabora,Igunga,,
MGONGORO PRIMARY SCHOOL,,Tabora,Igunga,,
MIGELELE PRIMARY SCHOOL,,Tabora,Igunga,,
MIRUMBI PRIMARY SCHOOL,,Tabora,Igunga,,
MOYOFUKE PRIMARY SCHOOL,,Tabora,Igunga,,
MWABAKIMA PRIMARY SCHOOL,,Tabora,Igunga,,
MWAKABUTA PRIMARY SCHOOL,,Tabora,Igunga,,
MWALALA PRIMARY SCHOOL,,Tabora,Igunga,,
MWAMILU PRIMARY SCHOOL,,Tabora,Igunga,,
MWASUNG'HO PRIMARY SCHOOL,,Tabora,Igunga,,
MWAZIZI PRIMARY SCHOOL,,Tabora,Igunga,,
MWINA PRIMARY SCHOOL,,Tabora,Igunga,,
NDEMBEZI PRIMARY SCHOOL,,Tabora,Igunga,,
NYANDEKWA PRIMARY SCHOOL,,Tabora,Igunga,,
SELEGEI PRIMARY SCHOOL,,Tabora,Igunga,,
ST LEO THE GREAT PRIMARY SCHOOL,,Tabora,Igunga,,
UGAKA PRIMARY SCHOOL,,Tabora,Igunga,,
USSONGO PRIMARY SCHOOL,,Tabora,Igunga,,
ZIBA PRIMARY SCHOOL,,Tabora,Igunga,,
BUCHENJEGELE PRIMARY SCHOOL,,Tabora,Igunga,,
BUHEKELA PRIMARY SCHOOL,,Tabora,Igunga,,
BULANGAMILWA PRIMARY SCHOOL,,Tabora,Igunga,,
BULUNDE PRIMARY SCHOOL,,Tabora,Igunga,,
BUYUMBA PRIMARY SCHOOL,,Tabora,Igunga,,
CHIBISO PRIMARY SCHOOL,,Tabora,Igunga,,
FREDRICK VAN VLIJMEN PRIMARY SCHOOL,,Tabora,Igunga,,
HINDISHI PRIMARY SCHOOL,,Tabora,Igunga,,
IBUTAMISUZI PRIMARY SCHOOL,,Tabora,Igunga,,
IGONDELA PRIMARY SCHOOL,,Tabora,Igunga,,
IGUMO PRIMARY SCHOOL,,Tabora,Igunga,,
IMALANGUZU PRIMARY SCHOOL,,Tabora,Igunga,,
IPEMBE PRIMARY SCHOOL,,Tabora,Igunga,,
ISENEGEJA PRIMARY SCHOOL,,Tabora,Igunga,,
ITIBULA PRIMARY SCHOOL,,Tabora,Igunga,,
ITUNDURU PRIMARY SCHOOL,,Tabora,Igunga,,
KAGONGWA PRIMARY SCHOOL,,Tabora,Igunga,,
KAUMBU PRIMARY SCHOOL,,Tabora,Igunga,,
KINING'INILA PRIMARY SCHOOL,,Tabora,Igunga,,
KITANGILI PRIMARY SCHOOL,,Tabora,Igunga,,
MAKOMERO PRIMARY SCHOOL,,Tabora,Igunga,,
MANGUNGU PRIMARY SCHOOL,,Tabora,Igunga,,
MGAZI PRIMARY SCHOOL,,Tabora,Igunga,,
MIGONGWA PRIMARY SCHOOL,,Tabora,Igunga,,
MIZANZA PRIMARY SCHOOL,,Tabora,Igunga,,
MPOGOLO PRIMARY SCHOOL,,Tabora,Igunga,,
MWAJILUNGA PRIMARY SCHOOL,,Tabora,Igunga,,
MWAKALULUMILA PRIMARY SCHOOL,,Tabora,Igunga,,
MWAMAGOBO PRIMARY SCHOOL,,Tabora,Igunga,,
MWAMASHIGA PRIMARY SCHOOL,,Tabora,Igunga,,
MWAMLOLI PRIMARY SCHOOL,,Tabora,Igunga,,
MWAWILU PRIMARY SCHOOL,,Tabora,Igunga,,
MWAZUMBI PRIMARY SCHOOL,,Tabora,Igunga,,
NTIGU PRIMARY SCHOOL,,Tabora,Igunga,,
SAKAMALIWA PRIMARY SCHOOL,,Tabora,Igunga,,
SUNGWIZI PRIMARY SCHOOL,,Tabora,Igunga,,
ULAYA PRIMARY SCHOOL,,Tabora,Igunga,,
USWAYA PRIMARY SCHOOL,,Tabora,Igunga,,
BULELA PRIMARY SCHOOL,,Tabora,Kaliua,,
CHANGAMOTO PRIMARY SCHOOL,,Tabora,Kaliua,,
IBUMBA PRIMARY SCHOOL,,Tabora,Kaliua,,
IKUNKWA PRIMARY SCHOOL,,Tabora,Kaliua,,
IMALAMIHAYO PRIMARY SCHOOL,,Tabora,Kaliua,,
IMARA PRIMARY SCHOOL,,Tabora,Kaliua,,
KAMSEKWA PRIMARY SCHOOL,,Tabora,Kaliua,,
KASENGA PRIMARY SCHOOL,,Tabora,Kaliua,,
KASWA PRIMARY SCHOOL,,Tabora,Kaliua,,
KATUTUBILA PRIMARY SCHOOL,,Tabora,Kaliua,,
KIPENDAMOYO PRIMARY SCHOOL,,Tabora,Kaliua,,
LIMBULA PRIMARY SCHOOL,,Tabora,Kaliua,,
LUYEMBE PRIMARY SCHOOL,,Tabora,Kaliua,,
MAPIGANO PRIMARY SCHOOL,,Tabora,Kaliua,,
MKILIGI PRIMARY SCHOOL,,Tabora,Kaliua,,
MWAHALAJA PRIMARY SCHOOL,,Tabora,Kaliua,,
NSIMBA PRIMARY SCHOOL,,Tabora,Kaliua,,
NTYEMO PRIMARY SCHOOL,,Tabora,Kaliua,,
PETER'S ROYAL PRIMARY SCHOOL,,Tabora,Kaliua,,
SELELI PRIMARY SCHOOL,,Tabora,Kaliua,,
TARAGWE PRIMARY SCHOOL,,Tabora,Kaliua,,
UFUKUTWA PRIMARY SCHOOL,,Tabora,Kaliua,,
UHINDI PRIMARY SCHOOL,,Tabora,Kaliua,,
UPELE PRIMARY SCHOOL,,Tabora,Kaliua,,
USHOKOLA PRIMARY SCHOOL,,Tabora,Kaliua,,
USINDI PRIMARY SCHOOL,,Tabora,Kaliua,,
USONGA PRIMARY SCHOOL,,Tabora,Kaliua,,
BUSONDI PRIMARY SCHOOL,,Tabora,Kaliua,,
CHEMKENI PRIMARY SCHOOL,,Tabora,Kaliua,,
ICHEMBA PRIMARY SCHOOL,,Tabora,Kaliua,,
IGWISI PRIMARY SCHOOL,,Tabora,Kaliua,,
ILEGE PRIMARY SCHOOL,,Tabora,Kaliua,,
IMALAMPAKA PRIMARY SCHOOL,,Tabora,Kaliua,,
IPEJA PRIMARY SCHOOL,,Tabora,Kaliua,,
KALIUA PRIMARY SCHOOL,,Tabora,Kaliua,,
KATALA PRIMARY SCHOOL,,Tabora,Kaliua,,
KAZANAUPATE PRIMARY SCHOOL,,Tabora,Kaliua,,
KILIMAWE PRIMARY SCHOOL,,Tabora,Kaliua,,
KITALENI PRIMARY SCHOOL,,Tabora,Kaliua,,
LUGANJO PRIMARY SCHOOL,,Tabora,Kaliua,,
MABOHA PRIMARY SCHOOL,,Tabora,Kaliua,,
MAKUBI PRIMARY SCHOOL,,Tabora,Kaliua,,
MBETA PRIMARY SCHOOL,,Tabora,Kaliua,,
MKINDO PRIMARY SCHOOL,,Tabora,Kaliua,,
MNANGE PRIMARY SCHOOL,,Tabora,Kaliua,,
MPONGOLO PRIMARY SCHOOL,,Tabora,Kaliua,,
MTIMBI PRIMARY SCHOOL,,Tabora,Kaliua,,
NG'WANDE PRIMARY SCHOOL,,Tabora,Kaliua,,
POZAMOYO PRIMARY SCHOOL,,Tabora,Kaliua,,
SHELLA PRIMARY SCHOOL,,Tabora,Kaliua,,
SUSUTILA PRIMARY SCHOOL,,Tabora,Kaliua,,
UGANSA PRIMARY SCHOOL,,Tabora,Kaliua,,
UKUMBIKAKOKO PRIMARY SCHOOL,,Tabora,Kaliua,,
ULINDWANONI PRIMARY SCHOOL,,Tabora,Kaliua,,
USIGALA PRIMARY SCHOOL,,Tabora,Kaliua,,
USINGA PRIMARY SCHOOL,,Tabora,Kaliua,,
UTANTAMKE PRIMARY SCHOOL,,Tabora,Kaliua,,
WIMATE PRIMARY SCHOOL,,Tabora,Kaliua,,
BUSUBI PRIMARY SCHOOL,,Tabora,Kaliua,,
DKT. SAMIA PRIMARY SCHOOL,,Tabora,Kaliua,,
IBAMBO PRIMARY SCHOOL,,Tabora,Kaliua,,
IKONONGO PRIMARY SCHOOL,,Tabora,Kaliua,,
ILUGU PRIMARY SCHOOL,,Tabora,Kaliua,,
IYOMBO PRIMARY SCHOOL,,Tabora,Kaliua,,
KADUTU PRIMARY SCHOOL,,Tabora,Kaliua,,
KAKOBHE PRIMARY SCHOOL,,Tabora,Kaliua,,
KANGEME PRIMARY SCHOOL,,Tabora,Kaliua,,
KAPANDWASHIMBA PRIMARY SCHOOL,,Tabora,Kaliua,,
KASUNGU PRIMARY SCHOOL,,Tabora,Kaliua,,
KATUNGULU PRIMARY SCHOOL,,Tabora,Kaliua,,
KING'WANGOKO PRIMARY SCHOOL,,Tabora,Kaliua,,
KOMBE PRIMARY SCHOOL,,Tabora,Kaliua,,
MAGELE PRIMARY SCHOOL,,Tabora,Kaliua,,
MALANGA PRIMARY SCHOOL,,Tabora,Kaliua,,
MILAMBO PRIMARY SCHOOL,,Tabora,Kaliua,,
MPANDAMLOWOKA PRIMARY SCHOOL,,Tabora,Kaliua,,
MPWAGA PRIMARY SCHOOL,,Tabora,Kaliua,,
NHANGA PRIMARY SCHOOL,,Tabora,Kaliua,,
NSUNGWA PRIMARY SCHOOL,,Tabora,Kaliua,,
SASU PRIMARY SCHOOL,,Tabora,Kaliua,,
SIYANZA PRIMARY SCHOOL,,Tabora,Kaliua,,
TABA PRIMARY SCHOOL,,Tabora,Kaliua,,
TUOMBEMUNGU PRIMARY SCHOOL,,Tabora,Kaliua,,
UGUNGA PRIMARY SCHOOL,,Tabora,Kaliua,,
UKUMBISIGANGA PRIMARY SCHOOL,,Tabora,Kaliua,,
USIMBA PRIMARY SCHOOL,,Tabora,Kaliua,,
USINGE PRIMARY SCHOOL,,Tabora,Kaliua,,
UYOWA PRIMARY SCHOOL,,Tabora,Kaliua,,
ZUGIMLOLE PRIMARY SCHOOL,,Tabora,Kaliua,,
BUJULU PRIMARY SCHOOL,,Tabora,Nzega,,
BULENDE PRIMARY SCHOOL,,Tabora,Nzega,,
CHABUTWA PRIMARY SCHOOL,,Tabora,Nzega,,
CHAMWABO PRIMARY SCHOOL,,Tabora,Nzega,,
IBELAFINGA PRIMARY SCHOOL,,Tabora,Nzega,,
ILAGAJA PRIMARY SCHOOL,,Tabora,Nzega,,
ILOLE PRIMARY SCHOOL,,Tabora,Nzega,,
INAGANA PRIMARY SCHOOL,,Tabora,Nzega,,
ISAGENHE PRIMARY SCHOOL,,Tabora,Nzega,,
ISUNHA PRIMARY SCHOOL,,Tabora,Nzega,,
ITOBO PRIMARY SCHOOL,,Tabora,Nzega,,
KAGANDO PRIMARY SCHOOL,,Tabora,Nzega,,
KAKULUNGU PRIMARY SCHOOL,,Tabora,Nzega,,
KANOLO PRIMARY SCHOOL,,Tabora,Nzega,,
KASOMELA PRIMARY SCHOOL,,Tabora,Nzega,,
KILINO PRIMARY SCHOOL,,Tabora,Nzega,,
KIPUNGULU PRIMARY SCHOOL,,Tabora,Nzega,,
K'NHALANGA PRIMARY SCHOOL,,Tabora,Nzega,,
LUBUBU PRIMARY SCHOOL,,Tabora,Nzega,,
LUSU PRIMARY SCHOOL,,Tabora,Nzega,,
MABISILO PRIMARY SCHOOL,,Tabora,Nzega,,
MAHENE PRIMARY SCHOOL,,Tabora,Nzega,,
MBAGWA PRIMARY SCHOOL,,Tabora,Nzega,,
MHEMBE PRIMARY SCHOOL,,Tabora,Nzega,,
MIZIBAZIBA PRIMARY SCHOOL,,Tabora,Nzega,,
MWAGUGULI PRIMARY SCHOOL,,Tabora,Nzega,,
MWAMALA PRIMARY SCHOOL,,Tabora,Nzega,,
MWAMIKOLA PRIMARY SCHOOL,,Tabora,Nzega,,
MWANHALA PRIMARY SCHOOL,,Tabora,Nzega,,
MWANZUNYA PRIMARY SCHOOL,,Tabora,Nzega,,
MWASAMBO PRIMARY SCHOOL,,Tabora,Nzega,,
MWINO PRIMARY SCHOOL,,Tabora,Nzega,,
NGUKUMO PRIMARY SCHOOL,,Tabora,Nzega,,
NHELE PRIMARY SCHOOL,,Tabora,Nzega,,
SFS PRIMARY SCHOOL,,Tabora,Nzega,,
SIGILI PRIMARY SCHOOL,,Tabora,Nzega,,
UBINGA PRIMARY SCHOOL,,Tabora,Nzega,,
UGEMBE II PRIMARY SCHOOL,,Tabora,Nzega,,
UKOMBYO PRIMARY SCHOOL,,Tabora,Nzega,,
UPINA PRIMARY SCHOOL,,Tabora,Nzega,,
USAGALI PRIMARY SCHOOL,,Tabora,Nzega,,
UTWIGU PRIMARY SCHOOL,,Tabora,Nzega,,
BUHONDO PRIMARY SCHOOL,,Tabora,Nzega,,
BUKENE PRIMARY SCHOOL,,Tabora,Nzega,,
CHAMING'HWA PRIMARY SCHOOL,,Tabora,Nzega,,
CHIFU KABIKABO PRIMARY SCHOOL,,Tabora,Nzega,,
IBOJA PRIMARY SCHOOL,,Tabora,Nzega,,
IDUBULA PRIMARY SCHOOL,,Tabora,Nzega,,
IGUSULE PRIMARY SCHOOL,,Tabora,Nzega,,
ILALO PRIMARY SCHOOL,,Tabora,Nzega,,
ILOMELO PRIMARY SCHOOL,,Tabora,Nzega,,
ISESE PRIMARY SCHOOL,,Tabora,Nzega,,
ISILYAZA PRIMARY SCHOOL,,Tabora,Nzega,,
KATANGWA PRIMARY SCHOOL,,Tabora,Nzega,,
KIGANDU PRIMARY SCHOOL,,Tabora,Nzega,,
KIPILIMUKA PRIMARY SCHOOL,,Tabora,Nzega,,
KWANZALE PRIMARY SCHOOL,,Tabora,Nzega,,
LUGULULWANZUNGU PRIMARY SCHOOL,,Tabora,Nzega,,
LUZUKO PRIMARY SCHOOL,,Tabora,Nzega,,
MAGENGATI PRIMARY SCHOOL,,Tabora,Nzega,,
MAHENE RELINI PRIMARY SCHOOL,,Tabora,Nzega,,
MAMBALI PRIMARY SCHOOL,,Tabora,Nzega,,
MBOOGA PRIMARY SCHOOL,,Tabora,Nzega,,
MOGWA PRIMARY SCHOOL,,Tabora,Nzega,,
MWAKABASA PRIMARY SCHOOL,,Tabora,Nzega,,
MWAMALULU PRIMARY SCHOOL,,Tabora,Nzega,,
MWANHEMBO PRIMARY SCHOOL,,Tabora,Nzega,,
MWANZWILO PRIMARY SCHOOL,,Tabora,Nzega,,
MWASIMBA PRIMARY SCHOOL,,Tabora,Nzega,,
NDEKELI PRIMARY SCHOOL,,Tabora,Nzega,,
NHABALA PRIMARY SCHOOL,,Tabora,Nzega,,
NHUMBILI PRIMARY SCHOOL,,Tabora,Nzega,,
NKINIZIWA PRIMARY SCHOOL,,Tabora,Nzega,,
SEMEMBELA PRIMARY SCHOOL,,Tabora,Nzega,,
SHIGAMBA PRIMARY SCHOOL,,Tabora,Nzega,,
SUMBU PRIMARY SCHOOL,,Tabora,Nzega,,
UDUTU PRIMARY SCHOOL,,Tabora,Nzega,,
UGULUMA PRIMARY SCHOOL,,Tabora,Nzega,,
UNAMBEWA PRIMARY SCHOOL,,Tabora,Nzega,,
UPUNGU PRIMARY SCHOOL,,Tabora,Nzega,,
USALALA PRIMARY SCHOOL,,Tabora,Nzega,,
WELA I PRIMARY SCHOOL,,Tabora,Nzega,,
ZAYON PRIMARY SCHOOL,,Tabora,Nzega,,
BUHULYU PRIMARY SCHOOL,,Tabora,Nzega,,
BULAMBUKA PRIMARY SCHOOL,,Tabora,Nzega,,
BUSONDO PRIMARY SCHOOL,,Tabora,Nzega,,
CHAMIPULU PRIMARY SCHOOL,,Tabora,Nzega,,
GULYAMBI PRIMARY SCHOOL,,Tabora,Nzega,,
IBUSHI PRIMARY SCHOOL,,Tabora,Nzega,,
IFUMBA PRIMARY SCHOOL,,Tabora,Nzega,,
IKINDWA PRIMARY SCHOOL,,Tabora,Nzega,,
ILELAMHINA PRIMARY SCHOOL,,Tabora,Nzega,,
IPUMBULI PRIMARY SCHOOL,,Tabora,Nzega,,
ISHIKI PRIMARY SCHOOL,,Tabora,Nzega,,
ITIMA PRIMARY SCHOOL,,Tabora,Nzega,,
KAMPALA PRIMARY SCHOOL,,Tabora,Nzega,,
KAYOMBO SCHOOL PRIMARY SCHOOL,,Tabora,Nzega,,
KIKONOKA PRIMARY SCHOOL,,Tabora,Nzega,,
KIPUGALA PRIMARY SCHOOL,,Tabora,Nzega,,
KISINZA PRIMARY SCHOOL,,Tabora,Nzega,,
LAKUYI PRIMARY SCHOOL,,Tabora,Nzega,,
LUHUMBO PRIMARY SCHOOL,,Tabora,Nzega,,
LYAMALAGWA PRIMARY SCHOOL,,Tabora,Nzega,,
MAGUKULA PRIMARY SCHOOL,,Tabora,Nzega,,
MALILITA PRIMARY SCHOOL,,Tabora,Nzega,,
MANGASHINI PRIMARY SCHOOL,,Tabora,Nzega,,
MILAMBO-ITOBO PRIMARY SCHOOL,,Tabora,Nzega,,
MWABANGU PRIMARY SCHOOL,,Tabora,Nzega,,
MWAKASHANHALA PRIMARY SCHOOL,,Tabora,Nzega,,
MWAMBAHA PRIMARY SCHOOL,,Tabora,Nzega,,
MWANGOYE PRIMARY SCHOOL,,Tabora,Nzega,,
MWANTUNDU PRIMARY SCHOOL,,Tabora,Nzega,,
MWASALA PRIMARY SCHOOL,,Tabora,Nzega,,
NAWA PRIMARY SCHOOL,,Tabora,Nzega,,
NHAMAGUMO PRIMARY SCHOOL,,Tabora,Nzega,,
NKINDU PRIMARY SCHOOL,,Tabora,Nzega,,
NKUGE PRIMARY SCHOOL,,Tabora,Nzega,,
SENGE PRIMARY SCHOOL,,Tabora,Nzega,,
SHILA PRIMARY SCHOOL,,Tabora,Nzega,,
UGEMBE I PRIMARY SCHOOL,,Tabora,Nzega,,
UHEMELI PRIMARY SCHOOL,,Tabora,Nzega,,
UPAMBO PRIMARY SCHOOL,,Tabora,Nzega,,
UPYILA PRIMARY SCHOOL,,Tabora,Nzega,,
USONGWANHALA PRIMARY SCHOOL,,Tabora,Nzega,,
WELA II PRIMARY SCHOOL,,Tabora,Nzega,,
BUGEGELEMA PRIMARY SCHOOL,,Tabora,Nzega Tc,,
IDUGUTA PRIMARY SCHOOL,,Tabora,Nzega Tc,,
IMELI PRIMARY SCHOOL,,Tabora,Nzega Tc,,
ITILO PRIMARY SCHOOL,,Tabora,Nzega Tc,,
KITENGWE PRIMARY SCHOOL,,Tabora,Nzega Tc,,
MAKOMELO PRIMARY SCHOOL,,Tabora,Nzega Tc,,
MIGUWA PRIMARY SCHOOL,,Tabora,Nzega Tc,,
NZEGA NDOGO PRIMARY SCHOOL,,Tabora,Nzega Tc,,
SILIMUKA PRIMARY SCHOOL,,Tabora,Nzega Tc,,
UCHAMA PRIMARY SCHOOL,,Tabora,Nzega Tc,,
BUTANDULA PRIMARY SCHOOL,,Tabora,Nzega Tc,,
IDALA PRIMARY SCHOOL,,Tabora,Nzega Tc,,
IJANIJA PRIMARY SCHOOL,,Tabora,Nzega Tc,,
IYUKI PRIMARY SCHOOL,,Tabora,Nzega Tc,,
NYASA I PRIMARY SCHOOL,,Tabora,Nzega Tc,,
NZEGA PRIMARY SCHOOL,,Tabora,Nzega Tc,,
ST.BERNADETHA PRIMARY SCHOOL,,Tabora,Nzega Tc,,
UNDOMO PRIMARY SCHOOL,,Tabora,Nzega Tc,,
CROSS POWER PRIMARY SCHOOL,,Tabora,Nzega Tc,,
IDUDUMO PRIMARY SCHOOL,,Tabora,Nzega Tc,,
ISTIQAAMA PRIMARY SCHOOL,,Tabora,Nzega Tc,,
MBOGWE PRIMARY SCHOOL,,Tabora,Nzega Tc,,
MWANZOLI PRIMARY SCHOOL,,Tabora,Nzega Tc,,
NYASA II PRIMARY SCHOOL,,Tabora,Nzega Tc,,
SHALENG'WA PRIMARY SCHOOL,,Tabora,Nzega Tc,,
TAZENGWA PRIMARY SCHOOL,,Tabora,Nzega Tc,,
GWEN PRIMARY SCHOOL,,Tabora,Sikonge,,
IDIMBWA PRIMARY SCHOOL,,Tabora,Sikonge,,
IPOLE PRIMARY SCHOOL,,Tabora,Sikonge,,
IYOMBAKUZOVA PRIMARY SCHOOL,,Tabora,Sikonge,,
KADONDOLI PRIMARY SCHOOL,,Tabora,Sikonge,,
KAMATA-NAMBA-5 PRIMARY SCHOOL,,Tabora,Sikonge,,
KAPUMPA PRIMARY SCHOOL,,Tabora,Sikonge,,
KILUMBI PRIMARY SCHOOL,,Tabora,Sikonge,,
KITUNDA MISSION PRIMARY SCHOOL,,Tabora,Sikonge,,
LEMBELI PRIMARY SCHOOL,,Tabora,Sikonge,,
MAKIBO PRIMARY SCHOOL,,Tabora,Sikonge,,
MAPALA PRIMARY SCHOOL,,Tabora,Sikonge,,
MBOGONDEMA PRIMARY SCHOOL,,Tabora,Sikonge,,
MIHAMAKUMI PRIMARY SCHOOL,,Tabora,Sikonge,,
MKITULI PRIMARY SCHOOL,,Tabora,Sikonge,,
MOLE-KILOLENI PRIMARY SCHOOL,,Tabora,Sikonge,,
MWAKASEMBO PRIMARY SCHOOL,,Tabora,Sikonge,,
MWAMAYUNGA PRIMARY SCHOOL,,Tabora,Sikonge,,
MWANAMKOLA PRIMARY SCHOOL,,Tabora,Sikonge,,
NSYEPA PRIMARY SCHOOL,,Tabora,Sikonge,,
SIKONGE ELIMU MAALUM PRIMARY SCHOOL,,Tabora,Sikonge,,
SOGEA 'B' PRIMARY SCHOOL,,Tabora,Sikonge,,
TUMBILI PRIMARY SCHOOL,,Tabora,Sikonge,,
UKONDAMOYO PRIMARY SCHOOL,,Tabora,Sikonge,,
USESULA PRIMARY SCHOOL,,Tabora,Sikonge,,
USWAGA PRIMARY SCHOOL,,Tabora,Sikonge,,
UTYATYA PRIMARY SCHOOL,,Tabora,Sikonge,,
ISWENKAMA PRIMARY SCHOOL,,Tabora,Sikonge,,
KANSANA PRIMARY SCHOOL,,Tabora,Sikonge,,
KASANDALALA PRIMARY SCHOOL,,Tabora,Sikonge,,
LUFWISI PRIMARY SCHOOL,,Tabora,Sikonge,,
MIBONO MPYA PRIMARY SCHOOL,,Tabora,Sikonge,,
MITOWO PRIMARY SCHOOL,,Tabora,Sikonge,,
MOLE-MLIMANI PRIMARY SCHOOL,,Tabora,Sikonge,,
MSISI PRIMARY SCHOOL,,Tabora,Sikonge,,
MWAKASOLA PRIMARY SCHOOL,,Tabora,Sikonge,,
MWAMULU PRIMARY SCHOOL,,Tabora,Sikonge,,
MWITIKIO PRIMARY SCHOOL,,Tabora,Sikonge,,
NYAHUA PRIMARY SCHOOL,,Tabora,Sikonge,,
SIKONGE ISLAMIC PRIMARY SCHOOL,,Tabora,Sikonge,,
TUTUO PRIMARY SCHOOL,,Tabora,Sikonge,,
ULILWANSIMBA PRIMARY SCHOOL,,Tabora,Sikonge,,
UTAWAMBOGO PRIMARY SCHOOL,,Tabora,Sikonge,,
UYEGA PRIMARY SCHOOL,,Tabora,Sikonge,,
IGIGWA PRIMARY SCHOOL,,Tabora,Sikonge,,
ISONGWA PRIMARY SCHOOL,,Tabora,Sikonge,,
ITANDAMILOMO PRIMARY SCHOOL,,Tabora,Sikonge,,
KAMATA-NAMBA-3 PRIMARY SCHOOL,,Tabora,Sikonge,,
KANYAMSENGA PRIMARY SCHOOL,,Tabora,Sikonge,,
KASISI-'A' PRIMARY SCHOOL,,Tabora,Sikonge,,
KIPANGA MLIMANI PRIMARY SCHOOL,,Tabora,Sikonge,,
KONDI PRIMARY SCHOOL,,Tabora,Sikonge,,
MAJOJORO PRIMARY SCHOOL,,Tabora,Sikonge,,
MANYATWE PRIMARY SCHOOL,,Tabora,Sikonge,,
MBIRANI PRIMARY SCHOOL,,Tabora,Sikonge,,
MIGUMBU PRIMARY SCHOOL,,Tabora,Sikonge,,
MIUNGUTI PRIMARY SCHOOL,,Tabora,Sikonge,,
MKOLYE PRIMARY SCHOOL,,Tabora,Sikonge,,
MOLE-B-FARM PRIMARY SCHOOL,,Tabora,Sikonge,,
MPANDEPANDE PRIMARY SCHOOL,,Tabora,Sikonge,,
MSUVA PRIMARY SCHOOL,,Tabora,Sikonge,,
MWAKAPANDE PRIMARY SCHOOL,,Tabora,Sikonge,,
MWAMALUGU PRIMARY SCHOOL,,Tabora,Sikonge,,
MWANAMKATA PRIMARY SCHOOL,,Tabora,Sikonge,,
NGOYWA PRIMARY SCHOOL,,Tabora,Sikonge,,
NYAHUA STATION PRIMARY SCHOOL,,Tabora,Sikonge,,
SIKONGE PRIMARY SCHOOL,,Tabora,Sikonge,,
UDONGO PRIMARY SCHOOL,,Tabora,Sikonge,,
URAFIKI PRIMARY SCHOOL,,Tabora,Sikonge,,
USUNGA PRIMARY SCHOOL,,Tabora,Sikonge,,
UTIMULE PRIMARY SCHOOL,,Tabora,Sikonge,,
WANKOLONGO PRIMARY SCHOOL,,Tabora,Sikonge,,
BOMBAMZINGA PRIMARY SCHOOL,,Tabora,Tabora Mc,,
CHEYO-'B' PRIMARY SCHOOL,,Tabora,Tabora Mc,,
GONGONI PRIMARY SCHOOL,,Tabora,Tabora Mc,,
IFUCHA PRIMARY SCHOOL,,Tabora,Tabora Mc,,
IGOMBE-'A' PRIMARY SCHOOL,,Tabora,Tabora Mc,,
IPULI PRIMARY SCHOOL,,Tabora,Tabora Mc,,
ISUKAMAHELA PRIMARY SCHOOL,,Tabora,Tabora Mc,,
ITETEMIA PRIMARY SCHOOL,,Tabora,Tabora Mc,,
KALUMWA PRIMARY SCHOOL,,Tabora,Tabora Mc,,
KAPUNZE PRIMARY SCHOOL,,Tabora,Tabora Mc,,
KILOLENI PRIMARY SCHOOL,,Tabora,Tabora Mc,,
KWIHARA PRIMARY SCHOOL,,Tabora,Tabora Mc,,
MAGOWEKO PRIMARY SCHOOL,,Tabora,Tabora Mc,,
MASAGALA PRIMARY SCHOOL,,Tabora,Tabora Mc,,
MAWITI PRIMARY SCHOOL,,Tabora,Tabora Mc,,
MILAMBO-BARRACKS PRIMARY SCHOOL,,Tabora,Tabora Mc,,
NTALIKWA PRIMARY SCHOOL,,Tabora,Tabora Mc,,
ST FRANCIS DE SALES MISSION PRIMARY SCHOOL,,Tabora,Tabora Mc,,
THEMI HILL PRIMARY SCHOOL,,Tabora,Tabora Mc,,
USULE PRIMARY SCHOOL,,Tabora,Tabora Mc,,
WESTLAND PRIMARY SCHOOL,,Tabora,Tabora Mc,,
ALBA LIGHT PRIMARY SCHOOL,,Tabora,Tabora Mc,,
ETERNAL PRIMARY SCHOOL,,Tabora,Tabora Mc,,
GREEN LANE PRIMARY SCHOOL,,Tabora,Tabora Mc,,
IGAMBILO PRIMARY SCHOOL,,Tabora,Tabora Mc,,
IGOSHA PRIMARY SCHOOL,,Tabora,Tabora Mc,,
ISIKE PRIMARY SCHOOL,,Tabora,Tabora Mc,,
ITONJANDA PRIMARY SCHOOL,,Tabora,Tabora Mc,,
KALUNDE PRIMARY SCHOOL,,Tabora,Tabora Mc,,
KIPALAPALA PRIMARY SCHOOL,,Tabora,Tabora Mc,,
NDEVELWA PRIMARY SCHOOL,,Tabora,Tabora Mc,,
RUFITA PRIMARY SCHOOL,,Tabora,Tabora Mc,,
TABORA-VIZIWI PRIMARY SCHOOL,,Tabora,Tabora Mc,,
TOWN-SCHOOL PRIMARY SCHOOL,,Tabora,Tabora Mc,,
ULAMBA PRIMARY SCHOOL,,Tabora,Tabora Mc,,
UYUI PRIMARY SCHOOL,,Tabora,Tabora Mc,,
BLOCKFARM PRIMARY SCHOOL,,Tabora,Tabora Mc,,
CHEYO-'A' PRIMARY SCHOOL,,Tabora,Tabora Mc,,
IBASA PRIMARY SCHOOL,,Tabora,Tabora Mc,,
IGOMBE 'B' PRIMARY SCHOOL,,Tabora,Tabora Mc,,
IKOMWA PRIMARY SCHOOL,,Tabora,Tabora Mc,,
IPULI HOLY FAMILY MISSION PRIMARY SCHOOL,,Tabora,Tabora Mc,,
ITEMA PRIMARY SCHOOL,,Tabora,Tabora Mc,,
ITULU PRIMARY SCHOOL,,Tabora,Tabora Mc,,
KANYENYE PRIMARY SCHOOL,,Tabora,Tabora Mc,,
KIDATU PRIMARY SCHOOL,,Tabora,Tabora Mc,,
KIPERA PRIMARY SCHOOL,,Tabora,Tabora Mc,,
KIZIGO PRIMARY SCHOOL,,Tabora,Tabora Mc,,
MANOLEO PRIMARY SCHOOL,,Tabora,Tabora Mc,,
MASUBI PRIMARY SCHOOL,,Tabora,Tabora Mc,,
MIHAYO PRIMARY SCHOOL,,Tabora,Tabora Mc,,
MIYEMBA PRIMARY SCHOOL,,Tabora,Tabora Mc,,
MSANGI-'A' PRIMARY SCHOOL,,Tabora,Tabora Mc,,
MWANZO PRIMARY SCHOOL,,Tabora,Tabora Mc,,
SHAURI JEMA PRIMARY SCHOOL,,Tabora,Tabora Mc,,
TARBIA PRIMARY SCHOOL,,Tabora,Tabora Mc,,
UMANDA PRIMARY SCHOOL,,Tabora,Tabora Mc,,
WELLINGTON PRIMARY SCHOOL,,Tabora,Tabora Mc,,
IFUTA PRIMARY SCHOOL,,Tabora,Urambo,,
IMALAMAKOYE PRIMARY SCHOOL,,Tabora,Urambo,,
ITEGAMATWI PRIMARY SCHOOL,,Tabora,Urambo,,
KALEMBELA PRIMARY SCHOOL,,Tabora,Urambo,,
MTUKULA PRIMARY SCHOOL,,Tabora,Urambo,,
NDOROBO PRIMARY SCHOOL,,Tabora,Urambo,,
NSENDA PRIMARY SCHOOL,,Tabora,Urambo,,
SANTA MARIA PRIMARY SCHOOL,,Tabora,Urambo,,
ST. PETERS PRIMARY SCHOOL,,Tabora,Urambo,,
UGWIGWA PRIMARY SCHOOL,,Tabora,Urambo,,
UNZALI PRIMARY SCHOOL,,Tabora,Urambo,,
USISYA PRIMARY SCHOOL,,Tabora,Urambo,,
UTEBHE PRIMARY SCHOOL,,Tabora,Urambo,,
IGEMBENSABO PRIMARY SCHOOL,,Tabora,Urambo,,
JIONEE MWENYEWE PRIMARY SCHOOL,,Tabora,Urambo,,
LINTENGE PRIMARY SCHOOL,,Tabora,Urambo,,
MABUNDULU PRIMARY SCHOOL,,Tabora,Urambo,,
MAKONKWA PRIMARY SCHOOL,,Tabora,Urambo,,
MISANGI PRIMARY SCHOOL,,Tabora,Urambo,,
MLANGALE PRIMARY SCHOOL,,Tabora,Urambo,,
MPIGWA PRIMARY SCHOOL,,Tabora,Urambo,,
MSUMBIJI PRIMARY SCHOOL,,Tabora,Urambo,,
NHOLONGO PRIMARY SCHOOL,,Tabora,Urambo,,
NSOGOLO PRIMARY SCHOOL,,Tabora,Urambo,,
SIPUNGU PRIMARY SCHOOL,,Tabora,Urambo,,
TULI PRIMARY SCHOOL,,Tabora,Urambo,,
ULASA PRIMARY SCHOOL,,Tabora,Urambo,,
URAMBO PRIMARY SCHOOL,,Tabora,Urambo,,
USONGELANI PRIMARY SCHOOL,,Tabora,Urambo,,
UYOGO PRIMARY SCHOOL,,Tabora,Urambo,,
YELAYELA PRIMARY SCHOOL,,Tabora,Urambo,,
CHEKELENI PRIMARY SCHOOL,,Tabora,Urambo,,
IGUNGULI PRIMARY SCHOOL,,Tabora,Urambo,,
ITEBULANDA PRIMARY SCHOOL,,Tabora,Urambo,,
IZENGABATOGILWE PRIMARY SCHOOL,,Tabora,Urambo,,
KAMALENDI PRIMARY SCHOOL,,Tabora,Urambo,,
KAPILULA PRIMARY SCHOOL,,Tabora,Urambo,,
KATULI PRIMARY SCHOOL,,Tabora,Urambo,,
KINHWA PRIMARY SCHOOL,,Tabora,Urambo,,
LUNYETA PRIMARY SCHOOL,,Tabora,Urambo,,
MSENGESI PRIMARY SCHOOL,,Tabora,Urambo,,
NKOKOTO PRIMARY SCHOOL,,Tabora,Urambo,,
UGAMBA PRIMARY SCHOOL,,Tabora,Urambo,,
USSOKE PRIMARY SCHOOL,,Tabora,Urambo,,
VUMILIA PRIMARY SCHOOL,,Tabora,Urambo,,
ALEX NJIAPANDA PRIMARY SCHOOL,,Tabora,Uyui,,
BUKILI PRIMARY SCHOOL,,Tabora,Uyui,,
CHESSA PRIMARY SCHOOL,,Tabora,Uyui,,
GOWEKO PRIMARY SCHOOL,,Tabora,Uyui,,
IBIRI PRIMARY SCHOOL,,Tabora,Uyui,,
IDEKAMISO PRIMARY SCHOOL,,Tabora,Uyui,,
IGUDI PRIMARY SCHOOL,,Tabora,Uyui,,
ILALWANSIMBA PRIMARY SCHOOL,,Tabora,Uyui,,
ISIKIZYA PRIMARY SCHOOL,,Tabora,Uyui,,
ISULI PRIMARY SCHOOL,,Tabora,Uyui,,
ITOBELA PRIMARY SCHOOL,,Tabora,Uyui,,
KABISILE PRIMARY SCHOOL,,Tabora,Uyui,,
KAMAMA PRIMARY SCHOOL,,Tabora,Uyui,,
KARANGASI PRIMARY SCHOOL,,Tabora,Uyui,,
KASISI 'B' PRIMARY SCHOOL,,Tabora,Uyui,,
KAWEKAPINA PRIMARY SCHOOL,,Tabora,Uyui,,
KIGWANHONA PRIMARY SCHOOL,,Tabora,Uyui,,
KINAMAGI PRIMARY SCHOOL,,Tabora,Uyui,,
LOYA PRIMARY SCHOOL,,Tabora,Uyui,,
LUTONA PRIMARY SCHOOL,,Tabora,Uyui,,
MAGIRI PRIMARY SCHOOL,,Tabora,Uyui,,
MBOLA PRIMARY SCHOOL,,Tabora,Uyui,,
MCBS MISSION PRIMARY SCHOOL,,Tabora,Uyui,,
MHOGWE PRIMARY SCHOOL,,Tabora,Uyui,,
MIGUNGUMALO PRIMARY SCHOOL,,Tabora,Uyui,,
MISOLE PRIMARY SCHOOL,,Tabora,Uyui,,
MMALE PRIMARY SCHOOL,,Tabora,Uyui,,
MSILIEMBE PRIMARY SCHOOL,,Tabora,Uyui,,
MTIMBOLA PRIMARY SCHOOL,,Tabora,Uyui,,
MWAKADALA PRIMARY SCHOOL,,Tabora,Uyui,,
MWAMAKOYESENGI PRIMARY SCHOOL,,Tabora,Uyui,,
MWAMLELA PRIMARY SCHOOL,,Tabora,Uyui,,
NKONGWA PRIMARY SCHOOL,,Tabora,Uyui,,
NSAHULO PRIMARY SCHOOL,,Tabora,Uyui,,
NTINDILI PRIMARY SCHOOL,,Tabora,Uyui,,
NYANGAHE PRIMARY SCHOOL,,Tabora,Uyui,,
NZUBUKA PRIMARY SCHOOL,,Tabora,Uyui,,
SAWEWE PRIMARY SCHOOL,,Tabora,Uyui,,
SIMBODAMALU PRIMARY SCHOOL,,Tabora,Uyui,,
UGOWOLA PRIMARY SCHOOL,,Tabora,Uyui,,
UTEMINI PRIMARY SCHOOL,,Tabora,Uyui,,
GENGESITA PRIMARY SCHOOL,,Tabora,Uyui,,
HIARIYAMOYO PRIMARY SCHOOL,,Tabora,Uyui,,
IKONGOLO PRIMARY SCHOOL,,Tabora,Uyui,,
IMALAKASEKO PRIMARY SCHOOL,,Tabora,Uyui,,
ISENEFU PRIMARY SCHOOL,,Tabora,Uyui,,
ISHIHIMULWA B PRIMARY SCHOOL,,Tabora,Uyui,,
ISILA PRIMARY SCHOOL,,Tabora,Uyui,,
ITUNDA UKULU PRIMARY SCHOOL,,Tabora,Uyui,,
KADAMA PRIMARY SCHOOL,,Tabora,Uyui,,
KALOFYA PRIMARY SCHOOL,,Tabora,Uyui,,
KANALA PRIMARY SCHOOL,,Tabora,Uyui,,
KATAMBALA PRIMARY SCHOOL,,Tabora,Uyui,,
KIGWA'A' PRIMARY SCHOOL,,Tabora,Uyui,,
KILUNGU PRIMARY SCHOOL,,Tabora,Uyui,,
KIWEMBE PRIMARY SCHOOL,,Tabora,Uyui,,
LOLANGULU PRIMARY SCHOOL,,Tabora,Uyui,,
MABAMA PRIMARY SCHOOL,,Tabora,Uyui,,
MAGULYATI PRIMARY SCHOOL,,Tabora,Uyui,,
MAKOMBA PRIMARY SCHOOL,,Tabora,Uyui,,
MATUGA PRIMARY SCHOOL,,Tabora,Uyui,,
MHULIDEDE PRIMARY SCHOOL,,Tabora,Uyui,,
MSEKELA PRIMARY SCHOOL,,Tabora,Uyui,,
MUNYU PRIMARY SCHOOL,,Tabora,Uyui,,
MWAKASHINDYE PRIMARY SCHOOL,,Tabora,Uyui,,
NDOBHA PRIMARY SCHOOL,,Tabora,Uyui,,
NKULUSI PRIMARY SCHOOL,,Tabora,Uyui,,
NSOLOLO PRIMARY SCHOOL,,Tabora,Uyui,,
NTULU PRIMARY SCHOOL,,Tabora,Uyui,,
NYAUWANGA PRIMARY SCHOOL,,Tabora,Uyui,,
PULLA PRIMARY SCHOOL,,Tabora,Uyui,,
SHITAGE PRIMARY SCHOOL,,Tabora,Uyui,,
TURA PRIMARY SCHOOL,,Tabora,Uyui,,
ULIMAKAFU PRIMARY SCHOOL,,Tabora,Uyui,,
UPUGE PRIMARY SCHOOL,,Tabora,Uyui,,
UTURAIDEKA PRIMARY SCHOOL,,Tabora,Uyui,,
CHALI PRIMARY SCHOOL,,Tabora,Uyui,,
GILIMBA PRIMARY SCHOOL,,Tabora,Uyui,,
IBELAMILUNDI PRIMARY SCHOOL,,Tabora,Uyui,,
IDEKA PRIMARY SCHOOL,,Tabora,Uyui,,
IGOKO PRIMARY SCHOOL,,Tabora,Uyui,,
IKONOLA PRIMARY SCHOOL,,Tabora,Uyui,,
IPULULU PRIMARY SCHOOL,,Tabora,Uyui,,
ISENEGEZYA PRIMARY SCHOOL,,Tabora,Uyui,,
ISHIHIMULWA PRIMARY SCHOOL,,Tabora,Uyui,,
ISIMU PRIMARY SCHOOL,,Tabora,Uyui,,
ITINKA PRIMARY SCHOOL,,Tabora,Uyui,,
IZUGAWIMA PRIMARY SCHOOL,,Tabora,Uyui,,
KAGOBOLE PRIMARY SCHOOL,,Tabora,Uyui,,
KALOLA PRIMARY SCHOOL,,Tabora,Uyui,,
KASISI 'A' PRIMARY SCHOOL,,Tabora,Uyui,,
KATUNDA PRIMARY SCHOOL,,Tabora,Uyui,,
KIGWA'B' PRIMARY SCHOOL,,Tabora,Uyui,,
KIMUNGI PRIMARY SCHOOL,,Tabora,Uyui,,
KIZENGI PRIMARY SCHOOL,,Tabora,Uyui,,
LOYA BONDENI PRIMARY SCHOOL,,Tabora,Uyui,,
LUTENDE PRIMARY SCHOOL,,Tabora,Uyui,,
MADAHA PRIMARY SCHOOL,,Tabora,Uyui,,
MAKUNGU PRIMARY SCHOOL,,Tabora,Uyui,,
MASWANYA PRIMARY SCHOOL,,Tabora,Uyui,,
MAYOMBO PRIMARY SCHOOL,,Tabora,Uyui,,
MBOLA C PRIMARY SCHOOL,,Tabora,Uyui,,
MHALULE PRIMARY SCHOOL,,Tabora,Uyui,,
MISOLE B PRIMARY SCHOOL,,Tabora,Uyui,,
MIYENZE PRIMARY SCHOOL,,Tabora,Uyui,,
MSILIEMBE 'B' PRIMARY SCHOOL,,Tabora,Uyui,,
MWADAUDI PRIMARY SCHOOL,,Tabora,Uyui,,
MWAMABONDO PRIMARY SCHOOL,,Tabora,Uyui,,
MWAMDALAIGWE PRIMARY SCHOOL,,Tabora,Uyui,,
NDONO PRIMARY SCHOOL,,Tabora,Uyui,,
NKUTUISENGA PRIMARY SCHOOL,,Tabora,Uyui,,
NTALASHA PRIMARY SCHOOL,,Tabora,Uyui,,
NURU KUU PRIMARY SCHOOL,,Tabora,Uyui,,
NZIGALA PRIMARY SCHOOL,,Tabora,Uyui,,
SALLA PRIMARY SCHOOL,,Tabora,Uyui,,
SIMBO YA SHIGULU PRIMARY SCHOOL,,Tabora,Uyui,,
ST. RAPHAEL PRIMARY SCHOOL,,Tabora,Uyui,,
UFULUMA PRIMARY SCHOOL,,Tabora,Uyui,,
USAGARI PRIMARY SCHOOL,,Tabora,Uyui,,
BUFANKA PRIMARY SCHOOL,,Geita,Bukombe,,
BUGANZU PRIMARY SCHOOL,,Geita,Bukombe,,
BUGULULA PRIMARY SCHOOL,,Geita,Bukombe,,
BULEGA PRIMARY SCHOOL,,Geita,Bukombe,,
BUSINDA PRIMARY SCHOOL,,Geita,Bukombe,,
BUTAMBALA PRIMARY SCHOOL,,Geita,Bukombe,,
CITIZEN PRIMARY SCHOOL,,Geita,Bukombe,,
HIGHLAND OF PEACE PRIMARY SCHOOL,,Geita,Bukombe,,
IBAMBILO PRIMARY SCHOOL,,Geita,Bukombe,,
IGWAMANONI PRIMARY SCHOOL,,Geita,Bukombe,,
IKUZI PRIMARY SCHOOL,,Geita,Bukombe,,
ISHOLOLO PRIMARY SCHOOL,,Geita,Bukombe,,
KAGWE PRIMARY SCHOOL,,Geita,Bukombe,,
KAPELA PRIMARY SCHOOL,,Geita,Bukombe,,
KASOZI PRIMARY SCHOOL,,Geita,Bukombe,,
KAZIBIZYO PRIMARY SCHOOL,,Geita,Bukombe,,
LWAMKONGWA PRIMARY SCHOOL,,Geita,Bukombe,,
MIGAMBA PRIMARY SCHOOL,,Geita,Bukombe,,
MUSASA PRIMARY SCHOOL,,Geita,Bukombe,,
NAKAYENZE PRIMARY SCHOOL,,Geita,Bukombe,,
NAMONGE PRIMARY SCHOOL,,Geita,Bukombe,,
NAMSEGA PRIMARY SCHOOL,,Geita,Bukombe,,
NG'ANZO PRIMARY SCHOOL,,Geita,Bukombe,,
NYIKONGA PRIMARY SCHOOL,,Geita,Bukombe,,
SHIBINGO PRIMARY SCHOOL,,Geita,Bukombe,,
ST ALOYSIUS GONZAGA PRIMARY SCHOOL,,Geita,Bukombe,,
UYOVU B PRIMARY SCHOOL,,Geita,Bukombe,,
BUGAMA PRIMARY SCHOOL,,Geita,Bukombe,,
BUGEGE PRIMARY SCHOOL,,Geita,Bukombe,,
BUKOMBE PRIMARY SCHOOL,,Geita,Bukombe,,
BULUMBAGA PRIMARY SCHOOL,,Geita,Bukombe,,
BUSONGE PRIMARY SCHOOL,,Geita,Bukombe,,
BUTINZYA PRIMARY SCHOOL,,Geita,Bukombe,,
DR. SAMIA SULUHU PRIMARY SCHOOL,,Geita,Bukombe,,
HWIMA MINE PRIMARY SCHOOL,,Geita,Bukombe,,
IHULIKE PRIMARY SCHOOL,,Geita,Bukombe,,
ITUGA PRIMARY SCHOOL,,Geita,Bukombe,,
KABAGOLE PRIMARY SCHOOL,,Geita,Bukombe,,
KAKOYOYO PRIMARY SCHOOL,,Geita,Bukombe,,
KAPWANI PRIMARY SCHOOL,,Geita,Bukombe,,
LUBU PRIMARY SCHOOL,,Geita,Bukombe,,
LYAMBAMGONGO PRIMARY SCHOOL,,Geita,Bukombe,,
MSANGILA PRIMARY SCHOOL,,Geita,Bukombe,,
MUBULA PRIMARY SCHOOL,,Geita,Bukombe,,
MWALO PRIMARY SCHOOL,,Geita,Bukombe,,
NALUSUNGUTI PRIMARY SCHOOL,,Geita,Bukombe,,
NAMPALAHALA PRIMARY SCHOOL,,Geita,Bukombe,,
NASIHUKULU PRIMARY SCHOOL,,Geita,Bukombe,,
NGITA PRIMARY SCHOOL,,Geita,Bukombe,,
NYAMAGWANGALA PRIMARY SCHOOL,,Geita,Bukombe,,
SAINT PADRE PIO PRIMARY SCHOOL,,Geita,Bukombe,,
UYOVU PRIMARY SCHOOL,,Geita,Bukombe,,
BUGELENGA PRIMARY SCHOOL,,Geita,Bukombe,,
BUNTUBILI PRIMARY SCHOOL,,Geita,Bukombe,,
BUSONZO PRIMARY SCHOOL,,Geita,Bukombe,,
GENGENI PRIMARY SCHOOL,,Geita,Bukombe,,
IGULWA PRIMARY SCHOOL,,Geita,Bukombe,,
IKALANGA PRIMARY SCHOOL,,Geita,Bukombe,,
ISEMABUNA PRIMARY SCHOOL,,Geita,Bukombe,,
KABUHIMA PRIMARY SCHOOL,,Geita,Bukombe,,
KANEMBWA PRIMARY SCHOOL,,Geita,Bukombe,,
KASONGOLA PRIMARY SCHOOL,,Geita,Bukombe,,
KATOME PRIMARY SCHOOL,,Geita,Bukombe,,
LULAMBA PRIMARY SCHOOL,,Geita,Bukombe,,
LYOBAHIKA PRIMARY SCHOOL,,Geita,Bukombe,,
MTINGA PRIMARY SCHOOL,,Geita,Bukombe,,
MUHAMA PRIMARY SCHOOL,,Geita,Bukombe,,
NAMALANDULA PRIMARY SCHOOL,,Geita,Bukombe,,
NAMPANGWE PRIMARY SCHOOL,,Geita,Bukombe,,
NASILULUMA PRIMARY SCHOOL,,Geita,Bukombe,,
NGUVU KAZI PRIMARY SCHOOL,,Geita,Bukombe,,
NYAMAKUNKWA PRIMARY SCHOOL,,Geita,Bukombe,,
SEGWE PRIMARY SCHOOL,,Geita,Bukombe,,
SILAMILA PRIMARY SCHOOL,,Geita,Bukombe,,
USHIROMBO PRIMARY SCHOOL,,Geita,Bukombe,,
BIN GHANIM PRIMARY SCHOOL,,Geita,Chato,,
BUKIRIGURU PRIMARY SCHOOL,,Geita,Chato,,
BUPANDWANSHIMBA PRIMARY SCHOOL,,Geita,Chato,,
BUSAMBILO PRIMARY SCHOOL,,Geita,Chato,,
BUTENGO PRIMARY SCHOOL,,Geita,Chato,,
BUZIKU PRIMARY SCHOOL,,Geita,Chato,,
BWONGERA PRIMARY SCHOOL,,Geita,Chato,,
CHABULONGO PRIMARY SCHOOL,,Geita,Chato,,
EMAU PRIMARY SCHOOL,,Geita,Chato,,
GLORY TO GOD PRIMARY SCHOOL,,Geita,Chato,,
ICHWANKIMA PRIMARY SCHOOL,,Geita,Chato,,
IMWELU PRIMARY SCHOOL,,Geita,Chato,,
IPARAMASA PRIMARY SCHOOL,,Geita,Chato,,
KAHUMO PRIMARY SCHOOL,,Geita,Chato,,
KANYINDO PRIMARY SCHOOL,,Geita,Chato,,
KATEMWA PRIMARY SCHOOL,,Geita,Chato,,
KIBUMBA PRIMARY SCHOOL,,Geita,Chato,,
KINSABE PRIMARY SCHOOL,,Geita,Chato,,
LUDEBA PRIMARY SCHOOL,,Geita,Chato,,
MABILA PRIMARY SCHOOL,,Geita,Chato,,
MALEBE PRIMARY SCHOOL,,Geita,Chato,,
MATOGOLO PRIMARY SCHOOL,,Geita,Chato,,
MHOLOLO PRIMARY SCHOOL,,Geita,Chato,,
MNEKEZI PRIMARY SCHOOL,,Geita,Chato,,
MURUMBANI PRIMARY SCHOOL,,Geita,Chato,,
MUTUNDU PRIMARY SCHOOL,,Geita,Chato,,
MWEKAKO PRIMARY SCHOOL,,Geita,Chato,,
NEW JERUSALEM PRIMARY SCHOOL,,Geita,Chato,,
NYABILELE PRIMARY SCHOOL,,Geita,Chato,,
NYAKAKARANGO PRIMARY SCHOOL,,Geita,Chato,,
NYAMIREMBE PRIMARY SCHOOL,,Geita,Chato,,
NYANTIMBA PRIMARY SCHOOL,,Geita,Chato,,
NYARUTUTU PRIMARY SCHOOL,,Geita,Chato,,
PARADISE JUNIOR PRIMARY SCHOOL,,Geita,Chato,,
RUMASA PRIMARY SCHOOL,,Geita,Chato,,
SILAYO PRIMARY SCHOOL,,Geita,Chato,,
BRIGHTMOON PRIMARY SCHOOL,,Geita,Chato,,
BUKOME PRIMARY SCHOOL,,Geita,Chato,,
BUSAKA PRIMARY SCHOOL,,Geita,Chato,,
BUSERESERE PRIMARY SCHOOL,,Geita,Chato,,
BUTOBELA PRIMARY SCHOOL,,Geita,Chato,,
BUZIRAYOMBO PRIMARY SCHOOL,,Geita,Chato,,
CAMBRIDGESHIRE RIDGES PRIMARY SCHOOL,,Geita,Chato,,
CHATO PRIMARY SCHOOL,,Geita,Chato,,
GADIMITTI PRIMARY SCHOOL,,Geita,Chato,,
HESAWA PRIMARY SCHOOL,,Geita,Chato,,
ILELEMA PRIMARY SCHOOL,,Geita,Chato,,
IMALABUPINA PRIMARY SCHOOL,,Geita,Chato,,
IZUMANGABO PRIMARY SCHOOL,,Geita,Chato,,
KABANTANGE PRIMARY SCHOOL,,Geita,Chato,,
KAKANSHE PRIMARY SCHOOL,,Geita,Chato,,
KAWIMYOLE PRIMARY SCHOOL,,Geita,Chato,,
KIHULA PRIMARY SCHOOL,,Geita,Chato,,
LUSAMI PRIMARY SCHOOL,,Geita,Chato,,
MKUNGO PRIMARY SCHOOL,,Geita,Chato,,
MPOGOLONI PRIMARY SCHOOL,,Geita,Chato,,
MURANDA PRIMARY SCHOOL,,Geita,Chato,,
MWENDAKULIMA PRIMARY SCHOOL,,Geita,Chato,,
NEW STAR PRIMARY SCHOOL,,Geita,Chato,,
NYABILEZI PRIMARY SCHOOL,,Geita,Chato,,
NYAMPALAHALA PRIMARY SCHOOL,,Geita,Chato,,
NYARUTEFYE PRIMARY SCHOOL,,Geita,Chato,,
NYARWERWE PRIMARY SCHOOL,,Geita,Chato,,
PARADISE PRIMARY SCHOOL,,Geita,Chato,,
BIDII PRIMARY SCHOOL,,Geita,Chato,,
BUKAMILA PRIMARY SCHOOL,,Geita,Chato,,
BUPANDWAMPULI PRIMARY SCHOOL,,Geita,Chato,,
BUSALALA PRIMARY SCHOOL,,Geita,Chato,,
BUTARAMA PRIMARY SCHOOL,,Geita,Chato,,
BUYOGA PRIMARY SCHOOL,,Geita,Chato,,
BWANGA PRIMARY SCHOOL,,Geita,Chato,,
BWINA PRIMARY SCHOOL,,Geita,Chato,,
EDAN PRIMARY SCHOOL,,Geita,Chato,,
GINNERY PRIMARY SCHOOL,,Geita,Chato,,
IMALAMAWAZO PRIMARY SCHOOL,,Geita,Chato,,
IPANGO PRIMARY SCHOOL,,Geita,Chato,,
ITANGA PRIMARY SCHOOL,,Geita,Chato,,
JAHAZI PRIMARY SCHOOL,,Geita,Chato,,
KACHWAMBA PRIMARY SCHOOL,,Geita,Chato,,
KAKENENO PRIMARY SCHOOL,,Geita,Chato,,
KALEMANI PRIMARY SCHOOL,,Geita,Chato,,
KATEMI PRIMARY SCHOOL,,Geita,Chato,,
KIBEHE PRIMARY SCHOOL,,Geita,Chato,,
KIKUMBAITALE PRIMARY SCHOOL,,Geita,Chato,,
KITELA PRIMARY SCHOOL,,Geita,Chato,,
LUSUNGWA PRIMARY SCHOOL,,Geita,Chato,,
MAKURUGUSI PRIMARY SCHOOL,,Geita,Chato,,
MBUYE PRIMARY SCHOOL,,Geita,Chato,,
MINKOTO PRIMARY SCHOOL,,Geita,Chato,,
MUSEVEN PRIMARY SCHOOL,,Geita,Chato,,
NYABUGERA PRIMARY SCHOOL,,Geita,Chato,,
NYAKAYONDWA PRIMARY SCHOOL,,Geita,Chato,,
NYAMIBANGA PRIMARY SCHOOL,,Geita,Chato,,
NYARUTEMBO PRIMARY SCHOOL,,Geita,Chato,,
NYISANZI PRIMARY SCHOOL,,Geita,Chato,,
RUBAMBANGWE PRIMARY SCHOOL,,Geita,Chato,,
SALUGONGO PRIMARY SCHOOL,,Geita,Chato,,
ZANZIBAR PRIMARY SCHOOL,,Geita,Chato,,
ABREN PRIMARY SCHOOL,,Geita,Geita,,
BUGOMA PRIMARY SCHOOL,,Geita,Geita,,
BUHANGIZI PRIMARY SCHOOL,,Geita,Geita,,
BUZIBA PRIMARY SCHOOL,,Geita,Geita,,
BWEYA PRIMARY SCHOOL,,Geita,Geita,,
CHANKUNGU PRIMARY SCHOOL,,Geita,Geita,,
CHIBINGO PRIMARY SCHOOL,,Geita,Geita,,
ELIMIKA PRIMARY SCHOOL,,Geita,Geita,,
IHEGA PRIMARY SCHOOL,,Geita,Geita,,
IKANDILO PRIMARY SCHOOL,,Geita,Geita,,
ILANGASIKA PRIMARY SCHOOL,,Geita,Geita,,
IPONYAMAKALAI PRIMARY SCHOOL,,Geita,Geita,,
ISINGILO PRIMARY SCHOOL,,Geita,Geita,,
IZUMACHELI PRIMARY SCHOOL,,Geita,Geita,,
KABUGOZO PRIMARY SCHOOL,,Geita,Geita,,
KAGULUMULWINA PRIMARY SCHOOL,,Geita,Geita,,
KAMHANGA PRIMARY SCHOOL,,Geita,Geita,,
KAPAPANI PRIMARY SCHOOL,,Geita,Geita,,
KASESA PRIMARY SCHOOL,,Geita,Geita,,
KIFUFU PRIMARY SCHOOL,,Geita,Geita,,
KOMBESI PRIMARY SCHOOL,,Geita,Geita,,
LUHARA PRIMARY SCHOOL,,Geita,Geita,,
LUTELANGOMA PRIMARY SCHOOL,,Geita,Geita,,
LWAKAKOMBE PRIMARY SCHOOL,,Geita,Geita,,
LWEMO PRIMARY SCHOOL,,Geita,Geita,,
LWEZERA PRIMARY SCHOOL,,Geita,Geita,,
MAGENGE PRIMARY SCHOOL,,Geita,Geita,,
MBEGETE PRIMARY SCHOOL,,Geita,Geita,,
MEMBE PRIMARY SCHOOL,,Geita,Geita,,
MWALONI PRIMARY SCHOOL,,Geita,Geita,,
NG'WAGULULI PRIMARY SCHOOL,,Geita,Geita,,
NTINACHI PRIMARY SCHOOL,,Geita,Geita,,
NYABALASANA PRIMARY SCHOOL,,Geita,Geita,,
NYAKADUHA PRIMARY SCHOOL,,Geita,Geita,,
NYAKAGWE PRIMARY SCHOOL,,Geita,Geita,,
NYAKASOMA PRIMARY SCHOOL,,Geita,Geita,,
NYALUHAMA PRIMARY SCHOOL,,Geita,Geita,,
NYAMALIMBE PRIMARY SCHOOL,,Geita,Geita,,
NYAMBAYA PRIMARY SCHOOL,,Geita,Geita,,
NYAMIGANA PRIMARY SCHOOL,,Geita,Geita,,
NYAMILYANGO PRIMARY SCHOOL,,Geita,Geita,,
NYAMTONDO PRIMARY SCHOOL,,Geita,Geita,,
NYANDAGO PRIMARY SCHOOL,,Geita,Geita,,
NYANSALALA PRIMARY SCHOOL,,Geita,Geita,,
NYASEKI PRIMARY SCHOOL,,Geita,Geita,,
NYIHUMBA PRIMARY SCHOOL,,Geita,Geita,,
SARAGULWA PRIMARY SCHOOL,,Geita,Geita,,
ST. JOSEPH THE WORKER PRIMARY SCHOOL,,Geita,Geita,,
TOLOGO PRIMARY SCHOOL,,Geita,Geita,,
WEBSONG PRIMARY SCHOOL,,Geita,Geita,,
ZAHANATI PRIMARY SCHOOL,,Geita,Geita,,
BUFUNDA PRIMARY SCHOOL,,Geita,Geita,,
BUGONDE PRIMARY SCHOOL,,Geita,Geita,,
BUKAYAGA PRIMARY SCHOOL,,Geita,Geita,,
BULIGI PRIMARY SCHOOL,,Geita,Geita,,
BUSANDA PRIMARY SCHOOL,,Geita,Geita,,
BUTUNDWE PRIMARY SCHOOL,,Geita,Geita,,
BUYOMBE PRIMARY SCHOOL,,Geita,Geita,,
CHELAMENO PRIMARY SCHOOL,,Geita,Geita,,
CHIGUNGA PRIMARY SCHOOL,,Geita,Geita,,
FULWE PRIMARY SCHOOL,,Geita,Geita,,
IBOZYAMAGIGO PRIMARY SCHOOL,,Geita,Geita,,
IHEMELO PRIMARY SCHOOL,,Geita,Geita,,
ILILIKA PRIMARY SCHOOL,,Geita,Geita,,
ISHIMBA PRIMARY SCHOOL,,Geita,Geita,,
ISULWABUTUNDWE PRIMARY SCHOOL,,Geita,Geita,,
JINERI PRIMARY SCHOOL,,Geita,Geita,,
KADUDA PRIMARY SCHOOL,,Geita,Geita,,
KAKUBILO PRIMARY SCHOOL,,Geita,Geita,,
KAMLALE PRIMARY SCHOOL,,Geita,Geita,,
KASEME PRIMARY SCHOOL,,Geita,Geita,,
KATANGALO PRIMARY SCHOOL,,Geita,Geita,,
KITIGIRI PRIMARY SCHOOL,,Geita,Geita,,
KONGOBALE PRIMARY SCHOOL,,Geita,Geita,,
LUBANGA PRIMARY SCHOOL,,Geita,Geita,,
LUHUHA PRIMARY SCHOOL,,Geita,Geita,,
LULAMA PRIMARY SCHOOL,,Geita,Geita,,
LUTENGA PRIMARY SCHOOL,,Geita,Geita,,
LWAMGASA PRIMARY SCHOOL,,Geita,Geita,,
LWENAZI PRIMARY SCHOOL,,Geita,Geita,,
LWINA PRIMARY SCHOOL,,Geita,Geita,,
MASUMVE PRIMARY SCHOOL,,Geita,Geita,,
MCHONGOMANI PRIMARY SCHOOL,,Geita,Geita,,
MWALUBELE PRIMARY SCHOOL,,Geita,Geita,,
MWENEGEZA PRIMARY SCHOOL,,Geita,Geita,,
NGULA PRIMARY SCHOOL,,Geita,Geita,,
NJINGAMI PRIMARY SCHOOL,,Geita,Geita,,
NTONO PRIMARY SCHOOL,,Geita,Geita,,
NYABULOLO PRIMARY SCHOOL,,Geita,Geita,,
NYAKAFULO PRIMARY SCHOOL,,Geita,Geita,,
NYAKAMWAGA PRIMARY SCHOOL,,Geita,Geita,,
NYAKAZEZE PRIMARY SCHOOL,,Geita,Geita,,
NYALWANZAJA PRIMARY SCHOOL,,Geita,Geita,,
NYAMALULU PRIMARY SCHOOL,,Geita,Geita,,
NYAMBOGE PRIMARY SCHOOL,,Geita,Geita,,
NYAMIGOGO PRIMARY SCHOOL,,Geita,Geita,,
NYAMISEBEI PRIMARY SCHOOL,,Geita,Geita,,
NYAMTUNDU PRIMARY SCHOOL,,Geita,Geita,,
NYANG'HANGA PRIMARY SCHOOL,,Geita,Geita,,
NYANSALWA PRIMARY SCHOOL,,Geita,Geita,,
NYARUYEYE PRIMARY SCHOOL,,Geita,Geita,,
NYASHIHIMA PRIMARY SCHOOL,,Geita,Geita,,
SAFINA GEITA PRIMARY SCHOOL,,Geita,Geita,,
SIMBACHAWENE PRIMARY SCHOOL,,Geita,Geita,,
SUNGUSILA PRIMARY SCHOOL,,Geita,Geita,,
BAGAZA PRIMARY SCHOOL,,Geita,Geita,,
BUGALAHINGA PRIMARY SCHOOL,,Geita,Geita,,
BUGOGO PRIMARY SCHOOL,,Geita,Geita,,
BUKOLI PRIMARY SCHOOL,,Geita,Geita,,
BUPANGA PRIMARY SCHOOL,,Geita,Geita,,
BUSHISHI PRIMARY SCHOOL,,Geita,Geita,,
BUTWA PRIMARY SCHOOL,,Geita,Geita,,
BUZANAKI PRIMARY SCHOOL,,Geita,Geita,,
BWESULE PRIMARY SCHOOL,,Geita,Geita,,
CHANKORONGO PRIMARY SCHOOL,,Geita,Geita,,
CHEMAMBA PRIMARY SCHOOL,,Geita,Geita,,
CHIKOBE PRIMARY SCHOOL,,Geita,Geita,,
IGATE PRIMARY SCHOOL,,Geita,Geita,,
IHUMILO PRIMARY SCHOOL,,Geita,Geita,,
IKINA PRIMARY SCHOOL,,Geita,Geita,,
ISIMA PRIMARY SCHOOL,,Geita,Geita,,
KABAYOLE PRIMARY SCHOOL,,Geita,Geita,,
KAGEYE PRIMARY SCHOOL,,Geita,Geita,,
KANYALU PRIMARY SCHOOL,,Geita,Geita,,
KIBWELA PRIMARY SCHOOL,,Geita,Geita,,
LISHE PRIMARY SCHOOL,,Geita,Geita,,
LUDETE PRIMARY SCHOOL,,Geita,Geita,,
LULEGEYA PRIMARY SCHOOL,,Geita,Geita,,
LUTOZO PRIMARY SCHOOL,,Geita,Geita,,
LWAMWIZO PRIMARY SCHOOL,,Geita,Geita,,
MAGANGO PRIMARY SCHOOL,,Geita,Geita,,
MAWEMERU PRIMARY SCHOOL,,Geita,Geita,,
MDUHANI PRIMARY SCHOOL,,Geita,Geita,,
MHARAMBA PRIMARY SCHOOL,,Geita,Geita,,
MNYALA PRIMARY SCHOOL,,Geita,Geita,,
MWABAGENI PRIMARY SCHOOL,,Geita,Geita,,
MWAMITILWA PRIMARY SCHOOL,,Geita,Geita,,
NG'WABAGALU PRIMARY SCHOOL,,Geita,Geita,,
NKOME PRIMARY SCHOOL,,Geita,Geita,,
NUNGWE PRIMARY SCHOOL,,Geita,Geita,,
NYACHILULUMA PRIMARY SCHOOL,,Geita,Geita,,
NYAKAGOMBA PRIMARY SCHOOL,,Geita,Geita,,
NYAKASENYA PRIMARY SCHOOL,,Geita,Geita,,
NYAMALELE PRIMARY SCHOOL,,Geita,Geita,,
NYAMAZONDOLIMA PRIMARY SCHOOL,,Geita,Geita,,
NYAMIBOGA PRIMARY SCHOOL,,Geita,Geita,,
NYAMIGOTA PRIMARY SCHOOL,,Geita,Geita,,
NYAMSENGA PRIMARY SCHOOL,,Geita,Geita,,
NYANKONGOCHORO PRIMARY SCHOOL,,Geita,Geita,,
NYANTIKA PRIMARY SCHOOL,,Geita,Geita,,
NYARUZUGUTI PRIMARY SCHOOL,,Geita,Geita,,
NYAWILIMILWA PRIMARY SCHOOL,,Geita,Geita,,
NZERA PRIMARY SCHOOL,,Geita,Geita,,
SANZA PRIMARY SCHOOL,,Geita,Geita,,
SHAHENDE PRIMARY SCHOOL,,Geita,Geita,,
UMMY MWALIMU PRIMARY SCHOOL,,Geita,Geita,,
WIGO PRIMARY SCHOOL,,Geita,Geita,,
14 KAMBARAGE PRIMARY SCHOOL,,Geita,Geita Tc,,
ALOYSIUS PRIMARY SCHOOL,,Geita,Geita Tc,,
AVE MARIA PRIMARY SCHOOL,,Geita,Geita Tc,,
BUHALAHALA PRIMARY SCHOOL,,Geita,Geita Tc,,
BUNEGEZI PRIMARY SCHOOL,,Geita,Geita Tc,,
ELISHADAI PRIMARY SCHOOL,,Geita,Geita Tc,,
GAMASHI PRIMARY SCHOOL,,Geita,Geita Tc,,
GOLDEN VALLEY MODERN PRIMARY SCHOOL,,Geita,Geita Tc,,
KAKONDA PRIMARY SCHOOL,,Geita,Geita Tc,,
KASAMWA PRIMARY SCHOOL,,Geita,Geita Tc,,
KUKULUMA PRIMARY SCHOOL,,Geita,Geita Tc,,
MAGUZU PRIMARY SCHOOL,,Geita,Geita Tc,,
MKOBA PRIMARY SCHOOL,,Geita,Geita Tc,,
MRISHO PRIMARY SCHOOL,,Geita,Geita Tc,,
MSHINDE PRIMARY SCHOOL,,Geita,Geita Tc,,
MWILIMA PRIMARY SCHOOL,,Geita,Geita Tc,,
NYABUBELE PRIMARY SCHOOL,,Geita,Geita Tc,,
NYAKAHONGOLA PRIMARY SCHOOL,,Geita,Geita Tc,,
NYAMALEMBO PRIMARY SCHOOL,,Geita,Geita Tc,,
NYANGUKU PRIMARY SCHOOL,,Geita,Geita Tc,,
NYANTOROTORO PRIMARY SCHOOL,,Geita,Geita Tc,,
PEMMA ELITE PRIMARY SCHOOL,,Geita,Geita Tc,,
ROYAL FAMILY PRIMARY SCHOOL,,Geita,Geita Tc,,
SHINAMWENDWA PRIMARY SCHOOL,,Geita,Geita Tc,,
WAJA SPRINGS PRIMARY SCHOOL,,Geita,Geita Tc,,
AL-HUDA PRIMARY SCHOOL,,Geita,Geita Tc,,
AMASHAK PRIMARY SCHOOL,,Geita,Geita Tc,,
BUNG'WANGOKO PRIMARY SCHOOL,,Geita,Geita Tc,,
EMACO VISION PRIMARY SCHOOL,,Geita,Geita Tc,,
GEITA ADVENTIST PRIMARY SCHOOL,,Geita,Geita Tc,,
GOLDEN VALLEY PRIMARY SCHOOL,,Geita,Geita Tc,,
LUKARANGA PRIMARY SCHOOL,,Geita,Geita Tc,,
MGUSU PRIMARY SCHOOL,,Geita,Geita Tc,,
NGUZOMBILI PRIMARY SCHOOL,,Geita,Geita Tc,,
NYAKABALE PRIMARY SCHOOL,,Geita,Geita Tc,,
NYANKUMBU PRIMARY SCHOOL,,Geita,Geita Tc,,
PRECIOUS BLOOD PRIMARY SCHOOL,,Geita,Geita Tc,,
SAMANDITO JUNIOR PRIMARY SCHOOL,,Geita,Geita Tc,,
SIMBAGUJI PRIMARY SCHOOL,,Geita,Geita Tc,,
YEANA PRIMARY SCHOOL,,Geita,Geita Tc,,
AL-MTAKUJA PRIMARY SCHOOL,,Geita,Geita Tc,,
APEX MWALIMU PRIMARY SCHOOL,,Geita,Geita Tc,,
BUMANJI PRIMARY SCHOOL,,Geita,Geita Tc,,
FTM PRIMARY SCHOOL,,Geita,Geita Tc,,
GEITA PRIMARY SCHOOL,,Geita,Geita Tc,,
IKULWA PRIMARY SCHOOL,,Geita,Geita Tc,,
KABUYOMBO PRIMARY SCHOOL,,Geita,Geita Tc,,
MAGOGO PRIMARY SCHOOL,,Geita,Geita Tc,,
MBABANI PRIMARY SCHOOL,,Geita,Geita Tc,,
MPOMVU PRIMARY SCHOOL,,Geita,Geita Tc,,
MWATULOLE PRIMARY SCHOOL,,Geita,Geita Tc,,
NOBLE BRIDGE PRIMARY SCHOOL,,Geita,Geita Tc,,
NYAKAHENGELE PRIMARY SCHOOL,,Geita,Geita Tc,,
NYAMPA PRIMARY SCHOOL,,Geita,Geita Tc,,
NYANTINDILI PRIMARY SCHOOL,,Geita,Geita Tc,,
NYASEKE PRIMARY SCHOOL,,Geita,Geita Tc,,
RICH HILL PRIMARY SCHOOL,,Geita,Geita Tc,,
SAMANDITO PRIMARY SCHOOL,,Geita,Geita Tc,,
TRUE VISION PRIMARY SCHOOL,,Geita,Geita Tc,,
UWANJA PRIMARY SCHOOL,,Geita,Geita Tc,,
AARDVARK PRIMARY SCHOOL,,Geita,Mbogwe,,
BUDODA PRIMARY SCHOOL,,Geita,Mbogwe,,
BULUHE PRIMARY SCHOOL,,Geita,Mbogwe,,
BUSABAGA PRIMARY SCHOOL,,Geita,Mbogwe,,
BUZIGOZIGO PRIMARY SCHOOL,,Geita,Mbogwe,,
BWENDASEKO PRIMARY SCHOOL,,Geita,Mbogwe,,
IKOBE PRIMARY SCHOOL,,Geita,Mbogwe,,
ILOLANGULU PRIMARY SCHOOL,,Geita,Mbogwe,,
ITIMBYA PRIMARY SCHOOL,,Geita,Mbogwe,,
KAKUMBI PRIMARY SCHOOL,,Geita,Mbogwe,,
LOEN PRIMARY SCHOOL,,Geita,Mbogwe,,
MAGUTA PRIMARY SCHOOL,,Geita,Mbogwe,,
MASUMBWE PRIMARY SCHOOL,,Geita,Mbogwe,,
MSENDAMILA PRIMARY SCHOOL,,Geita,Mbogwe,,
MUGELELE PRIMARY SCHOOL,,Geita,Mbogwe,,
NHOMOLWA PRIMARY SCHOOL,,Geita,Mbogwe,,
NYAKAFULU PRIMARY SCHOOL,,Geita,Mbogwe,,
NYAMIMBI PRIMARY SCHOOL,,Geita,Mbogwe,,
NYANHWIGA PRIMARY SCHOOL,,Geita,Mbogwe,,
NYASHINGE PRIMARY SCHOOL,,Geita,Mbogwe,,
SHENDA PRIMARY SCHOOL,,Geita,Mbogwe,,
USHETU-MBOGWE PRIMARY SCHOOL,,Geita,Mbogwe,,
BUGALAGALA PRIMARY SCHOOL,,Geita,Mbogwe,,
BULILILA PRIMARY SCHOOL,,Geita,Mbogwe,,
BUNIGONZI PRIMARY SCHOOL,,Geita,Mbogwe,,
BUZIGULA PRIMARY SCHOOL,,Geita,Mbogwe,,
IBAMBULA PRIMARY SCHOOL,,Geita,Mbogwe,,
IKUNGUIGAZI PRIMARY SCHOOL,,Geita,Mbogwe,,
IPONYA PRIMARY SCHOOL,,Geita,Mbogwe,,
ISHIGAMVA PRIMARY SCHOOL,,Geita,Mbogwe,,
IVUMWA PRIMARY SCHOOL,,Geita,Mbogwe,,
KANEGERE PRIMARY SCHOOL,,Geita,Mbogwe,,
KASHELO PRIMARY SCHOOL,,Geita,Mbogwe,,
LUBEHO PRIMARY SCHOOL,,Geita,Mbogwe,,
LULEMBELA PRIMARY SCHOOL,,Geita,Mbogwe,,
MPAKALI PRIMARY SCHOOL,,Geita,Mbogwe,,
MWANZA PRIMARY SCHOOL,,Geita,Mbogwe,,
NGEMO PRIMARY SCHOOL,,Geita,Mbogwe,,
NHUNGWIZA PRIMARY SCHOOL,,Geita,Mbogwe,,
NYAKASALUMA PRIMARY SCHOOL,,Geita,Mbogwe,,
NYANG'HOLONGO PRIMARY SCHOOL,,Geita,Mbogwe,,
WIGRARET PRIMARY SCHOOL,,Geita,Mbogwe,,
BRILLIANT PRIMARY SCHOOL,,Geita,Mbogwe,,
BULUGALA PRIMARY SCHOOL,,Geita,Mbogwe,,
BUNYIHUNA PRIMARY SCHOOL,,Geita,Mbogwe,,
BWENDAMWIZO PRIMARY SCHOOL,,Geita,Mbogwe,,
ISUNGABULA PRIMARY SCHOOL,,Geita,Mbogwe,,
KAKOLA-MBOGWE PRIMARY SCHOOL,,Geita,Mbogwe,,
KASOSOBE PRIMARY SCHOOL,,Geita,Mbogwe,,
KISUMO PRIMARY SCHOOL,,Geita,Mbogwe,,
LUGUNGA PRIMARY SCHOOL,,Geita,Mbogwe,,
MLANGE PRIMARY SCHOOL,,Geita,Mbogwe,,
MUBAMBA PRIMARY SCHOOL,,Geita,Mbogwe,,
MWABUKWALULE PRIMARY SCHOOL,,Geita,Mbogwe,,
MWINGILO PRIMARY SCHOOL,,Geita,Mbogwe,,
NGEZI PRIMARY SCHOOL,,Geita,Mbogwe,,
NSANGO PRIMARY SCHOOL,,Geita,Mbogwe,,
NYAMBUBI PRIMARY SCHOOL,,Geita,Mbogwe,,
NYANG'HWALE PRIMARY SCHOOL,,Geita,Mbogwe,,
ALBERT MNALI PRIMARY SCHOOL,,Geita,Nyang'Hwale,,
BUKULU PRIMARY SCHOOL,,Geita,Nyang'Hwale,,
BULANGALE PRIMARY SCHOOL,,Geita,Nyang'Hwale,,
BUPAMBA PRIMARY SCHOOL,,Geita,Nyang'Hwale,,
GULUMBAI PRIMARY SCHOOL,,Geita,Nyang'Hwale,,
IFUGANDI PRIMARY SCHOOL,,Geita,Nyang'Hwale,,
ISOLABUPINA PRIMARY SCHOOL,,Geita,Nyang'Hwale,,
IYENZE PRIMARY SCHOOL,,Geita,Nyang'Hwale,,
KABOHA PRIMARY SCHOOL,,Geita,Nyang'Hwale,,
KANEGELE PRIMARY SCHOOL,,Geita,Nyang'Hwale,,
KHARUMWA PRIMARY SCHOOL,,Geita,Nyang'Hwale,,
LYULU PRIMARY SCHOOL,,Geita,Nyang'Hwale,,
MWAMAKILIGA PRIMARY SCHOOL,,Geita,Nyang'Hwale,,
NG'WEJA PRIMARY SCHOOL,,Geita,Nyang'Hwale,,
NYABULANDA PRIMARY SCHOOL,,Geita,Nyang'Hwale,,
NYAMGOGWA PRIMARY SCHOOL,,Geita,Nyang'Hwale,,
NYANG'HWALE-'B' PRIMARY SCHOOL,,Geita,Nyang'Hwale,,
NYIJUNDU PRIMARY SCHOOL,,Geita,Nyang'Hwale,,
SHIBUMBA PRIMARY SCHOOL,,Geita,Nyang'Hwale,,
WENZULA PRIMARY SCHOOL,,Geita,Nyang'Hwale,,
BEYA PRIMARY SCHOOL,,Geita,Nyang'Hwale,,
BULULU PRIMARY SCHOOL,,Geita,Nyang'Hwale,,
BUSENGWA PRIMARY SCHOOL,,Geita,Nyang'Hwale,,
HUSSEIN NASORO PRIMARY SCHOOL,,Geita,Nyang'Hwale,,
ISONDA PRIMARY SCHOOL,,Geita,Nyang'Hwale,,
KAFITA PRIMARY SCHOOL,,Geita,Nyang'Hwale,,
KASUBUYA PRIMARY SCHOOL,,Geita,Nyang'Hwale,,
LUBANDO PRIMARY SCHOOL,,Geita,Nyang'Hwale,,
MHAMA PRIMARY SCHOOL,,Geita,Nyang'Hwale,,
MWINGIRO PRIMARY SCHOOL,,Geita,Nyang'Hwale,,
NHWIGA PRIMARY SCHOOL,,Geita,Nyang'Hwale,,
NYAKASWI PRIMARY SCHOOL,,Geita,Nyang'Hwale,,
NYAMIKONZE PRIMARY SCHOOL,,Geita,Nyang'Hwale,,
NYARUBELE PRIMARY SCHOOL,,Geita,Nyang'Hwale,,
SHABAKA PRIMARY SCHOOL,,Geita,Nyang'Hwale,,
SHIGUNGUMULI PRIMARY SCHOOL,,Geita,Nyang'Hwale,,
BUJULA PRIMARY SCHOOL,,Geita,Nyang'Hwale,,
BUKWIMBA PRIMARY SCHOOL,,Geita,Nyang'Hwale,,
BUMANDA PRIMARY SCHOOL,,Geita,Nyang'Hwale,,
IBAMBILA PRIMARY SCHOOL,,Geita,Nyang'Hwale,,
IKANGALA PRIMARY SCHOOL,,Geita,Nyang'Hwale,,
IZUNYA PRIMARY SCHOOL,,Geita,Nyang'Hwale,,
LUSHIMBA PRIMARY SCHOOL,,Geita,Nyang'Hwale,,
MADULU PRIMARY SCHOOL,,Geita,Nyang'Hwale,,
MIMBILI PRIMARY SCHOOL,,Geita,Nyang'Hwale,,
NGELELA PRIMARY SCHOOL,,Geita,Nyang'Hwale,,
NYAMAKALA PRIMARY SCHOOL,,Geita,Nyang'Hwale,,
NYANG'HWALE-'A' PRIMARY SCHOOL,,Geita,Nyang'Hwale,,
NYARUGUGUNA PRIMARY SCHOOL,,Geita,Nyang'Hwale,,
SHIBALANGA PRIMARY SCHOOL,,Geita,Nyang'Hwale,,
WAVU PRIMARY SCHOOL,,Geita,Nyang'Hwale,,
AGAPE LUTHERANI PRIMARY SCHOOL,,Shinyanga,Kahama Tc,,
BUKOOBA PRIMARY SCHOOL,,Shinyanga,Kahama Tc,,
CARE-JHS PRIMARY SCHOOL,,Shinyanga,Kahama Tc,,
DAIMA PRIMARY SCHOOL,,Shinyanga,Kahama Tc,,
GEMBE PRIMARY SCHOOL,,Shinyanga,Kahama Tc,,
GREEN STAR PRIMARY SCHOOL,,Shinyanga,Kahama Tc,,
JOHNSON PRIMARY SCHOOL,,Shinyanga,Kahama Tc,,
KAHAMA ROYAL ACADEMY PRIMARY SCHOOL,,Shinyanga,Kahama Tc,,
KIDUNYASHI PRIMARY SCHOOL,,Shinyanga,Kahama Tc,,
KINAGA PRIMARY SCHOOL,,Shinyanga,Kahama Tc,,
KISHIMA 'C' PRIMARY SCHOOL,,Shinyanga,Kahama Tc,,
KWEMA MODERN PRIMARY SCHOOL,,Shinyanga,Kahama Tc,,
LOWA PRIMARY SCHOOL,,Shinyanga,Kahama Tc,,
MALENGE PRIMARY SCHOOL,,Shinyanga,Kahama Tc,,
MHUNGULA PRIMARY SCHOOL,,Shinyanga,Kahama Tc,,
NTUNGULU PRIMARY SCHOOL,,Shinyanga,Kahama Tc,,
NYAHANGA 'B' PRIMARY SCHOOL,,Shinyanga,Kahama Tc,,
RICHRICE PRIMARY SCHOOL,,Shinyanga,Kahama Tc,,
ROCKEN HILL PRIMARY SCHOOL,,Shinyanga,Kahama Tc,,
SHUNU PRIMARY SCHOOL,,Shinyanga,Kahama Tc,,
SUNSET PRIMARY SCHOOL,,Shinyanga,Kahama Tc,,
UBILIMBI PRIMARY SCHOOL,,Shinyanga,Kahama Tc,,
WAME PRIMARY SCHOOL,,Shinyanga,Kahama Tc,,
WIGEHE PRIMARY SCHOOL,,Shinyanga,Kahama Tc,,
ALBAN SEMINARY PRIMARY SCHOOL,,Shinyanga,Kahama Tc,,
BUDUBA PRIMARY SCHOOL,,Shinyanga,Kahama Tc,,
BUJIKA PRIMARY SCHOOL,,Shinyanga,Kahama Tc,,
BUMBITI B PRIMARY SCHOOL,,Shinyanga,Kahama Tc,,
CHALYA PRIMARY SCHOOL,,Shinyanga,Kahama Tc,,
DANVIVA PRIMARY SCHOOL,,Shinyanga,Kahama Tc,,
GIRIME PRIMARY SCHOOL,,Shinyanga,Kahama Tc,,
GUIDO PRIMARY SCHOOL,,Shinyanga,Kahama Tc,,
ISAGEHE PRIMARY SCHOOL,,Shinyanga,Kahama Tc,,
KAHAMA 'B' PRIMARY SCHOOL,,Shinyanga,Kahama Tc,,
KAHAMA SDA PRIMARY SCHOOL,,Shinyanga,Kahama Tc,,
KILIMA 'A' PRIMARY SCHOOL,,Shinyanga,Kahama Tc,,
KISHIMA 'A' PRIMARY SCHOOL,,Shinyanga,Kahama Tc,,
KITWANA PRIMARY SCHOOL,,Shinyanga,Kahama Tc,,
KWEMA PRIMARY SCHOOL,,Shinyanga,Kahama Tc,,
MAGOBEKO PRIMARY SCHOOL,,Shinyanga,Kahama Tc,,
MALUNGA PRIMARY SCHOOL,,Shinyanga,Kahama Tc,,
MHONGOLO PRIMARY SCHOOL,,Shinyanga,Kahama Tc,,
MINGAS PRIMARY SCHOOL,,Shinyanga,Kahama Tc,,
MWIME PRIMARY SCHOOL,,Shinyanga,Kahama Tc,,
NGOGWA PRIMARY SCHOOL,,Shinyanga,Kahama Tc,,
NUJA PRIMARY SCHOOL,,Shinyanga,Kahama Tc,,
NYAMBULA PRIMARY SCHOOL,,Shinyanga,Kahama Tc,,
NYANHEMBE PRIMARY SCHOOL,,Shinyanga,Kahama Tc,,
PALIKAS PRIMARY SCHOOL,,Shinyanga,Kahama Tc,,
RISE HIGH PRIMARY SCHOOL,,Shinyanga,Kahama Tc,,
SANGILWA PRIMARY SCHOOL,,Shinyanga,Kahama Tc,,
ST ANTONY OF PADUA PRIMARY SCHOOL,,Shinyanga,Kahama Tc,,
ST.CYRIL NA METHODIUS PRIMARY SCHOOL,,Shinyanga,Kahama Tc,,
TULOLE PRIMARY SCHOOL,,Shinyanga,Kahama Tc,,
UFALA PRIMARY SCHOOL,,Shinyanga,Kahama Tc,,
WENDELE PRIMARY SCHOOL,,Shinyanga,Kahama Tc,,
ZONGOMERA PRIMARY SCHOOL,,Shinyanga,Kahama Tc,,
AL-WAHAAB MUSLIM PRIMARY SCHOOL,,Shinyanga,Kahama Tc,,
BUKONDAMOYO PRIMARY SCHOOL,,Shinyanga,Kahama Tc,,
BUMBITI PRIMARY SCHOOL,,Shinyanga,Kahama Tc,,
CANON CITY PRIMARY SCHOOL,,Shinyanga,Kahama Tc,,
CHAPULWA PRIMARY SCHOOL,,Shinyanga,Kahama Tc,,
DEBLA PRIMARY SCHOOL,,Shinyanga,Kahama Tc,,
GREEN STAR JUNIOR PRIMARY SCHOOL,,Shinyanga,Kahama Tc,,
IBADHI KAHAMA PRIMARY SCHOOL,,Shinyanga,Kahama Tc,,
IGUNG'HWA PRIMARY SCHOOL,,Shinyanga,Kahama Tc,,
ISALENGE PRIMARY SCHOOL,,Shinyanga,Kahama Tc,,
JOHNSON EXCELLENCY PRIMARY SCHOOL,,Shinyanga,Kahama Tc,,
KAGONGWA B PRIMARY SCHOOL,,Shinyanga,Kahama Tc,,
KILIMA 'B' PRIMARY SCHOOL,,Shinyanga,Kahama Tc,,
KISHIMA 'B' PRIMARY SCHOOL,,Shinyanga,Kahama Tc,,
KOROGWE PRIMARY SCHOOL,,Shinyanga,Kahama Tc,,
LIGHT PRIMARY SCHOOL,,Shinyanga,Kahama Tc,,
MBULU B PRIMARY SCHOOL,,Shinyanga,Kahama Tc,,
MHUNGULA 'B' PRIMARY SCHOOL,,Shinyanga,Kahama Tc,,
MKONGE PRIMARY SCHOOL,,Shinyanga,Kahama Tc,,
MWANZWAGI PRIMARY SCHOOL,,Shinyanga,Kahama Tc,,
NDUKU PRIMARY SCHOOL,,Shinyanga,Kahama Tc,,
NYAHANGA 'A' PRIMARY SCHOOL,,Shinyanga,Kahama Tc,,
NYAMIH PRIMARY SCHOOL,,Shinyanga,Kahama Tc,,
NYASHIMBI PRIMARY SCHOOL,,Shinyanga,Kahama Tc,,
PENZI PRIMARY SCHOOL,,Shinyanga,Kahama Tc,,
ROCKEN HILL JUNIOR PRIMARY SCHOOL,,Shinyanga,Kahama Tc,,
ST FRANCIS KAGONGWA PRIMARY SCHOOL,,Shinyanga,Kahama Tc,,
SUNGE PRIMARY SCHOOL,,Shinyanga,Kahama Tc,,
UMMAHATI ISLAMIYA PRIMARY SCHOOL,,Shinyanga,Kahama Tc,,
WEST END PRIMARY SCHOOL,,Shinyanga,Kahama Tc,,
BELEDI PRIMARY SCHOOL,,Shinyanga,Kishapu,,
BUCHAMBI PRIMARY SCHOOL,,Shinyanga,Kishapu,,
BUKINGWAMANDEGE PRIMARY SCHOOL,,Shinyanga,Kishapu,,
BUNAMBIYU PRIMARY SCHOOL,,Shinyanga,Kishapu,,
BUSONGO PRIMARY SCHOOL,,Shinyanga,Kishapu,,
DUGUSHILU PRIMARY SCHOOL,,Shinyanga,Kishapu,,
HINDAWASHI PRIMARY SCHOOL,,Shinyanga,Kishapu,,
IDISANHAMBO PRIMARY SCHOOL,,Shinyanga,Kishapu,,
ILOBI PRIMARY SCHOOL,,Shinyanga,Kishapu,,
ISAGALA PRIMARY SCHOOL,,Shinyanga,Kishapu,,
JIJONGO PRIMARY SCHOOL,,Shinyanga,Kishapu,,
LAGANA PRIMARY SCHOOL,,Shinyanga,Kishapu,,
MAGALATA PRIMARY SCHOOL,,Shinyanga,Kishapu,,
MANGU PRIMARY SCHOOL,,Shinyanga,Kishapu,,
MAYANJI PRIMARY SCHOOL,,Shinyanga,Kishapu,,
MWADUI ANGLICAN PRIMARY SCHOOL,,Shinyanga,Kishapu,,
MWAJIGINYA PRIMARY SCHOOL,,Shinyanga,Kishapu,,
MWANULU PRIMARY SCHOOL,,Shinyanga,Kishapu,,
MWATUJU PRIMARY SCHOOL,,Shinyanga,Kishapu,,
NGUNGA PRIMARY SCHOOL,,Shinyanga,Kishapu,,
NG'WAJININGU PRIMARY SCHOOL,,Shinyanga,Kishapu,,
NG'WAMANOTA PRIMARY SCHOOL,,Shinyanga,Kishapu,,
NG'WANDU PRIMARY SCHOOL,,Shinyanga,Kishapu,,
NG'WANGOMBOLWA PRIMARY SCHOOL,,Shinyanga,Kishapu,,
NG'WIGUMBI PRIMARY SCHOOL,,Shinyanga,Kishapu,,
NYASAMBA PRIMARY SCHOOL,,Shinyanga,Kishapu,,
SEKE PRIMARY SCHOOL,,Shinyanga,Kishapu,,
SHIYA PRIMARY SCHOOL,,Shinyanga,Kishapu,,
UCHUNGA PRIMARY SCHOOL,,Shinyanga,Kishapu,,
WINENEKEJA PRIMARY SCHOOL,,Shinyanga,Kishapu,,
BUBIKI PRIMARY SCHOOL,,Shinyanga,Kishapu,,
BUDUHE PRIMARY SCHOOL,,Shinyanga,Kishapu,,
BUPIGI PRIMARY SCHOOL,,Shinyanga,Kishapu,,
BUTUYU PRIMARY SCHOOL,,Shinyanga,Kishapu,,
DULISI PRIMARY SCHOOL,,Shinyanga,Kishapu,,
IDUKILO PRIMARY SCHOOL,,Shinyanga,Kishapu,,
IKUMBO PRIMARY SCHOOL,,Shinyanga,Kishapu,,
ISEMELO PRIMARY SCHOOL,,Shinyanga,Kishapu,,
ITILIMA PRIMARY SCHOOL,,Shinyanga,Kishapu,,
KALITU PRIMARY SCHOOL,,Shinyanga,Kishapu,,
KINAMPANDA PRIMARY SCHOOL,,Shinyanga,Kishapu,,
MIPA PRIMARY SCHOOL,,Shinyanga,Kishapu,,
MPUMBULA PRIMARY SCHOOL,,Shinyanga,Kishapu,,
MWABUSIGA PRIMARY SCHOOL,,Shinyanga,Kishapu,,
MWADUI 'C' PRIMARY SCHOOL,,Shinyanga,Kishapu,,
MWAKOLOMWA PRIMARY SCHOOL,,Shinyanga,Kishapu,,
MWAMASOLOLO PRIMARY SCHOOL,,Shinyanga,Kishapu,,
MWAWEJA PRIMARY SCHOOL,,Shinyanga,Kishapu,,
NGOFILA PRIMARY SCHOOL,,Shinyanga,Kishapu,,
NG'WAJIPUGILA PRIMARY SCHOOL,,Shinyanga,Kishapu,,
NG'WAMISHONI PRIMARY SCHOOL,,Shinyanga,Kishapu,,
NG'WANIMA PRIMARY SCHOOL,,Shinyanga,Kishapu,,
NYENZE PRIMARY SCHOOL,,Shinyanga,Kishapu,,
SESEKO PRIMARY SCHOOL,,Shinyanga,Kishapu,,
SOMAGEDI PRIMARY SCHOOL,,Shinyanga,Kishapu,,
UKENYENGE PRIMARY SCHOOL,,Shinyanga,Kishapu,,
WISHITELEJA PRIMARY SCHOOL,,Shinyanga,Kishapu,,
BUGANIKA PRIMARY SCHOOL,,Shinyanga,Kishapu,,
BULIMBA PRIMARY SCHOOL,,Shinyanga,Kishapu,,
BUSANGWA PRIMARY SCHOOL,,Shinyanga,Kishapu,,
BUZINZA PRIMARY SCHOOL,,Shinyanga,Kishapu,,
HILISHI PRIMARY SCHOOL,,Shinyanga,Kishapu,,
IDIDI PRIMARY SCHOOL,,Shinyanga,Kishapu,,
IDUSHI PRIMARY SCHOOL,,Shinyanga,Kishapu,,
IKOMBABUKI PRIMARY SCHOOL,,Shinyanga,Kishapu,,
ILEBELEBE PRIMARY SCHOOL,,Shinyanga,Kishapu,,
IPILILO PRIMARY SCHOOL,,Shinyanga,Kishapu,,
ISOSO PRIMARY SCHOOL,,Shinyanga,Kishapu,,
ITONGOITALE PRIMARY SCHOOL,,Shinyanga,Kishapu,,
KANAWA PRIMARY SCHOOL,,Shinyanga,Kishapu,,
KISHAPU PRIMARY SCHOOL,,Shinyanga,Kishapu,,
MIYUGUYU PRIMARY SCHOOL,,Shinyanga,Kishapu,,
MUGUDA PRIMARY SCHOOL,,Shinyanga,Kishapu,,
MWADUI 'A' PRIMARY SCHOOL,,Shinyanga,Kishapu,,
MWADUI DDC PRIMARY SCHOOL,,Shinyanga,Kishapu,,
MWAMADULU PRIMARY SCHOOL,,Shinyanga,Kishapu,,
MWAMASHELE PRIMARY SCHOOL,,Shinyanga,Kishapu,,
MWANGONGO PRIMARY SCHOOL,,Shinyanga,Kishapu,,
MWATAGA PRIMARY SCHOOL,,Shinyanga,Kishapu,,
NGUNDANGALI PRIMARY SCHOOL,,Shinyanga,Kishapu,,
NG'WAJIDALALA PRIMARY SCHOOL,,Shinyanga,Kishapu,,
NG'WALATA PRIMARY SCHOOL,,Shinyanga,Kishapu,,
NG'WANDOMA PRIMARY SCHOOL,,Shinyanga,Kishapu,,
NG'WANG'HILI PRIMARY SCHOOL,,Shinyanga,Kishapu,,
NG'WASHINONG'HELA PRIMARY SCHOOL,,Shinyanga,Kishapu,,
NHYAWA PRIMARY SCHOOL,,Shinyanga,Kishapu,,
SHAGIHILU PRIMARY SCHOOL,,Shinyanga,Kishapu,,
SONGWA PRIMARY SCHOOL,,Shinyanga,Kishapu,,
WELA PRIMARY SCHOOL,,Shinyanga,Kishapu,,
ALEXANDER PERFECT VIEW PRIMARY SCHOOL,,Shinyanga,Msalala,,
BUCHAMBAGA PRIMARY SCHOOL,,Shinyanga,Msalala,,
BULIGE 'B' PRIMARY SCHOOL,,Shinyanga,Msalala,,
BUMVA PRIMARY SCHOOL,,Shinyanga,Msalala,,
BUSULWANGILI PRIMARY SCHOOL,,Shinyanga,Msalala,,
BUTONDOLO PRIMARY SCHOOL,,Shinyanga,Msalala,,
CHELA PRIMARY SCHOOL,,Shinyanga,Msalala,,
IBANZA PRIMARY SCHOOL,,Shinyanga,Msalala,,
ITOGWANHOLO PRIMARY SCHOOL,,Shinyanga,Msalala,,
JANA PRIMARY SCHOOL,,Shinyanga,Msalala,,
KABANDA PRIMARY SCHOOL,,Shinyanga,Msalala,,
KAKOLA 'A' PRIMARY SCHOOL,,Shinyanga,Msalala,,
KAKULU PRIMARY SCHOOL,,Shinyanga,Msalala,,
LWABAKANGA PRIMARY SCHOOL,,Shinyanga,Msalala,,
MWAKUHENGA PRIMARY SCHOOL,,Shinyanga,Msalala,,
MWAMAKANGA PRIMARY SCHOOL,,Shinyanga,Msalala,,
MWANINGI PRIMARY SCHOOL,,Shinyanga,Msalala,,
MWANYAGULI PRIMARY SCHOOL,,Shinyanga,Msalala,,
MWASHIMBAYI PRIMARY SCHOOL,,Shinyanga,Msalala,,
NHUMBI PRIMARY SCHOOL,,Shinyanga,Msalala,,
NYAMIGEGE PRIMARY SCHOOL,,Shinyanga,Msalala,,
SEGESE 'B' PRIMARY SCHOOL,,Shinyanga,Msalala,,
SHILELA PRIMARY SCHOOL,,Shinyanga,Msalala,,
ST.CLEMENT PRIMARY SCHOOL,,Shinyanga,Msalala,,
WISOLELE PRIMARY SCHOOL,,Shinyanga,Msalala,,
BUGANZO PRIMARY SCHOOL,,Shinyanga,Msalala,,
BUKWANGU PRIMARY SCHOOL,,Shinyanga,Msalala,,
BULUMA PRIMARY SCHOOL,,Shinyanga,Msalala,,
BUSANGI PRIMARY SCHOOL,,Shinyanga,Msalala,,
BUSUNGO PRIMARY SCHOOL,,Shinyanga,Msalala,,
DE SALES ISAKA PRIMARY SCHOOL,,Shinyanga,Msalala,,
IZUGA PRIMARY SCHOOL,,Shinyanga,Msalala,,
JOMU PRIMARY SCHOOL,,Shinyanga,Msalala,,
KAKOLA 'B' PRIMARY SCHOOL,,Shinyanga,Msalala,,
KALAGWA PRIMARY SCHOOL,,Shinyanga,Msalala,,
KILIMBU PRIMARY SCHOOL,,Shinyanga,Msalala,,
MADAHO PRIMARY SCHOOL,,Shinyanga,Msalala,,
MALITO PRIMARY SCHOOL,,Shinyanga,Msalala,,
MBIZI PRIMARY SCHOOL,,Shinyanga,Msalala,,
MWAKUZUKA PRIMARY SCHOOL,,Shinyanga,Msalala,,
MWAMANDI PRIMARY SCHOOL,,Shinyanga,Msalala,,
MWANKIMA PRIMARY SCHOOL,,Shinyanga,Msalala,,
MWAZIMBA PRIMARY SCHOOL,,Shinyanga,Msalala,,
NDALILO PRIMARY SCHOOL,,Shinyanga,Msalala,,
NYAKADONI PRIMARY SCHOOL,,Shinyanga,Msalala,,
NYAMINJE PRIMARY SCHOOL,,Shinyanga,Msalala,,
NYANGARATA PRIMARY SCHOOL,,Shinyanga,Msalala,,
SEGESE NO. 1 PRIMARY SCHOOL,,Shinyanga,Msalala,,
SHISHINULU PRIMARY SCHOOL,,Shinyanga,Msalala,,
SUNGAMILE PRIMARY SCHOOL,,Shinyanga,Msalala,,
BANHI PRIMARY SCHOOL,,Shinyanga,Msalala,,
BUGARAMA ISLAMIC PRIMARY SCHOOL,,Shinyanga,Msalala,,
BULIGE 'A' PRIMARY SCHOOL,,Shinyanga,Msalala,,
BULYANHULU PRIMARY SCHOOL,,Shinyanga,Msalala,,
BUSINDI PRIMARY SCHOOL,,Shinyanga,Msalala,,
BUTEGWA PRIMARY SCHOOL,,Shinyanga,Msalala,,
BUYANGE PRIMARY SCHOOL,,Shinyanga,Msalala,,
FULTONSHEEN PRIMARY SCHOOL,,Shinyanga,Msalala,,
GULLA PRIMARY SCHOOL,,Shinyanga,Msalala,,
IGWAMANONI BUG PRIMARY SCHOOL,,Shinyanga,Msalala,,
ITINDE PRIMARY SCHOOL,,Shinyanga,Msalala,,
IZUMBA PRIMARY SCHOOL,,Shinyanga,Msalala,,
KADATI PRIMARY SCHOOL,,Shinyanga,Msalala,,
KAKOLA 'C' PRIMARY SCHOOL,,Shinyanga,Msalala,,
MAGONGWA PRIMARY SCHOOL,,Shinyanga,Msalala,,
MASABI PRIMARY SCHOOL,,Shinyanga,Msalala,,
MEGA PRIMARY SCHOOL,,Shinyanga,Msalala,,
MWAKATA PRIMARY SCHOOL,,Shinyanga,Msalala,,
MWALUGULU PRIMARY SCHOOL,,Shinyanga,Msalala,,
MWANASE PRIMARY SCHOOL,,Shinyanga,Msalala,,
MWASHIGINI PRIMARY SCHOOL,,Shinyanga,Msalala,,
NGAYA PRIMARY SCHOOL,,Shinyanga,Msalala,,
NTUNDU PRIMARY SCHOOL,,Shinyanga,Msalala,,
NYAMIDIDI PRIMARY SCHOOL,,Shinyanga,Msalala,,
NYAMISHIGA PRIMARY SCHOOL,,Shinyanga,Msalala,,
NYIKOBOKO PRIMARY SCHOOL,,Shinyanga,Msalala,,
SEGESE PRIMARY SCHOOL,,Shinyanga,Msalala,,
ST. JOSEPHINE BAKHITA PRIMARY SCHOOL,,Shinyanga,Msalala,,
WICHAMIKE PRIMARY SCHOOL,,Shinyanga,Msalala,,
BUGISI PRIMARY SCHOOL,,Shinyanga,Shinyanga,,
BUSHOMA PRIMARY SCHOOL,,Shinyanga,Shinyanga,,
IBUBU PRIMARY SCHOOL,,Shinyanga,Shinyanga,,
IKINGWAMANOTI PRIMARY SCHOOL,,Shinyanga,Shinyanga,,
ILOBASHI PRIMARY SCHOOL,,Shinyanga,Shinyanga,,
IMESELA PRIMARY SCHOOL,,Shinyanga,Shinyanga,,
ISELAMAGAZI PRIMARY SCHOOL,,Shinyanga,Shinyanga,,
ITUBANILO PRIMARY SCHOOL,,Shinyanga,Shinyanga,,
KIGWANG'HONA PRIMARY SCHOOL,,Shinyanga,Shinyanga,,
KIMANDAGULI PRIMARY SCHOOL,,Shinyanga,Shinyanga,,
LOHUMBO PRIMARY SCHOOL,,Shinyanga,Shinyanga,,
LYABUSALU 'B' PRIMARY SCHOOL,,Shinyanga,Shinyanga,,
MANYADA PRIMARY SCHOOL,,Shinyanga,Shinyanga,,
MASENGWA PRIMARY SCHOOL,,Shinyanga,Shinyanga,,
MAWEMILU PRIMARY SCHOOL,,Shinyanga,Shinyanga,,
MHANGU 'B' PRIMARY SCHOOL,,Shinyanga,Shinyanga,,
MWABAGEHU PRIMARY SCHOOL,,Shinyanga,Shinyanga,,
MWABUNDALA PRIMARY SCHOOL,,Shinyanga,Shinyanga,,
MWAKATOLA PRIMARY SCHOOL,,Shinyanga,Shinyanga,,
MWAMAKARANGA PRIMARY SCHOOL,,Shinyanga,Shinyanga,,
MWAMBASHA PRIMARY SCHOOL,,Shinyanga,Shinyanga,,
MWASELE PRIMARY SCHOOL,,Shinyanga,Shinyanga,,
MWASINGU PRIMARY SCHOOL,,Shinyanga,Shinyanga,,
NG'WAMADILANHA PRIMARY SCHOOL,,Shinyanga,Shinyanga,,
NG'WANANGI PRIMARY SCHOOL,,Shinyanga,Shinyanga,,
NHENDEGESE PRIMARY SCHOOL,,Shinyanga,Shinyanga,,
NSHISHINULU PRIMARY SCHOOL,,Shinyanga,Shinyanga,,
NYANDOLWA PRIMARY SCHOOL,,Shinyanga,Shinyanga,,
NYIDA PRIMARY SCHOOL,,Shinyanga,Shinyanga,,
NZOZA PRIMARY SCHOOL,,Shinyanga,Shinyanga,,
PUNI PRIMARY SCHOOL,,Shinyanga,Shinyanga,,
SAYU PRIMARY SCHOOL,,Shinyanga,Shinyanga,,
SOLWA PRIMARY SCHOOL,,Shinyanga,Shinyanga,,
SUMBIGU PRIMARY SCHOOL,,Shinyanga,Shinyanga,,
TINDENG'HULU PRIMARY SCHOOL,,Shinyanga,Shinyanga,,
ZOBOGO PRIMARY SCHOOL,,Shinyanga,Shinyanga,,
BUNONGA PRIMARY SCHOOL,,Shinyanga,Shinyanga,,
HINDUKI PRIMARY SCHOOL,,Shinyanga,Shinyanga,,
IDODOMA PRIMARY SCHOOL,,Shinyanga,Shinyanga,,
IHALO PRIMARY SCHOOL,,Shinyanga,Shinyanga,,
ILOLA PRIMARY SCHOOL,,Shinyanga,Shinyanga,,
ISHINABULANDI PRIMARY SCHOOL,,Shinyanga,Shinyanga,,
KAZUNI PRIMARY SCHOOL,,Shinyanga,Shinyanga,,
KIHONGWE PRIMARY SCHOOL,,Shinyanga,Shinyanga,,
LYABUKANDE PRIMARY SCHOOL,,Shinyanga,Shinyanga,,
LYAGITI PRIMARY SCHOOL,,Shinyanga,Shinyanga,,
MANHEIGANA PRIMARY SCHOOL,,Shinyanga,Shinyanga,,
MAPINGILI PRIMARY SCHOOL,,Shinyanga,Shinyanga,,
MASKATI PRIMARY SCHOOL,,Shinyanga,Shinyanga,,
MENDO PRIMARY SCHOOL,,Shinyanga,Shinyanga,,
MHANGU C PRIMARY SCHOOL,,Shinyanga,Shinyanga,,
MWABENDA PRIMARY SCHOOL,,Shinyanga,Shinyanga,,
MWAJIJI PRIMARY SCHOOL,,Shinyanga,Shinyanga,,
MWANDUTU PRIMARY SCHOOL,,Shinyanga,Shinyanga,,
MWASENGE PRIMARY SCHOOL,,Shinyanga,Shinyanga,,
NDUGUTI PRIMARY SCHOOL,,Shinyanga,Shinyanga,,
NGOKOLO PRIMARY SCHOOL,,Shinyanga,Shinyanga,,
NG'WALUKWA 'A' PRIMARY SCHOOL,,Shinyanga,Shinyanga,,
NG'WAMKANGA PRIMARY SCHOOL,,Shinyanga,Shinyanga,,
NG'WANG'OSHA PRIMARY SCHOOL,,Shinyanga,Shinyanga,,
NYALIGONGO PRIMARY SCHOOL,,Shinyanga,Shinyanga,,
NYIKA PRIMARY SCHOOL,,Shinyanga,Shinyanga,,
OLA PRIMARY SCHOOL,,Shinyanga,Shinyanga,,
SALAWE PRIMARY SCHOOL,,Shinyanga,Shinyanga,,
SHABULUBA PRIMARY SCHOOL,,Shinyanga,Shinyanga,,
SHINGIDA PRIMARY SCHOOL,,Shinyanga,Shinyanga,,
TINDE 'A' PRIMARY SCHOOL,,Shinyanga,Shinyanga,,
ZUNZULI 'B' PRIMARY SCHOOL,,Shinyanga,Shinyanga,,
BUKAMBA PRIMARY SCHOOL,,Shinyanga,Shinyanga,,
DIDIA PRIMARY SCHOOL,,Shinyanga,Shinyanga,,
IGANZA PRIMARY SCHOOL,,Shinyanga,Shinyanga,,
IHUGI PRIMARY SCHOOL,,Shinyanga,Shinyanga,,
IKUNGULABUPINA PRIMARY SCHOOL,,Shinyanga,Shinyanga,,
JIMONDOLI PRIMARY SCHOOL,,Shinyanga,Shinyanga,,
KANO PRIMARY SCHOOL,,Shinyanga,Shinyanga,,
KIDANDA PRIMARY SCHOOL,,Shinyanga,Shinyanga,,
LYABUSALU 'A' PRIMARY SCHOOL,,Shinyanga,Shinyanga,,
LYAMIDATI PRIMARY SCHOOL,,Shinyanga,Shinyanga,,
MANONGA PRIMARY SCHOOL,,Shinyanga,Shinyanga,,
MASEKELO PRIMARY SCHOOL,,Shinyanga,Shinyanga,,
MASUNULA PRIMARY SCHOOL,,Shinyanga,Shinyanga,,
MHANGU 'A' PRIMARY SCHOOL,,Shinyanga,Shinyanga,,
MISHEPO PRIMARY SCHOOL,,Shinyanga,Shinyanga,,
MWAJILUGULA PRIMARY SCHOOL,,Shinyanga,Shinyanga,,
MWAMAKALA PRIMARY SCHOOL,,Shinyanga,Shinyanga,,
MWAMANYUDA PRIMARY SCHOOL,,Shinyanga,Shinyanga,,
MWANONO PRIMARY SCHOOL,,Shinyanga,Shinyanga,,
MWASHAGI PRIMARY SCHOOL,,Shinyanga,Shinyanga,,
NG'HAMA PRIMARY SCHOOL,,Shinyanga,Shinyanga,,
NGONG'HO PRIMARY SCHOOL,,Shinyanga,Shinyanga,,
NG'WALUKWA 'B' PRIMARY SCHOOL,,Shinyanga,Shinyanga,,
NG'WAMPANGABULE PRIMARY SCHOOL,,Shinyanga,Shinyanga,,
NG'WANHANGALA PRIMARY SCHOOL,,Shinyanga,Shinyanga,,
NYAMALOGO PRIMARY SCHOOL,,Shinyanga,Shinyanga,,
NZAGALUBA PRIMARY SCHOOL,,Shinyanga,Shinyanga,,
PANDAGICHIZA PRIMARY SCHOOL,,Shinyanga,Shinyanga,,
SAMUYE PRIMARY SCHOOL,,Shinyanga,Shinyanga,,
SHATIMBA PRIMARY SCHOOL,,Shinyanga,Shinyanga,,
SOLWA B PRIMARY SCHOOL,,Shinyanga,Shinyanga,,
ST. MARIA GORETTI PRIMARY SCHOOL,,Shinyanga,Shinyanga,,
TINDE 'B' PRIMARY SCHOOL,,Shinyanga,Shinyanga,,
WELEZO PRIMARY SCHOOL,,Shinyanga,Shinyanga,,
ZUNZULI PRIMARY SCHOOL,,Shinyanga,Shinyanga,,
BUGOYI B PRIMARY SCHOOL,,Shinyanga,Shinyanga Mc,,
GALAMBA PRIMARY SCHOOL,,Shinyanga,Shinyanga Mc,,
IBADHI PRIMARY SCHOOL,,Shinyanga,Shinyanga Mc,,
LITTLE TREASURES PRIMARY SCHOOL,,Shinyanga,Shinyanga Mc,,
MACEDONIA LUTHERAN PRIMARY SCHOOL,,Shinyanga,Shinyanga Mc,,
MWAMAGUNGULI A PRIMARY SCHOOL,,Shinyanga,Shinyanga Mc,,
MWANTINI PRIMARY SCHOOL,,Shinyanga,Shinyanga Mc,,
NDALA B PRIMARY SCHOOL,,Shinyanga,Shinyanga Mc,,
NEGEZI PRIMARY SCHOOL,,Shinyanga,Shinyanga Mc,,
OLD SHINYANGA PRIMARY SCHOOL,,Shinyanga,Shinyanga Mc,,
SHINYANGA ADVENTIST PRIMARY SCHOOL,,Shinyanga,Shinyanga Mc,,
UZOGORE PRIMARY SCHOOL,,Shinyanga,Shinyanga Mc,,
BALINA PRIMARY SCHOOL,,Shinyanga,Shinyanga Mc,,
BUGIMBAGU PRIMARY SCHOOL,,Shinyanga,Shinyanga Mc,,
BUGWANDEGE PRIMARY SCHOOL,,Shinyanga,Shinyanga Mc,,
BUSHOLA PRIMARY SCHOOL,,Shinyanga,Shinyanga Mc,,
HILBAT PRIMARY SCHOOL,,Shinyanga,Shinyanga Mc,,
IBADAKULI 'B' PRIMARY SCHOOL,,Shinyanga,Shinyanga Mc,,
IBINZAMATA PRIMARY SCHOOL,,Shinyanga,Shinyanga Mc,,
KOLANDOTO PRIMARY SCHOOL,,Shinyanga,Shinyanga Mc,,
MALLEN PRIMARY SCHOOL,,Shinyanga,Shinyanga Mc,,
MWALUGOYE PRIMARY SCHOOL,,Shinyanga,Shinyanga Mc,,
MWAMAGUNGULI B PRIMARY SCHOOL,,Shinyanga,Shinyanga Mc,,
NDALA A PRIMARY SCHOOL,,Shinyanga,Shinyanga Mc,,
NG'WIHANDO PRIMARY SCHOOL,,Shinyanga,Shinyanga Mc,,
SAMUU PRIMARY SCHOOL,,Shinyanga,Shinyanga Mc,,
SHINYANGA MODERN PRIMARY SCHOOL,,Shinyanga,Shinyanga Mc,,
TOWN PRIMARY SCHOOL,,Shinyanga,Shinyanga Mc,,
VIWANDANI PRIMARY SCHOOL,,Shinyanga,Shinyanga Mc,,
BECO PRIMARY SCHOOL,,Shinyanga,Shinyanga Mc,,
BUGOYI A PRIMARY SCHOOL,,Shinyanga,Shinyanga Mc,,
BUGWETO PRIMARY SCHOOL,,Shinyanga,Shinyanga Mc,,
CHIBE PRIMARY SCHOOL,,Shinyanga,Shinyanga Mc,,
HOCHWALT PRIMARY SCHOOL,,Shinyanga,Shinyanga Mc,,
IBADAKULI PRIMARY SCHOOL,,Shinyanga,Shinyanga Mc,,
IWELYANGULA PRIMARY SCHOOL,,Shinyanga,Shinyanga Mc,,
KOM PRIMARY SCHOOL,,Shinyanga,Shinyanga Mc,,
LYANDU PRIMARY SCHOOL,,Shinyanga,Shinyanga Mc,,
MAPINDUZI A PRIMARY SCHOOL,,Shinyanga,Shinyanga Mc,,
MWADUI PRIMARY SCHOOL,,Shinyanga,Shinyanga Mc,,
MWAMAGULYA PRIMARY SCHOOL,,Shinyanga,Shinyanga Mc,,
MWAMAPALALA PRIMARY SCHOOL,,Shinyanga,Shinyanga Mc,,
NHELEGANI PRIMARY SCHOOL,,Shinyanga,Shinyanga Mc,,
SHEER BLISS PRIMARY SCHOOL,,Shinyanga,Shinyanga Mc,,
SHITTA PRIMARY SCHOOL,,Shinyanga,Shinyanga Mc,,
BUBUNGU PRIMARY SCHOOL,,Shinyanga,Ushetu,,
BUKINDWASALI PRIMARY SCHOOL,,Shinyanga,Ushetu,,
BUSENDA PRIMARY SCHOOL,,Shinyanga,Ushetu,,
BUTENDE PRIMARY SCHOOL,,Shinyanga,Ushetu,,
CHAMBO PRIMARY SCHOOL,,Shinyanga,Ushetu,,
HONGWA PRIMARY SCHOOL,,Shinyanga,Ushetu,,
IFUNDE PRIMARY SCHOOL,,Shinyanga,Ushetu,,
ILEKEBU PRIMARY SCHOOL,,Shinyanga,Ushetu,,
ILWILO PRIMARY SCHOOL,,Shinyanga,Ushetu,,
ITEBELE PRIMARY SCHOOL,,Shinyanga,Ushetu,,
ITUMBO PRIMARY SCHOOL,,Shinyanga,Ushetu,,
KAMYANGULI PRIMARY SCHOOL,,Shinyanga,Ushetu,,
KIDANHA PRIMARY SCHOOL,,Shinyanga,Ushetu,,
KIPANGU PRIMARY SCHOOL,,Shinyanga,Ushetu,,
LUHAGA PRIMARY SCHOOL,,Shinyanga,Ushetu,,
MANUNGU PRIMARY SCHOOL,,Shinyanga,Ushetu,,
MHUGE PRIMARY SCHOOL,,Shinyanga,Ushetu,,
MPUNZE PRIMARY SCHOOL,,Shinyanga,Ushetu,,
NABE PRIMARY SCHOOL,,Shinyanga,Ushetu,,
NSALABA PRIMARY SCHOOL,,Shinyanga,Ushetu,,
NUSSA PRIMARY SCHOOL,,Shinyanga,Ushetu,,
NYALWELWE PRIMARY SCHOOL,,Shinyanga,Ushetu,,
NYAMKONDO PRIMARY SCHOOL,,Shinyanga,Ushetu,,
NYAWISHI PRIMARY SCHOOL,,Shinyanga,Ushetu,,
SELYA PRIMARY SCHOOL,,Shinyanga,Ushetu,,
SINWANKERE PRIMARY SCHOOL,,Shinyanga,Ushetu,,
UBAGWE PRIMARY SCHOOL,,Shinyanga,Ushetu,,
USHETU MODERN PRIMARY SCHOOL,,Shinyanga,Ushetu,,
BUGELA PRIMARY SCHOOL,,Shinyanga,Ushetu,,
BUGOSHI PRIMARY SCHOOL,,Shinyanga,Ushetu,,
BUKOMELA PRIMARY SCHOOL,,Shinyanga,Ushetu,,
BUNANDA PRIMARY SCHOOL,,Shinyanga,Ushetu,,
BUSHIMANI PRIMARY SCHOOL,,Shinyanga,Ushetu,,
BUTIBU PRIMARY SCHOOL,,Shinyanga,Ushetu,,
IBAMBALA PRIMARY SCHOOL,,Shinyanga,Ushetu,,
IDAHINA PRIMARY SCHOOL,,Shinyanga,Ushetu,,
IHAPULA PRIMARY SCHOOL,,Shinyanga,Ushetu,,
ILEMVE PRIMARY SCHOOL,,Shinyanga,Ushetu,,
IPONYANHOLO PRIMARY SCHOOL,,Shinyanga,Ushetu,,
ISHILA PRIMARY SCHOOL,,Shinyanga,Ushetu,,
KALAMA PRIMARY SCHOOL,,Shinyanga,Ushetu,,
KAWEKUNELELA PRIMARY SCHOOL,,Shinyanga,Ushetu,,
KINAMAPULA PRIMARY SCHOOL,,Shinyanga,Ushetu,,
KISUKE PRIMARY SCHOOL,,Shinyanga,Ushetu,,
LUSHELO PRIMARY SCHOOL,,Shinyanga,Ushetu,,
MAPAMBA PRIMARY SCHOOL,,Shinyanga,Ushetu,,
MIKWA PRIMARY SCHOOL,,Shinyanga,Ushetu,,
MKWANGULWA PRIMARY SCHOOL,,Shinyanga,Ushetu,,
MSEKI PRIMARY SCHOOL,,Shinyanga,Ushetu,,
NAKAZYOBA PRIMARY SCHOOL,,Shinyanga,Ushetu,,
NHIMBO PRIMARY SCHOOL,,Shinyanga,Ushetu,,
NSHIMBA PRIMARY SCHOOL,,Shinyanga,Ushetu,,
NYAMBESHI PRIMARY SCHOOL,,Shinyanga,Ushetu,,
NYAMTENGELA PRIMARY SCHOOL,,Shinyanga,Ushetu,,
SABASABINI PRIMARY SCHOOL,,Shinyanga,Ushetu,,
SENAI PRIMARY SCHOOL,,Shinyanga,Ushetu,,
UKUNE PRIMARY SCHOOL,,Shinyanga,Ushetu,,
USHETU PRIMARY SCHOOL,,Shinyanga,Ushetu,,
BUGOMBA 'B' PRIMARY SCHOOL,,Shinyanga,Ushetu,,
BUKALE PRIMARY SCHOOL,,Shinyanga,Ushetu,,
BUNASANI PRIMARY SCHOOL,,Shinyanga,Ushetu,,
BUSULWANGUKU PRIMARY SCHOOL,,Shinyanga,Ushetu,,
BUZABI PRIMARY SCHOOL,,Shinyanga,Ushetu,,
CHONA PRIMARY SCHOOL,,Shinyanga,Ushetu,,
IBELANSUHA PRIMARY SCHOOL,,Shinyanga,Ushetu,,
IDETEMYA PRIMARY SCHOOL,,Shinyanga,Ushetu,,
ITALIKE PRIMARY SCHOOL,,Shinyanga,Ushetu,,
KALO PRIMARY SCHOOL,,Shinyanga,Ushetu,,
KINAMING'HWA PRIMARY SCHOOL,,Shinyanga,Ushetu,,
LUSONZO PRIMARY SCHOOL,,Shinyanga,Ushetu,,
MITONGA PRIMARY SCHOOL,,Shinyanga,Ushetu,,
MLIZA PRIMARY SCHOOL,,Shinyanga,Ushetu,,
MULUNGU PRIMARY SCHOOL,,Shinyanga,Ushetu,,
NGILIMBA PRIMARY SCHOOL,,Shinyanga,Ushetu,,
NONWE PRIMARY SCHOOL,,Shinyanga,Ushetu,,
NSUNGA PRIMARY SCHOOL,,Shinyanga,Ushetu,,
NYAKASHATALA PRIMARY SCHOOL,,Shinyanga,Ushetu,,
NYAMILANGANO PRIMARY SCHOOL,,Shinyanga,Ushetu,,
STELLA MATUTINA-KAHAMA PRIMARY SCHOOL,,Shinyanga,Ushetu,,
ULOWA PRIMARY SCHOOL,,Shinyanga,Ushetu,,
ASANJE PRIMARY SCHOOL,,Dodoma,Bahi,,
BAHI MISHENI PRIMARY SCHOOL,,Dodoma,Bahi,,
CHALI IGONGO PRIMARY SCHOOL,,Dodoma,Bahi,,
CHIBAYA PRIMARY SCHOOL,,Dodoma,Bahi,,
CHIDILO PRIMARY SCHOOL,,Dodoma,Bahi,,
CHIKOLA PRIMARY SCHOOL,,Dodoma,Bahi,,
CHILUNGULU PRIMARY SCHOOL,,Dodoma,Bahi,,
CHIPANGA A PRIMARY SCHOOL,,Dodoma,Bahi,,
CHONDE PRIMARY SCHOOL,,Dodoma,Bahi,,
KISIMA CHA NDEGE PRIMARY SCHOOL,,Dodoma,Bahi,,
LAMAITI PRIMARY SCHOOL,,Dodoma,Bahi,,
MAKANDA PRIMARY SCHOOL,,Dodoma,Bahi,,
MAYAMAYA PRIMARY SCHOOL,,Dodoma,Bahi,,
MINDOLA PRIMARY SCHOOL,,Dodoma,Bahi,,
MNKOLA PRIMARY SCHOOL,,Dodoma,Bahi,,
MPAMANTWA PRIMARY SCHOOL,,Dodoma,Bahi,,
MSIGALA PRIMARY SCHOOL,,Dodoma,Bahi,,
MUNDEMU PRIMARY SCHOOL,,Dodoma,Bahi,,
NAGULO BAHI PRIMARY SCHOOL,,Dodoma,Bahi,,
NGUJI PRIMARY SCHOOL,,Dodoma,Bahi,,
NKHOME PRIMARY SCHOOL,,Dodoma,Bahi,,
TINAI PRIMARY SCHOOL,,Dodoma,Bahi,,
ZANKA PRIMARY SCHOOL,,Dodoma,Bahi,,
BABAYU PRIMARY SCHOOL,,Dodoma,Bahi,,
BAHI SOKONI PRIMARY SCHOOL,,Dodoma,Bahi,,
CHALI ISANGA PRIMARY SCHOOL,,Dodoma,Bahi,,
CHIBELELA PRIMARY SCHOOL,,Dodoma,Bahi,,
CHIFUTUKA PRIMARY SCHOOL,,Dodoma,Bahi,,
CHIKOPELO BWAWANI PRIMARY SCHOOL,,Dodoma,Bahi,,
CHIMENDELI PRIMARY SCHOOL,,Dodoma,Bahi,,
CHIPANGA B PRIMARY SCHOOL,,Dodoma,Bahi,,
IBIHWA PRIMARY SCHOOL,,Dodoma,Bahi,,
ISANGHA PRIMARY SCHOOL,,Dodoma,Bahi,,
KIGWE PRIMARY SCHOOL,,Dodoma,Bahi,,
KONGOGO PRIMARY SCHOOL,,Dodoma,Bahi,,
LUKALI PRIMARY SCHOOL,,Dodoma,Bahi,,
MCHITO PRIMARY SCHOOL,,Dodoma,Bahi,,
MKAKATIKA PRIMARY SCHOOL,,Dodoma,Bahi,,
MPALANGA PRIMARY SCHOOL,,Dodoma,Bahi,,
MPHANGWE PRIMARY SCHOOL,,Dodoma,Bahi,,
NGHOMBOLOLA PRIMARY SCHOOL,,Dodoma,Bahi,,
NHOLI PRIMARY SCHOOL,,Dodoma,Bahi,,
NONDWA PRIMARY SCHOOL,,Dodoma,Bahi,,
SUGUTA PRIMARY SCHOOL,,Dodoma,Bahi,,
UHELELA PRIMARY SCHOOL,,Dodoma,Bahi,,
ZEJELE PRIMARY SCHOOL,,Dodoma,Bahi,,
BAHI MAKULU PRIMARY SCHOOL,,Dodoma,Bahi,,
BANKOLO PRIMARY SCHOOL,,Dodoma,Bahi,,
CHALI MAKULU PRIMARY SCHOOL,,Dodoma,Bahi,,
CHIDETE PRIMARY SCHOOL,,Dodoma,Bahi,,
CHIGULUKA PRIMARY SCHOOL,,Dodoma,Bahi,,
CHIKOPELO PRIMARY SCHOOL,,Dodoma,Bahi,,
CHIONA PRIMARY SCHOOL,,Dodoma,Bahi,,
CHITALALO PRIMARY SCHOOL,,Dodoma,Bahi,,
IBUGULE PRIMARY SCHOOL,,Dodoma,Bahi,,
IWUMBA PRIMARY SCHOOL,,Dodoma,Bahi,,
KIGWE VIZIWI PRIMARY SCHOOL,,Dodoma,Bahi,,
KUSILA PRIMARY SCHOOL,,Dodoma,Bahi,,
MAGAGA PRIMARY SCHOOL,,Dodoma,Bahi,,
MGONDO PRIMARY SCHOOL,,Dodoma,Bahi,,
MKONDAI PRIMARY SCHOOL,,Dodoma,Bahi,,
MPAMANTWA BARABARANI PRIMARY SCHOOL,,Dodoma,Bahi,,
MPINGA PRIMARY SCHOOL,,Dodoma,Bahi,,
MTITAA PRIMARY SCHOOL,,Dodoma,Bahi,,
MZOGOLE PRIMARY SCHOOL,,Dodoma,Bahi,,
NGHULUGANO PRIMARY SCHOOL,,Dodoma,Bahi,,
NHYINILA PRIMARY SCHOOL,,Dodoma,Bahi,,
SANDULI PRIMARY SCHOOL,,Dodoma,Bahi,,
SULUNGAI PRIMARY SCHOOL,,Dodoma,Bahi,,
ZAMAHERO PRIMARY SCHOOL,,Dodoma,Bahi,,
BUIGIRI MISHENI PRIMARY SCHOOL,CHAMWINO DODOMA/ IKULU,Dodoma,Chamwino,,
CHAMPUMBA PRIMARY SCHOOL,CHAMWINO DODOMA/ IKULU,Dodoma,Chamwino,,
CHENENE PRIMARY SCHOOL,CHAMWINO DODOMA/ IKULU,Dodoma,Chamwino,,
CHICHINKA PRIMARY SCHOOL,CHAMWINO DODOMA/ IKULU,Dodoma,Chamwino,,
CHILANJILILO PRIMARY SCHOOL,CHAMWINO DODOMA/ IKULU,Dodoma,Chamwino,,
CHINANGALI II PRIMARY SCHOOL,CHAMWINO DODOMA/ IKULU,Dodoma,Chamwino,,
CHISOLO PRIMARY SCHOOL,CHAMWINO DODOMA/ IKULU,Dodoma,Chamwino,,
CHITELECHE PRIMARY SCHOOL,CHAMWINO DODOMA/ IKULU,Dodoma,Chamwino,,
DABALO PRIMARY SCHOOL,CHAMWINO DODOMA/ IKULU,Dodoma,Chamwino,,
GWANDI PRIMARY SCHOOL,CHAMWINO DODOMA/ IKULU,Dodoma,Chamwino,,
HUMEKWA PRIMARY SCHOOL,CHAMWINO DODOMA/ IKULU,Dodoma,Chamwino,,
IKOMBO PRIMARY SCHOOL,CHAMWINO DODOMA/ IKULU,Dodoma,Chamwino,,
ILANGALI PRIMARY SCHOOL,CHAMWINO DODOMA/ IKULU,Dodoma,Chamwino,,
IRINGA MVUMI PRIMARY SCHOOL,CHAMWINO DODOMA/ IKULU,Dodoma,Chamwino,,
KALENGA PRIMARY SCHOOL,CHAMWINO DODOMA/ IKULU,Dodoma,Chamwino,,
KIMEJI PRIMARY SCHOOL,CHAMWINO DODOMA/ IKULU,Dodoma,Chamwino,,
LOJE PRIMARY SCHOOL,CHAMWINO DODOMA/ IKULU,Dodoma,Chamwino,,
MAFURUNGU PRIMARY SCHOOL,CHAMWINO DODOMA/ IKULU,Dodoma,Chamwino,,
MAHATA PRIMARY SCHOOL,CHAMWINO DODOMA/ IKULU,Dodoma,Chamwino,,
MAKANG'WA PRIMARY SCHOOL,CHAMWINO DODOMA/ IKULU,Dodoma,Chamwino,,
MALECELA PRIMARY SCHOOL,CHAMWINO DODOMA/ IKULU,Dodoma,Chamwino,,
MANYEMBA PRIMARY SCHOOL,CHAMWINO DODOMA/ IKULU,Dodoma,Chamwino,,
MAZENGO PRIMARY SCHOOL,CHAMWINO DODOMA/ IKULU,Dodoma,Chamwino,,
MCHOYA PRIMARY SCHOOL,CHAMWINO DODOMA/ IKULU,Dodoma,Chamwino,,
MIGANGA PRIMARY SCHOOL,CHAMWINO DODOMA/ IKULU,Dodoma,Chamwino,,
MLIMWA PRIMARY SCHOOL,CHAMWINO DODOMA/ IKULU,Dodoma,Chamwino,,
MLOWA BWAWANI PRIMARY SCHOOL,CHAMWINO DODOMA/ IKULU,Dodoma,Chamwino,,
MPWAYUNGU PRIMARY SCHOOL,CHAMWINO DODOMA/ IKULU,Dodoma,Chamwino,,
MVUMI PRIMARY SCHOOL,CHAMWINO DODOMA/ IKULU,Dodoma,Chamwino,,
NAGULO MWITIKIRA PRIMARY SCHOOL,CHAMWINO DODOMA/ IKULU,Dodoma,Chamwino,,
NDOGOWE PRIMARY SCHOOL,CHAMWINO DODOMA/ IKULU,Dodoma,Chamwino,,
NHINHI PRIMARY SCHOOL,CHAMWINO DODOMA/ IKULU,Dodoma,Chamwino,,
NYAMIGOHA PRIMARY SCHOOL,CHAMWINO DODOMA/ IKULU,Dodoma,Chamwino,,
PRINCE OF PEACE PRIMARY SCHOOL,CHAMWINO DODOMA/ IKULU,Dodoma,Chamwino,,
SOLOWU PRIMARY SCHOOL,CHAMWINO DODOMA/ IKULU,Dodoma,Chamwino,,
WILIKO PRIMARY SCHOOL,CHAMWINO DODOMA/ IKULU,Dodoma,Chamwino,,
ZAJILWA PRIMARY SCHOOL,CHAMWINO DODOMA/ IKULU,Dodoma,Chamwino,,
CHAMWINO PRIMARY SCHOOL,CHAMWINO DODOMA/ IKULU,Dodoma,Chamwino,,
CHIBOLI PRIMARY SCHOOL,CHAMWINO DODOMA/ IKULU,Dodoma,Chamwino,,
CHIFUKULO PRIMARY SCHOOL,CHAMWINO DODOMA/ IKULU,Dodoma,Chamwino,,
CHILONWA PRIMARY SCHOOL,CHAMWINO DODOMA/ IKULU,Dodoma,Chamwino,,
CHINOJE PRIMARY SCHOOL,CHAMWINO DODOMA/ IKULU,Dodoma,Chamwino,,
CHITA PRIMARY SCHOOL,CHAMWINO DODOMA/ IKULU,Dodoma,Chamwino,,
CHIWONA PRIMARY SCHOOL,CHAMWINO DODOMA/ IKULU,Dodoma,Chamwino,,
EPIPHANY -DODOMA PRIMARY SCHOOL,CHAMWINO DODOMA/ IKULU,Dodoma,Chamwino,,
HANDALI PRIMARY SCHOOL,CHAMWINO DODOMA/ IKULU,Dodoma,Chamwino,,
HUZI PRIMARY SCHOOL,CHAMWINO DODOMA/ IKULU,Dodoma,Chamwino,,
IGANDU PRIMARY SCHOOL,CHAMWINO DODOMA/ IKULU,Dodoma,Chamwino,,
IKOMBOLINGA PRIMARY SCHOOL,CHAMWINO DODOMA/ IKULU,Dodoma,Chamwino,,
ILEWELO PRIMARY SCHOOL,CHAMWINO DODOMA/ IKULU,Dodoma,Chamwino,,
ITISO PRIMARY SCHOOL,CHAMWINO DODOMA/ IKULU,Dodoma,Chamwino,,
LOWASA PRIMARY SCHOOL,CHAMWINO DODOMA/ IKULU,Dodoma,Chamwino,,
MAJELEKO PRIMARY SCHOOL,CHAMWINO DODOMA/ IKULU,Dodoma,Chamwino,,
MAKIBRILLIANT PRIMARY SCHOOL,CHAMWINO DODOMA/ IKULU,Dodoma,Chamwino,,
MANCHALI PRIMARY SCHOOL,CHAMWINO DODOMA/ IKULU,Dodoma,Chamwino,,
MANZASE PRIMARY SCHOOL,CHAMWINO DODOMA/ IKULU,Dodoma,Chamwino,,
MATEMBE PRIMARY SCHOOL,CHAMWINO DODOMA/ IKULU,Dodoma,Chamwino,,
MBELEZUNGU PRIMARY SCHOOL,CHAMWINO DODOMA/ IKULU,Dodoma,Chamwino,,
MLAZO PRIMARY SCHOOL,CHAMWINO DODOMA/ IKULU,Dodoma,Chamwino,,
MLODA PRIMARY SCHOOL,CHAMWINO DODOMA/ IKULU,Dodoma,Chamwino,,
MNASE PRIMARY SCHOOL,CHAMWINO DODOMA/ IKULU,Dodoma,Chamwino,,
MSAMALO PRIMARY SCHOOL,CHAMWINO DODOMA/ IKULU,Dodoma,Chamwino,,
MVUMI MAKULU PRIMARY SCHOOL,CHAMWINO DODOMA/ IKULU,Dodoma,Chamwino,,
MWIYENDAJE PRIMARY SCHOOL,CHAMWINO DODOMA/ IKULU,Dodoma,Chamwino,,
NAYU PRIMARY SCHOOL,CHAMWINO DODOMA/ IKULU,Dodoma,Chamwino,,
NGHAHELEZE PRIMARY SCHOOL,CHAMWINO DODOMA/ IKULU,Dodoma,Chamwino,,
SASAJILA PRIMARY SCHOOL,CHAMWINO DODOMA/ IKULU,Dodoma,Chamwino,,
SULI PRIMARY SCHOOL,CHAMWINO DODOMA/ IKULU,Dodoma,Chamwino,,
WILUNZE PRIMARY SCHOOL,CHAMWINO DODOMA/ IKULU,Dodoma,Chamwino,,
BUIGIRI BLIND PRIMARY SCHOOL,CHAMWINO DODOMA/ IKULU,Dodoma,Chamwino,,
CHALULA PRIMARY SCHOOL,CHAMWINO DODOMA/ IKULU,Dodoma,Chamwino,,
CHANHUMBA PRIMARY SCHOOL,CHAMWINO DODOMA/ IKULU,Dodoma,Chamwino,,
CHIBULUNJE PRIMARY SCHOOL,CHAMWINO DODOMA/ IKULU,Dodoma,Chamwino,,
CHIKOTI PRIMARY SCHOOL,CHAMWINO DODOMA/ IKULU,Dodoma,Chamwino,,
CHINANGALI I PRIMARY SCHOOL,CHAMWINO DODOMA/ IKULU,Dodoma,Chamwino,,
CHINUGULU PRIMARY SCHOOL,CHAMWINO DODOMA/ IKULU,Dodoma,Chamwino,,
CHITABULI PRIMARY SCHOOL,CHAMWINO DODOMA/ IKULU,Dodoma,Chamwino,,
CHIWONDO PRIMARY SCHOOL,CHAMWINO DODOMA/ IKULU,Dodoma,Chamwino,,
FUFU PRIMARY SCHOOL,CHAMWINO DODOMA/ IKULU,Dodoma,Chamwino,,
HANETI PRIMARY SCHOOL,CHAMWINO DODOMA/ IKULU,Dodoma,Chamwino,,
IDIFU PRIMARY SCHOOL,CHAMWINO DODOMA/ IKULU,Dodoma,Chamwino,,
IKOWA PRIMARY SCHOOL,CHAMWINO DODOMA/ IKULU,Dodoma,Chamwino,,
IZAVA PRIMARY SCHOOL,CHAMWINO DODOMA/ IKULU,Dodoma,Chamwino,,
KWAHEMU PRIMARY SCHOOL,CHAMWINO DODOMA/ IKULU,Dodoma,Chamwino,,
LUSINDE PRIMARY SCHOOL,CHAMWINO DODOMA/ IKULU,Dodoma,Chamwino,,
MAHAMA PRIMARY SCHOOL,CHAMWINO DODOMA/ IKULU,Dodoma,Chamwino,,
MAJENGO MAPYA PRIMARY SCHOOL,CHAMWINO DODOMA/ IKULU,Dodoma,Chamwino,,
MAKOJA PRIMARY SCHOOL,CHAMWINO DODOMA/ IKULU,Dodoma,Chamwino,,
MANZILANZI PRIMARY SCHOOL,CHAMWINO DODOMA/ IKULU,Dodoma,Chamwino,,
MAUMI PRIMARY SCHOOL,CHAMWINO DODOMA/ IKULU,Dodoma,Chamwino,,
MJELO PRIMARY SCHOOL,CHAMWINO DODOMA/ IKULU,Dodoma,Chamwino,,
MLEBE PRIMARY SCHOOL,CHAMWINO DODOMA/ IKULU,Dodoma,Chamwino,,
MLOWA BARABARANI PRIMARY SCHOOL,CHAMWINO DODOMA/ IKULU,Dodoma,Chamwino,,
MONDOMELA PRIMARY SCHOOL,CHAMWINO DODOMA/ IKULU,Dodoma,Chamwino,,
MSANGA B PRIMARY SCHOOL,CHAMWINO DODOMA/ IKULU,Dodoma,Chamwino,,
MUHEME PRIMARY SCHOOL,CHAMWINO DODOMA/ IKULU,Dodoma,Chamwino,,
MVUMI MISHENI PRIMARY SCHOOL,CHAMWINO DODOMA/ IKULU,Dodoma,Chamwino,,
MZULA PRIMARY SCHOOL,CHAMWINO DODOMA/ IKULU,Dodoma,Chamwino,,
NDEBWE PRIMARY SCHOOL,CHAMWINO DODOMA/ IKULU,Dodoma,Chamwino,,
NGHAMBAKU PRIMARY SCHOOL,CHAMWINO DODOMA/ IKULU,Dodoma,Chamwino,,
NYAMALELA PRIMARY SCHOOL,CHAMWINO DODOMA/ IKULU,Dodoma,Chamwino,,
NZALI PRIMARY SCHOOL,CHAMWINO DODOMA/ IKULU,Dodoma,Chamwino,,
SEGALA PRIMARY SCHOOL,CHAMWINO DODOMA/ IKULU,Dodoma,Chamwino,,
UGUZI PRIMARY SCHOOL,CHAMWINO DODOMA/ IKULU,Dodoma,Chamwino,,
WALI PRIMARY SCHOOL,CHAMWINO DODOMA/ IKULU,Dodoma,Chamwino,,
YOBO PRIMARY SCHOOL,CHAMWINO DODOMA/ IKULU,Dodoma,Chamwino,,
ARAA PRIMARY SCHOOL,,Dodoma,Chemba,,
BANGUMA PRIMARY SCHOOL,,Dodoma,Chemba,,
BUGENIKA PRIMARY SCHOOL,,Dodoma,Chemba,,
CHANGAMKA PRIMARY SCHOOL,,Dodoma,Chemba,,
CHEKU PRIMARY SCHOOL,,Dodoma,Chemba,,
CHINYIKA PRIMARY SCHOOL,,Dodoma,Chemba,,
CHURUKU PRIMARY SCHOOL,,Dodoma,Chemba,,
DINAE PRIMARY SCHOOL,,Dodoma,Chemba,,
FARKWA PRIMARY SCHOOL,,Dodoma,Chemba,,
HANAA PRIMARY SCHOOL,,Dodoma,Chemba,,
HAWELO PRIMARY SCHOOL,,Dodoma,Chemba,,
ISINI PRIMARY SCHOOL,,Dodoma,Chemba,,
JANGALO PRIMARY SCHOOL,,Dodoma,Chemba,,
JOGOLO PRIMARY SCHOOL,,Dodoma,Chemba,,
KELEMA BALAI PRIMARY SCHOOL,,Dodoma,Chemba,,
KIDOKA PRIMARY SCHOOL,,Dodoma,Chemba,,
KINYAMSINDO PRIMARY SCHOOL,,Dodoma,Chemba,,
KURIO PRIMARY SCHOOL,,Dodoma,Chemba,,
LAHODA PRIMARY SCHOOL,,Dodoma,Chemba,,
MACHIGA PRIMARY SCHOOL,,Dodoma,Chemba,,
MAGASA PRIMARY SCHOOL,,Dodoma,Chemba,,
MAKORONGO PRIMARY SCHOOL,,Dodoma,Chemba,,
MAPANGO PRIMARY SCHOOL,,Dodoma,Chemba,,
MBARADA PRIMARY SCHOOL,,Dodoma,Chemba,,
MOMBOSE PRIMARY SCHOOL,,Dodoma,Chemba,,
MPENDO PRIMARY SCHOOL,,Dodoma,Chemba,,
MRIJO JUU PRIMARY SCHOOL,,Dodoma,Chemba,,
MWAILANJE PRIMARY SCHOOL,,Dodoma,Chemba,,
OLBOLOTI PRIMARY SCHOOL,,Dodoma,Chemba,,
PARANGA PRIMARY SCHOOL,,Dodoma,Chemba,,
ROFATI PRIMARY SCHOOL,,Dodoma,Chemba,,
SONGOLO PRIMARY SCHOOL,,Dodoma,Chemba,,
TAKWA PRIMARY SCHOOL,,Dodoma,Chemba,,
WAIRO PRIMARY SCHOOL,,Dodoma,Chemba,,
BAABA PRIMARY SCHOOL,,Dodoma,Chemba,,
BIRISE PRIMARY SCHOOL,,Dodoma,Chemba,,
CHAMBALO PRIMARY SCHOOL,,Dodoma,Chemba,,
CHEMBA PRIMARY SCHOOL,,Dodoma,Chemba,,
CHIOLI PRIMARY SCHOOL,,Dodoma,Chemba,,
DALAI PRIMARY SCHOOL,,Dodoma,Chemba,,
DONSEE PRIMARY SCHOOL,,Dodoma,Chemba,,
GOIMA PRIMARY SCHOOL,,Dodoma,Chemba,,
HAMAI PRIMARY SCHOOL,,Dodoma,Chemba,,
HANDA 'B' PRIMARY SCHOOL,,Dodoma,Chemba,,
ISUSUMYA PRIMARY SCHOOL,,Dodoma,Chemba,,
JENJELUSE PRIMARY SCHOOL,,Dodoma,Chemba,,
KELEMA MAZIWANI PRIMARY SCHOOL,,Dodoma,Chemba,,
KILIMBA PRIMARY SCHOOL,,Dodoma,Chemba,,
KISANDE PRIMARY SCHOOL,,Dodoma,Chemba,,
KUU PRIMARY SCHOOL,,Dodoma,Chemba,,
LALTA PRIMARY SCHOOL,,Dodoma,Chemba,,
MANANTU PRIMARY SCHOOL,,Dodoma,Chemba,,
MENGU PRIMARY SCHOOL,,Dodoma,Chemba,,
MKADINDE PRIMARY SCHOOL,,Dodoma,Chemba,,
MRIJO CHINI 'B' PRIMARY SCHOOL,,Dodoma,Chemba,,
MSAADA PRIMARY SCHOOL,,Dodoma,Chemba,,
NDOROBONI PRIMARY SCHOOL,,Dodoma,Chemba,,
OMBIRI PRIMARY SCHOOL,,Dodoma,Chemba,,
PIHO PRIMARY SCHOOL,,Dodoma,Chemba,,
SANZAWA PRIMARY SCHOOL,,Dodoma,Chemba,,
SORI PRIMARY SCHOOL,,Dodoma,Chemba,,
TAMKA PRIMARY SCHOOL,,Dodoma,Chemba,,
TUMBAKOSE PRIMARY SCHOOL,,Dodoma,Chemba,,
WISUZAJE PRIMARY SCHOOL,,Dodoma,Chemba,,
BUBUTOLE PRIMARY SCHOOL,,Dodoma,Chemba,,
CHANDAMA PRIMARY SCHOOL,,Dodoma,Chemba,,
CHASE PRIMARY SCHOOL,,Dodoma,Chemba,,
CHUKURUMA PRIMARY SCHOOL,,Dodoma,Chemba,,
DEDU PRIMARY SCHOOL,,Dodoma,Chemba,,
DOYO PRIMARY SCHOOL,,Dodoma,Chemba,,
GONGA PRIMARY SCHOOL,,Dodoma,Chemba,,
HAMIA PRIMARY SCHOOL,,Dodoma,Chemba,,
HANDA PRIMARY SCHOOL,,Dodoma,Chemba,,
ITOLWA PRIMARY SCHOOL,,Dodoma,Chemba,,
JINJO PRIMARY SCHOOL,,Dodoma,Chemba,,
KAMBI YA NYASA PRIMARY SCHOOL,,Dodoma,Chemba,,
KHUBUNKO PRIMARY SCHOOL,,Dodoma,Chemba,,
KINKIMA PRIMARY SCHOOL,,Dodoma,Chemba,,
KUBI PRIMARY SCHOOL,,Dodoma,Chemba,,
KWAMTORO PRIMARY SCHOOL,,Dodoma,Chemba,,
MAGANDI PRIMARY SCHOOL,,Dodoma,Chemba,,
MAKAMAKA PRIMARY SCHOOL,,Dodoma,Chemba,,
MANGASTA PRIMARY SCHOOL,,Dodoma,Chemba,,
MIALO PRIMARY SCHOOL,,Dodoma,Chemba,,
MLONGIA PRIMARY SCHOOL,,Dodoma,Chemba,,
MOTTO PRIMARY SCHOOL,,Dodoma,Chemba,,
MRIJO CHINI PRIMARY SCHOOL,,Dodoma,Chemba,,
MSERA PRIMARY SCHOOL,,Dodoma,Chemba,,
MWAIKISABE PRIMARY SCHOOL,,Dodoma,Chemba,,
NKULARI PRIMARY SCHOOL,,Dodoma,Chemba,,
PANGALUA PRIMARY SCHOOL,,Dodoma,Chemba,,
PONGAI PRIMARY SCHOOL,,Dodoma,Chemba,,
SOYA PRIMARY SCHOOL,,Dodoma,Chemba,,
TANDALA B PRIMARY SCHOOL,,Dodoma,Chemba,,
WAIDA PRIMARY SCHOOL,,Dodoma,Chemba,,
ALMES PRIMARY SCHOOL,,Dodoma,Dodoma Cc,,
ANTONIA PRIMARY SCHOOL,,Dodoma,Dodoma Cc,,
BROTHER MARTIN PRIMARY SCHOOL,,Dodoma,Dodoma Cc,,
CHAHWA PRIMARY SCHOOL,,Dodoma,Dodoma Cc,,
CHANG'OMBE 'B' PRIMARY SCHOOL,,Dodoma,Dodoma Cc,,
CHIDACHI PRIMARY SCHOOL,,Dodoma,Dodoma Cc,,
CHISICHILI PRIMARY SCHOOL,,Dodoma,Dodoma Cc,,
CHOLOLO PRIMARY SCHOOL,,Dodoma,Dodoma Cc,,
DCT HOLY TRINITY PRIMARY SCHOOL,,Dodoma,Dodoma Cc,,
DODOMA VIZIWI PRIMARY SCHOOL,,Dodoma,Dodoma Cc,,
EAST AFRICA-DODOMA PRIMARY SCHOOL,,Dodoma,Dodoma Cc,,
FEZA-DODOMA PRIMARY SCHOOL,,Dodoma,Dodoma Cc,,
GENERAL MUSUGURI PRIMARY SCHOOL,,Dodoma,Dodoma Cc,,
HERMIT PRIMARY SCHOOL,,Dodoma,Dodoma Cc,,
HOMBOLO BWAWANI PRIMARY SCHOOL,,Dodoma,Dodoma Cc,,
IHUMWA PRIMARY SCHOOL,,Dodoma,Dodoma Cc,,
IPAGALA 'B' PRIMARY SCHOOL,,Dodoma,Dodoma Cc,,
ISLAAHI PRIMARY SCHOOL,,Dodoma,Dodoma Cc,,
JESA PRIMARY SCHOOL,,Dodoma,Dodoma Cc,,
KIKOMBO PRIMARY SCHOOL,,Dodoma,Dodoma Cc,,
KISASA PRIMARY SCHOOL,,Dodoma,Dodoma Cc,,
LWAMBO PRIMARY SCHOOL,,Dodoma,Dodoma Cc,,
MARIA DE MATTIAS PRIMARY SCHOOL,,Dodoma,Dodoma Cc,,
MATUMBULU PRIMARY SCHOOL,,Dodoma,Dodoma Cc,,
MBABALA PRIMARY SCHOOL,,Dodoma,Dodoma Cc,,
MCHEMWA PRIMARY SCHOOL,,Dodoma,Dodoma Cc,,
MICAIH PRIMARY SCHOOL,,Dodoma,Dodoma Cc,,
MLANGWA PRIMARY SCHOOL,,Dodoma,Dodoma Cc,,
MLIMWA 'C' PRIMARY SCHOOL,,Dodoma,Dodoma Cc,,
MNYAKONGO PRIMARY SCHOOL,,Dodoma,Dodoma Cc,,
MPAMAA PRIMARY SCHOOL,,Dodoma,Dodoma Cc,,
MSALATO PRIMARY SCHOOL,,Dodoma,Dodoma Cc,,
MTEMI MAZENGO PRIMARY SCHOOL,,Dodoma,Dodoma Cc,,
NDACHI PRIMARY SCHOOL,,Dodoma,Dodoma Cc,,
NGHAMBALA PRIMARY SCHOOL,,Dodoma,Dodoma Cc,,
NTYUKA PRIMARY SCHOOL,,Dodoma,Dodoma Cc,,
NZUGUNI PRIMARY SCHOOL,,Dodoma,Dodoma Cc,,
RHEMA PRIMARY SCHOOL,,Dodoma,Dodoma Cc,,
SANTHOME PRIMARY SCHOOL,,Dodoma,Dodoma Cc,,
SOGEAMBELE PRIMARY SCHOOL,,Dodoma,Dodoma Cc,,
ST MARY'S PRIMARY SCHOOL,,Dodoma,Dodoma Cc,,
VILINDONI PRIMARY SCHOOL,,Dodoma,Dodoma Cc,,
YOUNG JAI PRIMARY SCHOOL,,Dodoma,Dodoma Cc,,
ZUZU PRIMARY SCHOOL,,Dodoma,Dodoma Cc,,
BEN CARSON PRIMARY SCHOOL,,Dodoma,Dodoma Cc,,
CAPITAL PRIMARY SCHOOL,,Dodoma,Dodoma Cc,,
CHAMWINO 'B' PRIMARY SCHOOL,,Dodoma,Dodoma Cc,,
CHIDIDIMO PRIMARY SCHOOL,,Dodoma,Dodoma Cc,,
CHIHIKWI PRIMARY SCHOOL,,Dodoma,Dodoma Cc,,
CHIKOWA PRIMARY SCHOOL,,Dodoma,Dodoma Cc,,
DAR-UL-MUSLIMEEN PRIMARY SCHOOL,,Dodoma,Dodoma Cc,,
DODOMA IMAAN PRIMARY SCHOOL,,Dodoma,Dodoma Cc,,
DODOMA-MAKULU PRIMARY SCHOOL,,Dodoma,Dodoma Cc,,
EL- SHADDAI PRIMARY SCHOOL,,Dodoma,Dodoma Cc,,
FOUNTAIN DODOMA PRIMARY SCHOOL,,Dodoma,Dodoma Cc,,
GLORIA IHUMWA PRIMARY SCHOOL,,Dodoma,Dodoma Cc,,
HIJRA PRIMARY SCHOOL,,Dodoma,Dodoma Cc,,
HOMBOLO MAKULU PRIMARY SCHOOL,,Dodoma,Dodoma Cc,,
ILAKOZE PRIMARY SCHOOL,,Dodoma,Dodoma Cc,,
IPAGALA PRIMARY SCHOOL,,Dodoma,Dodoma Cc,,
IYUMBU PRIMARY SCHOOL,,Dodoma,Dodoma Cc,,
KANAAN PRIMARY SCHOOL,,Dodoma,Dodoma Cc,,
KIKUYU 'B' PRIMARY SCHOOL,,Dodoma,Dodoma Cc,,
KITELELA PRIMARY SCHOOL,,Dodoma,Dodoma Cc,,
KUSENHA PRIMARY SCHOOL,,Dodoma,Dodoma Cc,,
MAHOMA MAKULU PRIMARY SCHOOL,,Dodoma,Dodoma Cc,,
MAKUTUPORA PRIMARY SCHOOL,,Dodoma,Dodoma Cc,,
MARTIN LUTHER PRIMARY SCHOOL,,Dodoma,Dodoma Cc,,
MAYETO PRIMARY SCHOOL,,Dodoma,Dodoma Cc,,
MBALAWALA PRIMARY SCHOOL,,Dodoma,Dodoma Cc,,
MEDELI PRIMARY SCHOOL,,Dodoma,Dodoma Cc,,
MICHESE PRIMARY SCHOOL,,Dodoma,Dodoma Cc,,
MKONZE PRIMARY SCHOOL,,Dodoma,Dodoma Cc,,
MLEZI PRIMARY SCHOOL,,Dodoma,Dodoma Cc,,
MODERN PRIMARY SCHOOL,,Dodoma,Dodoma Cc,,
MPUNGUZI PRIMARY SCHOOL,,Dodoma,Dodoma Cc,,
MSEMBETA PRIMARY SCHOOL,,Dodoma,Dodoma Cc,,
MTUBE PRIMARY SCHOOL,,Dodoma,Dodoma Cc,,
MZAKWE PRIMARY SCHOOL,,Dodoma,Dodoma Cc,,
NELSON MANDELA PRIMARY SCHOOL,,Dodoma,Dodoma Cc,,
NGHONG'ONHA PRIMARY SCHOOL,,Dodoma,Dodoma Cc,,
NKUHUNGU PRIMARY SCHOOL,,Dodoma,Dodoma Cc,,
RAHMA WORLD PRIMARY SCHOOL,,Dodoma,Dodoma Cc,,
ROYAL FEAT PRIMARY SCHOOL,,Dodoma,Dodoma Cc,,
SENDEU PRIMARY SCHOOL,,Dodoma,Dodoma Cc,,
SWASWA PRIMARY SCHOOL,,Dodoma,Dodoma Cc,,
WEYULA PRIMARY SCHOOL,,Dodoma,Dodoma Cc,,
AMMAR PRIMARY SCHOOL,,Dodoma,Dodoma Cc,,
BLESSED MABUBA PRIMARY SCHOOL,,Dodoma,Dodoma Cc,,
CHADULU PRIMARY SCHOOL,,Dodoma,Dodoma Cc,,
CHIGONGWE PRIMARY SCHOOL,,Dodoma,Dodoma Cc,,
CHIHONI PRIMARY SCHOOL,,Dodoma,Dodoma Cc,,
CHINANGALI PRIMARY SCHOOL,,Dodoma,Dodoma Cc,,
CHIZOMOCHE PRIMARY SCHOOL,,Dodoma,Dodoma Cc,,
DCT BISHOP STANWAY PRIMARY SCHOOL,,Dodoma,Dodoma Cc,,
DODOMA TALENT PRIMARY SCHOOL,,Dodoma,Dodoma Cc,,
DODOMA-MLIMANI PRIMARY SCHOOL,,Dodoma,Dodoma Cc,,
ELLEN WHITE PRIMARY SCHOOL,,Dodoma,Dodoma Cc,,
GAWAYE PRIMARY SCHOOL,,Dodoma,Dodoma Cc,,
GREEN HARVEST NURSERY AND PRIMARY SCHOOL,,Dodoma,Dodoma Cc,,
HOLY FACE PRIMARY SCHOOL,,Dodoma,Dodoma Cc,,
IGNATIUS PRIMARY SCHOOL,,Dodoma,Dodoma Cc,,
ILAZO PRIMARY SCHOOL,,Dodoma,Dodoma Cc,,
JEHOVAH SHALOM PRIMARY SCHOOL,,Dodoma,Dodoma Cc,,
KATO VICTORIA PRIMARY SCHOOL,,Dodoma,Dodoma Cc,,
KIWANJA CHA NDEGE PRIMARY SCHOOL,,Dodoma,Dodoma Cc,,
LUGALA PRIMARY SCHOOL,,Dodoma,Dodoma Cc,,
MAHOMANYIKA PRIMARY SCHOOL,,Dodoma,Dodoma Cc,,
MASEYA PRIMARY SCHOOL,,Dodoma,Dodoma Cc,,
MBWANGA PRIMARY SCHOOL,,Dodoma,Dodoma Cc,,
MISERICODIA PRIMARY SCHOOL,,Dodoma,Dodoma Cc,,
MKOYO PRIMARY SCHOOL,,Dodoma,Dodoma Cc,,
MLIMWA 'B' PRIMARY SCHOOL,,Dodoma,Dodoma Cc,,
MSALATO BWAWANI PRIMARY SCHOOL,,Dodoma,Dodoma Cc,,
MTUMBA PRIMARY SCHOOL,,Dodoma,Dodoma Cc,,
NALA PRIMARY SCHOOL,,Dodoma,Dodoma Cc,,
NEW HEAVEN PRIMARY SCHOOL,,Dodoma,Dodoma Cc,,
NGHUNGUGU PRIMARY SCHOOL,,Dodoma,Dodoma Cc,,
NKULABI PRIMARY SCHOOL,,Dodoma,Dodoma Cc,,
NZUGUNI 'B' PRIMARY SCHOOL,,Dodoma,Dodoma Cc,,
RASAISEI PRIMARY SCHOOL,,Dodoma,Dodoma Cc,,
SAINT GASPAR PRIMARY SCHOOL,,Dodoma,Dodoma Cc,,
ST MARK'S PRIMARY SCHOOL,,Dodoma,Dodoma Cc,,
TULLIA PRIMARY SCHOOL,,Dodoma,Dodoma Cc,,
VIKONJE PRIMARY SCHOOL,,Dodoma,Dodoma Cc,,
ZEPISA PRIMARY SCHOOL,,Dodoma,Dodoma Cc,,
ABULAYI PRIMARY SCHOOL,KONDOA,Dodoma,Kondoa,,
BAURA PRIMARY SCHOOL,KONDOA,Dodoma,Kondoa,,
BUMBUTA PRIMARY SCHOOL,KONDOA,Dodoma,Kondoa,,
DERI PRIMARY SCHOOL,KONDOA,Dodoma,Kondoa,,
DORASI PRIMARY SCHOOL,KONDOA,Dodoma,Kondoa,,
GAARA PRIMARY SCHOOL,KONDOA,Dodoma,Kondoa,,
HONDOMAIRO PRIMARY SCHOOL,KONDOA,Dodoma,Kondoa,,
IDINDIRI PRIMARY SCHOOL,KONDOA,Dodoma,Kondoa,,
IKOVA PRIMARY SCHOOL,KONDOA,Dodoma,Kondoa,,
ISONGOLO PRIMARY SCHOOL,KONDOA,Dodoma,Kondoa,,
KALAMBA PRIMARY SCHOOL,KONDOA,Dodoma,Kondoa,,
KIDONGO CHEUSI PRIMARY SCHOOL,KONDOA,Dodoma,Kondoa,,
KIKORE PRIMARY SCHOOL,KONDOA,Dodoma,Kondoa,,
KIRERE CHA NG'OMBE PRIMARY SCHOOL,KONDOA,Dodoma,Kondoa,,
KISONDOKO PRIMARY SCHOOL,KONDOA,Dodoma,Kondoa,,
KUUTA PRIMARY SCHOOL,KONDOA,Dodoma,Kondoa,,
KWADINU PRIMARY SCHOOL,KONDOA,Dodoma,Kondoa,,
KWAMADEBE PRIMARY SCHOOL,KONDOA,Dodoma,Kondoa,,
LEMBO PRIMARY SCHOOL,KONDOA,Dodoma,Kondoa,,
MAHONGO PRIMARY SCHOOL,KONDOA,Dodoma,Kondoa,,
MASITA PRIMARY SCHOOL,KONDOA,Dodoma,Kondoa,,
MISREYI PRIMARY SCHOOL,KONDOA,Dodoma,Kondoa,,
MONGOLO PRIMARY SCHOOL,KONDOA,Dodoma,Kondoa,,
NTOMOKO PRIMARY SCHOOL,KONDOA,Dodoma,Kondoa,,
PAHI PRIMARY SCHOOL,KONDOA,Dodoma,Kondoa,,
SAKAMI PRIMARY SCHOOL,KONDOA,Dodoma,Kondoa,,
SAMBWA PRIMARY SCHOOL,KONDOA,Dodoma,Kondoa,,
SORO PRIMARY SCHOOL,KONDOA,Dodoma,Kondoa,,
THAWI PRIMARY SCHOOL,KONDOA,Dodoma,Kondoa,,
ATTA PRIMARY SCHOOL,KONDOA,Dodoma,Kondoa,,
BERABERA PRIMARY SCHOOL,KONDOA,Dodoma,Kondoa,,
BUSI PRIMARY SCHOOL,KONDOA,Dodoma,Kondoa,,
CHUBI PRIMARY SCHOOL,KONDOA,Dodoma,Kondoa,,
DISSA PRIMARY SCHOOL,KONDOA,Dodoma,Kondoa,,
FILIMO PRIMARY SCHOOL,KONDOA,Dodoma,Kondoa,,
GAYU PRIMARY SCHOOL,KONDOA,Dodoma,Kondoa,,
HUMAI PRIMARY SCHOOL,KONDOA,Dodoma,Kondoa,,
IHARI PRIMARY SCHOOL,KONDOA,Dodoma,Kondoa,,
ISABE PRIMARY SCHOOL,KONDOA,Dodoma,Kondoa,,
ITASWI PRIMARY SCHOOL,KONDOA,Dodoma,Kondoa,,
KIDULO PRIMARY SCHOOL,KONDOA,Dodoma,Kondoa,,
KINYASI MAJENGO PRIMARY SCHOOL,KONDOA,Dodoma,Kondoa,,
KISAKI PRIMARY SCHOOL,KONDOA,Dodoma,Kondoa,,
KITEO PRIMARY SCHOOL,KONDOA,Dodoma,Kondoa,,
KWADELO 'B' PRIMARY SCHOOL,KONDOA,Dodoma,Kondoa,,
KWADOSA PRIMARY SCHOOL,KONDOA,Dodoma,Kondoa,,
KWAMAFUNCHI PRIMARY SCHOOL,KONDOA,Dodoma,Kondoa,,
LOO PRIMARY SCHOOL,KONDOA,Dodoma,Kondoa,,
MAKAFA PRIMARY SCHOOL,KONDOA,Dodoma,Kondoa,,
MATANGALIMO PRIMARY SCHOOL,KONDOA,Dodoma,Kondoa,,
MITATI PRIMARY SCHOOL,KONDOA,Dodoma,Kondoa,,
MKONGA PRIMARY SCHOOL,KONDOA,Dodoma,Kondoa,,
ORORIMO PRIMARY SCHOOL,KONDOA,Dodoma,Kondoa,,
POTEA PRIMARY SCHOOL,KONDOA,Dodoma,Kondoa,,
SALANKA PRIMARY SCHOOL,KONDOA,Dodoma,Kondoa,,
SAUNA PRIMARY SCHOOL,KONDOA,Dodoma,Kondoa,,
SWAGASWAGA PRIMARY SCHOOL,KONDOA,Dodoma,Kondoa,,
BAMBARE PRIMARY SCHOOL,KONDOA,Dodoma,Kondoa,,
BEREKO PRIMARY SCHOOL,KONDOA,Dodoma,Kondoa,,
CHANGAA PRIMARY SCHOOL,KONDOA,Dodoma,Kondoa,,
CHUNGAI PRIMARY SCHOOL,KONDOA,Dodoma,Kondoa,,
DKT ASHATU KIJAJI PRIMARY SCHOOL,KONDOA,Dodoma,Kondoa,,
FOE PRIMARY SCHOOL,KONDOA,Dodoma,Kondoa,,
HEBI JUU PRIMARY SCHOOL,KONDOA,Dodoma,Kondoa,,
HURUI PRIMARY SCHOOL,KONDOA,Dodoma,Kondoa,,
IKENGWA PRIMARY SCHOOL,KONDOA,Dodoma,Kondoa,,
ISARI PRIMARY SCHOOL,KONDOA,Dodoma,Kondoa,,
ITOLOLO PRIMARY SCHOOL,KONDOA,Dodoma,Kondoa,,
KEIKEI PRIMARY SCHOOL,KONDOA,Dodoma,Kondoa,,
KIKILO PRIMARY SCHOOL,KONDOA,Dodoma,Kondoa,,
KINYASI PRIMARY SCHOOL,KONDOA,Dodoma,Kondoa,,
KURASINI PRIMARY SCHOOL,KONDOA,Dodoma,Kondoa,,
KWADELO PRIMARY SCHOOL,KONDOA,Dodoma,Kondoa,,
KWAHENGWA PRIMARY SCHOOL,KONDOA,Dodoma,Kondoa,,
KWAYONDU PRIMARY SCHOOL,KONDOA,Dodoma,Kondoa,,
LUSANGI PRIMARY SCHOOL,KONDOA,Dodoma,Kondoa,,
MADISA PRIMARY SCHOOL,KONDOA,Dodoma,Kondoa,,
MAKIRINYA PRIMARY SCHOOL,KONDOA,Dodoma,Kondoa,,
MASAWI PRIMARY SCHOOL,KONDOA,Dodoma,Kondoa,,
MAUNO PRIMARY SCHOOL,KONDOA,Dodoma,Kondoa,,
MKEKENA PRIMARY SCHOOL,KONDOA,Dodoma,Kondoa,,
MNENIA PRIMARY SCHOOL,KONDOA,Dodoma,Kondoa,,
MWISANGA PRIMARY SCHOOL,KONDOA,Dodoma,Kondoa,,
PAHI IQRA PRIMARY SCHOOL,KONDOA,Dodoma,Kondoa,,
PUHI PRIMARY SCHOOL,KONDOA,Dodoma,Kondoa,,
SALARE PRIMARY SCHOOL,KONDOA,Dodoma,Kondoa,,
SOERA PRIMARY SCHOOL,KONDOA,Dodoma,Kondoa,,
THAWI JUU PRIMARY SCHOOL,KONDOA,Dodoma,Kondoa,,
BICHA ISLAMIC PRIMARY SCHOOL,,Dodoma,Kondoa Tc,,
CHANDIMO PRIMARY SCHOOL,,Dodoma,Kondoa Tc,,
GUBALI PRIMARY SCHOOL,,Dodoma,Kondoa Tc,,
IBRA PRIMARY SCHOOL,,Dodoma,Kondoa Tc,,
KING'ANG'A PRIMARY SCHOOL,,Dodoma,Kondoa Tc,,
KONDOA INTEGRITY PRIMARY SCHOOL,,Dodoma,Kondoa Tc,,
MPALANGWI PRIMARY SCHOOL,,Dodoma,Kondoa Tc,,
SERENGENYI PRIMARY SCHOOL,,Dodoma,Kondoa Tc,,
TAMPORI PRIMARY SCHOOL,,Dodoma,Kondoa Tc,,
UBEMBENI PRIMARY SCHOOL,,Dodoma,Kondoa Tc,,
BICHA PRIMARY SCHOOL,,Dodoma,Kondoa Tc,,
HACHWI PRIMARY SCHOOL,,Dodoma,Kondoa Tc,,
KOLOWASI PRIMARY SCHOOL,,Dodoma,Kondoa Tc,,
KONDOA PRIMARY SCHOOL,,Dodoma,Kondoa Tc,,
MININGANI PRIMARY SCHOOL,,Dodoma,Kondoa Tc,,
MULUA PRIMARY SCHOOL,,Dodoma,Kondoa Tc,,
TUMBELO PRIMARY SCHOOL,,Dodoma,Kondoa Tc,,
UNKUKU PRIMARY SCHOOL,,Dodoma,Kondoa Tc,,
BOLISA PRIMARY SCHOOL,,Dodoma,Kondoa Tc,,
CHOKA PRIMARY SCHOOL,,Dodoma,Kondoa Tc,,
IBONI PRIMARY SCHOOL,,Dodoma,Kondoa Tc,,
IYOLI PRIMARY SCHOOL,,Dodoma,Kondoa Tc,,
KINGALE PRIMARY SCHOOL,,Dodoma,Kondoa Tc,,
KONDOA ISLAMIC PRIMARY SCHOOL,,Dodoma,Kondoa Tc,,
MAJI YA SHAMBA PRIMARY SCHOOL,,Dodoma,Kondoa Tc,,
MONGOROMA PRIMARY SCHOOL,,Dodoma,Kondoa Tc,,
MUNGURI PRIMARY SCHOOL,,Dodoma,Kondoa Tc,,
ST.GEMMA GALGAN PRIMARY SCHOOL,,Dodoma,Kondoa Tc,,
TUNGUFU PRIMARY SCHOOL,,Dodoma,Kondoa Tc,,
BISHOP MORROW PRIMARY SCHOOL,,Dodoma,Kongwa,,
CHAMAE PRIMARY SCHOOL,,Dodoma,Kongwa,,
CHILANJILIZI PRIMARY SCHOOL,,Dodoma,Kongwa,,
CHITEGO PRIMARY SCHOOL,,Dodoma,Kongwa,,
HOGORO PRIMARY SCHOOL,,Dodoma,Kongwa,,
IHANDA JUU PRIMARY SCHOOL,,Dodoma,Kongwa,,
KADYANGO PRIMARY SCHOOL,,Dodoma,Kongwa,,
LAIKALA PRIMARY SCHOOL,,Dodoma,Kongwa,,
LENGAJI PRIMARY SCHOOL,,Dodoma,Kongwa,,
MACHENJE PRIMARY SCHOOL,,Dodoma,Kongwa,,
MAKUTUPA PRIMARY SCHOOL,,Dodoma,Kongwa,,
MASINYETI PRIMARY SCHOOL,,Dodoma,Kongwa,,
MBAGILWA PRIMARY SCHOOL,,Dodoma,Kongwa,,
MKWALA PRIMARY SCHOOL,,Dodoma,Kongwa,,
MLANGA PRIMARY SCHOOL,,Dodoma,Kongwa,,
MOLETI PRIMARY SCHOOL,,Dodoma,Kongwa,,
MSINGISA PRIMARY SCHOOL,,Dodoma,Kongwa,,
MTUNGUCHOLE PRIMARY SCHOOL,,Dodoma,Kongwa,,
NDURUGUMI PRIMARY SCHOOL,,Dodoma,Kongwa,,
NJOGE PRIMARY SCHOOL,,Dodoma,Kongwa,,
PADRE CORADO PRIMARY SCHOOL,,Dodoma,Kongwa,,
PINGALAME PRIMARY SCHOOL,,Dodoma,Kongwa,,
SEJELI PRIMARY SCHOOL,,Dodoma,Kongwa,,
SOGELEA PRIMARY SCHOOL,,Dodoma,Kongwa,,
SUBUGO PRIMARY SCHOOL,,Dodoma,Kongwa,,
TUBUGWE PRIMARY SCHOOL,,Dodoma,Kongwa,,
VISUMI PRIMARY SCHOOL,,Dodoma,Kongwa,,
ZOISSA PRIMARY SCHOOL,,Dodoma,Kongwa,,
CHAMKOROMA PRIMARY SCHOOL,,Dodoma,Kongwa,,
CHIBALAHWE PRIMARY SCHOOL,,Dodoma,Kongwa,,
CHIMEHE PRIMARY SCHOOL,,Dodoma,Kongwa,,
CHIWE PRIMARY SCHOOL,,Dodoma,Kongwa,,
IBWAGA PRIMARY SCHOOL,,Dodoma,Kongwa,,
LENJULU PRIMARY SCHOOL,,Dodoma,Kongwa,,
MAGESENI PRIMARY SCHOOL,,Dodoma,Kongwa,,
MAKAWA PRIMARY SCHOOL,,Dodoma,Kongwa,,
MANGHWETA PRIMARY SCHOOL,,Dodoma,Kongwa,,
MANYUSI PRIMARY SCHOOL,,Dodoma,Kongwa,,
MATONGORO PRIMARY SCHOOL,,Dodoma,Kongwa,,
MLALI 'A' PRIMARY SCHOOL,,Dodoma,Kongwa,,
MLANJE PRIMARY SCHOOL,,Dodoma,Kongwa,,
MNUKU PRIMARY SCHOOL,,Dodoma,Kongwa,,
MSETA BONDENI PRIMARY SCHOOL,,Dodoma,Kongwa,,
MSUNJILILE PRIMARY SCHOOL,,Dodoma,Kongwa,,
NDALIBO PRIMARY SCHOOL,,Dodoma,Kongwa,,
NGHUMBI PRIMARY SCHOOL,,Dodoma,Kongwa,,
NGUZO PRIMARY SCHOOL,,Dodoma,Kongwa,,
NORINI PRIMARY SCHOOL,,Dodoma,Kongwa,,
PANDAMBILI PRIMARY SCHOOL,,Dodoma,Kongwa,,
QUEEN ELIZABETH ACADEMY PRIMARY SCHOOL,,Dodoma,Kongwa,,
SAIGONI PRIMARY SCHOOL,,Dodoma,Kongwa,,
SILALE PRIMARY SCHOOL,,Dodoma,Kongwa,,
VIGANGA PRIMARY SCHOOL,,Dodoma,Kongwa,,
WANGAZI PRIMARY SCHOOL,,Dodoma,Kongwa,,
BANYIBANYI PRIMARY SCHOOL,,Dodoma,Kongwa,,
CHIGWINGWILI PRIMARY SCHOOL,,Dodoma,Kongwa,,
CHIMLATA PRIMARY SCHOOL,,Dodoma,Kongwa,,
HEMBAHEMBA PRIMARY SCHOOL,,Dodoma,Kongwa,,
IDUO PRIMARY SCHOOL,,Dodoma,Kongwa,,
IJAKA PRIMARY SCHOOL,,Dodoma,Kongwa,,
IYUMBWI PRIMARY SCHOOL,,Dodoma,Kongwa,,
KIBAIGWA PRIMARY SCHOOL,,Dodoma,Kongwa,,
KONGWA PRIMARY SCHOOL,,Dodoma,Kongwa,,
LENDEBESI PRIMARY SCHOOL,,Dodoma,Kongwa,,
LOBILO PRIMARY SCHOOL,,Dodoma,Kongwa,,
MAJAWANGA PRIMARY SCHOOL,,Dodoma,Kongwa,,
MASENHA PRIMARY SCHOOL,,Dodoma,Kongwa,,
MAUTYA PRIMARY SCHOOL,,Dodoma,Kongwa,,
MKUTANI PRIMARY SCHOOL,,Dodoma,Kongwa,,
MLALI 'B' PRIMARY SCHOOL,,Dodoma,Kongwa,,
MLIMAGATA PRIMARY SCHOOL,,Dodoma,Kongwa,,
MSETA PRIMARY SCHOOL,,Dodoma,Kongwa,,
MTANANA PRIMARY SCHOOL,,Dodoma,Kongwa,,
MWIDONYA PRIMARY SCHOOL,,Dodoma,Kongwa,,
NDC-NARCO PRIMARY SCHOOL,,Dodoma,Kongwa,,
NGOMAI PRIMARY SCHOOL,,Dodoma,Kongwa,,
NHEMBO PRIMARY SCHOOL,,Dodoma,Kongwa,,
PEMBAMOTO PRIMARY SCHOOL,,Dodoma,Kongwa,,
SEGA PRIMARY SCHOOL,,Dodoma,Kongwa,,
SILWA PRIMARY SCHOOL,,Dodoma,Kongwa,,
TUBUGWE KIBAONI PRIMARY SCHOOL,,Dodoma,Kongwa,,
AUSTIN PRIMARY SCHOOL,,Dodoma,Mpwapwa,,
CHALUDEWA PRIMARY SCHOOL,,Dodoma,Mpwapwa,,
CHAMTUMILE PRIMARY SCHOOL,,Dodoma,Mpwapwa,,
CHIBWEGERE PRIMARY SCHOOL,,Dodoma,Mpwapwa,,
CHINYANGHUKU PRIMARY SCHOOL,,Dodoma,Mpwapwa,,
CHISEYU PRIMARY SCHOOL,,Dodoma,Mpwapwa,,
GALIGALI PRIMARY SCHOOL,,Dodoma,Mpwapwa,,
GULWE PRIMARY SCHOOL,,Dodoma,Mpwapwa,,
IGOJI KUSINI PRIMARY SCHOOL,,Dodoma,Mpwapwa,,
IPERA PRIMARY SCHOOL,,Dodoma,Mpwapwa,,
ISINGHU PRIMARY SCHOOL,,Dodoma,Mpwapwa,,
IYENGE PRIMARY SCHOOL,,Dodoma,Mpwapwa,,
KIBAKWE PRIMARY SCHOOL,,Dodoma,Mpwapwa,,
KINGITI PRIMARY SCHOOL,,Dodoma,Mpwapwa,,
KISISI PRIMARY SCHOOL,,Dodoma,Mpwapwa,,
LUFUSI PRIMARY SCHOOL,,Dodoma,Mpwapwa,,
LUMUMA PRIMARY SCHOOL,,Dodoma,Mpwapwa,,
MANG'ALIZA PRIMARY SCHOOL,,Dodoma,Mpwapwa,,
MATONGA PRIMARY SCHOOL,,Dodoma,Mpwapwa,,
MAZAE PRIMARY SCHOOL,,Dodoma,Mpwapwa,,
MKANANA PRIMARY SCHOOL,,Dodoma,Mpwapwa,,
MLUNGA PRIMARY SCHOOL,,Dodoma,Mpwapwa,,
MSANGAMBUYA PRIMARY SCHOOL,,Dodoma,Mpwapwa,,
MTERA DAM PRIMARY SCHOOL,,Dodoma,Mpwapwa,,
MWENZELE PRIMARY SCHOOL,,Dodoma,Mpwapwa,,
NGALAMILO PRIMARY SCHOOL,,Dodoma,Mpwapwa,,
NHINYILA PRIMARY SCHOOL,,Dodoma,Mpwapwa,,
NZUGILO PRIMARY SCHOOL,,Dodoma,Mpwapwa,,
SAZIMA PRIMARY SCHOOL,,Dodoma,Mpwapwa,,
TAMBI PRIMARY SCHOOL,,Dodoma,Mpwapwa,,
BEREGE PRIMARY SCHOOL,,Dodoma,Mpwapwa,,
CHAMANDA PRIMARY SCHOOL,,Dodoma,Mpwapwa,,
CHILENDU PRIMARY SCHOOL,,Dodoma,Mpwapwa,,
CHITEMO PRIMARY SCHOOL,,Dodoma,Mpwapwa,,
GODEGODE PRIMARY SCHOOL,,Dodoma,Mpwapwa,,
IDAHO PRIMARY SCHOOL,,Dodoma,Mpwapwa,,
IGOVU PRIMARY SCHOOL,,Dodoma,Mpwapwa,,
ITENDE PRIMARY SCHOOL,,Dodoma,Mpwapwa,,
IYOMA PRIMARY SCHOOL,,Dodoma,Mpwapwa,,
KIBORIANI PRIMARY SCHOOL,,Dodoma,Mpwapwa,,
KIEGEA PRIMARY SCHOOL,,Dodoma,Mpwapwa,,
KINUSI PRIMARY SCHOOL,,Dodoma,Mpwapwa,,
KISOKWE PRIMARY SCHOOL,,Dodoma,Mpwapwa,,
LUCIA PRIMARY SCHOOL,,Dodoma,Mpwapwa,,
LUHUNDWA PRIMARY SCHOOL,,Dodoma,Mpwapwa,,
MANGHANGU PRIMARY SCHOOL,,Dodoma,Mpwapwa,,
MATONYA PRIMARY SCHOOL,,Dodoma,Mpwapwa,,
MBORI PRIMARY SCHOOL,,Dodoma,Mpwapwa,,
MGOMA PRIMARY SCHOOL,,Dodoma,Mpwapwa,,
MKOLEKO PRIMARY SCHOOL,,Dodoma,Mpwapwa,,
MLIMO PRIMARY SCHOOL,,Dodoma,Mpwapwa,,
MUNGUWI PRIMARY SCHOOL,,Dodoma,Mpwapwa,,
MZASE PRIMARY SCHOOL,,Dodoma,Mpwapwa,,
NGH'AMBI PRIMARY SCHOOL,,Dodoma,Mpwapwa,,
PWAGA PRIMARY SCHOOL,,Dodoma,Mpwapwa,,
SELUKA PRIMARY SCHOOL,,Dodoma,Mpwapwa,,
VIKUNDI PRIMARY SCHOOL,,Dodoma,Mpwapwa,,
WANGI PRIMARY SCHOOL,,Dodoma,Mpwapwa,,
WIYENZELE PRIMARY SCHOOL,,Dodoma,Mpwapwa,,
BUMILA PRIMARY SCHOOL,,Dodoma,Mpwapwa,,
CHAMSISILI PRIMARY SCHOOL,,Dodoma,Mpwapwa,,
CHAZUNGWA PRIMARY SCHOOL,,Dodoma,Mpwapwa,,
CHIMALIGO PRIMARY SCHOOL,,Dodoma,Mpwapwa,,
CHIPOGORO PRIMARY SCHOOL,,Dodoma,Mpwapwa,,
CHOGOLA PRIMARY SCHOOL,,Dodoma,Mpwapwa,,
FRANCO BADIAN PRIMARY SCHOOL,,Dodoma,Mpwapwa,,
GOMHUNGILE PRIMARY SCHOOL,,Dodoma,Mpwapwa,,
IDILO PRIMARY SCHOOL,,Dodoma,Mpwapwa,,
IGOJI KASKAZINI PRIMARY SCHOOL,,Dodoma,Mpwapwa,,
IGULUWI PRIMARY SCHOOL,,Dodoma,Mpwapwa,,
INZOMVU PRIMARY SCHOOL,,Dodoma,Mpwapwa,,
ISASAMAMBO PRIMARY SCHOOL,,Dodoma,Mpwapwa,,
IWONDO PRIMARY SCHOOL,,Dodoma,Mpwapwa,,
KAZANIA PRIMARY SCHOOL,,Dodoma,Mpwapwa,,
KIDABAGA PRIMARY SCHOOL,,Dodoma,Mpwapwa,,
KIMAGAI PRIMARY SCHOOL,,Dodoma,Mpwapwa,,
KITATI PRIMARY SCHOOL,,Dodoma,Mpwapwa,,
LUFU PRIMARY SCHOOL,,Dodoma,Mpwapwa,,
LWIHOMELO PRIMARY SCHOOL,,Dodoma,Mpwapwa,,
MAKULU PRIMARY SCHOOL,,Dodoma,Mpwapwa,,
MANDAMA PRIMARY SCHOOL,,Dodoma,Mpwapwa,,
MASWALA PRIMARY SCHOOL,,Dodoma,Mpwapwa,,
MIMA PRIMARY SCHOOL,,Dodoma,Mpwapwa,,
MLUNDUZI PRIMARY SCHOOL,,Dodoma,Mpwapwa,,
MSAGALI PRIMARY SCHOOL,,Dodoma,Mpwapwa,,
MTEJETA PRIMARY SCHOOL,,Dodoma,Mpwapwa,,
NANA PRIMARY SCHOOL,,Dodoma,Mpwapwa,,
NGHONJE PRIMARY SCHOOL,,Dodoma,Mpwapwa,,
NYANDU PRIMARY SCHOOL,,Dodoma,Mpwapwa,,
RUDI PRIMARY SCHOOL,,Dodoma,Mpwapwa,,
SINGONHALI PRIMARY SCHOOL,,Dodoma,Mpwapwa,,
VINGH'AWE PRIMARY SCHOOL,,Dodoma,Mpwapwa,,
WINZA PRIMARY SCHOOL,,Dodoma,Mpwapwa,,
WOTTA PRIMARY SCHOOL,,Dodoma,Mpwapwa,,
AGHIDA PRIMARY SCHOOL,,Singida,Ikungi,,
DAMANKIA PRIMARY SCHOOL,,Singida,Ikungi,,
GERMANI PRIMARY SCHOOL,,Singida,Ikungi,,
IGHUKA PRIMARY SCHOOL,,Singida,Ikungi,,
IKUNGI PRIMARY SCHOOL,,Singida,Ikungi,,
INANG'ANA PRIMARY SCHOOL,,Singida,Ikungi,,
ITALALA PRIMARY SCHOOL,,Singida,Ikungi,,
KAUGERI PRIMARY SCHOOL,,Singida,Ikungi,,
KIMBWI PRIMARY SCHOOL,,Singida,Ikungi,,
KINYAMPEMBEE PRIMARY SCHOOL,,Singida,Ikungi,,
KIPUMBUIKO PRIMARY SCHOOL,,Singida,Ikungi,,
LIGHWA PRIMARY SCHOOL,,Singida,Ikungi,,
MAKIUNGU PRIMARY SCHOOL,,Singida,Ikungi,,
MAMPANDO PRIMARY SCHOOL,,Singida,Ikungi,,
MANJARU PRIMARY SCHOOL,,Singida,Ikungi,,
MASWEYA PRIMARY SCHOOL,,Singida,Ikungi,,
MATYUKU PRIMARY SCHOOL,,Singida,Ikungi,,
MAYUTA PRIMARY SCHOOL,,Singida,Ikungi,,
MBWANJIKI PRIMARY SCHOOL,,Singida,Ikungi,,
MINYIGHI PRIMARY SCHOOL,,Singida,Ikungi,,
MISUGHAA PRIMARY SCHOOL,,Singida,Ikungi,,
MKIWA PRIMARY SCHOOL,,Singida,Ikungi,,
MNANE PRIMARY SCHOOL,,Singida,Ikungi,,
MPETU PRIMARY SCHOOL,,Singida,Ikungi,,
MSULE PRIMARY SCHOOL,,Singida,Ikungi,,
MTATURU PRIMARY SCHOOL,,Singida,Ikungi,,
MULAGWE PRIMARY SCHOOL,,Singida,Ikungi,,
MUYANJI PRIMARY SCHOOL,,Singida,Ikungi,,
MWASUTIANGA PRIMARY SCHOOL,,Singida,Ikungi,,
NALI PRIMARY SCHOOL,,Singida,Ikungi,,
NG'ONGOSORO PRIMARY SCHOOL,,Singida,Ikungi,,
NKUNINKANA PRIMARY SCHOOL,,Singida,Ikungi,,
NTUNTU PRIMARY SCHOOL,,Singida,Ikungi,,
SAFINATUN-NAJAA PRIMARY SCHOOL,,Singida,Ikungi,,
SAMAMBA PRIMARY SCHOOL,,Singida,Ikungi,,
SIUYU PRIMARY SCHOOL,,Singida,Ikungi,,
TERESA D'LIMA PRIMARY SCHOOL,,Singida,Ikungi,,
ULYAMPITI PRIMARY SCHOOL,,Singida,Ikungi,,
UNYANGWE PRIMARY SCHOOL,,Singida,Ikungi,,
WIBIA PRIMARY SCHOOL,,Singida,Ikungi,,
BUNKU PRIMARY SCHOOL,,Singida,Ikungi,,
IFYAMAHUMBI PRIMARY SCHOOL,,Singida,Ikungi,,
IGLANSONI PRIMARY SCHOOL,,Singida,Ikungi,,
ITURU PRIMARY SCHOOL,,Singida,Ikungi,,
KIKHOMANGO PRIMARY SCHOOL,,Singida,Ikungi,,
KINKU PRIMARY SCHOOL,,Singida,Ikungi,,
KINYAMWANDYO PRIMARY SCHOOL,,Singida,Ikungi,,
KIPUNDA PRIMARY SCHOOL,,Singida,Ikungi,,
KIZUGU PRIMARY SCHOOL,,Singida,Ikungi,,
MAGWEGHANA PRIMARY SCHOOL,,Singida,Ikungi,,
MAKHONDA PRIMARY SCHOOL,,Singida,Ikungi,,
MAKOTEA PRIMARY SCHOOL,,Singida,Ikungi,,
MANDIMU PRIMARY SCHOOL,,Singida,Ikungi,,
MANKUMBI PRIMARY SCHOOL,,Singida,Ikungi,,
MAU PRIMARY SCHOOL,,Singida,Ikungi,,
MBOGHO PRIMARY SCHOOL,,Singida,Ikungi,,
MDUGHUYU PRIMARY SCHOOL,,Singida,Ikungi,,
MINYINGA PRIMARY SCHOOL,,Singida,Ikungi,,
MISULE PRIMARY SCHOOL,,Singida,Ikungi,,
MLANDALA PRIMARY SCHOOL,,Singida,Ikungi,,
MNANG'ANA PRIMARY SCHOOL,,Singida,Ikungi,,
MPUGIZI PRIMARY SCHOOL,,Singida,Ikungi,,
MSUNGUA PRIMARY SCHOOL,,Singida,Ikungi,,
MTAVIRA PRIMARY SCHOOL,,Singida,Ikungi,,
MUGHUMBU PRIMARY SCHOOL,,Singida,Ikungi,,
MUNGAA PRIMARY SCHOOL,,Singida,Ikungi,,
MUSAMBU PRIMARY SCHOOL,,Singida,Ikungi,,
MWARE PRIMARY SCHOOL,,Singida,Ikungi,,
MWAU PRIMARY SCHOOL,,Singida,Ikungi,,
NDURU PRIMARY SCHOOL,,Singida,Ikungi,,
NKHOIREE PRIMARY SCHOOL,,Singida,Ikungi,,
NKURUSI PRIMARY SCHOOL,,Singida,Ikungi,,
SAKAA PRIMARY SCHOOL,,Singida,Ikungi,,
SAMBARU PRIMARY SCHOOL,,Singida,Ikungi,,
TARU MLIMANI PRIMARY SCHOOL,,Singida,Ikungi,,
UNYAGHUMPI PRIMARY SCHOOL,,Singida,Ikungi,,
UNYANKHANYA PRIMARY SCHOOL,,Singida,Ikungi,,
CHODA PRIMARY SCHOOL,,Singida,Ikungi,,
DUNG'UNYI PRIMARY SCHOOL,,Singida,Ikungi,,
IGHOMBWE PRIMARY SCHOOL,,Singida,Ikungi,,
ILOWOKO PRIMARY SCHOOL,,Singida,Ikungi,,
ISSUNA PRIMARY SCHOOL,,Singida,Ikungi,,
KIKIO PRIMARY SCHOOL,,Singida,Ikungi,,
KINTANDAA PRIMARY SCHOOL,,Singida,Ikungi,,
KINYARIMI PRIMARY SCHOOL,,Singida,Ikungi,,
KISILUDA PRIMARY SCHOOL,,Singida,Ikungi,,
LAINICHUNGU PRIMARY SCHOOL,,Singida,Ikungi,,
MAHAMBE PRIMARY SCHOOL,,Singida,Ikungi,,
MAKHONGO PRIMARY SCHOOL,,Singida,Ikungi,,
MANG'ONYI PRIMARY SCHOOL,,Singida,Ikungi,,
MAYAHA PRIMARY SCHOOL,,Singida,Ikungi,,
MBUGHANTIGHA PRIMARY SCHOOL,,Singida,Ikungi,,
MGUNGIRA PRIMARY SCHOOL,,Singida,Ikungi,,
MINYUGHE PRIMARY SCHOOL,,Singida,Ikungi,,
MKENENE PRIMARY SCHOOL,,Singida,Ikungi,,
MLUMBI PRIMARY SCHOOL,,Singida,Ikungi,,
MNYANGE PRIMARY SCHOOL,,Singida,Ikungi,,
MSOSA PRIMARY SCHOOL,,Singida,Ikungi,,
MT. URSULA PRIMARY SCHOOL,,Singida,Ikungi,,
MTEVA PRIMARY SCHOOL,,Singida,Ikungi,,
MUHINTIRI PRIMARY SCHOOL,,Singida,Ikungi,,
MUNKINYA PRIMARY SCHOOL,,Singida,Ikungi,,
MUSIMI PRIMARY SCHOOL,,Singida,Ikungi,,
MWARU PRIMARY SCHOOL,,Singida,Ikungi,,
MWISI PRIMARY SCHOOL,,Singida,Ikungi,,
NEW VISION SINGIDA PRIMARY SCHOOL,,Singida,Ikungi,,
NTEWA PRIMARY SCHOOL,,Singida,Ikungi,,
PUMA PRIMARY SCHOOL,,Singida,Ikungi,,
SAMAKA PRIMARY SCHOOL,,Singida,Ikungi,,
SIMBIKWA PRIMARY SCHOOL,,Singida,Ikungi,,
TARU PRIMARY SCHOOL,,Singida,Ikungi,,
UJAIRE PRIMARY SCHOOL,,Singida,Ikungi,,
UNYAHATI PRIMARY SCHOOL,,Singida,Ikungi,,
UTAHO PRIMARY SCHOOL,,Singida,Ikungi,,
DOROMONI PRIMARY SCHOOL,,Singida,Iramba,,
HAILA PRIMARY SCHOOL,,Singida,Iramba,,
IKYETO PRIMARY SCHOOL,,Singida,Iramba,,
ISHUILA PRIMARY SCHOOL,,Singida,Iramba,,
KIBIGIRI PRIMARY SCHOOL,,Singida,Iramba,,
KIMPUNDA PRIMARY SCHOOL,,Singida,Iramba,,
KINAMBEU PRIMARY SCHOOL,,Singida,Iramba,,
KIOMBOI-BOMANI PRIMARY SCHOOL,,Singida,Iramba,,
KISANA PRIMARY SCHOOL,,Singida,Iramba,,
KISIRIRI PRIMARY SCHOOL,,Singida,Iramba,,
KIZEGA PRIMARY SCHOOL,,Singida,Iramba,,
KYENGEGE PRIMARY SCHOOL,,Singida,Iramba,,
LUZILUKULU PRIMARY SCHOOL,,Singida,Iramba,,
MAMPANTA PRIMARY SCHOOL,,Singida,Iramba,,
MASAGI PRIMARY SCHOOL,,Singida,Iramba,,
MBELEKESE PRIMARY SCHOOL,,Singida,Iramba,,
MISIGIRI PRIMARY SCHOOL,,Singida,Iramba,,
MUGUNDU PRIMARY SCHOOL,,Singida,Iramba,,
MUNKONZE PRIMARY SCHOOL,,Singida,Iramba,,
MWANDUIGEMBE PRIMARY SCHOOL,,Singida,Iramba,,
NKINGI PRIMARY SCHOOL,,Singida,Iramba,,
NSELEMBWE PRIMARY SCHOOL,,Singida,Iramba,,
RURUMA PRIMARY SCHOOL,,Singida,Iramba,,
SHATI PRIMARY SCHOOL,,Singida,Iramba,,
TULYA PRIMARY SCHOOL,,Singida,Iramba,,
TYEME PRIMARY SCHOOL,,Singida,Iramba,,
ULEMO PRIMARY SCHOOL,,Singida,Iramba,,
USHORA-UTEMINI PRIMARY SCHOOL,,Singida,Iramba,,
GALANGALA PRIMARY SCHOOL,,Singida,Iramba,,
ISENENKWA PRIMARY SCHOOL,,Singida,Iramba,,
ISSUI PRIMARY SCHOOL,,Singida,Iramba,,
KIGULUNSUNGI PRIMARY SCHOOL,,Singida,Iramba,,
KINAKUMI PRIMARY SCHOOL,,Singida,Iramba,,
KIOMBOI-HOSPITAL PRIMARY SCHOOL,,Singida,Iramba,,
KISHARITA PRIMARY SCHOOL,,Singida,Iramba,,
KISONGA PRIMARY SCHOOL,,Singida,Iramba,,
KIZONZO PRIMARY SCHOOL,,Singida,Iramba,,
LULUMBA PRIMARY SCHOOL,,Singida,Iramba,,
MAHOLA PRIMARY SCHOOL,,Singida,Iramba,,
MALUGA KONA PRIMARY SCHOOL,,Singida,Iramba,,
MANG'OLE PRIMARY SCHOOL,,Singida,Iramba,,
MELI PRIMARY SCHOOL,,Singida,Iramba,,
MIGILANGO PRIMARY SCHOOL,,Singida,Iramba,,
MISUNA PRIMARY SCHOOL,,Singida,Iramba,,
MSAI PRIMARY SCHOOL,,Singida,Iramba,,
MTEKENTE PRIMARY SCHOOL,,Singida,Iramba,,
MUGUNGIA PRIMARY SCHOOL,,Singida,Iramba,,
NDAGO PRIMARY SCHOOL,,Singida,Iramba,,
NG'ANGULI PRIMARY SCHOOL,,Singida,Iramba,,
NKYALA PRIMARY SCHOOL,,Singida,Iramba,,
NSONGA PRIMARY SCHOOL,,Singida,Iramba,,
SALALA PRIMARY SCHOOL,,Singida,Iramba,,
SHELUI PRIMARY SCHOOL,,Singida,Iramba,,
ST DESDERIAS PRIMARY SCHOOL,,Singida,Iramba,,
TUTU PRIMARY SCHOOL,,Singida,Iramba,,
TYUTA PRIMARY SCHOOL,,Singida,Iramba,,
ULYANG'OMBE PRIMARY SCHOOL,,Singida,Iramba,,
USURE PRIMARY SCHOOL,,Singida,Iramba,,
WEMBERE PRIMARY SCHOOL,,Singida,Iramba,,
GLORIA DEI PRIMARY SCHOOL,,Singida,Iramba,,
IKARANGA PRIMARY SCHOOL,,Singida,Iramba,,
ISHANGA PRIMARY SCHOOL,,Singida,Iramba,,
KIKONGE PRIMARY SCHOOL,,Singida,Iramba,,
KINALILYA PRIMARY SCHOOL,,Singida,Iramba,,
KINKUNGU PRIMARY SCHOOL,,Singida,Iramba,,
KIPUMA PRIMARY SCHOOL,,Singida,Iramba,,
KISIMBA PRIMARY SCHOOL,,Singida,Iramba,,
KITUKUTU PRIMARY SCHOOL,,Singida,Iramba,,
KYALOSANGI PRIMARY SCHOOL,,Singida,Iramba,,
LUONO PRIMARY SCHOOL,,Singida,Iramba,,
MAKUNDA PRIMARY SCHOOL,,Singida,Iramba,,
MALUGA PRIMARY SCHOOL,,Singida,Iramba,,
MAYANZANI PRIMARY SCHOOL,,Singida,Iramba,,
MGELA PRIMARY SCHOOL,,Singida,Iramba,,
MSANSAO PRIMARY SCHOOL,,Singida,Iramba,,
MTOA PRIMARY SCHOOL,,Singida,Iramba,,
MUKULU PRIMARY SCHOOL,,Singida,Iramba,,
NDULUNGU PRIMARY SCHOOL,,Singida,Iramba,,
NTWIKE PRIMARY SCHOOL,,Singida,Iramba,,
SEKENKE PRIMARY SCHOOL,,Singida,Iramba,,
SIMBALUNGWALA PRIMARY SCHOOL,,Singida,Iramba,,
TINTIGULU PRIMARY SCHOOL,,Singida,Iramba,,
TYEGELO PRIMARY SCHOOL,,Singida,Iramba,,
UJUNGU PRIMARY SCHOOL,,Singida,Iramba,,
URUGHU PRIMARY SCHOOL,,Singida,Iramba,,
UWANZA PRIMARY SCHOOL,,Singida,Iramba,,
YALAGANO PRIMARY SCHOOL,,Singida,Iramba,,
AGHONDI PRIMARY SCHOOL,,Singida,Itigi,,
DOROTO PRIMARY SCHOOL,,Singida,Itigi,,
IBONOA PRE AND PRIMARY SCHOOL,,Singida,Itigi,,
IFUMBUKA PRIMARY SCHOOL,,Singida,Itigi,,
IPANGAMASASI PRIMARY SCHOOL,,Singida,Itigi,,
ITIGI RELI PRIMARY SCHOOL,,Singida,Itigi,,
JEJE PRIMARY SCHOOL,,Singida,Itigi,,
KASHANGU PRIMARY SCHOOL,,Singida,Itigi,,
KAZIKAZI STESHENI PRIMARY SCHOOL,,Singida,Itigi,,
MABONDENI PRIMARY SCHOOL,,Singida,Itigi,,
MAKALE PRIMARY SCHOOL,,Singida,Itigi,,
MIKESE PRIMARY SCHOOL,,Singida,Itigi,,
MLONGOJII PRIMARY SCHOOL,,Singida,Itigi,,
NJIRII PRIMARY SCHOOL,,Singida,Itigi,,
ST. FRANCIS XAVIER PRIMARY SCHOOL,,Singida,Itigi,,
BANGAYEGA PRIMARY SCHOOL,,Singida,Itigi,,
IBUMBIDA PRIMARY SCHOOL,,Singida,Itigi,,
IPALALYU PRIMARY SCHOOL,,Singida,Itigi,,
IPUNGULI PRIMARY SCHOOL,,Singida,Itigi,,
KAHOMWE PRIMARY SCHOOL,,Singida,Itigi,,
KAYUI PRIMARY SCHOOL,,Singida,Itigi,,
KIHANJU PRIMARY SCHOOL,,Singida,Itigi,,
KUDEMA PRIMARY SCHOOL,,Singida,Itigi,,
MGAMBOO PRIMARY SCHOOL,,Singida,Itigi,,
MITUNDU B PRIMARY SCHOOL,,Singida,Itigi,,
MKAJENGA PRIMARY SCHOOL,,Singida,Itigi,,
MWAKITANDA PRIMARY SCHOOL,,Singida,Itigi,,
NGILIMALOLE PRIMARY SCHOOL,,Singida,Itigi,,
NKAWA PRIMARY SCHOOL,,Singida,Itigi,,
SANJARANDA PRIMARY SCHOOL,,Singida,Itigi,,
ST. VINCENT PRIMARY SCHOOL,,Singida,Itigi,,
USESWANONI PRIMARY SCHOOL,,Singida,Itigi,,
DAMWELU PRIMARY SCHOOL,,Singida,Itigi,,
GURUNGU PRIMARY SCHOOL,,Singida,Itigi,,
IDODYANDOLE PRIMARY SCHOOL,,Singida,Itigi,,
ISINGIWE PRIMARY SCHOOL,,Singida,Itigi,,
ITIGI PRIMARY SCHOOL,,Singida,Itigi,,
IWELEWELE PRIMARY SCHOOL,,Singida,Itigi,,
KAMENYANGA PRIMARY SCHOOL,,Singida,Itigi,,
KAZIKAZI PRIMARY SCHOOL,,Singida,Itigi,,
KINTANULA PRIMARY SCHOOL,,Singida,Itigi,,
KITARAKA PRIMARY SCHOOL,,Singida,Itigi,,
LULANGA PRIMARY SCHOOL,,Singida,Itigi,,
MAHINYA PRIMARY SCHOOL,,Singida,Itigi,,
MATAGATA PRIMARY SCHOOL,,Singida,Itigi,,
MITUNDU PRIMARY SCHOOL,,Singida,Itigi,,
NG'ONGOSOLO PRIMARY SCHOOL,,Singida,Itigi,,
PENTAGON PRIMARY SCHOOL,,Singida,Itigi,,
CHIBUMAGWA PRIMARY SCHOOL,MANYONI,Singida,Manyoni,,
CHIDUDU PRIMARY SCHOOL,MANYONI,Singida,Manyoni,,
CHIKUYU PRIMARY SCHOOL,MANYONI,Singida,Manyoni,,
CHISINGISA PRIMARY SCHOOL,MANYONI,Singida,Manyoni,,
HIKA PRIMARY SCHOOL,MANYONI,Singida,Manyoni,,
ILALOO PRIMARY SCHOOL,MANYONI,Singida,Manyoni,,
IPANDUKA PRIMARY SCHOOL,MANYONI,Singida,Manyoni,,
KAPITI PRIMARY SCHOOL,MANYONI,Singida,Manyoni,,
KITALALO PRIMARY SCHOOL,MANYONI,Singida,Manyoni,,
LUSILILE PRIMARY SCHOOL,MANYONI,Singida,Manyoni,,
MAHAKA PRIMARY SCHOOL,MANYONI,Singida,Manyoni,,
MAKURU PRIMARY SCHOOL,MANYONI,Singida,Manyoni,,
MANGOLI PRIMARY SCHOOL,MANYONI,Singida,Manyoni,,
MASIGATI PRIMARY SCHOOL,MANYONI,Singida,Manyoni,,
MBWASA PRIMARY SCHOOL,MANYONI,Singida,Manyoni,,
MITOO PRIMARY SCHOOL,MANYONI,Singida,Manyoni,,
NGAITI PRIMARY SCHOOL,MANYONI,Singida,Manyoni,,
NTOPE PRIMARY SCHOOL,MANYONI,Singida,Manyoni,,
PADRE DINO PRIMARY SCHOOL,MANYONI,Singida,Manyoni,,
SARANDA PRIMARY SCHOOL,MANYONI,Singida,Manyoni,,
ST.JOHN'S PRIMARY SCHOOL,MANYONI,Singida,Manyoni,,
TARGET PRIMARY SCHOOL,MANYONI,Singida,Manyoni,,
CHICHEHO PRIMARY SCHOOL,MANYONI,Singida,Manyoni,,
CHILIGATI PRIMARY SCHOOL,MANYONI,Singida,Manyoni,,
DABIA PRIMARY SCHOOL,MANYONI,Singida,Manyoni,,
IGWAMADETE PRIMARY SCHOOL,MANYONI,Singida,Manyoni,,
IMAAM RABII ISLAMIC PRIMARY SCHOOL,MANYONI,Singida,Manyoni,,
KASANII PRIMARY SCHOOL,MANYONI,Singida,Manyoni,,
KINTINKU PRIMARY SCHOOL,MANYONI,Singida,Manyoni,,
LIGHTNESS PRIMARY SCHOOL,MANYONI,Singida,Manyoni,,
MAKASUKU PRIMARY SCHOOL,MANYONI,Singida,Manyoni,,
MANKEMBOO PRIMARY SCHOOL,MANYONI,Singida,Manyoni,,
MBWEKOO PRIMARY SCHOOL,MANYONI,Singida,Manyoni,,
MKWESE PRIMARY SCHOOL,MANYONI,Singida,Manyoni,,
MPOLA PRIMARY SCHOOL,MANYONI,Singida,Manyoni,,
MWIBOO PRIMARY SCHOOL,MANYONI,Singida,Manyoni,,
NKAMBALALA PRIMARY SCHOOL,MANYONI,Singida,Manyoni,,
PAMPAGU PRIMARY SCHOOL,MANYONI,Singida,Manyoni,,
SIMBANGURU PRIMARY SCHOOL,MANYONI,Singida,Manyoni,,
SUKAMAHELA PRIMARY SCHOOL,MANYONI,Singida,Manyoni,,
UDIMAA PRIMARY SCHOOL,MANYONI,Singida,Manyoni,,
CHIDAMSULU PRIMARY SCHOOL,MANYONI,Singida,Manyoni,,
CHIKOMBO PRIMARY SCHOOL,MANYONI,Singida,Manyoni,,
CHIMWANZU PRIMARY SCHOOL,MANYONI,Singida,Manyoni,,
HEKA PRIMARY SCHOOL,MANYONI,Singida,Manyoni,,
IKASI PRIMARY SCHOOL,MANYONI,Singida,Manyoni,,
ISSEKE PRIMARY SCHOOL,MANYONI,Singida,Manyoni,,
MAGASAI PRIMARY SCHOOL,MANYONI,Singida,Manyoni,,
MAJIRI PRIMARY SCHOOL,MANYONI,Singida,Manyoni,,
MAKURU B PRIMARY SCHOOL,MANYONI,Singida,Manyoni,,
MALIKA PRIMARY SCHOOL,MANYONI,Singida,Manyoni,,
MAZUCHII PRIMARY SCHOOL,MANYONI,Singida,Manyoni,,
MDUNUNDU PRIMARY SCHOOL,MANYONI,Singida,Manyoni,,
MPANDAGANI PRIMARY SCHOOL,MANYONI,Singida,Manyoni,,
MUHALALA PRIMARY SCHOOL,MANYONI,Singida,Manyoni,,
MWANZI PRIMARY SCHOOL,MANYONI,Singida,Manyoni,,
MWITIKILA PRIMARY SCHOOL,MANYONI,Singida,Manyoni,,
NKONKO PRIMARY SCHOOL,MANYONI,Singida,Manyoni,,
NYARANGA PRIMARY SCHOOL,MANYONI,Singida,Manyoni,,
SASILO PRIMARY SCHOOL,MANYONI,Singida,Manyoni,,
SOLYA PRIMARY SCHOOL,MANYONI,Singida,Manyoni,,
WINAMILA PRIMARY SCHOOL,MANYONI,Singida,Manyoni,,
ASANJA PRIMARY SCHOOL,,Singida,Mkalama,,
DOMINIC PRIMARY SCHOOL,,Singida,Mkalama,,
HILAMOTO PRIMARY SCHOOL,,Singida,Mkalama,,
IGENGU PRIMARY SCHOOL,,Singida,Mkalama,,
IRAMA PRIMARY SCHOOL,,Singida,Mkalama,,
ISHENGA PRIMARY SCHOOL,,Singida,Mkalama,,
KIBOLOLO PRIMARY SCHOOL,,Singida,Mkalama,,
KIKHONDA PRIMARY SCHOOL,,Singida,Mkalama,,
KINAMPUNDU PRIMARY SCHOOL,,Singida,Mkalama,,
KINYAMBULI PRIMARY SCHOOL,,Singida,Mkalama,,
MAELU PRIMARY SCHOOL,,Singida,Mkalama,,
MAZILIGA PRIMARY SCHOOL,,Singida,Mkalama,,
MGIMBA PRIMARY SCHOOL,,Singida,Mkalama,,
MITALA PRIMARY SCHOOL,,Singida,Mkalama,,
MKUNGURU PRIMARY SCHOOL,,Singida,Mkalama,,
MNOLO PRIMARY SCHOOL,,Singida,Mkalama,,
MPAKO PRIMARY SCHOOL,,Singida,Mkalama,,
MSIU PRIMARY SCHOOL,,Singida,Mkalama,,
MZENGI PRIMARY SCHOOL,,Singida,Mkalama,,
NKENKE PRIMARY SCHOOL,,Singida,Mkalama,,
NYAHAA PRIMARY SCHOOL,,Singida,Mkalama,,
SINGA PRIMARY SCHOOL,,Singida,Mkalama,,
YULANSONI PRIMARY SCHOOL,,Singida,Mkalama,,
ENDASIKU PRIMARY SCHOOL,,Singida,Mkalama,,
IAMBI PRIMARY SCHOOL,,Singida,Mkalama,,
IGONIA PRIMARY SCHOOL,,Singida,Mkalama,,
ISHINSI PRIMARY SCHOOL,,Singida,Mkalama,,
KIDARAFA PRIMARY SCHOOL,,Singida,Mkalama,,
KINANDILI PRIMARY SCHOOL,,Singida,Mkalama,,
KINYANGIRI PRIMARY SCHOOL,,Singida,Mkalama,,
LUKOMO PRIMARY SCHOOL,,Singida,Mkalama,,
MAKULO PRIMARY SCHOOL,,Singida,Mkalama,,
MATERE PRIMARY SCHOOL,,Singida,Mkalama,,
MBIGIGI PRIMARY SCHOOL,,Singida,Mkalama,,
MGOLOMBYO PRIMARY SCHOOL,,Singida,Mkalama,,
MNG'ANDA PRIMARY SCHOOL,,Singida,Mkalama,,
MNTAMBA PRIMARY SCHOOL,,Singida,Mkalama,,
MSINGI PRIMARY SCHOOL,,Singida,Mkalama,,
MUNGULI PRIMARY SCHOOL,,Singida,Mkalama,,
MWANGEZA PRIMARY SCHOOL,,Singida,Mkalama,,
NDALLA PRIMARY SCHOOL,,Singida,Mkalama,,
NKINDIKO PRIMARY SCHOOL,,Singida,Mkalama,,
NYERI PRIMARY SCHOOL,,Singida,Mkalama,,
SOPHIA PRIMARY SCHOOL,,Singida,Mkalama,,
TATAZI PRIMARY SCHOOL,,Singida,Mkalama,,
GUMANGA PRIMARY SCHOOL,,Singida,Mkalama,,
IGUGUNO PRIMARY SCHOOL,,Singida,Mkalama,,
ILANGIDA PRIMARY SCHOOL,,Singida,Mkalama,,
ISENE PRIMARY SCHOOL,,Singida,Mkalama,,
ITIANUNDI PRIMARY SCHOOL,,Singida,Mkalama,,
KIDIGIDA PRIMARY SCHOOL,,Singida,Mkalama,,
KILYUNGU PRIMARY SCHOOL,,Singida,Mkalama,,
KINANKAMBA PRIMARY SCHOOL,,Singida,Mkalama,,
KITUMBILI PRIMARY SCHOOL,,Singida,Mkalama,,
LYELEMBO PRIMARY SCHOOL,,Singida,Mkalama,,
MALAJA PRIMARY SCHOOL,,Singida,Mkalama,,
MAZANGILI PRIMARY SCHOOL,,Singida,Mkalama,,
MDILIKA PRIMARY SCHOOL,,Singida,Mkalama,,
MIDIBWI PRIMARY SCHOOL,,Singida,Mkalama,,
MILADE PRIMARY SCHOOL,,Singida,Mkalama,,
MKIKO PRIMARY SCHOOL,,Singida,Mkalama,,
MNUNG'UNA PRIMARY SCHOOL,,Singida,Mkalama,,
MSISAI PRIMARY SCHOOL,,Singida,Mkalama,,
MWANIGWE PRIMARY SCHOOL,,Singida,Mkalama,,
NKALAKALA PRIMARY SCHOOL,,Singida,Mkalama,,
NKUNGI PRIMARY SCHOOL,,Singida,Mkalama,,
SENENE PRIMARY SCHOOL,,Singida,Mkalama,,
ST MARIE EUGENIE PRIMARY SCHOOL,,Singida,Mkalama,,
TUMULI PRIMARY SCHOOL,,Singida,Mkalama,,
GHALUNYANGU PRIMARY SCHOOL,,Singida,Singida,,
IFOMBOU PRIMARY SCHOOL,,Singida,Singida,,
IKIWU PRIMARY SCHOOL,,Singida,Singida,,
ITAJA PRIMARY SCHOOL,,Singida,Singida,,
KAFANABO PRIMARY SCHOOL,,Singida,Singida,,
KIHUNADI PRIMARY SCHOOL,,Singida,Singida,,
KINYAMWAMBO PRIMARY SCHOOL,,Singida,Singida,,
LAMBA PRIMARY SCHOOL,,Singida,Singida,,
MAKURO PRIMARY SCHOOL,,Singida,Singida,,
MERYA PRIMARY SCHOOL,,Singida,Singida,,
MIGUGU PRIMARY SCHOOL,,Singida,Singida,,
MIPILO PRIMARY SCHOOL,,Singida,Singida,,
MKIMBII PRIMARY SCHOOL,,Singida,Singida,,
MPIPITI PRIMARY SCHOOL,,Singida,Singida,,
MSIKII PRIMARY SCHOOL,,Singida,Singida,,
MTINKO PRIMARY SCHOOL,,Singida,Singida,,
MUGHUNGA PRIMARY SCHOOL,,Singida,Singida,,
MULUMPU PRIMARY SCHOOL,,Singida,Singida,,
MUNKWAE PRIMARY SCHOOL,,Singida,Singida,,
MVAE PRIMARY SCHOOL,,Singida,Singida,,
MWAKABIJI PRIMARY SCHOOL,,Singida,Singida,,
MWANGAE PRIMARY SCHOOL,,Singida,Singida,,
NDUAMUGHANGA PRIMARY SCHOOL,,Singida,Singida,,
NKWAE PRIMARY SCHOOL,,Singida,Singida,,
POHAMA PRIMARY SCHOOL,,Singida,Singida,,
SEKOUTOURE PRIMARY SCHOOL,,Singida,Singida,,
GAIRU PRIMARY SCHOOL,,Singida,Singida,,
GHATA PRIMARY SCHOOL,,Singida,Singida,,
IGAURI PRIMARY SCHOOL,,Singida,Singida,,
IKUMESE PRIMARY SCHOOL,,Singida,Singida,,
ITAMKA PRIMARY SCHOOL,,Singida,Singida,,
KIJOTA PRIMARY SCHOOL,,Singida,Singida,,
KINYAMWENDA PRIMARY SCHOOL,,Singida,Singida,,
MADAMIGHA PRIMARY SCHOOL,,Singida,Singida,,
MATUMBO PRIMARY SCHOOL,,Singida,Singida,,
MFUMBU PRIMARY SCHOOL,,Singida,Singida,,
MISINKO PRIMARY SCHOOL,,Singida,Singida,,
MJURA PRIMARY SCHOOL,,Singida,Singida,,
MRAMA PRIMARY SCHOOL,,Singida,Singida,,
MSIMIHI PRIMARY SCHOOL,,Singida,Singida,,
MUDIDA PRIMARY SCHOOL,,Singida,Singida,,
MUHUVI PRIMARY SCHOOL,,Singida,Singida,,
MUMBII PRIMARY SCHOOL,,Singida,Singida,,
MURYA PRIMARY SCHOOL,,Singida,Singida,,
MWACHAMBIA PRIMARY SCHOOL,,Singida,Singida,,
MWAKICHECHE PRIMARY SCHOOL,,Singida,Singida,,
MWAMBA PRIMARY SCHOOL,,Singida,Singida,,
MWASAUYA PRIMARY SCHOOL,,Singida,Singida,,
NDUGHWIRA PRIMARY SCHOOL,,Singida,Singida,,
NGIMU PRIMARY SCHOOL,,Singida,Singida,,
NTONDO PRIMARY SCHOOL,,Singida,Singida,,
SEMFURU PRIMARY SCHOOL,,Singida,Singida,,
DIAGWA PRIMARY SCHOOL,,Singida,Singida,,
GENEZARETH PRIMARY SCHOOL,,Singida,Singida,,
IDANG'ADU PRIMARY SCHOOL,,Singida,Singida,,
IKHANODA PRIMARY SCHOOL,,Singida,Singida,,
ILONGERO PRIMARY SCHOOL,,Singida,Singida,,
JANGWA PRIMARY SCHOOL,,Singida,Singida,,
KIDAGHAU PRIMARY SCHOOL,,Singida,Singida,,
KINYAGIGI PRIMARY SCHOOL,,Singida,Singida,,
KINYETO PRIMARY SCHOOL,,Singida,Singida,,
LAGHANIDA PRIMARY SCHOOL,,Singida,Singida,,
MAKHANDI PRIMARY SCHOOL,,Singida,Singida,,
MANGIDA PRIMARY SCHOOL,,Singida,Singida,,
MDILU PRIMARY SCHOOL,,Singida,Singida,,
MGORI PRIMARY SCHOOL,,Singida,Singida,,
MINYENYE PRIMARY SCHOOL,,Singida,Singida,,
MISSUNA PRIMARY SCHOOL,,Singida,Singida,,
MPAMBAA PRIMARY SCHOOL,,Singida,Singida,,
MSANGE PRIMARY SCHOOL,,Singida,Singida,,
MUGHAMO PRIMARY SCHOOL,,Singida,Singida,,
MUNKHOLA PRIMARY SCHOOL,,Singida,Singida,,
MWAHANGO PRIMARY SCHOOL,,Singida,Singida,,
MWAKITI PRIMARY SCHOOL,,Singida,Singida,,
MWAMENYA PRIMARY SCHOOL,,Singida,Singida,,
MWIGHANJI PRIMARY SCHOOL,,Singida,Singida,,
NGAMU PRIMARY SCHOOL,,Singida,Singida,,
NG'ONGOAMPOKU PRIMARY SCHOOL,,Singida,Singida,,
NTUNDUU PRIMARY SCHOOL,,Singida,Singida,,
SEFUNGA PRIMARY SCHOOL,,Singida,Singida,,
UGHANDI PRIMARY SCHOOL,,Singida,Singida,,
ABETI PRIMARY SCHOOL,,Singida,Singida Mc,,
ARAFAH ISLAMIC SEMINARY PRIMARY SCHOOL,,Singida,Singida Mc,,
IKENGA PRIMARY SCHOOL,,Singida,Singida Mc,,
IPUNGI PRIMARY SCHOOL,,Singida,Singida Mc,,
JANUKA PRIMARY SCHOOL,,Singida,Singida Mc,,
KIHADE PRIMARY SCHOOL,,Singida,Singida Mc,,
KINDAI PRIMARY SCHOOL,,Singida,Singida Mc,,
KITITIMO PRIMARY SCHOOL,,Singida,Singida Mc,,
MAEMAK PRIMARY SCHOOL,,Singida,Singida Mc,,
MALAIKA WA MATUMAINI PRIMARY SCHOOL,,Singida,Singida Mc,,
MANGUAMPYUGHU PRIMARY SCHOOL,,Singida,Singida Mc,,
MTIPA PRIMARY SCHOOL,,Singida,Singida Mc,,
MUGHENYI PRIMARY SCHOOL,,Singida,Singida Mc,,
MWANKOKO PRIMARY SCHOOL,,Singida,Singida Mc,,
NURU ISLAMIC PRIMARY SCHOOL,,Singida,Singida Mc,,
UGHAUGHA PRIMARY SCHOOL,,Singida,Singida Mc,,
UNYAKUMI PRIMARY SCHOOL,,Singida,Singida Mc,,
UNYANKHAE PRIMARY SCHOOL,,Singida,Singida Mc,,
UNYINGA PRIMARY SCHOOL,,Singida,Singida Mc,,
IMBELE PRIMARY SCHOOL,,Singida,Singida Mc,,
ISOMIA PRIMARY SCHOOL,,Singida,Singida Mc,,
JUDEA PRIMARY SCHOOL,,Singida,Singida Mc,,
KIMAI PRIMARY SCHOOL,,Singida,Singida Mc,,
MANGUANJUKI PRIMARY SCHOOL,,Singida,Singida Mc,,
MUNGUMAJI PRIMARY SCHOOL,,Singida,Singida Mc,,
MWEMBEMOJA PRIMARY SCHOOL,,Singida,Singida Mc,,
SINGIDANI PRIMARY SCHOOL,,Singida,Singida Mc,,
SUNDU PRIMARY SCHOOL,,Singida,Singida Mc,,
UHAMAKA PRIMARY SCHOOL,,Singida,Singida Mc,,
UNYAMBWA PRIMARY SCHOOL,,Singida,Singida Mc,,
UNYANKINDI PRIMARY SCHOOL,,Singida,Singida Mc,,
AL-WAFAA ISLAMIC PRIMARY SCHOOL,,Singida,Singida Mc,,
ITITI PRIMARY SCHOOL,,Singida,Singida Mc,,
KIMPUNGUA PRIMARY SCHOOL,,Singida,Singida Mc,,
KISASIDA PRIMARY SCHOOL,,Singida,Singida Mc,,
MANGUAMITOGHO PRIMARY SCHOOL,,Singida,Singida Mc,,
MINGA PRIMARY SCHOOL,,Singida,Singida Mc,,
MTAMAA PRIMARY SCHOOL,,Singida,Singida Mc,,
MUGHANGA PRIMARY SCHOOL,,Singida,Singida Mc,,
MWAJA PRIMARY SCHOOL,,Singida,Singida Mc,,
NG'AIDA PRIMARY SCHOOL,,Singida,Singida Mc,,
NYUNJWI PRIMARY SCHOOL,,Singida,Singida Mc,,
SOMOKU PRIMARY SCHOOL,,Singida,Singida Mc,,
TUMAINI VIZIWI PRIMARY SCHOOL,,Singida,Singida Mc,,
UNYAMIKUMBI PRIMARY SCHOOL,,Singida,Singida Mc,,
UNYIANGA PRIMARY SCHOOL,,Singida,Singida Mc,,
BALAMA PRIMARY SCHOOL,,Morogoro,Gairo,,
CHAGONGWE PRIMARY SCHOOL,,Morogoro,Gairo,,
CHISHAMBO PRIMARY SCHOOL,,Morogoro,Gairo,,
GAIRO 'A' PRIMARY SCHOOL,,Morogoro,Gairo,,
IBUTI PRIMARY SCHOOL,,Morogoro,Gairo,,
IJAVA PRIMARY SCHOOL,,Morogoro,Gairo,,
ITALAGWE PRIMARY SCHOOL,,Morogoro,Gairo,,
KIDETE - CHAGONGWE PRIMARY SCHOOL,,Morogoro,Gairo,,
KIMASHALE PRIMARY SCHOOL,,Morogoro,Gairo,,
KITAITA PRIMARY SCHOOL,,Morogoro,Gairo,,
KWIPIPA PRIMARY SCHOOL,,Morogoro,Gairo,,
LUFIKIRI PRIMARY SCHOOL,,Morogoro,Gairo,,
LUKINGA PRIMARY SCHOOL,,Morogoro,Gairo,,
MAKUYU PRIMARY SCHOOL,,Morogoro,Gairo,,
MAMVISI PRIMARY SCHOOL,,Morogoro,Gairo,,
MNJILILI PRIMARY SCHOOL,,Morogoro,Gairo,,
MTEGA PRIMARY SCHOOL,,Morogoro,Gairo,,
NDOGOMI PRIMARY SCHOOL,,Morogoro,Gairo,,
NGILOLI PRIMARY SCHOOL,,Morogoro,Gairo,,
NONGWE PRIMARY SCHOOL,,Morogoro,Gairo,,
SANGANJERU PRIMARY SCHOOL,,Morogoro,Gairo,,
YERIKO PRIMARY SCHOOL,,Morogoro,Gairo,,
BLESSED LAND PRIMARY SCHOOL,,Morogoro,Gairo,,
CHAKWALE PRIMARY SCHOOL,,Morogoro,Gairo,,
CHINGHOLWE PRIMARY SCHOOL,,Morogoro,Gairo,,
CHOGOALI PRIMARY SCHOOL,,Morogoro,Gairo,,
GAIRO 'B' PRIMARY SCHOOL,,Morogoro,Gairo,,
IDIBO PRIMARY SCHOOL,,Morogoro,Gairo,,
IKWAMBA PRIMARY SCHOOL,,Morogoro,Gairo,,
IYOGWE PRIMARY SCHOOL,,Morogoro,Gairo,,
KILAMA PRIMARY SCHOOL,,Morogoro,Gairo,,
KINYOLISI PRIMARY SCHOOL,,Morogoro,Gairo,,
KUMBULU PRIMARY SCHOOL,,Morogoro,Gairo,,
LESHATA PRIMARY SCHOOL,,Morogoro,Gairo,,
LUHWAJI PRIMARY SCHOOL,,Morogoro,Gairo,,
MALOWELO PRIMARY SCHOOL,,Morogoro,Gairo,,
MANDEGE PRIMARY SCHOOL,,Morogoro,Gairo,,
MESHUGI PRIMARY SCHOOL,,Morogoro,Gairo,,
MKOBWE PRIMARY SCHOOL,,Morogoro,Gairo,,
MOGOHIGWA PRIMARY SCHOOL,,Morogoro,Gairo,,
MUNYUNHE PRIMARY SCHOOL,,Morogoro,Gairo,,
NGAYAKI PRIMARY SCHOOL,,Morogoro,Gairo,,
NGUYAMI PRIMARY SCHOOL,,Morogoro,Gairo,,
PRECIOUS KING PRIMARY SCHOOL,,Morogoro,Gairo,,
TABU-HOTEL PRIMARY SCHOOL,,Morogoro,Gairo,,
CHINYAKALA PRIMARY SCHOOL,,Morogoro,Gairo,,
FYADIGWA PRIMARY SCHOOL,,Morogoro,Gairo,,
IHENJE PRIMARY SCHOOL,,Morogoro,Gairo,,
KIBEDYA PRIMARY SCHOOL,,Morogoro,Gairo,,
KISITWI PRIMARY SCHOOL,,Morogoro,Gairo,,
KWIMAGE SAMIA PRIMARY SCHOOL,,Morogoro,Gairo,,
LOLELA PRIMARY SCHOOL,,Morogoro,Gairo,,
LUKANDO PRIMARY SCHOOL,,Morogoro,Gairo,,
MAMIWA PRIMARY SCHOOL,,Morogoro,Gairo,,
MASENGE PRIMARY SCHOOL,,Morogoro,Gairo,,
MIDINDO PRIMARY SCHOOL,,Morogoro,Gairo,,
MNAFU PRIMARY SCHOOL,,Morogoro,Gairo,,
MSINGISI PRIMARY SCHOOL,,Morogoro,Gairo,,
NAGWAI PRIMARY SCHOOL,,Morogoro,Gairo,,
NG'HOLONGO PRIMARY SCHOOL,,Morogoro,Gairo,,
NJUNGWA PRIMARY SCHOOL,,Morogoro,Gairo,,
RUBEHO PRIMARY SCHOOL,,Morogoro,Gairo,,
AIRPORTLAND PRIMARY SCHOOL,,Morogoro,Ifakara Tc,,
BENIGNIS PRIMARY SCHOOL,,Morogoro,Ifakara Tc,,
ICHONDE PRIMARY SCHOOL,,Morogoro,Ifakara Tc,,
ITEFA PRIMARY SCHOOL,,Morogoro,Ifakara Tc,,
JONGO PRIMARY SCHOOL,,Morogoro,Ifakara Tc,,
KADENGE PRIMARY SCHOOL,,Morogoro,Ifakara Tc,,
KANYENJA PRIMARY SCHOOL,,Morogoro,Ifakara Tc,,
KATRINI PRIMARY SCHOOL,,Morogoro,Ifakara Tc,,
KIBEREGE - MAGEREZA PRIMARY SCHOOL,,Morogoro,Ifakara Tc,,
KIKWAWILA PRIMARY SCHOOL,,Morogoro,Ifakara Tc,,
KILOMBERO IMHOTEP PRIMARY SCHOOL,,Morogoro,Ifakara Tc,,
KINING'INA PRIMARY SCHOOL,,Morogoro,Ifakara Tc,,
KIYONGWILE PRIMARY SCHOOL,,Morogoro,Ifakara Tc,,
LIPANGALALA PRIMARY SCHOOL,,Morogoro,Ifakara Tc,,
MAHUTANGA PRIMARY SCHOOL,,Morogoro,Ifakara Tc,,
MGUDENI PRIMARY SCHOOL,,Morogoro,Ifakara Tc,,
MILOLA PRIMARY SCHOOL,,Morogoro,Ifakara Tc,,
MKASU PRIMARY SCHOOL,,Morogoro,Ifakara Tc,,
MLABANI PRIMARY SCHOOL,,Morogoro,Ifakara Tc,,
MSOLWA - STATION PRIMARY SCHOOL,,Morogoro,Ifakara Tc,,
NYANDEO PRIMARY SCHOOL,,Morogoro,Ifakara Tc,,
SAGAMAGANGA PRIMARY SCHOOL,,Morogoro,Ifakara Tc,,
SITE PRIMARY SCHOOL,,Morogoro,Ifakara Tc,,
UDZUNGWA PRIMARY SCHOOL,,Morogoro,Ifakara Tc,,
ANGEL PRIMARY SCHOOL,,Morogoro,Ifakara Tc,,
BIRGIT PRIMARY SCHOOL,,Morogoro,Ifakara Tc,,
IFAKARA PRIMARY SCHOOL,,Morogoro,Ifakara Tc,,
KALUNGA PRIMARY SCHOOL,,Morogoro,Ifakara Tc,,
KAPOLO PRIMARY SCHOOL,,Morogoro,Ifakara Tc,,
KATURUKILA PRIMARY SCHOOL,,Morogoro,Ifakara Tc,,
KIBEREGE PRIMARY SCHOOL,,Morogoro,Ifakara Tc,,
KILAMA 'A' PRIMARY SCHOOL,,Morogoro,Ifakara Tc,,
KISAWASAWA PRIMARY SCHOOL,,Morogoro,Ifakara Tc,,
LARS PRIMARY SCHOOL,,Morogoro,Ifakara Tc,,
LUMEMO PRIMARY SCHOOL,,Morogoro,Ifakara Tc,,
LYEGAMA PRIMARY SCHOOL,,Morogoro,Ifakara Tc,,
MAKELO PRIMARY SCHOOL,,Morogoro,Ifakara Tc,,
MBALAJI PRIMARY SCHOOL,,Morogoro,Ifakara Tc,,
MHELULE PRIMARY SCHOOL,,Morogoro,Ifakara Tc,,
MIWANGANI PRIMARY SCHOOL,,Morogoro,Ifakara Tc,,
MKOZA PRIMARY SCHOOL,,Morogoro,Ifakara Tc,,
MSOLWA - UJAMAA PRIMARY SCHOOL,,Morogoro,Ifakara Tc,,
SONJO PRIMARY SCHOOL,,Morogoro,Ifakara Tc,,
THE APPLE PRIMARY SCHOOL,,Morogoro,Ifakara Tc,,
JUSTINE PRIMARY SCHOOL,,Morogoro,Ifakara Tc,,
KATINDIUKA PRIMARY SCHOOL,,Morogoro,Ifakara Tc,,
KIHOGOSI PRIMARY SCHOOL,,Morogoro,Ifakara Tc,,
KILAMA 'B' PRIMARY SCHOOL,,Morogoro,Ifakara Tc,,
KINGCOLLINS PRIMARY SCHOOL,,Morogoro,Ifakara Tc,,
KISWANYA PRIMARY SCHOOL,,Morogoro,Ifakara Tc,,
LIHAMI PRIMARY SCHOOL,,Morogoro,Ifakara Tc,,
LUNGONGOLE PRIMARY SCHOOL,,Morogoro,Ifakara Tc,,
MAGOMBERA PRIMARY SCHOOL,,Morogoro,Ifakara Tc,,
MBASA PRIMARY SCHOOL,,Morogoro,Ifakara Tc,,
MHOLA PRIMARY SCHOOL,,Morogoro,Ifakara Tc,,
MIKOLEKO PRIMARY SCHOOL,,Morogoro,Ifakara Tc,,
MSALISE PRIMARY SCHOOL,,Morogoro,Ifakara Tc,,
NANENANE PRIMARY SCHOOL,,Morogoro,Ifakara Tc,,
SIGNAL PRIMARY SCHOOL,,Morogoro,Ifakara Tc,,
ST. MARY'S PRIMARY SCHOOL,,Morogoro,Ifakara Tc,,
CHABI PRIMARY SCHOOL,,Morogoro,Kilosa,,
CHANZURU PRIMARY SCHOOL,,Morogoro,Kilosa,,
CHONWE PRIMARY SCHOOL,,Morogoro,Kilosa,,
DUMILA PRIMARY SCHOOL,,Morogoro,Kilosa,,
INYUNYWE PRIMARY SCHOOL,,Morogoro,Kilosa,,
KANTUI PRIMARY SCHOOL,,Morogoro,Kilosa,,
KIDOGOBASI PRIMARY SCHOOL,,Morogoro,Kilosa,,
KIFE PRIMARY SCHOOL,,Morogoro,Kilosa,,
KIHELEZO PRIMARY SCHOOL,,Morogoro,Kilosa,,
KILANGALI PRIMARY SCHOOL,,Morogoro,Kilosa,,
KING VISION PRIMARY SCHOOL,,Morogoro,Kilosa,,
KISERU PRIMARY SCHOOL,,Morogoro,Kilosa,,
KITANGE-II PRIMARY SCHOOL,,Morogoro,Kilosa,,
KITETE-MSINDAZI PRIMARY SCHOOL,,Morogoro,Kilosa,,
KIVUNGU PRIMARY SCHOOL,,Morogoro,Kilosa,,
LAMULILO PRIMARY SCHOOL,,Morogoro,Kilosa,,
LUMBIJI PRIMARY SCHOOL,,Morogoro,Kilosa,,
LYAHIRA PRIMARY SCHOOL,,Morogoro,Kilosa,,
MABWEGERE PRIMARY SCHOOL,,Morogoro,Kilosa,,
MADUDU PRIMARY SCHOOL,,Morogoro,Kilosa,,
MAGUHA PRIMARY SCHOOL,,Morogoro,Kilosa,,
MAKWAMBE PRIMARY SCHOOL,,Morogoro,Kilosa,,
MALUI PRIMARY SCHOOL,,Morogoro,Kilosa,,
MAMOYO PRIMARY SCHOOL,,Morogoro,Kilosa,,
MAZINYUNGU PRIMARY SCHOOL,,Morogoro,Kilosa,,
MBILI PRIMARY SCHOOL,,Morogoro,Kilosa,,
MFULUNI PRIMARY SCHOOL,,Morogoro,Kilosa,,
MHENDA PRIMARY SCHOOL,,Morogoro,Kilosa,,
MIKUMI-TOWN PRIMARY SCHOOL,,Morogoro,Kilosa,,
MIYONGA PRIMARY SCHOOL,,Morogoro,Kilosa,,
MKWATANI PRIMARY SCHOOL,,Morogoro,Kilosa,,
MSIMBA-MIKUMI PRIMARY SCHOOL,,Morogoro,Kilosa,,
MSOWERO PRIMARY SCHOOL,,Morogoro,Kilosa,,
MTUMBATU PRIMARY SCHOOL,,Morogoro,Kilosa,,
MZAGANZA PRIMARY SCHOOL,,Morogoro,Kilosa,,
NG'OLE PRIMARY SCHOOL,,Morogoro,Kilosa,,
NYAMENI PRIMARY SCHOOL,,Morogoro,Kilosa,,
NYARANDA PRIMARY SCHOOL,,Morogoro,Kilosa,,
RUAHA 'A' PRIMARY SCHOOL,,Morogoro,Kilosa,,
RUDEWA PRIMARY SCHOOL,,Morogoro,Kilosa,,
ST PETER CLAVERY PRIMARY SCHOOL,,Morogoro,Kilosa,,
TINDIGA PRIMARY SCHOOL,,Morogoro,Kilosa,,
UDUNG'HU PRIMARY SCHOOL,,Morogoro,Kilosa,,
ULAYA-MBUYUNI PRIMARY SCHOOL,,Morogoro,Kilosa,,
UPONELA PRIMARY SCHOOL,,Morogoro,Kilosa,,
VIDUNDA PRIMARY SCHOOL,,Morogoro,Kilosa,,
BEREGA PRIMARY SCHOOL,,Morogoro,Kilosa,,
CHABIMA PRIMARY SCHOOL,,Morogoro,Kilosa,,
CHAUMBELE PRIMARY SCHOOL,,Morogoro,Kilosa,,
DAKAWA CENTRE PRIMARY SCHOOL,,Morogoro,Kilosa,,
DUMBALUME PRIMARY SCHOOL,,Morogoro,Kilosa,,
FRANSALIAN DUMILA MISSION PRIMARY SCHOOL,,Morogoro,Kilosa,,
GONGWE PRIMARY SCHOOL,,Morogoro,Kilosa,,
IBINGU PRIMARY SCHOOL,,Morogoro,Kilosa,,
IHOMBWE PRIMARY SCHOOL,,Morogoro,Kilosa,,
ITEMBE PRIMARY SCHOOL,,Morogoro,Kilosa,,
KIDANDALA PRIMARY SCHOOL,,Morogoro,Kilosa,,
KIDUHI PRIMARY SCHOOL,,Morogoro,Kilosa,,
KIKOBOGA PRIMARY SCHOOL,,Morogoro,Kilosa,,
KILOSA-TOWN PRIMARY SCHOOL,,Morogoro,Kilosa,,
KISONGWE PRIMARY SCHOOL,,Morogoro,Kilosa,,
KITUNDUWETA PRIMARY SCHOOL,,Morogoro,Kilosa,,
LUHOZA PRIMARY SCHOOL,,Morogoro,Kilosa,,
MABANA PRIMARY SCHOOL,,Morogoro,Kilosa,,
MABWEREBWERE PRIMARY SCHOOL,,Morogoro,Kilosa,,
MADUDUMIZI PRIMARY SCHOOL,,Morogoro,Kilosa,,
MAGULU PRIMARY SCHOOL,,Morogoro,Kilosa,,
MAMBEGWA PRIMARY SCHOOL,,Morogoro,Kilosa,,
MASUNGO PRIMARY SCHOOL,,Morogoro,Kilosa,,
MBAMBA PRIMARY SCHOOL,,Morogoro,Kilosa,,
MBWADE PRIMARY SCHOOL,,Morogoro,Kilosa,,
MGOGOZI PRIMARY SCHOOL,,Morogoro,Kilosa,,
MHOVU PRIMARY SCHOOL,,Morogoro,Kilosa,,
MKADAGE PRIMARY SCHOOL,,Morogoro,Kilosa,,
MNOZI PRIMARY SCHOOL,,Morogoro,Kilosa,,
MSOWERO-KIDODI PRIMARY SCHOOL,,Morogoro,Kilosa,,
MUNISAGARA PRIMARY SCHOOL,,Morogoro,Kilosa,,
MWANDI PRIMARY SCHOOL,,Morogoro,Kilosa,,
MWISINI PRIMARY SCHOOL,,Morogoro,Kilosa,,
NYANGALA BONDENI PRIMARY SCHOOL,,Morogoro,Kilosa,,
RUAHA 'B' PRIMARY SCHOOL,,Morogoro,Kilosa,,
RUDEWA-MBUYUNI PRIMARY SCHOOL,,Morogoro,Kilosa,,
UJIRANI PRIMARY SCHOOL,,Morogoro,Kilosa,,
ULELING'OMBE PRIMARY SCHOOL,,Morogoro,Kilosa,,
ZOMBO PRIMARY SCHOOL,,Morogoro,Kilosa,,
BISHOP CHITEMO PRIMARY SCHOOL,,Morogoro,Kilosa,,
CHIMALE PRIMARY SCHOOL,,Morogoro,Kilosa,,
DINIMA PRIMARY SCHOOL,,Morogoro,Kilosa,,
DUMILA JUU PRIMARY SCHOOL,,Morogoro,Kilosa,,
IDETE PRIMARY SCHOOL,,Morogoro,Kilosa,,
ILONGA-MAZOEZI PRIMARY SCHOOL,,Morogoro,Kilosa,,
IWEMBA PRIMARY SCHOOL,,Morogoro,Kilosa,,
KIBASIGWA PRIMARY SCHOOL,,Morogoro,Kilosa,,
KIDETE-STATION PRIMARY SCHOOL,,Morogoro,Kilosa,,
KIKONGA PRIMARY SCHOOL,,Morogoro,Kilosa,,
KITANGE-I PRIMARY SCHOOL,,Morogoro,Kilosa,,
KITUNGU PRIMARY SCHOOL,,Morogoro,Kilosa,,
LUMANGO PRIMARY SCHOOL,,Morogoro,Kilosa,,
LUWEMBA PRIMARY SCHOOL,,Morogoro,Kilosa,,
MACHATU PRIMARY SCHOOL,,Morogoro,Kilosa,,
MADOTO PRIMARY SCHOOL,,Morogoro,Kilosa,,
MAGERA PRIMARY SCHOOL,,Morogoro,Kilosa,,
MAGUBIKE PRIMARY SCHOOL,,Morogoro,Kilosa,,
MAHEMU PRIMARY SCHOOL,,Morogoro,Kilosa,,
MAMBOYA PRIMARY SCHOOL,,Morogoro,Kilosa,,
MATONGOLO PRIMARY SCHOOL,,Morogoro,Kilosa,,
MGUGU PRIMARY SCHOOL,,Morogoro,Kilosa,,
MHOWE PRIMARY SCHOOL,,Morogoro,Kilosa,,
MIKUMI-MPYA PRIMARY SCHOOL,,Morogoro,Kilosa,,
MISUNGI PRIMARY SCHOOL,,Morogoro,Kilosa,,
MKUNGHULU PRIMARY SCHOOL,,Morogoro,Kilosa,,
MSOWERO MSOLWA PRIMARY SCHOOL,,Morogoro,Kilosa,,
MSOWERO-LUMUMA PRIMARY SCHOOL,,Morogoro,Kilosa,,
MWASA PRIMARY SCHOOL,,Morogoro,Kilosa,,
NGOISANI PRIMARY SCHOOL,,Morogoro,Kilosa,,
NYALI PRIMARY SCHOOL,,Morogoro,Kilosa,,
NYANGALA PRIMARY SCHOOL,,Morogoro,Kilosa,,
PEAPEA PRIMARY SCHOOL,,Morogoro,Kilosa,,
RUAHA DARAJANI PRIMARY SCHOOL,,Morogoro,Kilosa,,
RUHEMBE PRIMARY SCHOOL,,Morogoro,Kilosa,,
TAME PRIMARY SCHOOL,,Morogoro,Kilosa,,
TWATWATWA PRIMARY SCHOOL,,Morogoro,Kilosa,,
UNONE PRIMARY SCHOOL,,Morogoro,Kilosa,,
USTAWI PRIMARY SCHOOL,,Morogoro,Kilosa,,
BIRO PRIMARY SCHOOL,,Morogoro,Malinyi,,
IHOWANJA PRIMARY SCHOOL,,Morogoro,Malinyi,,
KIPENYO PRIMARY SCHOOL,,Morogoro,Malinyi,,
KITILIWELE PRIMARY SCHOOL,,Morogoro,Malinyi,,
LUMBANGA PRIMARY SCHOOL,,Morogoro,Malinyi,,
MABANDA PRIMARY SCHOOL,,Morogoro,Malinyi,,
MANDA CHINI PRIMARY SCHOOL,,Morogoro,Malinyi,,
NGOHERANGA PRIMARY SCHOOL,,Morogoro,Malinyi,,
SALAMITI PRIMARY SCHOOL,,Morogoro,Malinyi,,
IFUNGIRA PRIMARY SCHOOL,,Morogoro,Malinyi,,
IPERA ASILIA PRIMARY SCHOOL,,Morogoro,Malinyi,,
ITUMBIKA PRIMARY SCHOOL,,Morogoro,Malinyi,,
KIWALE PRIMARY SCHOOL,,Morogoro,Malinyi,,
MADABADABA PRIMARY SCHOOL,,Morogoro,Malinyi,,
MAHIMBO PRIMARY SCHOOL,,Morogoro,Malinyi,,
MAKUGIRA PRIMARY SCHOOL,,Morogoro,Malinyi,,
MISEGESE PRIMARY SCHOOL,,Morogoro,Malinyi,,
KILOLERO PRIMARY SCHOOL,,Morogoro,Malinyi,,
KISWAGO PRIMARY SCHOOL,,Morogoro,Malinyi,,
LUVILI PRIMARY SCHOOL,,Morogoro,Malinyi,,
MADIBIRA CHINI PRIMARY SCHOOL,,Morogoro,Malinyi,,
MAJIJI PRIMARY SCHOOL,,Morogoro,Malinyi,,
MALINYI PRIMARY SCHOOL,,Morogoro,Malinyi,,
MBALINYI PRIMARY SCHOOL,,Morogoro,Malinyi,,
MTIMBIRA PRIMARY SCHOOL,,Morogoro,Malinyi,,
NAWIGO PRIMARY SCHOOL,,Morogoro,Malinyi,,
NJIWA PRIMARY SCHOOL,,Morogoro,Malinyi,,
SOFI PRIMARY SCHOOL,,Morogoro,Malinyi,,
CHIHENGA PRIMARY SCHOOL,,Morogoro,Mlimba,,
CHITA ACADEM PRIMARY SCHOOL,,Morogoro,Mlimba,,
CHIWACHIWA PRIMARY SCHOOL,,Morogoro,Mlimba,,
IDETE - MAGEREZA PRIMARY SCHOOL,,Morogoro,Mlimba,,
IGOLI PRIMARY SCHOOL,,Morogoro,Mlimba,,
IKULE PRIMARY SCHOOL,,Morogoro,Mlimba,,
ILUNGUSHA PRIMARY SCHOOL,,Morogoro,Mlimba,,
IPOPOO PRIMARY SCHOOL,,Morogoro,Mlimba,,
KALENGAKELU PRIMARY SCHOOL,,Morogoro,Mlimba,,
KIHANSI PRIMARY SCHOOL,,Morogoro,Mlimba,,
LUFULU PRIMARY SCHOOL,,Morogoro,Mlimba,,
LUVAMBO PRIMARY SCHOOL,,Morogoro,Mlimba,,
LWIPA PRIMARY SCHOOL,,Morogoro,Mlimba,,
MCHOMBE PRIMARY SCHOOL,,Morogoro,Mlimba,,
MIKOROSHINI PRIMARY SCHOOL,,Morogoro,Mlimba,,
MLIMBA PRIMARY SCHOOL,,Morogoro,Mlimba,,
MOUNT OLIVES PRIMARY SCHOOL,,Morogoro,Mlimba,,
MSITA PRIMARY SCHOOL,,Morogoro,Mlimba,,
NAKAGURU PRIMARY SCHOOL,,Morogoro,Mlimba,,
NGAI PRIMARY SCHOOL,,Morogoro,Mlimba,,
NGANYANGILA PRIMARY SCHOOL,,Morogoro,Mlimba,,
NJAGE PRIMARY SCHOOL,,Morogoro,Mlimba,,
ROBERT PRIMARY SCHOOL,,Morogoro,Mlimba,,
TAWETA PRIMARY SCHOOL,,Morogoro,Mlimba,,
UGGA PRIMARY SCHOOL,,Morogoro,Mlimba,,
CHING'ANDA PRIMARY SCHOOL,,Morogoro,Mlimba,,
IBAKU PRIMARY SCHOOL,,Morogoro,Mlimba,,
IDETE CROSSING PRIMARY SCHOOL,,Morogoro,Mlimba,,
IDUINDEMBO PRIMARY SCHOOL,,Morogoro,Mlimba,,
IHENGA PRIMARY SCHOOL,,Morogoro,Mlimba,,
IKWAMBI PRIMARY SCHOOL,,Morogoro,Mlimba,,
ITONGOWA PRIMARY SCHOOL,,Morogoro,Mlimba,,
KADUDUMA PRIMARY SCHOOL,,Morogoro,Mlimba,,
KAMWENE PRIMARY SCHOOL,,Morogoro,Mlimba,,
KIHATA PRIMARY SCHOOL,,Morogoro,Mlimba,,
LONDO PRIMARY SCHOOL,,Morogoro,Mlimba,,
LUVIRIKILA PRIMARY SCHOOL,,Morogoro,Mlimba,,
LYASENGA PRIMARY SCHOOL,,Morogoro,Mlimba,,
MATALAWANI PRIMARY SCHOOL,,Morogoro,Mlimba,,
MERERA PRIMARY SCHOOL,,Morogoro,Mlimba,,
MIYOMBONI PRIMARY SCHOOL,,Morogoro,Mlimba,,
MNGETA PRIMARY SCHOOL,,Morogoro,Mlimba,,
MSONDO PRIMARY SCHOOL,,Morogoro,Mlimba,,
NAMWAWALA PRIMARY SCHOOL,,Morogoro,Mlimba,,
NGAJENGWA PRIMARY SCHOOL,,Morogoro,Mlimba,,
NGOLO PRIMARY SCHOOL,,Morogoro,Mlimba,,
PAPANGO PRIMARY SCHOOL,,Morogoro,Mlimba,,
TOWA PRIMARY SCHOOL,,Morogoro,Mlimba,,
VIGAENI PRIMARY SCHOOL,,Morogoro,Mlimba,,
CHISANO PRIMARY SCHOOL,,Morogoro,Mlimba,,
CHITA-JKT PRIMARY SCHOOL,,Morogoro,Mlimba,,
IDANDU PRIMARY SCHOOL,,Morogoro,Mlimba,,
IDETE MIWANGANI PRIMARY SCHOOL,,Morogoro,Mlimba,,
IJIA PRIMARY SCHOOL,,Morogoro,Mlimba,,
IPINDE PRIMARY SCHOOL,,Morogoro,Mlimba,,
JARIBU PRIMARY SCHOOL,,Morogoro,Mlimba,,
KIFINYA PRIMARY SCHOOL,,Morogoro,Mlimba,,
KILAMSA PRIMARY SCHOOL,,Morogoro,Mlimba,,
LOUIS PRIMARY SCHOOL,,Morogoro,Mlimba,,
LUKOLONGO PRIMARY SCHOOL,,Morogoro,Mlimba,,
LWAMATE PRIMARY SCHOOL,,Morogoro,Mlimba,,
MAKIRIKA PRIMARY SCHOOL,,Morogoro,Mlimba,,
MBINGU PRIMARY SCHOOL,,Morogoro,Mlimba,,
MIKOCHINI PRIMARY SCHOOL,,Morogoro,Mlimba,,
MKANGAWALO PRIMARY SCHOOL,,Morogoro,Mlimba,,
MOFU PRIMARY SCHOOL,,Morogoro,Mlimba,,
MPOFU PRIMARY SCHOOL,,Morogoro,Mlimba,,
NARUBUNGO PRIMARY SCHOOL,,Morogoro,Mlimba,,
NGALIMILA PRIMARY SCHOOL,,Morogoro,Mlimba,,
NGWASI PRIMARY SCHOOL,,Morogoro,Mlimba,,
PRINCE NICHOLAUS PRIMARY SCHOOL,,Morogoro,Mlimba,,
UDAGAJI PRIMARY SCHOOL,,Morogoro,Mlimba,,
UTATALA PRIMARY SCHOOL,,Morogoro,Mlimba,,
VSITINI PRIMARY SCHOOL,,Morogoro,Mlimba,,
AMINI PRIMARY SCHOOL,,Morogoro,Morogoro,,
BALANI PRIMARY SCHOOL,,Morogoro,Morogoro,,
BONDWA PRIMARY SCHOOL,,Morogoro,Morogoro,,
BWILA PRIMARY SCHOOL,,Morogoro,Morogoro,,
CONACO PRIMARY SCHOOL,,Morogoro,Morogoro,,
DARUL-ULUMMY PRIMARY SCHOOL,,Morogoro,Morogoro,,
DIOVUVA PRIMARY SCHOOL,,Morogoro,Morogoro,,
FATEMI PRIMARY SCHOOL,,Morogoro,Morogoro,,
GOZO PRIMARY SCHOOL,,Morogoro,Morogoro,,
HEWE PRIMARY SCHOOL,,Morogoro,Morogoro,,
KIBUKO MKUYUNI PRIMARY SCHOOL,,Morogoro,Morogoro,,
KIBUNGO PRIMARY SCHOOL,,Morogoro,Morogoro,,
KIBWEGE PRIMARY SCHOOL,,Morogoro,Morogoro,,
KIDODI PRIMARY SCHOOL,,Morogoro,Morogoro,,
KIFINDIKE PRIMARY SCHOOL,,Morogoro,Morogoro,,
KILENGEZI PRIMARY SCHOOL,,Morogoro,Morogoro,,
KIROKA PRIMARY SCHOOL,,Morogoro,Morogoro,,
KISANGA STAND PRIMARY SCHOOL,,Morogoro,Morogoro,,
KIWEGE PRIMARY SCHOOL,,Morogoro,Morogoro,,
KIZIWA PRIMARY SCHOOL,,Morogoro,Morogoro,,
KOLONI PRIMARY SCHOOL,,Morogoro,Morogoro,,
KOO PRIMARY SCHOOL,,Morogoro,Morogoro,,
KWABA PRIMARY SCHOOL,,Morogoro,Morogoro,,
LONGWE PRIMARY SCHOOL,,Morogoro,Morogoro,,
LUHOLOLE PRIMARY SCHOOL,,Morogoro,Morogoro,,
LUKONDE PRIMARY SCHOOL,,Morogoro,Morogoro,,
LULONGWE PRIMARY SCHOOL,,Morogoro,Morogoro,,
LUNDI PRIMARY SCHOOL,,Morogoro,Morogoro,,
MALANI PRIMARY SCHOOL,,Morogoro,Morogoro,,
MASUKUZI PRIMARY SCHOOL,,Morogoro,Morogoro,,
MBEHOMBEHO PRIMARY SCHOOL,,Morogoro,Morogoro,,
MFUMBWE PRIMARY SCHOOL,,Morogoro,Morogoro,,
MGOZO PRIMARY SCHOOL,,Morogoro,Morogoro,,
MILAWILILA PRIMARY SCHOOL,,Morogoro,Morogoro,,
MKAMBARANI PRIMARY SCHOOL,,Morogoro,Morogoro,,
MNGAZI B PRIMARY SCHOOL,,Morogoro,Morogoro,,
MSONGE PRIMARY SCHOOL,,Morogoro,Morogoro,,
MUHUNGAMKOLA PRIMARY SCHOOL,,Morogoro,Morogoro,,
NEMELE PRIMARY SCHOOL,,Morogoro,Morogoro,,
NGONG'ORO PRIMARY SCHOOL,,Morogoro,Morogoro,,
PANGAWE PRIMARY SCHOOL,,Morogoro,Morogoro,,
SEREGETE B PRIMARY SCHOOL,,Morogoro,Morogoro,,
SINYAULIME PRIMARY SCHOOL,,Morogoro,Morogoro,,
TAWA PRIMARY SCHOOL,,Morogoro,Morogoro,,
TUNUNGUO PRIMARY SCHOOL,,Morogoro,Morogoro,,
VISARAKA PRIMARY SCHOOL,,Morogoro,Morogoro,,
BONYE PRIMARY SCHOOL,,Morogoro,Morogoro,,
BWAKIRA CHINI PRIMARY SCHOOL,,Morogoro,Morogoro,,
DAKAWA PRIMARY SCHOOL,,Morogoro,Morogoro,,
DETE PRIMARY SCHOOL,,Morogoro,Morogoro,,
DOUBLE D PRIMARY SCHOOL,,Morogoro,Morogoro,,
KIBANGILE PRIMARY SCHOOL,,Morogoro,Morogoro,,
KIBUKO MWARAZI PRIMARY SCHOOL,,Morogoro,Morogoro,,
KIBURUMO PRIMARY SCHOOL,,Morogoro,Morogoro,,
KIGANILA PRIMARY SCHOOL,,Morogoro,Morogoro,,
KINOLE PRIMARY SCHOOL,,Morogoro,Morogoro,,
KISAKI GOMERO PRIMARY SCHOOL,,Morogoro,Morogoro,,
KISEMO PRIMARY SCHOOL,,Morogoro,Morogoro,,
KITUNGWA PRIMARY SCHOOL,,Morogoro,Morogoro,,
KIZAGILA PRIMARY SCHOOL,,Morogoro,Morogoro,,
KONDE PRIMARY SCHOOL,,Morogoro,Morogoro,,
LANZI PRIMARY SCHOOL,,Morogoro,Morogoro,,
LUBASAZI PRIMARY SCHOOL,,Morogoro,Morogoro,,
LUGANGE PRIMARY SCHOOL,,Morogoro,Morogoro,,
LUKANGE PRIMARY SCHOOL,,Morogoro,Morogoro,,
LUKOSE PRIMARY SCHOOL,,Morogoro,Morogoro,,
LUMBA CHINI PRIMARY SCHOOL,,Morogoro,Morogoro,,
LUNG'ALA PRIMARY SCHOOL,,Morogoro,Morogoro,,
MAMBANI PRIMARY SCHOOL,,Morogoro,Morogoro,,
MATAMBWE PRIMARY SCHOOL,,Morogoro,Morogoro,,
MGAMA PRIMARY SCHOOL,,Morogoro,Morogoro,,
MIFULU PRIMARY SCHOOL,,Morogoro,Morogoro,,
MILENGWELENGWE PRIMARY SCHOOL,,Morogoro,Morogoro,,
MLILINGWA PRIMARY SCHOOL,,Morogoro,Morogoro,,
MNGAZI PRIMARY SCHOOL,,Morogoro,Morogoro,,
NEW LAND PRIMARY SCHOOL,,Morogoro,Morogoro,,
NG'WEME PRIMARY SCHOOL,,Morogoro,Morogoro,,
NTALA PRIMARY SCHOOL,,Morogoro,Morogoro,,
NYAMIGADU PRIMARY SCHOOL,,Morogoro,Morogoro,,
SESENGA PRIMARY SCHOOL,,Morogoro,Morogoro,,
SUME PRIMARY SCHOOL,,Morogoro,Morogoro,,
TEGETERO PRIMARY SCHOOL,,Morogoro,Morogoro,,
UKOMANGA PRIMARY SCHOOL,,Morogoro,Morogoro,,
USUNGURA PRIMARY SCHOOL,,Morogoro,Morogoro,,
VULENI PRIMARY SCHOOL,,Morogoro,Morogoro,,
BAGILO PRIMARY SCHOOL,,Morogoro,Morogoro,,
BANDASI PRIMARY SCHOOL,,Morogoro,Morogoro,,
BULUGI PRIMARY SCHOOL,,Morogoro,Morogoro,,
BWAKIRA JUU PRIMARY SCHOOL,,Morogoro,Morogoro,,
CHANYUMBU PRIMARY SCHOOL,,Morogoro,Morogoro,,
DALA PRIMARY SCHOOL,,Morogoro,Morogoro,,
DIMILO PRIMARY SCHOOL,,Morogoro,Morogoro,,
DUTHUMI PRIMARY SCHOOL,,Morogoro,Morogoro,,
HERBERT WALLBRECHER PRIMARY SCHOOL,,Morogoro,Morogoro,,
KALUNDWA PRIMARY SCHOOL,,Morogoro,Morogoro,,
KIBOGWA PRIMARY SCHOOL,,Morogoro,Morogoro,,
KIBUNGO CHINI PRIMARY SCHOOL,,Morogoro,Morogoro,,
KIBWAYA PRIMARY SCHOOL,,Morogoro,Morogoro,,
KIDEGE PRIMARY SCHOOL,,Morogoro,Morogoro,,
KIKUNDI KIJIJINI PRIMARY SCHOOL,,Morogoro,Morogoro,,
KISAKI KITUONI PRIMARY SCHOOL,,Morogoro,Morogoro,,
KITENGU PRIMARY SCHOOL,,Morogoro,Morogoro,,
KIVUMA PRIMARY SCHOOL,,Morogoro,Morogoro,,
KOLERO PRIMARY SCHOOL,,Morogoro,Morogoro,,
KUNGWE PRIMARY SCHOOL,,Morogoro,Morogoro,,
LOGO PRIMARY SCHOOL,,Morogoro,Morogoro,,
LUBUMU PRIMARY SCHOOL,,Morogoro,Morogoro,,
LUGENI PRIMARY SCHOOL,,Morogoro,Morogoro,,
LUKULUNGE PRIMARY SCHOOL,,Morogoro,Morogoro,,
LUMBA JUU PRIMARY SCHOOL,,Morogoro,Morogoro,,
MADAMU PRIMARY SCHOOL,,Morogoro,Morogoro,,
MASEYU PRIMARY SCHOOL,,Morogoro,Morogoro,,
MBARANGWE PRIMARY SCHOOL,,Morogoro,Morogoro,,
MDOKONYOLE PRIMARY SCHOOL,,Morogoro,Morogoro,,
MGATA PRIMARY SCHOOL,,Morogoro,Morogoro,,
MKONO WA MARA PRIMARY SCHOOL,,Morogoro,Morogoro,,
MLONO PRIMARY SCHOOL,,Morogoro,Morogoro,,
MNGUZI PRIMARY SCHOOL,,Morogoro,Morogoro,,
MTOMBOZI PRIMARY SCHOOL,,Morogoro,Morogoro,,
MVUHA PRIMARY SCHOOL,,Morogoro,Morogoro,,
NIGE PRIMARY SCHOOL,,Morogoro,Morogoro,,
NYACHIRO PRIMARY SCHOOL,,Morogoro,Morogoro,,
NYINGWA PRIMARY SCHOOL,,Morogoro,Morogoro,,
SEREGETE A PRIMARY SCHOOL,,Morogoro,Morogoro,,
SINGISA PRIMARY SCHOOL,,Morogoro,Morogoro,,
TAMBUU PRIMARY SCHOOL,,Morogoro,Morogoro,,
TULO PRIMARY SCHOOL,,Morogoro,Morogoro,,
VIHENGERE PRIMARY SCHOOL,,Morogoro,Morogoro,,
ZONGOMERO PRIMARY SCHOOL,,Morogoro,Morogoro,,
A PLUS PRIMARY SCHOOL,,Morogoro,Morogoro Mc,,
AL-AQABAH PRIMARY SCHOOL,,Morogoro,Morogoro Mc,,
BERNHARD BENDEL PRIMARY SCHOOL,,Morogoro,Morogoro Mc,,
CHIEF ALBERT LUTHULI PRIMARY SCHOOL,,Morogoro,Morogoro Mc,,
DENIS PRIMARY SCHOOL,,Morogoro,Morogoro Mc,,
FAVOUR PRIMARY SCHOOL,,Morogoro,Morogoro Mc,,
GREEN CITY PRIMARY SCHOOL,,Morogoro,Morogoro Mc,,
KIHONDA MAGOROFANI PRIMARY SCHOOL,,Morogoro,Morogoro Mc,,
LIVINGHOPE PRIMARY SCHOOL,,Morogoro,Morogoro Mc,,
MAFISA 'B' PRIMARY SCHOOL,,Morogoro,Morogoro Mc,,
MBETE PRIMARY SCHOOL,,Morogoro,Morogoro Mc,,
MGULUWANDEGE PRIMARY SCHOOL,,Morogoro,Morogoro Mc,,
MSAMVU PRIMARY SCHOOL,,Morogoro,Morogoro Mc,,
SABASABA 'B' PRIMARY SCHOOL,,Morogoro,Morogoro Mc,,
THERESIA PRIMARY SCHOOL,,Morogoro,Morogoro Mc,,
WESLEY PRIMARY SCHOOL,,Morogoro,Morogoro Mc,,
AREA FIVE PRIMARY SCHOOL,,Morogoro,Morogoro Mc,,
BAPTIST PRIMARY SCHOOL,,Morogoro,Morogoro Mc,,
CORRADINI PRIMARY SCHOOL,,Morogoro,Morogoro Mc,,
FOUNTAIN MOROGORO PRIMARY SCHOOL,,Morogoro,Morogoro Mc,,
GODWIN PRIMARY SCHOOL,,Morogoro,Morogoro Mc,,
KAMBITANO PRIMARY SCHOOL,,Morogoro,Morogoro Mc,,
KIHONDA PRIMARY SCHOOL,,Morogoro,Morogoro Mc,,
LAMIRIAM PRIMARY SCHOOL,,Morogoro,Morogoro Mc,,
MAFIGA 'B' PRIMARY SCHOOL,,Morogoro,Morogoro Mc,,
MAZIMBU 'B' PRIMARY SCHOOL,,Morogoro,Morogoro Mc,,
MGAZA PRIMARY SCHOOL,,Morogoro,Morogoro Mc,,
MOUNT CARMEL PRIMARY SCHOOL,,Morogoro,Morogoro Mc,,
MTAWALA PRIMARY SCHOOL,,Morogoro,Morogoro Mc,,
MWANDE PRIMARY SCHOOL,,Morogoro,Morogoro Mc,,
MWERE 'B' PRIMARY SCHOOL,,Morogoro,Morogoro Mc,,
PATRICIA PRIMARY SCHOOL,,Morogoro,Morogoro Mc,,
SECHELELA PRIMARY SCHOOL,,Morogoro,Morogoro Mc,,
ST. MONICA - KIHONDA PRIMARY SCHOOL,,Morogoro,Morogoro Mc,,
TOPSTARS PRIMARY SCHOOL,,Morogoro,Morogoro Mc,,
UZIMA PRIMARY SCHOOL,,Morogoro,Morogoro Mc,,
AHMADIYA PRIMARY SCHOOL,,Morogoro,Morogoro Mc,,
BENSAL PRIMARY SCHOOL,,Morogoro,Morogoro Mc,,
ELU PRIMARY SCHOOL,,Morogoro,Morogoro Mc,,
FRANSALIAN PRIMARY SCHOOL,,Morogoro,Morogoro Mc,,
GREEN APPLE PRIMARY SCHOOL,,Morogoro,Morogoro Mc,,
IMAAN PRIMARY SCHOOL,,Morogoro,Morogoro Mc,,
KIGURUNYEMBE PRIMARY SCHOOL,,Morogoro,Morogoro Mc,,
KINGOLWIRA PRIMARY SCHOOL,,Morogoro,Morogoro Mc,,
LEENA PRIMARY SCHOOL,,Morogoro,Morogoro Mc,,
LUHUNGO PRIMARY SCHOOL,,Morogoro,Morogoro Mc,,
MAGADU PRIMARY SCHOOL,,Morogoro,Morogoro Mc,,
MAZIMBU PRIMARY SCHOOL,,Morogoro,Morogoro Mc,,
MCHIKICHINI 'B' PRIMARY SCHOOL,,Morogoro,Morogoro Mc,,
MGOLOLE PRIMARY SCHOOL,,Morogoro,Morogoro Mc,,
MJI-MKUU PRIMARY SCHOOL,,Morogoro,Morogoro Mc,,
MSAMVU 'B' PRIMARY SCHOOL,,Morogoro,Morogoro Mc,,
MUNGI PRIMARY SCHOOL,,Morogoro,Morogoro Mc,,
MWEMBESONGO PRIMARY SCHOOL,,Morogoro,Morogoro Mc,,
MWERE PRIMARY SCHOOL,,Morogoro,Morogoro Mc,,
NDETEMBIA PRIMARY SCHOOL,,Morogoro,Morogoro Mc,,
PETER VIGNE PRIMARY SCHOOL,,Morogoro,Morogoro Mc,,
SAFFEPA PRIMARY SCHOOL,,Morogoro,Morogoro Mc,,
SUA PRIMARY SCHOOL,,Morogoro,Morogoro Mc,,
TOWERO PRIMARY SCHOOL,,Morogoro,Morogoro Mc,,
UHURU MUSLIM PRIMARY SCHOOL,,Morogoro,Morogoro Mc,,
UNITAS NELLA PRIMARY SCHOOL,,Morogoro,Morogoro Mc,,
AMANI MVOMERO PRIMARY SCHOOL,,Morogoro,Mvomero,,
BWAGE PRIMARY SCHOOL,,Morogoro,Mvomero,,
DIBAGO PRIMARY SCHOOL,,Morogoro,Mvomero,,
DIFINGA PRIMARY SCHOOL,,Morogoro,Mvomero,,
DIHOMBO PRIMARY SCHOOL,,Morogoro,Mvomero,,
DOMA STAND PRIMARY SCHOOL,,Morogoro,Mvomero,,
HEMBETI PRIMARY SCHOOL,,Morogoro,Mvomero,,
KAMBALA PRIMARY SCHOOL,,Morogoro,Mvomero,,
KIBOGOJI PRIMARY SCHOOL,,Morogoro,Mvomero,,
KIHONDO PRIMARY SCHOOL,,Morogoro,Mvomero,,
KINDA PRIMARY SCHOOL,,Morogoro,Mvomero,,
KISIMAGULU PRIMARY SCHOOL,,Morogoro,Mvomero,,
KOMTONGA PRIMARY SCHOOL,,Morogoro,Mvomero,,
KWAMUHUZI PRIMARY SCHOOL,,Morogoro,Mvomero,,
LUALE PRIMARY SCHOOL,,Morogoro,Mvomero,,
LUGONO PRIMARY SCHOOL,,Morogoro,Mvomero,,
LUNGO PRIMARY SCHOOL,,Morogoro,Mvomero,,
MAFURU PRIMARY SCHOOL,,Morogoro,Mvomero,,
MAKWALU PRIMARY SCHOOL,,Morogoro,Mvomero,,
MASALAWE PRIMARY SCHOOL,,Morogoro,Mvomero,,
MELELA PRIMARY SCHOOL,,Morogoro,Mvomero,,
MHONDA PRIMARY SCHOOL,,Morogoro,Mvomero,,
MILAMA PRIMARY SCHOOL,,Morogoro,Mvomero,,
MKATA KIJIJINI PRIMARY SCHOOL,,Morogoro,Mvomero,,
MNDELA PRIMARY SCHOOL,,Morogoro,Mvomero,,
MSOLOKELO PRIMARY SCHOOL,,Morogoro,Mvomero,,
MTAKUJA 'A' PRIMARY SCHOOL,,Morogoro,Mvomero,,
NG'OWO PRIMARY SCHOOL,,Morogoro,Mvomero,,
NJEULA PRIMARY SCHOOL,,Morogoro,Mvomero,,
S. MARY'S RWAKATARE MEMORIAL PRIMARY SCHOOL,,Morogoro,Mvomero,,
TCHENZEMA PRIMARY SCHOOL,,Morogoro,Mvomero,,
VIKENGE PRIMARY SCHOOL,,Morogoro,Mvomero,,
WAMI DAKAWA PRIMARY SCHOOL,,Morogoro,Mvomero,,
YOWE PRIMARY SCHOOL,,Morogoro,Mvomero,,
BUMU PRIMARY SCHOOL,,Morogoro,Mvomero,,
DIBAMBA PRIMARY SCHOOL,,Morogoro,Mvomero,,
DIGALAMA PRIMARY SCHOOL,,Morogoro,Mvomero,,
DIONGOYA PRIMARY SCHOOL,,Morogoro,Mvomero,,
ELISABETTA SANNA PRIMARY SCHOOL,,Morogoro,Mvomero,,
JEGEA PRIMARY SCHOOL,,Morogoro,Mvomero,,
KIBATI PRIMARY SCHOOL,,Morogoro,Mvomero,,
KIBUKO MGETA PRIMARY SCHOOL,,Morogoro,Mvomero,,
KIDUDWE PRIMARY SCHOOL,,Morogoro,Mvomero,,
KIKEO PRIMARY SCHOOL,,Morogoro,Mvomero,,
KINYENZE PRIMARY SCHOOL,,Morogoro,Mvomero,,
KIWANDANI PRIMARY SCHOOL,,Morogoro,Mvomero,,
KUNKE PRIMARY SCHOOL,,Morogoro,Mvomero,,
KWAWAMANGA PRIMARY SCHOOL,,Morogoro,Mvomero,,
LUBANTA PRIMARY SCHOOL,,Morogoro,Mvomero,,
LUKUNGUNI PRIMARY SCHOOL,,Morogoro,Mvomero,,
MAFUTA PRIMARY SCHOOL,,Morogoro,Mvomero,,
MAKUTURE PRIMARY SCHOOL,,Morogoro,Mvomero,,
MANGAYE PRIMARY SCHOOL,,Morogoro,Mvomero,,
MASANZE PRIMARY SCHOOL,,Morogoro,Mvomero,,
MGETA PRIMARY SCHOOL,,Morogoro,Mvomero,,
MKINDO B PRIMARY SCHOOL,,Morogoro,Mvomero,,
MLAGUZI PRIMARY SCHOOL,,Morogoro,Mvomero,,
MLUMBILO PRIMARY SCHOOL,,Morogoro,Mvomero,,
MNYANZA PRIMARY SCHOOL,,Morogoro,Mvomero,,
MSONGOZI PRIMARY SCHOOL,,Morogoro,Mvomero,,
MTIBWA PRIMARY SCHOOL,,Morogoro,Mvomero,,
MVOMERO PRIMARY SCHOOL,,Morogoro,Mvomero,,
MZIHA PRIMARY SCHOOL,,Morogoro,Mvomero,,
NDOLE PRIMARY SCHOOL,,Morogoro,Mvomero,,
NG'UNGULU PRIMARY SCHOOL,,Morogoro,Mvomero,,
SEMWALI PRIMARY SCHOOL,,Morogoro,Mvomero,,
TANDARI PRIMARY SCHOOL,,Morogoro,Mvomero,,
TENGERO PRIMARY SCHOOL,,Morogoro,Mvomero,,
VINILE PRIMARY SCHOOL,,Morogoro,Mvomero,,
WAMI LUHINDO PRIMARY SCHOOL,,Morogoro,Mvomero,,
BUNDUKI PRIMARY SCHOOL,,Morogoro,Mvomero,,
CHOHERO PRIMARY SCHOOL,,Morogoro,Mvomero,,
DIBURUMA PRIMARY SCHOOL,,Morogoro,Mvomero,,
DIHINDA PRIMARY SCHOOL,,Morogoro,Mvomero,,
DOMA PRIMARY SCHOOL,,Morogoro,Mvomero,,
JUNIOR SCHOLAR PRIMARY SCHOOL,,Morogoro,Mvomero,,
KICHANGANI B PRIMARY SCHOOL,,Morogoro,Mvomero,,
KIMAMBILA PRIMARY SCHOOL,,Morogoro,Mvomero,,
KIPANGILO PRIMARY SCHOOL,,Morogoro,Mvomero,,
KODODO PRIMARY SCHOOL,,Morogoro,Mvomero,,
KWADOLI PRIMARY SCHOOL,,Morogoro,Mvomero,,
KWELIKWIJI PRIMARY SCHOOL,,Morogoro,Mvomero,,
LUSUNGI PRIMARY SCHOOL,,Morogoro,Mvomero,,
MAFILI PRIMARY SCHOOL,,Morogoro,Mvomero,,
MAGALI PRIMARY SCHOOL,,Morogoro,Mvomero,,
MAHARAKA PRIMARY SCHOOL,,Morogoro,Mvomero,,
MANYINGA 'B' PRIMARY SCHOOL,,Morogoro,Mvomero,,
MELA PRIMARY SCHOOL,,Morogoro,Mvomero,,
MIKONGA PRIMARY SCHOOL,,Morogoro,Mvomero,,
MKANGAZI PRIMARY SCHOOL,,Morogoro,Mvomero,,
MLALI PRIMARY SCHOOL,,Morogoro,Mvomero,,
MTIPULE PRIMARY SCHOOL,,Morogoro,Mvomero,,
MWARAZI MGETA PRIMARY SCHOOL,,Morogoro,Mvomero,,
MZUMBE PRIMARY SCHOOL,,Morogoro,Mvomero,,
NG'WAMBE PRIMARY SCHOOL,,Morogoro,Mvomero,,
NYANDIRA PRIMARY SCHOOL,,Morogoro,Mvomero,,
PINDE PRIMARY SCHOOL,,Morogoro,Mvomero,,
SEWE PRIMARY SCHOOL,,Morogoro,Mvomero,,
TANGENI PRIMARY SCHOOL,,Morogoro,Mvomero,,
TURIANI B PRIMARY SCHOOL,,Morogoro,Mvomero,,
VITONGA PRIMARY SCHOOL,,Morogoro,Mvomero,,
WAMI MAGEREZA PRIMARY SCHOOL,,Morogoro,Mvomero,,
CHIKWERA PRIMARY SCHOOL,,Morogoro,Ulanga,,
EUGA PRIMARY SCHOOL,,Morogoro,Ulanga,,
IKANGAO PRIMARY SCHOOL,,Morogoro,Ulanga,,
IPUTI PRIMARY SCHOOL,,Morogoro,Ulanga,,
ISONGO PRIMARY SCHOOL,,Morogoro,Ulanga,,
KETAKETA PRIMARY SCHOOL,,Morogoro,Ulanga,,
KISAKIMBALI PRIMARY SCHOOL,,Morogoro,Ulanga,,
KIVUKONI 'B' PRIMARY SCHOOL,,Morogoro,Ulanga,,
LIBENANGA PRIMARY SCHOOL,,Morogoro,Ulanga,,
LUKANDE PRIMARY SCHOOL,,Morogoro,Ulanga,,
MAVIMBA PRIMARY SCHOOL,,Morogoro,Ulanga,,
MDINDO PRIMARY SCHOOL,,Morogoro,Ulanga,,
MSOGEZI PRIMARY SCHOOL,,Morogoro,Ulanga,,
NAKAFULU PRIMARY SCHOOL,,Morogoro,Ulanga,,
NAWENGE PRIMARY SCHOOL,,Morogoro,Ulanga,,
CHIGANDUGANDU PRIMARY SCHOOL,,Morogoro,Ulanga,,
CHIROMBOLA PRIMARY SCHOOL,,Morogoro,Ulanga,,
IGOTA PRIMARY SCHOOL,,Morogoro,Ulanga,,
IKUNGUA PRIMARY SCHOOL,,Morogoro,Ulanga,,
IRAGUA KATI PRIMARY SCHOOL,,Morogoro,Ulanga,,
ISYAGA PRIMARY SCHOOL,,Morogoro,Ulanga,,
LIHETA PRIMARY SCHOOL,,Morogoro,Ulanga,,
LUPIRO PRIMARY SCHOOL,,Morogoro,Ulanga,,
MAHENGE ' B' PRIMARY SCHOOL,,Morogoro,Ulanga,,
MAKANGA PRIMARY SCHOOL,,Morogoro,Ulanga,,
MBAGULA PRIMARY SCHOOL,,Morogoro,Ulanga,,
MGOLO PRIMARY SCHOOL,,Morogoro,Ulanga,,
MINEPA PRIMARY SCHOOL,,Morogoro,Ulanga,,
MT. ELIZABETH KASITA PRIMARY SCHOOL,,Morogoro,Ulanga,,
NALUKOO PRIMARY SCHOOL,,Morogoro,Ulanga,,
NKONGO PRIMARY SCHOOL,,Morogoro,Ulanga,,
UPONERA PRIMARY SCHOOL,,Morogoro,Ulanga,,
EPANKO PRIMARY SCHOOL,,Morogoro,Ulanga,,
IGUMBIRO PRIMARY SCHOOL,,Morogoro,Ulanga,,
IRAGUA PRIMARY SCHOOL,,Morogoro,Ulanga,,
KANYAGATWENDE PRIMARY SCHOOL,,Morogoro,Ulanga,,
KITUTI PRIMARY SCHOOL,,Morogoro,Ulanga,,
KWIRO PRIMARY SCHOOL,,Morogoro,Ulanga,,
LUHOMBERO PRIMARY SCHOOL,,Morogoro,Ulanga,,
MATUMBALA PRIMARY SCHOOL,,Morogoro,Ulanga,,
MBANGAYAO PRIMARY SCHOOL,,Morogoro,Ulanga,,
MOON LIGHT PRIMARY SCHOOL,,Morogoro,Ulanga,,
MZELEZI PRIMARY SCHOOL,,Morogoro,Ulanga,,
NAMHANGA PRIMARY SCHOOL,,Morogoro,Ulanga,,
TULIZA MOYO PRIMARY SCHOOL,,Morogoro,Ulanga,,
BELTRAMINO PRIMARY SCHOOL,,Iringa,Iringa,,
HOLO PRIMARY SCHOOL,,Iringa,Iringa,,
IDODI PRIMARY SCHOOL,,Iringa,Iringa,,
IGINGILANYI PRIMARY SCHOOL,,Iringa,Iringa,,
IHOMASA PRIMARY SCHOOL,,Iringa,Iringa,,
IKUNGWE PRIMARY SCHOOL,,Iringa,Iringa,,
ILANDUTWA PRIMARY SCHOOL,,Iringa,Iringa,,
ISMANI PRIMARY SCHOOL,,Iringa,Iringa,,
ITENGULINYI PRIMARY SCHOOL,,Iringa,Iringa,,
IZAZI PRIMARY SCHOOL,,Iringa,Iringa,,
KISILWA PRIMARY SCHOOL,,Iringa,Iringa,,
KITAPILIMWA PRIMARY SCHOOL,,Iringa,Iringa,,
KIWERE PRIMARY SCHOOL,,Iringa,Iringa,,
LUKWAMBE PRIMARY SCHOOL,,Iringa,Iringa,,
LUPALAMA 'B' PRIMARY SCHOOL,,Iringa,Iringa,,
LYALAMO PRIMARY SCHOOL,,Iringa,Iringa,,
MAGOMBWE PRIMARY SCHOOL,,Iringa,Iringa,,
MAGULILWA PRIMARY SCHOOL,,Iringa,Iringa,,
MAKADUPA PRIMARY SCHOOL,,Iringa,Iringa,,
MAKIFU PRIMARY SCHOOL,,Iringa,Iringa,,
MAKOTA PRIMARY SCHOOL,,Iringa,Iringa,,
MALINZANGA PRIMARY SCHOOL,,Iringa,Iringa,,
MAPERAMENGI PRIMARY SCHOOL,,Iringa,Iringa,,
MATEMBO PRIMARY SCHOOL,,Iringa,Iringa,,
MIBIKIMITALI PRIMARY SCHOOL,,Iringa,Iringa,,
MKUNGUGU PRIMARY SCHOOL,,Iringa,Iringa,,
MTERA PRIMARY SCHOOL,,Iringa,Iringa,,
MWANYENGO PRIMARY SCHOOL,,Iringa,Iringa,,
NDOLELA PRIMARY SCHOOL,,Iringa,Iringa,,
NGANO PRIMARY SCHOOL,,Iringa,Iringa,,
NYAKAVANGALA PRIMARY SCHOOL,,Iringa,Iringa,,
NYANG'ORO PRIMARY SCHOOL,,Iringa,Iringa,,
SASAMAMBO PRIMARY SCHOOL,,Iringa,Iringa,,
TANANGOZI PRIMARY SCHOOL,,Iringa,Iringa,,
UDUMUKA PRIMARY SCHOOL,,Iringa,Iringa,,
ULATA PRIMARY SCHOOL,,Iringa,Iringa,,
USOLANGA PRIMARY SCHOOL,,Iringa,Iringa,,
WENDA PRIMARY SCHOOL,,Iringa,Iringa,,
CHAMGOGO PRIMARY SCHOOL,,Iringa,Iringa,,
IBOGO PRIMARY SCHOOL,,Iringa,Iringa,,
IFUNDA PRIMARY SCHOOL,,Iringa,Iringa,,
IHEHELO PRIMARY SCHOOL,,Iringa,Iringa,,
IHOMINYI PRIMARY SCHOOL,,Iringa,Iringa,,
IKUVILO PRIMARY SCHOOL,,Iringa,Iringa,,
ILOLO MPYA PRIMARY SCHOOL,,Iringa,Iringa,,
ISAKALILO PRIMARY SCHOOL,,Iringa,Iringa,,
ISUPILO PRIMARY SCHOOL,,Iringa,Iringa,,
ITUNUNDU PRIMARY SCHOOL,,Iringa,Iringa,,
KIDAMALI PRIMARY SCHOOL,,Iringa,Iringa,,
KIHOROGOTA PRIMARY SCHOOL,,Iringa,Iringa,,
KIMANDE PRIMARY SCHOOL,,Iringa,Iringa,,
KINYWANG'ANGA PRIMARY SCHOOL,,Iringa,Iringa,,
KIPONZELO PRIMARY SCHOOL,,Iringa,Iringa,,
KISING'A ISMANI PRIMARY SCHOOL,,Iringa,Iringa,,
KITAYAWA PRIMARY SCHOOL,,Iringa,Iringa,,
LUGANGA PRIMARY SCHOOL,,Iringa,Iringa,,
LUMULI PRIMARY SCHOOL,,Iringa,Iringa,,
LUPEMBELWASENGA PRIMARY SCHOOL,,Iringa,Iringa,,
LYAMGUNGWE PRIMARY SCHOOL,,Iringa,Iringa,,
MAGOZI PRIMARY SCHOOL,,Iringa,Iringa,,
MAKATAPOLA PRIMARY SCHOOL,,Iringa,Iringa,,
MAKUKA PRIMARY SCHOOL,,Iringa,Iringa,,
MANGALALI PRIMARY SCHOOL,,Iringa,Iringa,,
MASUMBO PRIMARY SCHOOL,,Iringa,Iringa,,
MFUKULEMBE PRIMARY SCHOOL,,Iringa,Iringa,,
MIGOLI PRIMARY SCHOOL,,Iringa,Iringa,,
MKOMBILENGA PRIMARY SCHOOL,,Iringa,Iringa,,
MLAMBALASI PRIMARY SCHOOL,,Iringa,Iringa,,
MLOLO PRIMARY SCHOOL,,Iringa,Iringa,,
MSUKANZI PRIMARY SCHOOL,,Iringa,Iringa,,
NEBO PRIMARY SCHOOL,,Iringa,Iringa,,
NG'ENZA PRIMARY SCHOOL,,Iringa,Iringa,,
NYAMAHANA PRIMARY SCHOOL,,Iringa,Iringa,,
NZIHI PRIMARY SCHOOL,,Iringa,Iringa,,
ST. AMBROSE PRIMARY SCHOOL,,Iringa,Iringa,,
THE GLORY PRIMARY PRIMARY SCHOOL,,Iringa,Iringa,,
UFYAMBE PRIMARY SCHOOL,,Iringa,Iringa,,
UKWEGA PRIMARY SCHOOL,,Iringa,Iringa,,
ULETE PRIMARY SCHOOL,,Iringa,Iringa,,
WERU PRIMARY SCHOOL,,Iringa,Iringa,,
CHAMNDINDI PRIMARY SCHOOL,,Iringa,Iringa,,
IGANGIDUNG'U PRIMARY SCHOOL,,Iringa,Iringa,,
IGULUBA PRIMARY SCHOOL,,Iringa,Iringa,,
IHEMI PRIMARY SCHOOL,,Iringa,Iringa,,
IKENGEZA PRIMARY SCHOOL,,Iringa,Iringa,,
ILAMBILOLE PRIMARY SCHOOL,,Iringa,Iringa,,
IPWASI PRIMARY SCHOOL,,Iringa,Iringa,,
ISELE-PAWAGA PRIMARY SCHOOL,,Iringa,Iringa,,
ITAGUTWA PRIMARY SCHOOL,,Iringa,Iringa,,
ITWAGA PRIMARY SCHOOL,,Iringa,Iringa,,
KANING'OMBE PRIMARY SCHOOL,,Iringa,Iringa,,
KIBEBE PRIMARY SCHOOL,,Iringa,Iringa,,
KIDILO PRIMARY SCHOOL,,Iringa,Iringa,,
KINYALI PRIMARY SCHOOL,,Iringa,Iringa,,
KITANEWA PRIMARY SCHOOL,,Iringa,Iringa,,
KITISI PRIMARY SCHOOL,,Iringa,Iringa,,
LUINDO PRIMARY SCHOOL,,Iringa,Iringa,,
LUPALAMA 'A' PRIMARY SCHOOL,,Iringa,Iringa,,
LWATO PRIMARY SCHOOL,,Iringa,Iringa,,
MAFULUTO PRIMARY SCHOOL,,Iringa,Iringa,,
MAHUNINGA PRIMARY SCHOOL,,Iringa,Iringa,,
MAKATAPORA 'B' PRIMARY SCHOOL,,Iringa,Iringa,,
MAKONGATI PRIMARY SCHOOL,,Iringa,Iringa,,
MALAGOSI PRIMARY SCHOOL,,Iringa,Iringa,,
MANGAWE PRIMARY SCHOOL,,Iringa,Iringa,,
MATALAWE PRIMARY SCHOOL,,Iringa,Iringa,,
MBOLIBOLI PRIMARY SCHOOL,,Iringa,Iringa,,
MFYOME PRIMARY SCHOOL,,Iringa,Iringa,,
MGUHU PRIMARY SCHOOL,,Iringa,Iringa,,
MIKONG'WI PRIMARY SCHOOL,,Iringa,Iringa,,
MKULULA PRIMARY SCHOOL,,Iringa,Iringa,,
MSEKE PRIMARY SCHOOL,,Iringa,Iringa,,
MSULUTI PRIMARY SCHOOL,,Iringa,Iringa,,
NDIWILI PRIMARY SCHOOL,,Iringa,Iringa,,
NEGABIHI PRIMARY SCHOOL,,Iringa,Iringa,,
NYABULA PRIMARY SCHOOL,,Iringa,Iringa,,
NYAMIHUU PRIMARY SCHOOL,,Iringa,Iringa,,
SADANI PRIMARY SCHOOL,,Iringa,Iringa,,
TUNGAMALENGA PRIMARY SCHOOL,,Iringa,Iringa,,
UGWACHANYA PRIMARY SCHOOL,,Iringa,Iringa,,
ULANDA PRIMARY SCHOOL,,Iringa,Iringa,,
USENGELINDETE PRIMARY SCHOOL,,Iringa,Iringa,,
GOOD VICTORY PRIMARY SCHOOL,,Iringa,Iringa Mc,,
HYPERLINK PRIMARY SCHOOL,,Iringa,Iringa Mc,,
KIBWABWA PRIMARY SCHOOL,,Iringa,Iringa Mc,,
KIHESA PRIMARY SCHOOL,,Iringa,Iringa Mc,,
LEGACY PRIMARY SCHOOL,,Iringa,Iringa Mc,,
MKIMBIZI PRIMARY SCHOOL,,Iringa,Iringa Mc,,
MTWIVILA PRIMARY SCHOOL,,Iringa,Iringa Mc,,
NDULI PRIMARY SCHOOL,,Iringa,Iringa Mc,,
NYUMBATATU PRIMARY SCHOOL,,Iringa,Iringa Mc,,
SIPTO PRIMARY SCHOOL,,Iringa,Iringa Mc,,
ST DOMINIC SAVIO NGELEWALA PRIMARY SCHOOL,,Iringa,Iringa Mc,,
STDOMINICSAVIO PRIMARY SCHOOL,,Iringa,Iringa Mc,,
TY NDENDYA PRIMARY SCHOOL,,Iringa,Iringa Mc,,
ZIZI PRIMARY SCHOOL,,Iringa,Iringa Mc,,
HIGHLANDS PRIMARY SCHOOL,,Iringa,Iringa Mc,,
IGELEKE PRIMARY SCHOOL,,Iringa,Iringa Mc,,
IPOGOLO PRIMARY SCHOOL,,Iringa,Iringa Mc,,
JJMUNGAI PRIMARY SCHOOL,,Iringa,Iringa Mc,,
KILONGAYENA PRIMARY SCHOOL,,Iringa,Iringa Mc,,
MAWELEWELE PRIMARY SCHOOL,,Iringa,Iringa Mc,,
MKOGA PRIMARY SCHOOL,,Iringa,Iringa Mc,,
NGOME PRIMARY SCHOOL,,Iringa,Iringa Mc,,
PEACE FLAME PRIMARY SCHOOL,,Iringa,Iringa Mc,,
ST DOMINIC SAVIO KIGONZILE PRIMARY SCHOOL,,Iringa,Iringa Mc,,
SUN PRIMARY SCHOOL,,Iringa,Iringa Mc,,
UGELE PRIMARY SCHOOL,,Iringa,Iringa Mc,,
UMMUSALAMA PRIMARY SCHOOL,,Iringa,Iringa Mc,,
VIZIWI-IRINGA PRIMARY SCHOOL,,Iringa,Iringa Mc,,
GANGILONGA PRIMARY SCHOOL,,Iringa,Iringa Mc,,
HOHO PRIMARY SCHOOL,,Iringa,Iringa Mc,,
JORDAN PRIMARY SCHOOL,,Iringa,Iringa Mc,,
KIGONZILE PRIMARY SCHOOL,,Iringa,Iringa Mc,,
KITWIRU PRIMARY SCHOOL,,Iringa,Iringa Mc,,
NDIUKA PRIMARY SCHOOL,,Iringa,Iringa Mc,,
ST DOMINIC SAVIO MKIMBIZI PRIMARY SCHOOL,,Iringa,Iringa Mc,,
STCHARLES PRIMARY SCHOOL,,Iringa,Iringa Mc,,
WILOLESI PRIMARY SCHOOL,,Iringa,Iringa Mc,,
ANNA'S ELITE PRIMARY SCHOOL,,Iringa,Kilolo,,
FIKANO PRIMARY SCHOOL,,Iringa,Kilolo,,
IBUMU PRIMARY SCHOOL,,Iringa,Kilolo,,
IFUWA PRIMARY SCHOOL,,Iringa,Kilolo,,
IHIMBO PRIMARY SCHOOL,,Iringa,Kilolo,,
IROLE PRIMARY SCHOOL,,Iringa,Kilolo,,
ISELE PRIMARY SCHOOL,,Iringa,Kilolo,,
ITALULA PRIMARY SCHOOL,,Iringa,Kilolo,,
ITUNGI PRIMARY SCHOOL,,Iringa,Kilolo,,
IYANIKA PRIMARY SCHOOL,,Iringa,Kilolo,,
KILOLO B PRIMARY SCHOOL,,Iringa,Kilolo,,
KIMALA PRIMARY SCHOOL,,Iringa,Kilolo,,
KITELEWASI PRIMARY SCHOOL,,Iringa,Kilolo,,
KIWALAMO PRIMARY SCHOOL,,Iringa,Kilolo,,
LUKOGA PRIMARY SCHOOL,,Iringa,Kilolo,,
LUSINGA PRIMARY SCHOOL,,Iringa,Kilolo,,
MASALALI PRIMARY SCHOOL,,Iringa,Kilolo,,
MASUKANZI PRIMARY SCHOOL,,Iringa,Kilolo,,
MAZOMBE PRIMARY SCHOOL,,Iringa,Kilolo,,
MBUYUNI B PRIMARY SCHOOL,,Iringa,Kilolo,,
MGOWELO PRIMARY SCHOOL,,Iringa,Kilolo,,
MKAWAGANGA PRIMARY SCHOOL,,Iringa,Kilolo,,
MSENGELA PRIMARY SCHOOL,,Iringa,Kilolo,,
MWATASI PRIMARY SCHOOL,,Iringa,Kilolo,,
NDENGISIVILI PRIMARY SCHOOL,,Iringa,Kilolo,,
NYAWEGETE PRIMARY SCHOOL,,Iringa,Kilolo,,
SUNFLOWER PRIMARY SCHOOL,,Iringa,Kilolo,,
UGUNDA PRIMARY SCHOOL,,Iringa,Kilolo,,
UKANINEMO PRIMARY SCHOOL,,Iringa,Kilolo,,
ULUTI PRIMARY SCHOOL,,Iringa,Kilolo,,
ASANTE SANA TANZANIA PRIMARY SCHOOL,,Iringa,Kilolo,,
IBANING'OMBE PRIMARY SCHOOL,,Iringa,Kilolo,,
IDASI PRIMARY SCHOOL,,Iringa,Kilolo,,
IKOKOTO PRIMARY SCHOOL,,Iringa,Kilolo,,
IKUVALA PRIMARY SCHOOL,,Iringa,Kilolo,,
IMALUTWA PRIMARY SCHOOL,,Iringa,Kilolo,,
ISAGWA PRIMARY SCHOOL,,Iringa,Kilolo,,
ITIMBO PRIMARY SCHOOL,,Iringa,Kilolo,,
KIHESAMGAGAO PRIMARY SCHOOL,,Iringa,Kilolo,,
KILOLO PRIMARY SCHOOL,,Iringa,Kilolo,,
KIPADUKA PRIMARY SCHOOL,,Iringa,Kilolo,,
LYAMKO PRIMARY SCHOOL,,Iringa,Kilolo,,
MASEGE PRIMARY SCHOOL,,Iringa,Kilolo,,
MAWAMBALA PRIMARY SCHOOL,,Iringa,Kilolo,,
MHANGA PRIMARY SCHOOL,,Iringa,Kilolo,,
MLAFU PRIMARY SCHOOL,,Iringa,Kilolo,,
MTANDIKA PRIMARY SCHOOL,,Iringa,Kilolo,,
MWANZALA PRIMARY SCHOOL,,Iringa,Kilolo,,
NG'ANG'ANGE PRIMARY SCHOOL,,Iringa,Kilolo,,
NG'OSI PRIMARY SCHOOL,,Iringa,Kilolo,,
POMERINI PRIMARY SCHOOL,,Iringa,Kilolo,,
UHAMBINGETO PRIMARY SCHOOL,,Iringa,Kilolo,,
UKUMBI PRIMARY SCHOOL,,Iringa,Kilolo,,
WINOME PRIMARY SCHOOL,,Iringa,Kilolo,,
BOMALANG'OMBE PRIMARY SCHOOL,,Iringa,Kilolo,,
IBOFWE PRIMARY SCHOOL,,Iringa,Kilolo,,
IDEGENDA PRIMARY SCHOOL,,Iringa,Kilolo,,
IFIGAMIFUGO PRIMARY SCHOOL,,Iringa,Kilolo,,
IKUKA PRIMARY SCHOOL,,Iringa,Kilolo,,
ILAMBA PRIMARY SCHOOL,,Iringa,Kilolo,,
ILUTILA PRIMARY SCHOOL,,Iringa,Kilolo,,
IRINDI PRIMARY SCHOOL,,Iringa,Kilolo,,
ITONYA PRIMARY SCHOOL,,Iringa,Kilolo,,
IWUNGI PRIMARY SCHOOL,,Iringa,Kilolo,,
KILALA KIDEWA PRIMARY SCHOOL,,Iringa,Kilolo,,
KILUMBWA PRIMARY SCHOOL,,Iringa,Kilolo,,
KISING'A PRIMARY SCHOOL,,Iringa,Kilolo,,
KITUMBUKA PRIMARY SCHOOL,,Iringa,Kilolo,,
LUNDAMATWE PRIMARY SCHOOL,,Iringa,Kilolo,,
LYASA PRIMARY SCHOOL,,Iringa,Kilolo,,
MALENDI PRIMARY SCHOOL,,Iringa,Kilolo,,
MDEKE PRIMARY SCHOOL,,Iringa,Kilolo,,
MT. FELIX PRIMARY SCHOOL,,Iringa,Kilolo,,
MTITU PRIMARY SCHOOL,,Iringa,Kilolo,,
NADEZDA PRIMARY SCHOOL,,Iringa,Kilolo,,
NG'INGULA PRIMARY SCHOOL,,Iringa,Kilolo,,
NYANZWA PRIMARY SCHOOL,,Iringa,Kilolo,,
RANGE PRIMARY SCHOOL,,Iringa,Kilolo,,
UDEKWA PRIMARY SCHOOL,,Iringa,Kilolo,,
UHOMINYI PRIMARY SCHOOL,,Iringa,Kilolo,,
VITONO PRIMARY SCHOOL,,Iringa,Kilolo,,
WOTALISOLI PRIMARY SCHOOL,,Iringa,Kilolo,,
A JOY PRIMARY SCHOOL,,Iringa,Mafinga Tc,,
BUMILAYINGA PRIMARY SCHOOL,,Iringa,Mafinga Tc,,
ETHICS PRIMARY SCHOOL,,Iringa,Mafinga Tc,,
GLORY ADVENTIST PRIMARY SCHOOL,,Iringa,Mafinga Tc,,
IHEFU PRIMARY SCHOOL,,Iringa,Mafinga Tc,,
KISADA PRIMARY SCHOOL,,Iringa,Mafinga Tc,,
MAKALALA PRIMARY SCHOOL,,Iringa,Mafinga Tc,,
REAL HOPE PRIMARY SCHOOL,,Iringa,Mafinga Tc,,
SAO HILL PRIMARY SCHOOL,,Iringa,Mafinga Tc,,
CAMALDOLI PRIMARY SCHOOL,,Iringa,Mafinga Tc,,
FR.SILVIO PASQUALI PRIMARY SCHOOL,,Iringa,Mafinga Tc,,
HANEZYE PRIMARY SCHOOL,,Iringa,Mafinga Tc,,
IHUMO PRIMARY SCHOOL,,Iringa,Mafinga Tc,,
IVA WERNER PRIMARY SCHOOL,,Iringa,Mafinga Tc,,
RUNGEMBA PRIMARY SCHOOL,,Iringa,Mafinga Tc,,
SOUTHERN HIGHLANDS PRIMARY SCHOOL,,Iringa,Mafinga Tc,,
WAMBI PRIMARY SCHOOL,,Iringa,Mafinga Tc,,
ANASTASIA SOMSOM PRIMARY SCHOOL,,Iringa,Mafinga Tc,,
IFINGO PRIMARY SCHOOL,,Iringa,Mafinga Tc,,
ISALAVANU PRIMARY SCHOOL,,Iringa,Mafinga Tc,,
KAWAWA JKT PRIMARY SCHOOL,,Iringa,Mafinga Tc,,
KINYANAMBO PRIMARY SCHOOL,,Iringa,Mafinga Tc,,
MATANANA PRIMARY SCHOOL,,Iringa,Mafinga Tc,,
MNYIGUMBA PRIMARY SCHOOL,,Iringa,Mafinga Tc,,
NYAMALALA PRIMARY SCHOOL,,Iringa,Mafinga Tc,,
ULOLE PRIMARY SCHOOL,,Iringa,Mafinga Tc,,
IDOPE PRIMARY SCHOOL,,Iringa,Mufindi,,
IFWAGI PRIMARY SCHOOL,,Iringa,Mufindi,,
IGODA PRIMARY SCHOOL,,Iringa,Mufindi,,
IGOMTWA PRIMARY SCHOOL,,Iringa,Mufindi,,
IHALIMBA PRIMARY SCHOOL,,Iringa,Mufindi,,
IHANU PRIMARY SCHOOL,,Iringa,Mufindi,,
IHEGELA PRIMARY SCHOOL,,Iringa,Mufindi,,
IHOWANZA PRIMARY SCHOOL,,Iringa,Mufindi,,
IKANGAMWANI PRIMARY SCHOOL,,Iringa,Mufindi,,
ISAULA PRIMARY SCHOOL,,Iringa,Mufindi,,
ITIKA PRIMARY SCHOOL,,Iringa,Mufindi,,
ITULILO PRIMARY SCHOOL,,Iringa,Mufindi,,
IYEGEYA PRIMARY SCHOOL,,Iringa,Mufindi,,
KIBENGU PRIMARY SCHOOL,,Iringa,Mufindi,,
KIGOLA PRIMARY SCHOOL,,Iringa,Mufindi,,
KIMILINZOWO PRIMARY SCHOOL,,Iringa,Mufindi,,
KINYIMBILI PRIMARY SCHOOL,,Iringa,Mufindi,,
KIPONDA PRIMARY SCHOOL,,Iringa,Mufindi,,
KISUSA PRIMARY SCHOOL,,Iringa,Mufindi,,
KITIRU PRIMARY SCHOOL,,Iringa,Mufindi,,
KWATWANGA PRIMARY SCHOOL,,Iringa,Mufindi,,
LUFUNA PRIMARY SCHOOL,,Iringa,Mufindi,,
LUHUNGA PRIMARY SCHOOL,,Iringa,Mufindi,,
LULANDA PRIMARY SCHOOL,,Iringa,Mufindi,,
MADISI PRIMARY SCHOOL,,Iringa,Mufindi,,
MATELEFU PRIMARY SCHOOL,,Iringa,Mufindi,,
MDABULO PRIMARY SCHOOL,,Iringa,Mufindi,,
MITANZI PRIMARY SCHOOL,,Iringa,Mufindi,,
MNINGA 'A' PRIMARY SCHOOL,,Iringa,Mufindi,,
MTAMBULA PRIMARY SCHOOL,,Iringa,Mufindi,,
MTWANGO PRIMARY SCHOOL,,Iringa,Mufindi,,
MWITIKILWA PRIMARY SCHOOL,,Iringa,Mufindi,,
NUNDWE PRIMARY SCHOOL,,Iringa,Mufindi,,
NYANYEMBE PRIMARY SCHOOL,,Iringa,Mufindi,,
NZIVI PRIMARY SCHOOL,,Iringa,Mufindi,,
TAMBALANG'OMBE PRIMARY SCHOOL,,Iringa,Mufindi,,
UGESA PRIMARY SCHOOL,,Iringa,Mufindi,,
UKAMI PRIMARY SCHOOL,,Iringa,Mufindi,,
USOKAMI PRIMARY SCHOOL,,Iringa,Mufindi,,
GREENLAND ACADEMY PRIMARY SCHOOL,,Iringa,Mufindi,,
IBWANZI PRIMARY SCHOOL,,Iringa,Mufindi,,
IDUMULAVANU PRIMARY SCHOOL,,Iringa,Mufindi,,
IGOWOLE PRIMARY SCHOOL,,Iringa,Mufindi,,
IKANING'OMBE PRIMARY SCHOOL,,Iringa,Mufindi,,
ILASA PRIMARY SCHOOL,,Iringa,Mufindi,,
IPILIMO PRIMARY SCHOOL,,Iringa,Mufindi,,
ITONA PRIMARY SCHOOL,,Iringa,Mufindi,,
ITULITULI PRIMARY SCHOOL,,Iringa,Mufindi,,
KINEGEMBASI PRIMARY SCHOOL,,Iringa,Mufindi,,
KIPANGA 'A' PRIMARY SCHOOL,,Iringa,Mufindi,,
KITASENGWA PRIMARY SCHOOL,,Iringa,Mufindi,,
LUGODALUTALI PRIMARY SCHOOL,,Iringa,Mufindi,,
LUISENGA PRIMARY SCHOOL,,Iringa,Mufindi,,
LWING'ULO PRIMARY SCHOOL,,Iringa,Mufindi,,
MAKONGOMI PRIMARY SCHOOL,,Iringa,Mufindi,,
MAPANDA PRIMARY SCHOOL,,Iringa,Mufindi,,
MBALAMAZIWA PRIMARY SCHOOL,,Iringa,Mufindi,,
MGOLOLO PRIMARY SCHOOL,,Iringa,Mufindi,,
MKALALA PRIMARY SCHOOL,,Iringa,Mufindi,,
MLEVELWA PRIMARY SCHOOL,,Iringa,Mufindi,,
MNINGA 'B' PRIMARY SCHOOL,,Iringa,Mufindi,,
MPANGA TAZARA PRIMARY SCHOOL,,Iringa,Mufindi,,
MTILI 'A' PRIMARY SCHOOL,,Iringa,Mufindi,,
MWEFU PRIMARY SCHOOL,,Iringa,Mufindi,,
NANDALA PRIMARY SCHOOL,,Iringa,Mufindi,,
NYAKIPAMBO PRIMARY SCHOOL,,Iringa,Mufindi,,
NYIGO PRIMARY SCHOOL,,Iringa,Mufindi,,
REGINA PACIS SAWALA PRIMARY SCHOOL,,Iringa,Mufindi,,
SAWALA PRIMARY SCHOOL,,Iringa,Mufindi,,
UHAFIWA PRIMARY SCHOOL,,Iringa,Mufindi,,
UKELEMI PRIMARY SCHOOL,,Iringa,Mufindi,,
VIKULA PRIMARY SCHOOL,,Iringa,Mufindi,,
IDETERO PRIMARY SCHOOL,,Iringa,Mufindi,,
IFUPIRA PRIMARY SCHOOL,,Iringa,Mufindi,,
IGOMBAVANU PRIMARY SCHOOL,,Iringa,Mufindi,,
IGULUSILO PRIMARY SCHOOL,,Iringa,Mufindi,,
IHANGANATWA PRIMARY SCHOOL,,Iringa,Mufindi,,
IHAWAGA PRIMARY SCHOOL,,Iringa,Mufindi,,
IKANGAGA PRIMARY SCHOOL,,Iringa,Mufindi,,
IKONGOSI PRIMARY SCHOOL,,Iringa,Mufindi,,
IKWEHA PRIMARY SCHOOL,,Iringa,Mufindi,,
ILOGOMBE PRIMARY SCHOOL,,Iringa,Mufindi,,
ITENGULE PRIMARY SCHOOL,,Iringa,Mufindi,,
ITULAVANU PRIMARY SCHOOL,,Iringa,Mufindi,,
KALINGA PRIMARY SCHOOL,,Iringa,Mufindi,,
KIBAO PRIMARY SCHOOL,,Iringa,Mufindi,,
KIGOHA PRIMARY SCHOOL,,Iringa,Mufindi,,
KINYANGESI PRIMARY SCHOOL,,Iringa,Mufindi,,
KIPANGA 'B' PRIMARY SCHOOL,,Iringa,Mufindi,,
KIYOWELA PRIMARY SCHOOL,,Iringa,Mufindi,,
LUDILO PRIMARY SCHOOL,,Iringa,Mufindi,,
LUGEMA PRIMARY SCHOOL,,Iringa,Mufindi,,
LUGOLOFU PRIMARY SCHOOL,,Iringa,Mufindi,,
LUKOSI PRIMARY SCHOOL,,Iringa,Mufindi,,
MABAONI PRIMARY SCHOOL,,Iringa,Mufindi,,
MAGUNGULI PRIMARY SCHOOL,,Iringa,Mufindi,,
MBALWE PRIMARY SCHOOL,,Iringa,Mufindi,,
MKANGWE PRIMARY SCHOOL,,Iringa,Mufindi,,
MONG'A PRIMARY SCHOOL,,Iringa,Mufindi,,
MPEME PRIMARY SCHOOL,,Iringa,Mufindi,,
MTILI 'B' PRIMARY SCHOOL,,Iringa,Mufindi,,
MUNGETA PRIMARY SCHOOL,,Iringa,Mufindi,,
MWESA PRIMARY SCHOOL,,Iringa,Mufindi,,
NJOJO PRIMARY SCHOOL,,Iringa,Mufindi,,
NYAMANGI PRIMARY SCHOOL,,Iringa,Mufindi,,
NYOLOLO PRIMARY SCHOOL,,Iringa,Mufindi,,
UGENZA PRIMARY SCHOOL,,Iringa,Mufindi,,
UHAMBILA PRIMARY SCHOOL,,Iringa,Mufindi,,
UKEMELE PRIMARY SCHOOL,,Iringa,Mufindi,,
WANGAMAGANGA PRIMARY SCHOOL,,Iringa,Mufindi,,
