name,branch,region,district,phone,email
AMANI DEVELOPMENT ORGANIZATION,BUNGE,Dodoma,Dodoma,622080025,amanidevelopmentorg@yahoo.com
DCT CANON ANDREA MWAKA SCHOOL,CHAMWINO,Dodoma,Dodoma,759027691,lusanhosam@yahoo.com
DCT MVUMI SECONDARY SCHOOL,CHAMWINO,Dodoma,Dodoma,717245451,joylusinde48@gmail.com
DON BOSCO TECHNICAL INSTITUTE,CHAMWINO,Dodoma,Dodoma,767820173,admdonboscododoma@gmail.com
MVUMI INSTITUTE OF HEALTH SCIENCES,CHAMWINO,Dodoma,Dodoma,712625355,macmartin61@yahoo.com
PRECIOUSKING PRE PR SCHOOL,CHAMWINO,Dodoma,,658691000,njukaone@yahoo.com
SALESIAN SEMINARY DODOMA,CHAMWINO,Dodoma,Dodoma,767820173,walsdb@gmail.com
DCT JUBILEE HIGH SCHOOL,DODOMA,Dodoma,Dodoma,784385349,mnyagapm@ymail.com
MARTIN LUTHER SCHOOL,DODOMA,Dodoma,Dodoma,784204050,gilbertoftz@gmail.com
MESOMAPYA TRUST FUND,DODOMA,Dodoma,Dodoma,784289627,eschanzi@yahoo.co.uk
BLESSED MABUBA SCHOOL,DODOMA UNIVERSITY,Dodoma,,767565709,info@blessedmabuba.sc.tz
DECCA COLLEGE,DODOMA UNIVERSITY,Dodoma,,712832211,gombokamuli@gmail.com
DECCA COLLEGE OF HEALTH AND ALLIED SCIENCES,DODOMA UNIVERSITY,Dodoma,,712832211,decohas@gmail.com
THE GREAT FOUNTAIN,DODOMA UNIVERSITY,Dodoma,Dodoma,784797944,lmwaikambo456@gmail.com
ZION ACADEMIC CENTRE LTD,KAMBARAGE,Dodoma,Dodoma,754830200,maglanjoseph@gmail.com
FEZA DODOMA,KIJITONYAMA,Dodoma,Dodoma,689508000,asahin@fezaschools.org
CHRISTINE DAYCARE CENTER,MAJENGO,Dodoma,Dodoma,714092085,cmngongo@gmail.com
FOUNTAIN GATE DODOMA SEC SCHOOL,TABATA,Dodoma,Dodoma,756006006,fountaingatesecondary@gmail.com
ANTONIA DAYCARE CENTER,UDOM,Dodoma,Dodoma,715072040,antoniadaycaredodoma@gmail.com
FAUNTAIN GATE ACADEMY DODOMA,UDOM,Dodoma,,717713212,fountaingatedodoma@gmail.com
ST. PETER CLAVER HIGH SCHOOL,UDOM,Dodoma,,255759933067,buberwak@gmail.com
TANZANIA RESEARCH AND CAREER DEVELOPMENT INSTITUTE,UDOM,Dodoma,Dodoma,756869343,info@tracdi.ac.tz
REALHOPE SECONDARY SCHOOL,,Iringa,Mufindi,763777275,nicholouskiwovele@gmail.com
TUSAALE TEACHERS COLLEGE,,Iringa,Mufindi,754041510,tusaalechuo@gmail.com
COHELA AGENCY,IRINGA,Iringa,Iringa Urban,755694028,cohelaagency@gmail.com
EBENEZER SEMINARY,IRINGA,Iringa,Iringa,654418962,seminaryebenezer23@gmail.com
EFATHA SECONDARY SCHOOL,IRINGA,Iringa,Iringa,755335556,tabaniict@gmail.com
GOOD VICTORY ENGLISH MEDIUM SCHOOL,IRINGA,Iringa,Iringa,757048221,eunicekimath89@gmail.com
HIGHLAND SECONDARY SCHOOL,IRINGA,Iringa,Iringa,784695401,ifbtzltd@gmail.com
HYPERLINK SCHOOLS,IRINGA,Iringa,Iringa,767030406,gfuime1@gmail.com
KILOLO SOUTHERN COLLEGE OF TANZANIA,IRINGA,Iringa,,769395451,marwarange123@gmail.com
MINANI VOCATIONAL TRAINING COLLEGE,IRINGA,Iringa,Iringa,719654321,mariambonela@yahoo.com
MWEMBETOGWA SEKONDARI,IRINGA,Iringa,Iringa,754772634,mwembetogwahighschool@gmail.com
PEACOCK DAY CARE AND NURSERY,IRINGA,Iringa,Iringa,744788331,chelesitausila1@gmail.com
RANGE SCHOOLS,IRINGA,Iringa,,769395451,jane.john688@gmail.com
RETCO EDUCATION CENTRE,IRINGA,Iringa,Iringa,755335556,efathasecondaryschool@gmail.com
SAN GIOVANNI PAOLO SECONDARY,IRINGA,Iringa,Iringa Urban,674497404,sgpsecondo@gmail.com
ST DOMINIC SAVIO SCHOOLS-TRANSPORT,IRINGA,Iringa,Iringa Urban,754905111,aidanpulungi3@gmail.com
ST DOMINIC SECONDARY SCHOOL,IRINGA,Iringa,Iringa,754905111,aidanpulungi2@gmail.com
ST. PETER HEALTH AND VOCATIONAL TRAINING INSTITUTE,IRINGA,Iringa,Iringa,764036596,revocatusbukuru92@gmail.com
ST. THOMAS NYABULA SECONDARY SCHOOL,IRINGA,Iringa,Iringa Urban,768396957,emilkindole@yahoo.com
ST.PETER HEALTH TRAINING,IRINGA,Iringa,Iringa,767010264,bakurunestory@gmail.com
ST.THOMAS NYABULA SECONDARY SCHOOL,IRINGA,Iringa,Iringa,768396957,emailkindole@yahoo.com
TOSAMAGANGA INSTITUTE OF HEALTH AND ALLIED SCIENCE,IRINGA,Iringa,Iringa Urban,754905111,aidanpulungi4@gmail.com
TUMAINI UNIVERSITY AT IRINGA,IRINGA,Iringa,Iringa,262720900,bursar@uoi.ac.tz
TURNBULL TECH TRAINING,IRINGA,Iringa,Iringa,765696076,turnbulltech@yahoo.com
UNIVERSITY OF IRINGA STUDENT ORGANIZATION,IRINGA,Iringa,Iringa Urban,766513812,uoiso@uoi.ac.tz
MUYOGE COLLEGE OF HEALTH AND MANAGEMENT,MAFINGA,Iringa,Mufindi,757535531,muyogecollegeofhealth@yahoo.com
MGAO PRE-SCHOOL AND DAY CARE,MKWAWA,Iringa,Iringa Urban,623311884,mgaopreschool@gmail.com
MGM HEALTH TRAINING INSTITUTE,MKWAWA,Iringa,Iringa Urban,747703590,mgmhealthtraining@gmail.com
MOSES ENGLISH MEDIUM SCHOOL,MKWAWA,Iringa,Iringa,768807605,mosesschool1@gmail.com
ST ANSELM SECONDARY SCHOOL,MKWAWA,Iringa,Mufindi,768800102,mulumba108@gmail.com
ST. MARY'S ULETE SECONDARY SCHOOL,MKWAWA,Iringa,Iringa Urban,767300683,stmarysuletesecondary2006@gmail.com
WENDYRAYNA SECONDARY SCHOOL,MKWAWA,Iringa,Iringa,766434040,mdegelawinston@gmail.com
BRAVO SECONDARY SCHOOL,IFAKARA,Morogoro,,784364850,fundiathumani@yahoo.com
KINGCOLLINS ENGLISH MEDIUM SCHOOL,IFAKARA,Morogoro,Kilombero,784435155,naomimanyilizu@gmail.com
KINGCOLLINS SECONDARY SCHOOL,IFAKARA,Morogoro,Kilombero,784435155,perybenny@gmail.com
SAMA MEMORIAL SECONDARY SCHOOL,IFAKARA,Morogoro,Kilombero,783112200,manyawafarida5@gmail.com
ST. RAPHAEL SECONDARY SCHOOL,IFAKARA,Morogoro,Kilombero,686928120,faustinepascal@gmail.com
MIYONGA ENGLISH MEDIUM SCHOOL,KILOMBERO,Morogoro,Kilombero,784666175,hassanjamillah397@gmail.com
MTEULE OPEN SCHOOL,MANDELA,Morogoro,Morogoro,684356291,mteuleopenschool@gmail.com
MSOLWA STGASPER BERTON SECONDARY,MIKUMI,Morogoro,Kilosa,683284671,godsimay@yahoo.com
CHARLOTTE SECONDARY SCHOOL,MOROGORO,Morogoro,Morogoro,752426939,agnessmwigora@gmail.com
JUNIOR SCHOLAR,MOROGORO,Morogoro,Mvomero,755700247,rosiekitosi@gmail.com
MLIMBA INSTITUTE OF HEALTH AND ALLIED SCIENCES,MOROGORO,Morogoro,Mlimba,718240555,jamson006@gmail.com
MARGARETA NASEAU SEC SCHOOL,MANYONI,Singida,Singida Urban,769108438,hmsongalimi@gmail.com
MAASAI SCHOOLS LIMITED,SINGIDA,Singida,Singida Urban,754801935,maasaischool2000@yahoo.com
SINGIDA SECONDARY SCHOOL,SINGIDA,Singida,Singida Urban,679446992,mmatiliga@gmail.com
MARIA STIEREN GIRLS SECONDARY SCHOOL,SINGIDA BRANCH,Singida,Ikungi,765894168,missionariespuma@gmail.com
SINGIDA TEACHERS COLLEGE,SINGIDA NHC,Singida,Singida Urban,679446992,singidasec@gmail.com
ABC CAPITAL SCHOOL,,Dar Es Salaam,Ilala,787907904,abccapitalschool@gmail.com
CRDB DEMO SCHOOL,,Dar Es Salaam,Ilala,758828755,dummyschool1@gmail.com
JOHN THE BAPTIST GIRLS HIGH SCHOOL,AZIKIWE,Dar Es Salaam,Kinondoni,754002700,johnbaptistsec@yahoo.com
MONTECARLO PRE SCHOOL AND DAY CARE,AZIKIWE,Dar Es Salaam,,718391969,mattamaayyambar0@gmail.com
ARISE ACADEMIC SCHOOLS,AZIKIWE PREMIER,Dar Es Salaam,Ubungo,718888855,jlukindo72@gmail.com
HERITAGE ENGLISH MEDIUM SCHOOL,BANANA,Dar Es Salaam,Ilala,788868618,erickmnanka@gmail.com
MOUNT THOMAS SCHOOLS AND DAYCARE,BANANA,Dar Es Salaam,Ilala,652150403,florazahabu2020@gmail.com
KUSEKWA MEMORIAL SECONDARY SCHOOL,BARIADI,Dar Es Salaam,,754097297,kusekwamemorialsecondary@gmail.com
CASTLE HILL SCHOOL,GOBA,Dar Es Salaam,Ubungo,0719858596,amonijulian@yahoo.co.uk
MOUNT THOMAS SCHOOLS,GONGO LA MBOTO,Dar Es Salaam,,073814121,mountthomasschools@gmail.com
JUBILATION SCHOOLS,HOLLAND,Dar Es Salaam,Kinondoni,784789802,ffredy@jubilationschoolstz.ac.tz
MICHAEL MAUSA MEMORIAL SCHOOL,HOLLAND,Dar Es Salaam,Ilala,754780178,mutemi.daudi@yahoo.com
NEW ERA MONTESSORI,KARIAKOO,Dar Es Salaam,Kinondoni,762401324,senirichard_senico@yahoo.com
ST. MAXIMILLIAN PRI & SEC SCHOOL,KARIAKOO,Dar Es Salaam,Ilala,784594072,krzcie@yahoo.com
UPANGA TRANSPORT COMPANY,KAWE,Dar Es Salaam,Kinondoni,715293773,upangatransport@yahoo.com
HANNAH BENNIE SCHOOLS,KIBADA,Dar Es Salaam,Kigamboni,743262636,hbs.ac.tz@gmail.com
FEZA BOYS SECONDARY SCHOOL,KIJITONYAMA,Dar Es Salaam,Kinondoni,620653938,dadede@fezaschools.org
FEZA GIRLS SECONDARY SCHOOL,KIJITONYAMA,Dar Es Salaam,Kinondoni,620653938,zakiairembe@fezaschools.org
BRIGHT FUTURE GIRLS SECONDARY SCHOOL,LUMUMBA,Dar Es Salaam,Ilala,788520227,sangae928@gmail.com
MOUNT EVEREST SCHOOL LTD,LUMUMBA,Dar Es Salaam,Kinondoni,255682292217,jevarist95@outlook.com
UNIVERSAL COLLEGE OF AFRICA,LUMUMBA,Dar Es Salaam,Ilala,655003191,pascaliarobi@yahoo.com
ATLAS SCHOOL,MABIBO AGENCY,Dar Es Salaam,Ubungo,784976564,wiseruggy@gmail.com
EMMANUEL ENGLISH MEDIUM SCHOOL,MABIBO AGENCY,Dar Es Salaam,Kinondoni,757910554,japhetgresimo84@gmail.com
GIFT SKILFUL EDUCATION DEV TRUST,MAGOMENI,Dar Es Salaam,Ubungo,715382980,oleabraham@gmail.com
JOYLAND SCHOOL,MBAGALA,Dar Es Salaam,Kigamboni,626649600,calistermungwe@joylandinternational.sc.tz
BAHARI DAYCARE CENTRE,MBEZI BEACH,Dar Es Salaam,Kinondoni,754590568,emwenda@hotmail.com
HOLY GHOST FATHERS - LIBERMANN BOYS SECONDARY SCHOOL,MBEZI BEACH,Dar Es Salaam,Kinondoni,784301017,libermannschool@gmail.com
KONSALT JUNIOR ACADEMY,MBEZI BEACH,Dar Es Salaam,Ubungo,0767020250,eva.hyera@crdbbank.com
MOUNT KIBO SCHOOLS,MBEZI BEACH,Dar Es Salaam,Kinondoni,767541535,herieliaheri@gmail.com
MWL JULIUS K NYERERE SCHOOL,MBEZI BEACH,Dar Es Salaam,Kinondoni,754834971,boazmoses@yahoo.com
ROYAL ELITE SCHOOLS,MBEZI BEACH,Dar Es Salaam,Kinondoni,784761615,sijaona_swai@yahoo.com
YOHANE MERLIN NURSERY SCHOOL,MBEZI BEACH,Dar Es Salaam,Kinondoni,688732150,schoolyohane@gmail.com
CLEVER TOTS NURSERY AND DAY CARE,MBEZI LUIS,Dar Es Salaam,Ubungo,754287019,zamarady20@gmail.com
LIZ AND PETE EDUCARE ACADEMY,MBEZI LUIS,Dar Es Salaam,Ubungo,754398567,vupel@yahoo.com
MECKIE CREATIVE LEARNING SCHOOL LTD,MBEZI LUIS,Dar Es Salaam,Ubungo,762338337,jzkimwaga@gmail.com
THE BRITISH SCHOOL,MIKOCHENI,Dar Es Salaam,Kinondoni,655701421,jmushimj@gmail.com
KIDSJOY DAYCARE CENTER,MLIMANI CITY,Dar Es Salaam,Kinondoni,754711221,willemaro@gmail.com
MOFET CO. LTD,MLIMANI CITY,Dar Es Salaam,Kinondoni,714414282,moseskyando@yahoo.com
MWENYEHERI ANUARITE SCHOOLS,MLIMANI CITY,Dar Es Salaam,Ilala,754383819,desideriusrugemalira@gmail.com
CITY COLLEGE OF HEALTH AND ALLIED SCIENCES,OYSTERBAY,Dar Es Salaam,,652784019,abubakari@ccohas.co.tz
KIGAMBONI CITY COLLEGE OF HEALTH AND ALLIED SCIENCES,OYSTERBAY,Dar Es Salaam,,714693504,abubakari@kiccohas.ac.tz
ATLAS MADALE SCHOOL,PUGU,Dar Es Salaam,Kinondoni,764087901,sylivanusrugambwa@gmail.com
ATLAS SECONDARY SCHOOL,PUGU,Dar Es Salaam,Kinondoni,754651656,zanaphilipo@gmail.com
TANEEM EDUCATION FOUNDATION LTD,QUALITY CENTRE BRANCH,Dar Es Salaam,Temeke,684114090,basattz@yahoo.com
FOUNTAIN GATE ACADEMY,TABATA,Dar Es Salaam,Ilala,756006006,carlig415@gmail.com
FOUNTAIN GATE ACADEMY TABATA,TABATA,Dar Es Salaam,Ilala,682595911,ayoubkabono@gmail.com
CANOSSA SECONDARY SCHOOL,TEGETA,Dar Es Salaam,Kinondoni,787151341,bursarneafrica@gmail.com
DESTINY SECONDARY SCHOOL,TEGETA,Dar Es Salaam,Kinondoni,767130059,godwinsamwelm@gmail.com
EXCELLENT COLLEGE OF HEALTH AND ALLIED SCIENCES,TEGETA,Dar Es Salaam,Kinondoni,754068832,balulamdb@yahoo.com
MILESTONES ACADEMY,TEGETA,Dar Es Salaam,Kinondoni,782151523,elpidy.kavishe@jece.co.tz
MOGA SCHOOLS LIMITED,TEGETA,Dar Es Salaam,Kinondoni,713770693,moga01@live.com
MOTHER OF MERCY JUNIOR ACADEMY,TEGETA,Dar Es Salaam,Kinondoni,719992872,grationmbelwa1@gmail.com
NYAISHOZI COLLEGE OF BUSINESS AND COMPUTING TECHNOLOGY,TEGETA,Dar Es Salaam,Kinondoni,754261617,ingalinda@ngalinda.com
WAZO HILL HIGH SCHOOL,TEGETA,Dar Es Salaam,Kinondoni,655550755,hsuya@vgk.co.tz
HOLY FAMILY SCHOOL,TEMEKE,Dar Es Salaam,Ilala,715647384,boscomganwa1@gmail.com
MWAKASEGE DAY CARE CENTRE,TEMEKE,Dar Es Salaam,,787012181,mwakasegedaycarecentre@gmail.com
STABELA SCHOOL,TEMEKE,Dar Es Salaam,Temeke,712001381,adamsonthomson@gmail.com
ST ANNE MARIE TRUST,TOWER,Dar Es Salaam,Ubungo,784955076,stella.rweikiza@gmail.com
LOYOLA HIGH SCHOOL,UBUNGO,Dar Es Salaam,Ubungo,789173420,loyolafinancedepartment@gmail.com
ST JAMES SCHOOLS LIMITED,VIJANA,Dar Es Salaam,Ilala,754699446,mwantuke@gmail.com
GENIUS KINGS JUNIOR SCHOOL,WATERFRONT,Dar Es Salaam,Ilala,787670006,machagek@hotmail.com
SISTERS OF ST.JOSEPH,WATERFRONT,Dar Es Salaam,,758663809,monicamwanzui12@gmail.com
SMART KIDS CAMBRIGDE SCHOOL,MICHENZANI,Mjini Magharibi,Magharibi ''B'',778839801,fatemamohamedali@gmail.com
HEROES COMMUNITY ACADEMY,ZANZIBAR,Mjini Magharibi,Magharibi ''B'',0773110738,gasica50@hotmail.com
MICROTECH INSTITUTE OF BUSINESS AND TECHNOLOGY,ZANZIBAR,Mjini Magharibi,Magharibi ''B'',0774678880,microtech17@gmail.com
SSP HIGH SCHOOL,ZANZIBAR,Mjini Magharibi,Magharibi ''B'',773941979,yu-nu@hotmail.com
TRIFONIA ACADEMY,ZANZIBAR,Mjini Magharibi,Magharibi ''B'',715612030,myambag@yahoo.com
AMBASHA ISLAMIC HIGH SCHOOL,PEMBA,Pemba North,,658557077,ambashaislamic1@gmail.com
FARAHEDY SECONDARY SCHOOL,PEMBA,Pemba South,Chake Chake,776444484,aminihaji499@gmail.com
SKULI YA SEKONDARI ALI KHAMIS CAMP,PEMBA,Pemba South,,713968600,alikhamiscampschool@gmail.com
ZANZIBAR COLLEGE OF BUSINESS EDUCATION,PEMBA,Pemba South,,715814882,ngalula08@gmail.com
EAST COAST SECONDARY SCHOOL,AZIKIWE PREMIER,Pwani,Kibaha,0754380895,bhokehoney@yahoo.co.uk
GENIUS KINGS SECONDARY SCHOOL,BAGAMOYO,Pwani,Bagamoyo,784263632,juliusrutabanja@gmail.com
MARIAN BOYS HIGH SCHOOL,BAGAMOYO,Pwani,Bagamoyo,754763794,pajaosoa@yahoo.com
MARIAN GIRLS HIGH SCHOOL,BAGAMOYO,Pwani,Bagamoyo,754763794,linah.james37@gmail.com
MARIAN UNIVERSITY COLLEGE,BAGAMOYO,Pwani,Bagamoyo,762006799,bursarrrr@maruco.ac.tz
PREMIER BOYS SECONDARY SCHOOL,BAGAMOYO,Pwani,Bagamoyo,715836237,premierboysbagamoyo@gmail.com
PREMIER GIRLS SECONDARY SCHOOL,BAGAMOYO,Pwani,Bagamoyo,715836237,ayshamzee@yahoo.com
IMPERIAL SECONDARY SCHOOL,KIBADA,Pwani,,754542302,yohanamtweve@gmail.com
MU-GILI COMPANY LIMITED,KIBAHA,Pwani,Kibaha,753604102,joyce.edward45@yahoo.com
ST. MARY'S JUNIOR SEMINARY - VISIGA,KIBAHA,Pwani,Kibaha,655330260,st.maryjr_seminary@yahoo.com
WAAMUZI SECONDARY SCHOOL,KIBAHA,Pwani,Kibaha,654189521,waamuziemail@gmail.com
HERITAGE SECONDARY SCHOOL,KIBAMBA,Pwani,Kibaha,716640474,josephat.jacqueline@gmail.com
CHRISTON MEMORIAL EDUCATIONAL INSTITUTIONS LTD,PUGU,Pwani,Kisarawe,625931119,vedkilenga2601@gmail.com
JOSTIHEGO SECONDARY SCHOOL,UBUNGO,Pwani,Kibaha,0754563908,jostihegoschools@gmail.com
SOUTH EAST COAST EDUCATIONAL DEVELOPMENT,MICHENZANI,South,South,776914788,admin@seczanzibar.com
ALHARAMAIN INTERNATIONAL SCHOOL,ZANZIBAR,Zanzibar,Urban,655758548,s.hemed@hotmail.com
AL-HARAMAIN INTERNATIONAL SCHOOL,ZANZIBAR,Zanzibar,,0655758548,mayugwa444@gmail.com
FRANCIS MARIA LIBERMANN SCHOOL,ZANZIBAR,Zanzibar,West B,713612385,mchombaj@gmail.com
IMPERIAL COLLEGE OF HEALTH AND ALLIED SCIENCES,ZANZIBAR,Zanzibar,West B,779969699,mozaibrahim2001@gmail.com
MEMON ACADEMY ZANZIBAR,ZANZIBAR,Zanzibar,Urban,784,ayub30@hotmail.com
SMART KIDS INTERNATIONAL SCHOOL,ZANZIBAR,Zanzibar,Urban,778839501,fatema@smartkidztz.com
ST. MONICA SCHOOL,ZANZIBAR,Zanzibar,Urban,621539135,secretary@zanzibaranglican.or.tz
STREETER'S SKILLED SCHOOL,ZANZIBAR,Zanzibar,Urban,0777424929,streetersclass@hotmail.com
TANWIR ISALMIC SEMINARY,ZANZIBAR,Zanzibar,Magharib B,773659450,mtumwaseif55@gmail.com
SOMBIRO ACADEMY,MPANDA,Katavi,Mpanda,0754445557,mawallatowo@gmail.com
NG'AMBA SECONDARY SCHOOL,AZIKIWE,Mbeya,,754491517,mateelucy0@gmail.com
ARISE SECONDARY SCHOOL,MBEYA,Mbeya,Mbeya,767118822,mayalajenifa@gmail.com
GOD'S BRIDGE MBALIZI ENGLISH MEDIUM SCHOOLS,MBEYA,Mbeya,Mbeya,764600726,mwantonaa1969@yahoo.com
GOD'S BRIDGE SEC SCHOOL,MBEYA,Mbeya,Mbeya,764600726,mwantonaa1969@gmail.com
K'S ROYAL COLLEGE OF HEALTH AND ALLIED SCIENCES,MBEYA,Mbeya,Mbeya,767086485,m.m.ishengoma@gmail.com
MBEYA HERITAGE CO LTD,MBEYA,Mbeya,Mbeya,786277077,mnasi@mnasi.co.tz
SWILLA SECONDARY SCHOOL,MBEYA,Mbeya,Mbeya,753218865,swillaschools@gmail.com
GOD'S BRIDGE SONGWE ENGLISH MEDIUM SCHOOLS,MBOZI,Mbeya,Mbeya,764600726,mwantonaagbsems@yahoo.com
HASANGA BOYS SEC SCHOOL,MBOZI,Mbeya,Mbeya,755059545,hasangaboyssecondaryschool@gmail.com
HASANGA GIRLS SEC SCHOOL,MBOZI,Mbeya,Mbeya,755059545,hasangagirlssecondaryschool@gmail.com
GOD'S BRIDGE ENGLISH MEDIUM SCHOOLS,MWANJELWA,Mbeya,Rungwe,764600726,mwantonaa@gmail.com
GOD'S BRIDGE SECONDARY SCHOOL,MWANJELWA,Mbeya,Rungwe,764600726,mwantonaa@yahoo.com
HARRISON UWATA GIRLS HIGH SCHOOL,MWANJELWA,Mbeya,Mbeya,759243753,harrisonuwata@gmail.com
HARRISON UWATA GIRLS' HIGH SCHOOL,MWANJELWA,Mbeya,Mbeya,759243753,janethkanuya@gmail.com
ST. AUGUSTINE UNIVERSITY OF TANZANIA - MBEYA CENTRE,MWANJELWA,Mbeya,Mbeya,788520932,masanguag@gmail.com
ST. JOHN COLLEGE OF HEALTH SCIENCES,MWANJELWA,Mbeya,Mbeya,754331443,johanneskallya@gmail.com
ST.MARCUS SCHOOLS,MWANJELWA,Mbeya,Mbeya,754315922,mulugofabian@gmail.com
UWATA BOYS SECONDARY SCHOOL,MWANJELWA,Mbeya,Mbeya,764809944,uwataboys@gmail.com
ST. AGGREY TEACHERS' COLLEGE,UYOLE,Mbeya,Mbeya,754418743,tausiaggrey0@gmail.com
COLLEGINE GIRLS SEC SCHOOL,MAKAMBAKO,Njombe,Njombe,762761576,ksr.renalda@gmail.com
ILEMBULA INSTITUTE OF HEALTH AND ALLIED SCIENCES,MAKAMBAKO,Njombe,Wanging'Ombe,757007083,ilembulaihas@gmail.com
LYANIKA SECONDARY SCHOOL,MAKAMBAKO,Njombe,Njombe,755403208,renatusmich@gmail.com
SELENGA ENGLISH MEDIUM SCHOOL,MAKAMBAKO,Njombe,Njombe,784347210,selengaprimaryschool@gmail.com
ZIGA ENGLISH MEDIUM ACADEMY,MAKAMBAKO,Njombe,,676891045,ziga.academy@gmail.com
GILGAL SECONDARY SCHOOL,NJOMBE,Njombe,Njombe,767802766,lucychikwanda@gmail.com
MT.BAKITA PR. SCHOOL,NJOMBE,Njombe,Njombe,768532541,mayembaemilia@gmail.com
NJELELA SECONDARY SCHOOL,NJOMBE,Njombe,Ludewa,627651007,melodiusmlowe@yahoo.com
ROMAN BOYS SEC SCHOOL,NJOMBE,Njombe,Njombe,755719117,ursulalinus@gmail.com
ST MARIA GIRLS' SECONDARY SCHOOL,WANGING'OMBE,Njombe,Wanging'Ombe,743140583,luwumba187@gmail.com
ST MONICA RELIGIOUS SEMINARY,WANGING'OMBE,Njombe,Wanging'Ombe,762372123,stmonicagirls01@gmail.com
ST. MAURUS CHEMCHEMI TEACHER'S COLLEGE,SUMBAWANGA,Rukwa,,000000000,josephmvimwa20@gmail.com
ST.MAURUS CHEMCHEMI SECONDARY SCHOOL,SUMBAWANGA,Rukwa,,000000000,chemchemistmaurus@gmail.com
TWIZA SECONDARY SCHOOL,TUNDUMA,Songwe,Momba,753354045,sichalweelias@yahoo.com
KAIZIREGE ENGLISH MEDIUM BOARDING SCHOOL,BUKOBA,Kagera,Bukoba,677848343,eustokaizirege@gmail.com
MULEBA SECONDARY SCHOOL,MULEBA,Kagera,Muleba,756057029,muganyizikaino@gmail.com
BUHONGWA COLLEGE OF HEALTH AND ALLIED SCIENCE,BUHONGWA,Mwanza,,765246735,bucohas@gmail.com
MACWISH COLLEGE OF HEALTH AND ALLIED SCIENCES,BUHONGWA,Mwanza,,763750474,ernestwishi@gmail.com
BIDII SECONDARY SCHOOL,ILEMELA BRANCH,Mwanza,,766179038,bidiisec1@gmail.com
KILIMANJARO SCHOOL,MBEZI LUIS,Mwanza,,754830062,kilimanjaroschools@gmail.com
AFRICA INLAND CHURCH TANZANIA (AICT),MWANZA,Mwanza,Nyamagana,756948956,aict.chiefacc@gmail.com
PRINCETOM JUNIOR ACADEMY,MWANZA,Mwanza,Sengerema,756826122,princetomjuniorschool@gmail.com
THE LION OF JUDAH ACADEMY,MWANZA,Mwanza,,784535832,josephalesmtebe@gmail.com
ELABS SOCIAL ENTERPRISE,SENGEREMA,Mwanza,Sengerema,767915121,elabs2012@gmail.com
SENGEREMA HEALTH TRAINING INSTITUTE,SENGEREMA,Mwanza,Sengerema,754832527,principalshti@gmail.com
VOLCANO COLLEGE,,Arusha,Arusha,745308343,lazarusthobias@yahoo.com
ADILI HIGH SCHOOL,ARUSHA,Arusha,Arusha,0719908188,info@adilischool.ac.tz
KILIMANJARO ENG MED SCHOOL LTD,ARUSHA,Arusha,Arusha,769698877,kilimanjaroschools255@gmail.com
NEW LIFE OUTREACH LTD,ARUSHA,Arusha,Arusha,754898178,nicomabula@gmail.com
PEACE HOUSE SEC SCHOOL,ARUSHA,Arusha,Arusha,757748840,kisymollel@yahoo.com
ST.MARGARETH ACADEMY,ARUSHA,Arusha,Arusha,789242885,honest.tesha0@gmail.com
TRUST ST PATRICK SCHOOL,ARUSHA,Arusha,Arusha,758965704,mikelupe08@gmail.com
TRUST ST. PATRICK SCHOOL,ARUSHA,Arusha,,0755947257,dinnahpatrick@yahoo.com
UPENDO FRIENDS SCHOOL,ARUSHA,Arusha,,762756046,info@upendofriendsschool.org
YAKINI NURSERY AND PR SCHOOL,ARUSHA,Arusha,,758811222,watoto04@gmail.com
YAKINI SECONDARY SCHOOL,ARUSHA,Arusha,,718200083,yakinischools@gmail.com
SILVERNACHI ENGLISH MEDIU,KIJENGE,Arusha,Meru,713371004,silver.e.m.school@hotmail.com
NGARUMA VTC,MARANGU,Arusha,Moshi,712156690,vtcngaruma@gmail.com
OLALENI SECONDARY SCHOOL,MARANGU,Arusha,Arusha,756955080,vicmatoli@gmail.com
HEALSUN SCHOOL,MBEZI LUIS,Arusha,Arusha,754687720,ggunduasec9@gmail.com
HEALSUN TECHNICAL SCHOOL,MBEZI LUIS,Arusha,Arusha,767001136,gunduasec9@gmail.com
THE SINONI COLLEGE,MBEZI LUIS,Arusha,Arusha,754681220,lilianeduer@gmail.com
LOAMO,MERU,Arusha,Arusha,0754366369,loamosch2000@yahoo.com
ST MONICA SCHOOL,MERU,Arusha,,767764055,beanjeru@gmail.com
AFRICAACADEMY LIMITED,MIKOCHENI,Arusha,,68908,nhhatibu@gmail.com
LIGHT STARS ACADEMY LIMITED,MONDULI,Arusha,Monduli,784936392,marymkonyi@gmail.com
KIBOSHO GIRLS SECONDARY,MOSHI,Arusha,Moshi,756610368,kiboshogirls@hotmail.co.uk
OOLA SCHOOL LIMITED,MTO WA MBU,Arusha,Arusha,754854600,duncanjoel15@gmail.com
SASA SCHOOL,MTO WA MBU,Arusha,Arusha,744436809,sasaschool2014@gmail.com
SOTWA WILSON SCHOOL,SEKEI,Arusha,,622361904,sotwawilson@yahoo.com
ENABOISHU SECONDARY SCHOOL,SOKO KUU,Arusha,Arumeru,713885111,enaboishusecondaryschool@yahoo.com
TENGERU ENGLISH MEDIUM,TENGERU,Arusha,Arusha,767666435,tengeruenglishmedium@gmail.com
ARUSHA MODERN SCHOOL,TFA,Arusha,Arusha,752760474,salkha60@gmail.com
INTEL SCHOOLS,TFA,Arusha,Arusha,655404067,alexander.samson@gmail.com
NAKIDO SECONDARY SCHOOL,TFA,Arusha,Arusha,754313898,harunakakiva@gmail.com
HARADALI DEVELOPMENT CO,USA RIVER,Arusha,Arusha,753450383,sivisane@gmail.com
HARADALI DEVELOPMENT TRUST,USA RIVER,Arusha,Arusha,753450383,simonseverua@gmail.com
PRECIOUS BLOOD GIRLS' SCHOOL,USA RIVER,Arusha,Arumeru,786051661,srassengacps@gmail.com
SILVERLEAF ACADEMY LIMITED,USA RIVER,Arusha,Arumeru,758921943,krupa@silverleaf.co.tz
ST MARYS DULUTI SECONDARY SCHOOL,USA RIVER,Arusha,Arumeru,784848579,essaumlengule@gmail.com
MOSHI TEACHERS - not inuse,,Kilimanjaro,Hai,0717622555,moshicollege@gmail.com
KILIMANJARO MODERN TEACHERS COLLEGE,HAI,Kilimanjaro,Hai,719597723,donaldtarimo14@gmail.com
MOSHI TEACHERS COLLEGE,HAI,Kilimanjaro,Hai,0717622555,moshicollege@yahoo.com
MOTHER CITY SCHOOL,HAI,Kilimanjaro,,754042236,nurin.stanley@yahoo.com
MOTHER'S CITY CHR DAYCARE,HAI,Kilimanjaro,,754042236,estherrwegasha@yahoo.com
OBRIEN SCHOOL FOR THE MAASAI,HAI,Kilimanjaro,,654859290,director@obrienschool.org
TRINITY PRE AND PRI SCH,HAI,Kilimanjaro,,754633232,kingndumindosi@yahoo.com
KIBOSHO SCHOOL OF NURSING,KIBAHA,Kilimanjaro,,754986463,masubi9@gmail.com
KILEMA VOCATIONAL COLLEGE,MARANGU,Kilimanjaro,,755887824,papabvtc@gmail.com
KLPK - MARANGU HILLS SECONDARY SCHOOL,MARANGU,Kilimanjaro,Moshi-Rural,754267383,maranguhillsec@gmail.com
KLPK-MARANGU HILLS ACADEMY,MARANGU,Kilimanjaro,Moshi-Rural,754485677,info@maranguhillschools.com
MWIKA INTERGRITY SCHOOL,MARANGU,Kilimanjaro,,762040576,hopefoundation.tz@yahoo.com
OLALENI SEC SCHOOL,MARANGU,Kilimanjaro,Hai,0657987292,olalenisecon@gmail.com
UROKI SECONDARY SCHOOL,MOROGORO,Kilimanjaro,,255752615645,urokiss@gmail.com
FARAJA SEMINARY,MOSHI,Kilimanjaro,,756939477,farajaseminary@gmail.com
SAINT JOSE TRAINING TRUST,MOSHI,Kilimanjaro,,755395596,saintjosetz@gmail.com
ST. ANNE SCHOOL ASSOCIATION,MOSHI,Kilimanjaro,,255753820818,mrema2013@gmail.com
STEFANO MOSHI MEMORIAL UNIVERSITY COLLEGE,MOSHI,Kilimanjaro,Moshi-Rural,764698806,smmuco@smmuco.ac.tz
THE MOSHI ACADEMY,MOSHI,Kilimanjaro,Moshi-Rural,767293355,henrymallya3@gmail.com
THERESIA SECONDARY SCHOOL,MOSHI,Kilimanjaro,,754691424,silevtc@yahoo.com
URU SECONDARY SCHOOL,MOSHI,Kilimanjaro,Moshi-Rural,755483690,info@urusecondary.sc.tz
SHILELA ACADEMY,UBUNGO,Kilimanjaro,,754755677,ulikivictoria@yahoo.com
ISAFINA ACADEMY PRESCHOOL,HANDENI,Tanga,Handeni,789996847,clavmarcs@gmail.com
BUMBULI COLLEGE OF HEALTH AND ALLIED SCIENCES,KOROGWE,Tanga,Lushoto,675665641,naphtalygerald@gmail.com
ELIJERRY COLLEGE OF HEALTH AND ALLIED SCIENCES,MUHEZA,Tanga,Handeni,685357399,echigua07@yahoo.co.uk
ST. CHRISTINA,TANGA BRANCH,Tanga,Handeni,745295260,stadmin@stchristina.ac.tz
JOY SCHOOL,LINDI,Lindi,Lindi Urban,783625971,joyschoolmitwero744@gmail.com
PRINCE ETHAN DAYCARE CENTRE,LINDI,Lindi,Lindi Urban,655477652,princeethanschools@gmail.com
VOCATIONAL EDUCATION AND TRAINING AUTHORITY,MTWARA,Lindi,Lindi Urban,232935150,lindirvtsc@veta.go.tz
SILVER ENGLISH MEDIUM SCHOOL,NACHINGWEA,Lindi,,713371004,silvervolunteer@gmail.com
WASHAM NDANDA OPEN SCHOOL,MASASI,Mtwara,,785955612,washaru02masamon@gmail.com
ANNUR ISLAM DAY CARE,MTWARA,Mtwara,,784610126,salumunassoro55@gmail.com
MTWARA ECONOMIC DEVELOPMENT INITIATIVE,MTWARA,Mtwara,Mtwara,784127774,medimtwara@yahoo.com
MTWARA REGIONAL VOCATIONAL TRAINING AND SERVICE CENTRE,MTWARA,Mtwara,Mikindani,232333485,mtwararvtsc@veta.go.tz
STELLA MARIS MTWARA UNIVERSITY COLLEGE,MTWARA,Mtwara,Mtwara,756474796,realsam81tz@yahoo.com
VETA SOUTH EAST ZONAL,MTWARA,Mtwara,,655302306,vetasoutheastzone@veta.go.tz
PERAMIHO INSTITUTE OF HEALTH AND ALLIED SCIENCES,SONGEA,Ruvuma,Songea Dc,716891715,principal@pihas.ac.tz
SKILL PATH SCHOOLS,SONGEA,Ruvuma,,713426170,maksamihas@gmail.com
BEROYA SECONDARY SCHOOL,SONGEA,Songea,Songea,764036540,waryubaadvberoyasec@yahoo.com
SHINYANGA COLLEGE OF HEALTH SCIENCES & TECHNOLOGY,BUKOMBE,Geita,Bukombe,756294975,willcomwt@gmail.com
CHATO COLLEGE OF HEALTH SCIENCES AND TECHNOLOGY,CHATO,Geita,Geita,767638495,jxmaduhu@yahoo.co.uk
PARADISE ENGLISH MEDIUM SCHOOL,CHATO,Geita,Geita,786127601,elizabethchristian4@gmail.com
GOLDEN RIDGE HIGH SCHOOL,GEITA,Geita,Geita,754502985,kakungulugeoffreymusoke@gmail.com
DONNYBROOK SECONDARY SCHOOL,KAKONKO,Kigoma,Kakonko,759418950,ejeremia@yahoo.com
KWEMA MODERN SEC SCHOOL,KAHAMA,Shinyanga,Kahama,767438779,kwemaschool@gmail.com
MINGAS ENGLISH MEDIUM P/SCHOOL,KAHAMA,Shinyanga,Kahama,754448935,rebeccangassa45@gmail.com
GOLDLAND ENGLISH MEDIUM SCHOOLS,KAKOLA,Shinyanga,Kahama,767679937,jngassa@gmail.com
FPCT POLYTECHIC INSTITUTE OF SHINYANGA,SHINYANGA,Shinyanga,Shinyanga,737426444,admistrationpis@gmail.com
KOLANDOTO COLLEGE OF HEALTH SCIENCES,SHINYANGA,Shinyanga,Shinyanga,625974142,mariam.kihesa@gmail.com
KOM SECONDARY SCHOOL,SHINYANGA,Shinyanga,Shinyanga,767618213,info@komclass.com
LITTLE TREASURES SCHOOL,SHINYANGA,Shinyanga,Shinyanga,753122648,mlucymwita@gmail.com
MALLEN DAYCARE CENTER,SHINYANGA,Shinyanga,Shinyanga,764010340,ellenmalombe@gmail.com
POLYTECHNIC INSTITUTE OF SHINYANGA,SHINYANGA,Shinyanga,Shinyanga,737426444,fpctsvc@yahoo.com
ST MARIA GORETTI ENG MEDIUM,SHINYANGA,Shinyanga,Shinyanga,783529598,bnbnganga@gmail.com
MUSOMA E. A. UTALII COLLEGE,,Tabora,Tabora (M),754366331,taborapolytechnic@yahoo.com
ST FRANCIS DE SALES MISSION,,Tabora,Tabora (M),788000637,sfstabora@gmail.com
ACACIA LAND PREP AND PRIM,TABORA,Tabora,Igunga,689860585,mattoelly01@gmail.com
ISTIQAMATABORA ISLAMIC,TABORA,Tabora,Tabora (M),786509016,Istiqamatabora@gmail.com
NEW ERA SECONDARY SCHOOL,TABORA,Tabora,Tabora (M),683250202,omarikhamisi@yahoo.com
ST.MAXIMILLIANCOLBE HEALTH COLLEGE,TABORA,Tabora,Tabora (M),755550335,lizzynkonyoka@gmail.com
UMOJA SECONDARY SCHOOL,TABORA,Tabora,Igunga,745923200,oukodavid@yahoo.co.uk
SANTA LUCIA SECONDARY SCHOOL,URAMBO,Tabora,Urambo,767394309,santaluciaurb@gmail.com
SANTA MARIA ENGLISH MEDIUM SCHOOL,URAMBO,Tabora,Urambo,767394309,santamariaurb@gmail.com
BANG'ATA,,Arusha,Arusha,,
SAKURA,,Arusha,Arusha,,
OLOKII,,Arusha,Arusha,,
ILKIDING'A,,Arusha,Arusha,,
KIMNYAKI,,Arusha,Arusha,,
NGATEU,,Arusha,Arusha,,
TRUST PATRICK,,Arusha,Arusha,,
WINNING SPIRIT,,Arusha,Arusha,,
EINOTI,,Arusha,Arusha,,
ELITE,,Arusha,Arusha,,
NEW LIFE,,Arusha,Arusha,,
ST. THADEUS,,Arusha,Arusha,,
ST. THERESA OF THE CHILD JESUS,,Arusha,Arusha,,
YAKINI,,Arusha,Arusha,,
OLJORO,,Arusha,Arusha,,
CORNERSTONE LEADERSHIP,,Arusha,Arusha,,
ASSALAF ISLAMIC,,Arusha,Arusha,,
MATEVES,,Arusha,Arusha,,
ST.JOSEPH NGARENARO (GIRLS),,Arusha,Arusha,,
D'ALZON GIRLS,,Arusha,Arusha,,
MLANGARINI,,Arusha,Arusha,,
MWEDO,,Arusha,Arusha,,
SHEPHERDS,,Arusha,Arusha,,
BISHOP DURNING,,Arusha,Arusha,,
ENABOISHU,,Arusha,Arusha,,
ILBORU,,Arusha,Arusha,,
MUSA,,Arusha,Arusha,,
LOSIKITO,,Arusha,Arusha,,
MWANDET,,Arusha,Arusha,,
NDURUMA,,Arusha,Arusha,,
OLE MEDEYE,,Arusha,Arusha,,
OLDONYO SAMBU,,Arusha,Arusha,,
ARUSHA CATHOLIC SEMINARY,,Arusha,Arusha,,
OLDONYOWAS,,Arusha,Arusha,,
ENDEVES,,Arusha,Arusha,,
LENGIJAVE,,Arusha,Arusha,,
MUKULAT,,Arusha,Arusha,,
OLMOTONYI FOREST,,Arusha,Arusha,,
KILIMANJARO ISLAMIC,,Arusha,Arusha,,
KIRANYI,,Arusha,Arusha,,
MRINGA,,Arusha,Arusha,,
NEWLIFE OLOSIVA,,Arusha,Arusha,,
EKENYWA,,Arusha,Arusha,,
ENYOITO,,Arusha,Arusha,,
OLTRUMET,,Arusha,Arusha,,
OSILIGI,,Arusha,Arusha,,
SOS HGS,,Arusha,Arusha,,
SAMBASHA,,Arusha,Arusha,,
TIMBOLO BAPTIST,,Arusha,Arusha,,
NG'IRESI,,Arusha,Arusha,,
OLDADAI,,Arusha,Arusha,,
SOKONI II,,Arusha,Arusha,,
BARAA,,Arusha,Arusha Cc,,
SORENYI,,Arusha,Arusha Cc,,
ARUSHA GIRLS ISLAMIC,,Arusha,Arusha Cc,,
FELIX MREMA,,Arusha,Arusha Cc,,
ELERAI,,Arusha,Arusha Cc,,
EL-SHAMMAH,,Arusha,Arusha Cc,,
KORONA,,Arusha,Arusha Cc,,
NJIRO,,Arusha,Arusha Cc,,
KALOLENI,,Arusha,Arusha Cc,,
ARUSHA,,Arusha,Arusha Cc,,
BONDENI,,Arusha,Arusha Cc,,
BRAINY HEROES BOYS,,Arusha,Arusha Cc,,
KIMANDOLU,,Arusha,Arusha Cc,,
KIMASEKI,,Arusha,Arusha Cc,,
SUYE,,Arusha,Arusha Cc,,
LEMARA,,Arusha,Arusha Cc,,
NAURA,,Arusha,Arusha Cc,,
NOTREDAME,,Arusha,Arusha Cc,,
RENEA,,Arusha,Arusha Cc,,
ARUSHA MERU,,Arusha,Arusha Cc,,
MARANATHA MISSION SEMINARY,,Arusha,Arusha Cc,,
MOIVARO,,Arusha,Arusha Cc,,
ADILI,,Arusha,Arusha Cc,,
ARUSHA MODERN,,Arusha,Arusha Cc,,
CHARLES DE FOUCAULD,,Arusha,Arusha Cc,,
LOSIRWAY,,Arusha,Arusha Cc,,
MOSHONO,,Arusha,Arusha Cc,,
ST. MONICA MOSHONO GIRLS,,Arusha,Arusha Cc,,
ARUSHA TERRAT,,Arusha,Arusha Cc,,
CHETI,,Arusha,Arusha Cc,,
HADY,,Arusha,Arusha Cc,,
HEAL SUN,,Arusha,Arusha Cc,,
KINANA,,Arusha,Arusha Cc,,
MURIET SPRING,,Arusha,Arusha Cc,,
ENGARENAROK,,Arusha,Arusha Cc,,
NGARENARO,,Arusha,Arusha Cc,,
ARUSHA CITY BOYS,,Arusha,Arusha Cc,,
ARUSHA GIRLS,,Arusha,Arusha Cc,,
OLASITI,,Arusha,Arusha Cc,,
PEACE HOUSE,,Arusha,Arusha Cc,,
OLMOTI,,Arusha,Arusha Cc,,
OLORIENI,,Arusha,Arusha Cc,,
SOMBETINI,,Arusha,Arusha Cc,,
SAKINA,,Arusha,Arusha Cc,,
PRIME,,Arusha,Arusha Cc,,
ARUSHA BOYS ISLAMIC,,Arusha,Arusha Cc,,
EDMUND RICE SINON,,Arusha,Arusha Cc,,
SINON,,Arusha,Arusha Cc,,
MURIET,,Arusha,Arusha Cc,,
NAKIDO,,Arusha,Arusha Cc,,
INTEL,,Arusha,Arusha Cc,,
MKONOO,,Arusha,Arusha Cc,,
NYAHIRI,,Arusha,Arusha Cc,,
ARUSHA DAY,,Arusha,Arusha Cc,,
RENEA GIRLS',,Arusha,Arusha Cc,,
THEMI,,Arusha,Arusha Cc,,
BARAY,,Arusha,Karatu,,
QANGDEND,,Arusha,Karatu,,
MARANG,,Arusha,Karatu,,
ORBOSHAN,,Arusha,Karatu,,
CHAENDA,,Arusha,Karatu,,
ENDABASH,,Arusha,Karatu,,
QARU,,Arusha,Karatu,,
BARAY KHUSMAYI,,Arusha,Karatu,,
DR.WILBROD SLAA,,Arusha,Karatu,,
ENDALLAH,,Arusha,Karatu,,
FLORIAN,,Arusha,Karatu,,
GETAMOCK,,Arusha,Karatu,,
GANAKO,,Arusha,Karatu,,
MICHAUD GIRLS,,Arusha,Karatu,,
MLIMANI SUMAWE,,Arusha,Karatu,,
KANSAY,,Arusha,Karatu,,
ENDAROFTA,,Arusha,Karatu,,
GYEKRUM ARUSHA,,Arusha,Karatu,,
ANNA GAMAZO,,Arusha,Karatu,,
DOMEL,,Arusha,Karatu,,
MANG'OLA,,Arusha,Karatu,,
AWET,,Arusha,Karatu,,
SLAHAMO,,Arusha,Karatu,,
UPPER KITETE,,Arusha,Karatu,,
OLDEAN,,Arusha,Karatu,,
BANJIKA,,Arusha,Karatu,,
EDITH GVORA,,Arusha,Karatu,,
GYEKRUM LAMBO,,Arusha,Karatu,,
KARATU,,Arusha,Karatu,,
QURUS,,Arusha,Karatu,,
WELWEL,,Arusha,Karatu,,
DIEGO,,Arusha,Karatu,,
KAINAM RHOITA,,Arusha,Karatu,,
KILIMAMOJA,,Arusha,Karatu,,
KILIMATEMBO,,Arusha,Karatu,,
ENGARENAIBOR,,Arusha,Longido,,
SUMA ENGIKARETH,,Arusha,Longido,,
LEKULE,,Arusha,Longido,,
NATRON FLAMINGO'S,,Arusha,Longido,,
KETUMBEINE,,Arusha,Longido,,
LONGIDO,,Arusha,Longido,,
MATALE,,Arusha,Longido,,
NAMANGA,,Arusha,Longido,,
ENDUIMET,,Arusha,Longido,,
TINGATINGA,,Arusha,Longido,,
AKERI,,Arusha,Meru,,
Holy Ghost for the Deaf,,Arusha,Meru,,
ST. MARY'S DULUTI,,Arusha,Meru,,
TENGERU BOYS,,Arusha,Meru,,
LONANGE,,Arusha,Meru,,
AILANGA LUTH. JUNIOR,,Arusha,Meru,,
JUDE MOSHONO,,Arusha,Meru,,
MERU PEAK,,Arusha,Meru,,
NGONGONGARE,,Arusha,Meru,,
TANZANIA ADVENTIST (TASS),,Arusha,Meru,,
HEBRON,,Arusha,Meru,,
KIKATITI,,Arusha,Meru,,
NASHOLI,,Arusha,Meru,,
NGYEKU,,Arusha,Meru,,
SAKILA,,Arusha,Meru,,
KARANGAI,,Arusha,Meru,,
KIKWE,,Arusha,Meru,,
NEEMAH,,Arusha,Meru,,
CANAL LAND,,Arusha,Meru,,
KING'ORI,,Arusha,Meru,,
LEKI,,Arusha,Meru,,
UMOJA KING'ORI,,Arusha,Meru,,
MIRIRINI,,Arusha,Meru,,
NKOASENGA,,Arusha,Meru,,
MAJENGO KATI,,Arusha,Meru,,
FRANSALIAN HEKIMA SEMINARY,,Arusha,Meru,,
HARADALI WINNERS,,Arusha,Meru,,
KITEFU,,Arusha,Meru,,
MAJI YA CHAI,,Arusha,Meru,,
NGURUDOTO,,Arusha,Meru,,
MAKIBA,,Arusha,Meru,,
ELIZABETH,,Arusha,Meru,,
MALULA,,Arusha,Meru,,
MARORONI,,Arusha,Meru,,
LEGURUKI,,Arusha,Meru,,
MARUVANGO,,Arusha,Meru,,
SHISHTON,,Arusha,Meru,,
MBUGUNI,,Arusha,Meru,,
STAR,,Arusha,Meru,,
PAMOJA,,Arusha,Meru,,
MOMELA,,Arusha,Meru,,
NGARENANYUKI,,Arusha,Meru,,
NKOANEKOLI,,Arusha,Meru,,
NKOANRUA,,Arusha,Meru,,
NKOARANGA,,Arusha,Meru,,
NSHUPU,,Arusha,Meru,,
NDOOMBO,,Arusha,Meru,,
NKOARISAMBU,,Arusha,Meru,,
GOODWILL,,Arusha,Meru,,
HENRY GOGATY,,Arusha,Meru,,
MAKUMIRA,,Arusha,Meru,,
MARIADO,,Arusha,Meru,,
POLI,,Arusha,Meru,,
PRECIOUS BLOOD,,Arusha,Meru,,
URAKI,,Arusha,Meru,,
SING'ISI,,Arusha,Meru,,
SONGORO,,Arusha,Meru,,
LAKITATU,,Arusha,Meru,,
MUUNGANO USA-RIVER,,Arusha,Meru,,
THE VOICE,,Arusha,Meru,,
UNAMBWE,,Arusha,Meru,,
USA RIVER REHABILITATION,,Arusha,Meru,,
USA SEMINARI,,Arusha,Meru,,
KISIMIRI,,Arusha,Meru,,
UWIRO,,Arusha,Meru,,
OLDONYOLENGAI,,Arusha,Monduli,,
ALFA NA OMEGA,,Arusha,Monduli,,
ENGUTOTO,,Arusha,Monduli,,
MAASAE GIRLS,,Arusha,Monduli,,
MORINGE SOKOINE,,Arusha,Monduli,,
MANYARA,,Arusha,Monduli,,
MUNGERE,,Arusha,Monduli,,
ORKEESWA,,Arusha,Monduli,,
REDO,,Arusha,Monduli,,
IRKISALE,,Arusha,Monduli,,
RIFT VALLEY,,Arusha,Monduli,,
LOWASSA,,Arusha,Monduli,,
TUMAINI,,Arusha,Monduli,,
KIPOK GIRLS,,Arusha,Monduli,,
MOITA,,Arusha,Monduli,,
ENYORRATA E-NGAI,,Arusha,Monduli,,
NOOKODIN,,Arusha,Monduli,,
OLESOKOINE,,Arusha,Monduli,,
IRKISONGO,,Arusha,Monduli,,
OLTINGA,,Arusha,Monduli,,
KHATAMUL ANBIYAA (BOYS),,Arusha,Monduli,,
NANJA,,Arusha,Monduli,,
ARASH,,Arusha,Ngorongoro,,
DIGODIGO,,Arusha,Ngorongoro,,
EMBARWAY,,Arusha,Ngorongoro,,
MALAMBO,,Arusha,Ngorongoro,,
NASERIAN,,Arusha,Ngorongoro,,
NAINOKANOKA,,Arusha,Ngorongoro,,
EMANYATA,,Arusha,Ngorongoro,,
LOLIONDO,,Arusha,Ngorongoro,,
LAKE NATRON,,Arusha,Ngorongoro,,
SALE,,Arusha,Ngorongoro,,
SAMUNGE,,Arusha,Ngorongoro,,
SOITSAMBU,,Arusha,Ngorongoro,,
BOMA,,Kilimanjaro,Hai,,
SHILELA,,Kilimanjaro,Hai,,
LERAI,,Kilimanjaro,Hai,,
PATMOS,,Kilimanjaro,Hai,,
KIA,,Kilimanjaro,Hai,,
HARAMBEE,,Kilimanjaro,Hai,,
MACHAME GIRLS',,Kilimanjaro,Hai,,
MSUFINI,,Kilimanjaro,Hai,,
NKWAMWASI,,Kilimanjaro,Hai,,
UDURU,,Kilimanjaro,Hai,,
KIKAFU,,Kilimanjaro,Hai,,
NRONGA,,Kilimanjaro,Hai,,
LYAMUNGO,,Kilimanjaro,Hai,,
LYASIKIKA,,Kilimanjaro,Hai,,
NKUU,,Kilimanjaro,Hai,,
NARUMU,,Kilimanjaro,Hai,,
TUMO,,Kilimanjaro,Hai,,
TUMONA,,Kilimanjaro,Hai,,
KISELU,,Kilimanjaro,Hai,,
NEEMA,,Kilimanjaro,Hai,,
UROKI,,Kilimanjaro,Hai,,
LEMIRA,,Kilimanjaro,Hai,,
NG'UNI,,Kilimanjaro,Hai,,
ISALU,,Kilimanjaro,Hai,,
MUKWASA,,Kilimanjaro,Hai,,
BOLOTI,,Kilimanjaro,Hai,,
KYUU,,Kilimanjaro,Hai,,
LUKANI,,Kilimanjaro,Hai,,
MARIRE,,Kilimanjaro,Hai,,
MASAMA GIRLS,,Kilimanjaro,Hai,,
SAWE,,Kilimanjaro,Hai,,
RUNDUGAI,,Kilimanjaro,Hai,,
EDEN GARDEN,,Kilimanjaro,Hai,,
MAILI SITA,,Kilimanjaro,Hai,,
ST.PAMACHIUS INCLUSIVE,,Kilimanjaro,Hai,,
WATU,,Kilimanjaro,Hai,,
HAI,,Kilimanjaro,Hai,,
ST. DORCAS,,Kilimanjaro,Hai,,
KIBOHEHE,,Kilimanjaro,Hai,,
MUDIO ISLAMIC,,Kilimanjaro,Hai,,
NKOKASHU,,Kilimanjaro,Hai,,
ROO,,Kilimanjaro,Hai,,
UDORO,,Kilimanjaro,Hai,,
LONGOI,,Kilimanjaro,Hai,,
LANGASANI,,Kilimanjaro,Moshi,,
TPC,,Kilimanjaro,Moshi,,
MANGOTO,,Kilimanjaro,Moshi,,
ORIA,,Kilimanjaro,Moshi,,
CHONGI,,Kilimanjaro,Moshi,,
GHONA,,Kilimanjaro,Moshi,,
MANGI SINA,,Kilimanjaro,Moshi,,
KIRIMA,,Kilimanjaro,Moshi,,
MASOKA,,Kilimanjaro,Moshi,,
MANUSHI DAY,,Kilimanjaro,Moshi,,
MLAMA,,Kilimanjaro,Moshi,,
SOMSOM,,Kilimanjaro,Moshi,,
UMBWE,,Kilimanjaro,Moshi,,
CYRIL CHAMI,,Kilimanjaro,Moshi,,
KIBOSHO GIRLS,,Kilimanjaro,Moshi,,
NSOO,,Kilimanjaro,Moshi,,
SANGITI,,Kilimanjaro,Moshi,,
ST. URSULA,,Kilimanjaro,Moshi,,
SUNGU,,Kilimanjaro,Moshi,,
MKOMBOLE,,Kilimanjaro,Moshi,,
OKAONI,,Kilimanjaro,Moshi,,
IFATI,,Kilimanjaro,Moshi,,
LOMBETA,,Kilimanjaro,Moshi,,
MAUA SEMINARY,,Kilimanjaro,Moshi,,
RUKIMA,,Kilimanjaro,Moshi,,
KISULUNI,,Kilimanjaro,Moshi,,
ELIMO,,Kilimanjaro,Moshi,,
MRERENI,,Kilimanjaro,Moshi,,
MUUNGANO,,Kilimanjaro,Moshi,,
OLALENI,,Kilimanjaro,Moshi,,
ROYAL,,Kilimanjaro,Moshi,,
ST. AMEDEUS,,Kilimanjaro,Moshi,,
ST. JAMES SEMINARY,,Kilimanjaro,Moshi,,
EBENEZER SANGO,,Kilimanjaro,Moshi,,
KIMOCHI,,Kilimanjaro,Moshi,,
KOMAKYA,,Kilimanjaro,Moshi,,
FOUNTAIN OF HOPE,,Kilimanjaro,Moshi,,
KINDI KATI,,Kilimanjaro,Moshi,,
KISAM,,Kilimanjaro,Moshi,,
ST. MARIE EUGENE,,Kilimanjaro,Moshi,,
THERESIA,,Kilimanjaro,Moshi,,
WERUWERU,,Kilimanjaro,Moshi,,
ANWARITE GIRLS',,Kilimanjaro,Moshi,,
MASHINGIA,,Kilimanjaro,Moshi,,
UCHIRA,,Kilimanjaro,Moshi,,
UCHIRA GIRLS ISLAMIC,,Kilimanjaro,Moshi,,
UPARO,,Kilimanjaro,Moshi,,
IWA,,Kilimanjaro,Moshi,,
KIRUA,,Kilimanjaro,Moshi,,
PAKULA,,Kilimanjaro,Moshi,,
KILIMANI,,Kilimanjaro,Moshi,,
KISOMACHI,,Kilimanjaro,Moshi,,
FARAJA SEMINARI,,Kilimanjaro,Moshi,,
MABOGINI,,Kilimanjaro,Moshi,,
MPIRANI,,Kilimanjaro,Moshi,,
MTAKUJA,,Kilimanjaro,Moshi,,
NAZARENE PROGRESS,,Kilimanjaro,Moshi,,
HIMO,,Kilimanjaro,Moshi,,
KLPK MARANGU HILL,,Kilimanjaro,Moshi,,
MIERESINI,,Kilimanjaro,Moshi,,
SCOLASTICA,,Kilimanjaro,Moshi,,
KOKIRIE,,Kilimanjaro,Moshi,,
MBONI,,Kilimanjaro,Moshi,,
AGAPE LUTHERAN JUNIOR SEMINARY,,Kilimanjaro,Moshi,,
BISHOP MOSHI,,Kilimanjaro,Moshi,,
MAMBA DAY,,Kilimanjaro,Moshi,,
MARLEX,,Kilimanjaro,Moshi,,
MAKOMU,,Kilimanjaro,Moshi,,
MLANG&#8217;A,,Kilimanjaro,Moshi,,
UOMBONI,,Kilimanjaro,Moshi,,
ASHIRA GIRLS,,Kilimanjaro,Moshi,,
DARAJANI,,Kilimanjaro,Moshi,,
MARANGU,,Kilimanjaro,Moshi,,
RASESA,,Kilimanjaro,Moshi,,
SAKAYO MOSHA,,Kilimanjaro,Moshi,,
ST. MARGARET,,Kilimanjaro,Moshi,,
MBOKOMU,,Kilimanjaro,Moshi,,
NATIRO,,Kilimanjaro,Moshi,,
TEMA,,Kilimanjaro,Moshi,,
KIUMAKO,,Kilimanjaro,Moshi,,
LYAKIRIMU,,Kilimanjaro,Moshi,,
MWIKA,,Kilimanjaro,Moshi,,
MANGI MAREALLE,,Kilimanjaro,Moshi,,
MATALA,,Kilimanjaro,Moshi,,
VUNJO,,Kilimanjaro,Moshi,,
MARINGENI,,Kilimanjaro,Moshi,,
KIDIA,,Kilimanjaro,Moshi,,
MELI,,Kilimanjaro,Moshi,,
KISARIKA,,Kilimanjaro,Moshi,,
MSIRIWA,,Kilimanjaro,Moshi,,
URU,,Kilimanjaro,Moshi,,
MANGI SABAS,,Kilimanjaro,Moshi,,
MAWELA,,Kilimanjaro,Moshi,,
URU SEMINARY,,Kilimanjaro,Moshi,,
KISHUMUNDU,,Kilimanjaro,Moshi,,
MNINI,,Kilimanjaro,Moshi,,
MRUWIA,,Kilimanjaro,Moshi,,
SHIMBWE,,Kilimanjaro,Moshi,,
KALOLENI ISLAMIC,,Kilimanjaro,Moshi Mc,,
MSASANI,,Kilimanjaro,Moshi Mc,,
MOSHI TECHNICAL,,Kilimanjaro,Moshi Mc,,
KIBORILONI,,Kilimanjaro,Moshi Mc,,
MAWENZI,,Kilimanjaro,Moshi Mc,,
KIUSA,,Kilimanjaro,Moshi Mc,,
NORTHERN HIGHLANDS,,Kilimanjaro,Moshi Mc,,
INTERNATIONAL SCHOOL OF MOSHI,,Kilimanjaro,Moshi Mc,,
KIBO,,Kilimanjaro,Moshi Mc,,
MAJENGO,,Kilimanjaro,Moshi Mc,,
MOSHI,,Kilimanjaro,Moshi Mc,,
RAU,,Kilimanjaro,Moshi Mc,,
ST.MARY GORETTI,,Kilimanjaro,Moshi Mc,,
J. K. NYERERE,,Kilimanjaro,Moshi Mc,,
MJI MPYA,,Kilimanjaro,Moshi Mc,,
MSARANGA,,Kilimanjaro,Moshi Mc,,
REGINALD MENGI,,Kilimanjaro,Moshi Mc,,
ANNA MKAPA,,Kilimanjaro,Moshi Mc,,
BISHOP ALPHA MEMORIAL,,Kilimanjaro,Moshi Mc,,
DON BOSCO,,Kilimanjaro,Moshi Mc,,
KARANGA,,Kilimanjaro,Moshi Mc,,
BENDEL MEMORIAL,,Kilimanjaro,Moshi Mc,,
KILIMANJARO ACADEMY,,Kilimanjaro,Moshi Mc,,
KORONGONI,,Kilimanjaro,Moshi Mc,,
KIRONGAYA,,Kilimanjaro,Mwanga,,
LOMWE,,Kilimanjaro,Mwanga,,
NDORWE,,Kilimanjaro,Mwanga,,
USANGI GIRLS,,Kilimanjaro,Mwanga,,
JIPE,,Kilimanjaro,Mwanga,,
KISHENGWENI,,Kilimanjaro,Mwanga,,
MINJA TECHNICAL,,Kilimanjaro,Mwanga,,
KIGHARE,,Kilimanjaro,Mwanga,,
KIRIKI,,Kilimanjaro,Mwanga,,
KIGONIGONI,,Kilimanjaro,Mwanga,,
KIFARU,,Kilimanjaro,Mwanga,,
KILEO,,Kilimanjaro,Mwanga,,
ST. JOSEPH BOYS SCIENCE,,Kilimanjaro,Mwanga,,
KILOMENI,,Kilimanjaro,Mwanga,,
MAGHARE,,Kilimanjaro,Mwanga,,
USANGI DAY,,Kilimanjaro,Mwanga,,
KIRYA,,Kilimanjaro,Mwanga,,
KWANGU,,Kilimanjaro,Mwanga,,
LANG'ATA BORA,,Kilimanjaro,Mwanga,,
CHANJALE,,Kilimanjaro,Mwanga,,
KISANGARA,,Kilimanjaro,Mwanga,,
NYERERE,,Kilimanjaro,Mwanga,,
ONE WORLD,,Kilimanjaro,Mwanga,,
ST. STEPHEN BOYS,,Kilimanjaro,Mwanga,,
MGAGAO,,Kilimanjaro,Mwanga,,
MRUMA GIRLS,,Kilimanjaro,Mwanga,,
MSANGENI,,Kilimanjaro,Mwanga,,
SIMBOMU,,Kilimanjaro,Mwanga,,
BETHANY GIRLS,,Kilimanjaro,Mwanga,,
DR. ASHA-ROSE MIGIRO,,Kilimanjaro,Mwanga,,
GREENBIRD,,Kilimanjaro,Mwanga,,
MANDAKA,,Kilimanjaro,Mwanga,,
MWANGA,,Kilimanjaro,Mwanga,,
ST. TEREZA OF AVILLA,,Kilimanjaro,Mwanga,,
VUDOI,,Kilimanjaro,Mwanga,,
CHAANGAJA,,Kilimanjaro,Mwanga,,
MANGIO,,Kilimanjaro,Mwanga,,
UBANG'I,,Kilimanjaro,Mwanga,,
VUCHAMA UGWENO ISLAMIC,,Kilimanjaro,Mwanga,,
KINDOROKO,,Kilimanjaro,Mwanga,,
NGUJINI,,Kilimanjaro,Mwanga,,
KAMWALA,,Kilimanjaro,Mwanga,,
KILOBENI,,Kilimanjaro,Mwanga,,
SHIGHATINI,,Kilimanjaro,Mwanga,,
ALENI,,Kilimanjaro,Rombo,,
BOONI,,Kilimanjaro,Rombo,,
KENI,,Kilimanjaro,Rombo,,
MAMSERA,,Kilimanjaro,Rombo,,
ST. JOHN VIANNEY,,Kilimanjaro,Rombo,,
TANYA,,Kilimanjaro,Rombo,,
ELISHADAI-HOLILI,,Kilimanjaro,Rombo,,
HOLILI,,Kilimanjaro,Rombo,,
RITALIZA,,Kilimanjaro,Rombo,,
MASHATI,,Kilimanjaro,Rombo,,
SHAURITANGA,,Kilimanjaro,Rombo,,
HOROMBO,,Kilimanjaro,Rombo,,
KELAMFUA,,Kilimanjaro,Rombo,,
MRAMBA,,Kilimanjaro,Rombo,,
KIRONGO CHINI,,Kilimanjaro,Rombo,,
MATOLO,,Kilimanjaro,Rombo,,
UMARINI,,Kilimanjaro,Rombo,,
USSERI,,Kilimanjaro,Rombo,,
KILAMACHO,,Kilimanjaro,Rombo,,
KIRAENI,,Kilimanjaro,Rombo,,
KIRACHI,,Kilimanjaro,Rombo,,
KISALE,,Kilimanjaro,Rombo,,
KWALAKAMU,,Kilimanjaro,Rombo,,
MAHIDA,,Kilimanjaro,Rombo,,
MAWANDA,,Kilimanjaro,Rombo,,
MAKIIDI,,Kilimanjaro,Rombo,,
MKUU,,Kilimanjaro,Rombo,,
MEMA,,Kilimanjaro,Rombo,,
MAKI,,Kilimanjaro,Rombo,,
MENGENI,,Kilimanjaro,Rombo,,
MRIKE,,Kilimanjaro,Rombo,,
MAKALEMA,,Kilimanjaro,Rombo,,
MOTAMBURU,,Kilimanjaro,Rombo,,
BUSTANI,,Kilimanjaro,Rombo,,
MRAOKERYO,,Kilimanjaro,Rombo,,
UNGWASI,,Kilimanjaro,Rombo,,
NANJARA,,Kilimanjaro,Rombo,,
NGARENI,,Kilimanjaro,Rombo,,
OLELE,,Kilimanjaro,Rombo,,
TARAKEA,,Kilimanjaro,Rombo,,
URAURI,,Kilimanjaro,Rombo,,
KILIMANJARO BOYS,,Kilimanjaro,Rombo,,
KWAIKURU,,Kilimanjaro,Rombo,,
MLAMBAI,,Kilimanjaro,Rombo,,
SHIMBI,,Kilimanjaro,Rombo,,
MBOMAI,,Kilimanjaro,Rombo,,
NDUWENI,,Kilimanjaro,Rombo,,
KAHE USSERI,,Kilimanjaro,Rombo,,
NGALEKU,,Kilimanjaro,Rombo,,
UBETU MAWENZI,,Kilimanjaro,Rombo,,
UBAA,,Kilimanjaro,Rombo,,
BANGALALA,,Kilimanjaro,Same,,
BEMKO,,Kilimanjaro,Same,,
BOMBO,,Kilimanjaro,Same,,
DINDIMO,,Kilimanjaro,Same,,
KIGANGO,,Kilimanjaro,Same,,
PARENI,,Kilimanjaro,Same,,
CHALAO,,Kilimanjaro,Same,,
CHOME,,Kilimanjaro,Same,,
SAWENI,,Kilimanjaro,Same,,
MKOMBOZI,,Kilimanjaro,Same,,
JITENGENI,,Kilimanjaro,Same,,
KIHURIO,,Kilimanjaro,Same,,
MVUREKONGEI,,Kilimanjaro,Same,,
KIRANGARE,,Kilimanjaro,Same,,
JOACHIM BOYS,,Kilimanjaro,Same,,
KANDOTO SAYANSI GIRLS',,Kilimanjaro,Same,,
KIBACHA,,Kilimanjaro,Same,,
TERESA OF CALCUTA -GIRLSUTA,,Kilimanjaro,Same,,
KISIWANI,,Kilimanjaro,Same,,
MT. CLARA,,Kilimanjaro,Same,,
LUGULU,,Kilimanjaro,Same,,
MABILIONI,,Kilimanjaro,Same,,
ALKACHENJE,,Kilimanjaro,Same,,
MAKANYA,,Kilimanjaro,Same,,
GONJA,,Kilimanjaro,Same,,
RHINO TECHNICAL,,Kilimanjaro,Same,,
CHANJAGAA,,Kilimanjaro,Same,,
KAZITA,,Kilimanjaro,Same,,
KIMALA,,Kilimanjaro,Same,,
KWIZU,,Kilimanjaro,Same,,
MANKA,,Kilimanjaro,Same,,
MADIVENI,,Kilimanjaro,Same,,
ST. LEONARD,,Kilimanjaro,Same,,
MTII,,Kilimanjaro,Same,,
KASEMPOMBE,,Kilimanjaro,Same,,
KIRINJIKO ISLAMIC,,Kilimanjaro,Same,,
MYAMBA,,Kilimanjaro,Same,,
PARANE,,Kilimanjaro,Same,,
LONAT,,Kilimanjaro,Same,,
NDUNGU,,Kilimanjaro,Same,,
NEW DAWN,,Kilimanjaro,Same,,
NJORO,,Kilimanjaro,Same,,
MOIPO,,Kilimanjaro,Same,,
KWAKOKO,,Kilimanjaro,Same,,
JOYLAND GIRLS,,Kilimanjaro,Same,,
SAME,,Kilimanjaro,Same,,
MALINDI,,Kilimanjaro,Same,,
SUJI,,Kilimanjaro,Same,,
TAE,,Kilimanjaro,Same,,
MASHEKO,,Kilimanjaro,Same,,
VUDEE,,Kilimanjaro,Same,,
NTENGA,,Kilimanjaro,Same,,
VUMARI,,Kilimanjaro,Same,,
VUNTA,,Kilimanjaro,Same,,
VISITATION GIRLS,,Kilimanjaro,Siha,,
FARAJA SIHA HIGH,,Kilimanjaro,Siha,,
SIKIRARI,,Kilimanjaro,Siha,,
MAGADINI,,Kilimanjaro,Siha,,
MAGNIFICAT,,Kilimanjaro,Siha,,
KISHISHA,,Kilimanjaro,Siha,,
OSHARA,,Kilimanjaro,Siha,,
ALCP-KILASARA,,Kilimanjaro,Siha,,
KARANSI,,Kilimanjaro,Siha,,
SUUMU,,Kilimanjaro,Siha,,
FUKA,,Kilimanjaro,Siha,,
DAHANI,,Kilimanjaro,Siha,,
NURU,,Kilimanjaro,Siha,,
SANYA JUU,,Kilimanjaro,Siha,,
MATADI,,Kilimanjaro,Siha,,
NAMWAI,,Kilimanjaro,Siha,,
ESINYARI,,Kilimanjaro,Siha,,
ORKOLILI,,Kilimanjaro,Siha,,
KILINGI,,Kilimanjaro,Siha,,
ARRI TSAAYO,,Manyara,Babati,,
DOHOM,,Manyara,Babati,,
AYALAGAYA,,Manyara,Babati,,
GOROWA,,Manyara,Babati,,
GUSE,,Manyara,Babati,,
MASABEDA,,Manyara,Babati,,
DABIL,,Manyara,Babati,,
MAGANJWA,,Manyara,Babati,,
DAREDA,,Manyara,Babati,,
DURU,,Manyara,Babati,,
HAITEMBA,,Manyara,Babati,,
ENDAKISO,,Manyara,Babati,,
AYATSEA,,Manyara,Babati,,
GALLAPO,,Manyara,Babati,,
GIDAS,,Manyara,Babati,,
KIRU,,Manyara,Babati,,
MADUNGA,,Manyara,Babati,,
UMAGI,,Manyara,Babati,,
UTWARI,,Manyara,Babati,,
MAGARA,,Manyara,Babati,,
GICHAMEDA,,Manyara,Babati,,
JOSHUA,,Manyara,Babati,,
MAGUGU,,Manyara,Babati,,
MATUFA,,Manyara,Babati,,
MAMIRE,,Manyara,Babati,,
MBUGWE,,Manyara,Babati,,
BASHNET,,Manyara,Babati,,
ENDAMANANG,,Manyara,Babati,,
NAR,,Manyara,Babati,,
NKAITI,,Manyara,Babati,,
QAMEYU,,Manyara,Babati,,
QASH,,Manyara,Babati,,
CHIEF DODO,,Manyara,Babati,,
UFANA,,Manyara,Babati,,
NDEKI,,Manyara,Babati,,
HANGONI,,Manyara,Babati Tc,,
KWARAA,,Manyara,Babati Tc,,
RIFTY VALLEY BABATI,,Manyara,Babati Tc,,
ALDERSGATE,,Manyara,Babati Tc,,
BABATI DAY,,Manyara,Babati Tc,,
BAGARA,,Manyara,Babati Tc,,
KOMOTO,,Manyara,Babati Tc,,
LAKE BABATI,,Manyara,Babati Tc,,
NAKWA,,Manyara,Babati Tc,,
BONGA,,Manyara,Babati Tc,,
HAYATUL ISLAMIYA,,Manyara,Babati Tc,,
KWAANG'W,,Manyara,Babati Tc,,
MUTUKA,,Manyara,Babati Tc,,
NANGARA,,Manyara,Babati Tc,,
SINGE,,Manyara,Babati Tc,,
SIGINO,,Manyara,Babati Tc,,
ELON,,Manyara,Babati Tc,,
FREDRICK TLUWAY SUMAYE,,Manyara,Babati Tc,,
BALANGDALALU,,Manyara,Hanang,,
CHIEF GEJARU,,Manyara,Hanang,,
BASSODESH,,Manyara,Hanang,,
BASSOTU,,Manyara,Hanang,,
MULBADAW,,Manyara,Hanang,,
DIRMA,,Manyara,Hanang,,
ENDAGAW,,Manyara,Hanang,,
CHIEF GIDOBAT,,Manyara,Hanang,,
ENDASAK,,Manyara,Hanang,,
GANANA,,Manyara,Hanang,,
MWAHU,,Manyara,Hanang,,
SUMAYE,,Manyara,Hanang,,
GETANUWAS,,Manyara,Hanang,,
GIDAHABABIEG,,Manyara,Hanang,,
GISAMBALANG,,Manyara,Hanang,,
GITTING,,Manyara,Hanang,,
JOROJICK,,Manyara,Hanang,,
MARY NAGU,,Manyara,Hanang,,
HIRBADAW,,Manyara,Hanang,,
KATESH,,Manyara,Hanang,,
LAGHANGA,,Manyara,Hanang,,
UDANG'U,,Manyara,Hanang,,
MASAKTA,,Manyara,Hanang,,
MASQARODA,,Manyara,Hanang,,
MEASKRON,,Manyara,Hanang,,
BAMA,,Manyara,Hanang,,
DANIEL NOUD,,Manyara,Hanang,,
DUMBETA,,Manyara,Hanang,,
GABADAW,,Manyara,Hanang,,
HANANG,,Manyara,Hanang,,
NANGWA,,Manyara,Hanang,,
WARETA,,Manyara,Hanang,,
SIMBAY,,Manyara,Hanang,,
SIROP,,Manyara,Hanang,,
KITETO,,Manyara,Kiteto,,
MATUI,,Manyara,Kiteto,,
ECO,,Manyara,Kiteto,,
DONGO,,Manyara,Kiteto,,
DOSIDOSI,,Manyara,Kiteto,,
ENGUSERO,,Manyara,Kiteto,,
BWAKALO,,Manyara,Kiteto,,
KIBAYA,,Manyara,Kiteto,,
MTETEMELA,,Manyara,Kiteto,,
KIJUNGU,,Manyara,Kiteto,,
LESOIT,,Manyara,Kiteto,,
MAGUNGU,,Manyara,Kiteto,,
NDEDO,,Manyara,Kiteto,,
KIPERESA,,Manyara,Kiteto,,
PARTIMBO,,Manyara,Kiteto,,
ORKINE,,Manyara,Kiteto,,
SUNYA,,Manyara,Kiteto,,
BASHAY,,Manyara,Mbulu,,
DINAMU,,Manyara,Mbulu,,
ALEXANDER SAULO,,Manyara,Mbulu,,
DONGOBESH,,Manyara,Mbulu,,
PHILIPO MARMO,,Manyara,Mbulu,,
HAYDOM,,Manyara,Mbulu,,
GIDHIM,,Manyara,Mbulu,,
GIDAGWAJEDA,,Manyara,Mbulu,,
HAYDERER,,Manyara,Mbulu,,
JAKAYA KIKWETE,,Manyara,Mbulu,,
DR.OLSEN,,Manyara,Mbulu,,
MAMAKARI,,Manyara,Mbulu,,
LABAY,,Manyara,Mbulu,,
MAGHANG,,Manyara,Mbulu,,
MARETADU,,Manyara,Mbulu,,
MARETADU JUU,,Manyara,Mbulu,,
BISHOP NICODEMUS HHANDO,,Manyara,Mbulu,,
ENDOJI,,Manyara,Mbulu,,
TUMATI,,Manyara,Mbulu,,
YAEDA AMPA,,Manyara,Mbulu,,
YAEDA CHINI,,Manyara,Mbulu,,
NOWU,,Manyara,Mbulu Tc,,
BARGISH,,Manyara,Mbulu Tc,,
DAUDI TEEWI,,Manyara,Mbulu Tc,,
CHIEF SARWATT,,Manyara,Mbulu Tc,,
SANU SEMINARI,,Manyara,Mbulu Tc,,
SANU TECHNICAL,,Manyara,Mbulu Tc,,
GEHANDU,,Manyara,Mbulu Tc,,
Gunyoda,,Manyara,Mbulu Tc,,
KAINAM,,Manyara,Mbulu Tc,,
DAUDI,,Manyara,Mbulu Tc,,
MURRAY,,Manyara,Mbulu Tc,,
SOHEDA,,Manyara,Mbulu Tc,,
HHAYNU,,Manyara,Mbulu Tc,,
NAMBIS,,Manyara,Mbulu Tc,,
IMBORU,,Manyara,Mbulu Tc,,
SILALODA,,Manyara,Mbulu Tc,,
TLAWI,,Manyara,Mbulu Tc,,
GENDA,,Manyara,Mbulu Tc,,
SINGLAND,,Manyara,Mbulu Tc,,
EMBOREET,,Manyara,Simanjiro,,
MERERANI BENJAMIN WILLIAM MKA,,Manyara,Simanjiro,,
ENG'ENO,,Manyara,Simanjiro,,
LOIBORSIRET,,Manyara,Simanjiro,,
LOIBORSOIT,,Manyara,Simanjiro,,
AL-FALLAH ISLAMIC,,Manyara,Simanjiro,,
TANZANITE,,Manyara,Simanjiro,,
MSITU WA TEMBO,,Manyara,Simanjiro,,
NABERERA,,Manyara,Simanjiro,,
EWONG'ON,,Manyara,Simanjiro,,
NAISINYAI,,Manyara,Simanjiro,,
NYUMBA YA MUNGU,,Manyara,Simanjiro,,
OLJOLO NAMBA TANO,,Manyara,Simanjiro,,
SIMANJIRO,,Manyara,Simanjiro,,
RUVU REMMIT,,Manyara,Simanjiro,,
MGUTWA,,Manyara,Simanjiro,,
SHAMBARAI,,Manyara,Simanjiro,,
TERRAT,,Manyara,Simanjiro,,
BAGA,,Tanga,Bumbuli,,
BUMBULI,,Tanga,Bumbuli,,
KIZIMBA,,Tanga,Bumbuli,,
KWEHANGALA,,Tanga,Bumbuli,,
WENA,,Tanga,Bumbuli,,
FUNTA,,Tanga,Bumbuli,,
MAHEZANGULU MAKAMBA,,Tanga,Bumbuli,,
MKAALIE,,Tanga,Bumbuli,,
MSAMAKA,,Tanga,Bumbuli,,
MBELEI,,Tanga,Bumbuli,,
KIZANDA,,Tanga,Bumbuli,,
MAYO,,Tanga,Bumbuli,,
MBUZII,,Tanga,Bumbuli,,
MAZUMBAI,,Tanga,Bumbuli,,
MIBUKWE,,Tanga,Bumbuli,,
CHAI,,Tanga,Bumbuli,,
KWEMVUMO,,Tanga,Bumbuli,,
MPONDE,,Tanga,Bumbuli,,
MGWASHI,,Tanga,Bumbuli,,
KWAMONGO,,Tanga,Bumbuli,,
SONI DAY,,Tanga,Bumbuli,,
SONI ISLAMIC SEMINARY,,Tanga,Bumbuli,,
SONI SEMINARI,,Tanga,Bumbuli,,
TAMOTA,,Tanga,Bumbuli,,
KIVILICHA,,Tanga,Bumbuli,,
BANGALA LUTH. JUNIOR SEMINARY,,Tanga,Bumbuli,,
KIHITU,,Tanga,Bumbuli,,
VUGABAZO,,Tanga,Bumbuli,,
KWALUDEGE,,Tanga,Handeni,,
ST. WILBALDA,,Tanga,Handeni,,
CHOGO,,Tanga,Handeni,,
KABUKU,,Tanga,Handeni,,
KANG'ATA,,Tanga,Handeni,,
KIVA,,Tanga,Handeni,,
KISAZA,,Tanga,Handeni,,
PANGAMBILI,,Tanga,Handeni,,
KWACHAGA,,Tanga,Handeni,,
KWALUGURU,,Tanga,Handeni,,
KWAMATUKU,,Tanga,Handeni,,
KWAMGWE,,Tanga,Handeni,,
KWAMSISI,,Tanga,Handeni,,
KWANKONJE,,Tanga,Handeni,,
KWASUNGA,,Tanga,Handeni,,
KWEDIZINGA,,Tanga,Handeni,,
MAZINGARA,,Tanga,Handeni,,
KOMSANGA,,Tanga,Handeni,,
MANGA MPAKANI,,Tanga,Handeni,,
MKATA,,Tanga,Handeni,,
NDOLWA,,Tanga,Handeni,,
SEGERA,,Tanga,Handeni,,
KWAMKONO,,Tanga,Handeni,,
SINDENI,,Tanga,Handeni,,
KIVESA,,Tanga,Handeni Tc,,
KIDELEKO,,Tanga,Handeni Tc,,
KONJE,,Tanga,Handeni Tc,,
MSAJE,,Tanga,Handeni Tc,,
HANDENI ISLAMIC,,Tanga,Handeni Tc,,
KWEINJUGO,,Tanga,Handeni Tc,,
MISIMA,,Tanga,Handeni Tc,,
HANDENI,,Tanga,Handeni Tc,,
KOMNYANG'ANYO,,Tanga,Handeni Tc,,
KILELENI,,Tanga,Handeni Tc,,
NKAMA,,Tanga,Kilindi,,
JAILA,,Tanga,Kilindi,,
KILINDI GIRLS',,Tanga,Kilindi,,
MKUYU,,Tanga,Kilindi,,
KIBIRASHI,,Tanga,Kilindi,,
KIKUNDE,,Tanga,Kilindi,,
KILINDI,,Tanga,Kilindi,,
KOMKALAKALA,,Tanga,Kilindi,,
KIMBE,,Tanga,Kilindi,,
MGERA,,Tanga,Kilindi,,
KWEDIBOMA,,Tanga,Kilindi,,
KWEKIVU,,Tanga,Kilindi,,
LWANDE,,Tanga,Kilindi,,
MASAGALU,,Tanga,Kilindi,,
MKINDI,,Tanga,Kilindi,,
MBWEGO,,Tanga,Kilindi,,
MAFISA,,Tanga,Kilindi,,
NEGERO,,Tanga,Kilindi,,
PAGWI,,Tanga,Kilindi,,
SEUTA,,Tanga,Kilindi,,
TUNGULI,,Tanga,Kilindi,,
VIBAONI,,Tanga,Kilindi,,
BUNGU,,Tanga,Korogwe,,
CHEKELEI,,Tanga,Korogwe,,
MBAGAI,,Tanga,Korogwe,,
DINDIRA,,Tanga,Korogwe,,
MFUNDIA,,Tanga,Korogwe,,
KIZARA,,Tanga,Korogwe,,
KWAGUNDA,,Tanga,Korogwe,,
KWASHEMSHI,,Tanga,Korogwe,,
MASHINDEI,,Tanga,Korogwe,,
MKALAMO,,Tanga,Korogwe,,
MAGOMA,,Tanga,Korogwe,,
BUNA,,Tanga,Korogwe,,
MADAGO,,Tanga,Korogwe,,
MASHEWA,,Tanga,Korogwe,,
MAZINDE DAY,,Tanga,Korogwe,,
MAFI HILLS,,Tanga,Korogwe,,
BUIKO,,Tanga,Korogwe,,
MKOMAZI,,Tanga,Korogwe,,
KWEMDIMU,,Tanga,Korogwe,,
MLUNGUI,,Tanga,Korogwe,,
HALE,,Tanga,Korogwe,,
MNYUZI,,Tanga,Korogwe,,
MOMBO,,Tanga,Korogwe,,
MWISHO WA SHAMBA,,Tanga,Korogwe,,
SHEKILANGO,,Tanga,Korogwe,,
PATEMA,,Tanga,Korogwe,,
MSWAHA,,Tanga,Korogwe,,
VUGIRI,,Tanga,Korogwe,,
KILOLE,,Tanga,Korogwe Tc,,
KWAMNDOLWA,,Tanga,Korogwe Tc,,
USAMBARA GIRLS,,Tanga,Korogwe Tc,,
JOEL BENDERA,,Tanga,Korogwe Tc,,
KIMWERI,,Tanga,Korogwe Tc,,
NYERERE MEMORIAL,,Tanga,Korogwe Tc,,
NGOMBEZI,,Tanga,Korogwe Tc,,
HILL VIEW,,Tanga,Korogwe Tc,,
SEMKIWA,,Tanga,Korogwe Tc,,
KOROGWE GIRLS,,Tanga,Korogwe Tc,,
OLD KOROGWE,,Tanga,Korogwe Tc,,
SHEMSANGA,,Tanga,Korogwe Tc,,
KWEMARAMBA,,Tanga,Lushoto,,
BALOZI MSHANGAMA,,Tanga,Lushoto,,
GARE,,Tanga,Lushoto,,
KIFUNGILO GIRLS,,Tanga,Lushoto,,
KONGEI,,Tanga,Lushoto,,
MASANGE JUU,,Tanga,Lushoto,,
HEMTOYE,,Tanga,Lushoto,,
MSALE,,Tanga,Lushoto,,
MAKOLE JUU,,Tanga,Lushoto,,
MARIAM MSHANGAMA,,Tanga,Lushoto,,
KIRETI,,Tanga,Lushoto,,
KWAI,,Tanga,Lushoto,,
BERNARD MEMBE,,Tanga,Lushoto,,
KWEKANGA,,Tanga,Lushoto,,
KWEMASHAI,,Tanga,Lushoto,,
KISABA,,Tanga,Lushoto,,
MLALO,,Tanga,Lushoto,,
LUKOZI,,Tanga,Lushoto,,
LUNGUZA,,Tanga,Lushoto,,
LUSHOTO,,Tanga,Lushoto,,
SHAMBALAI,,Tanga,Lushoto,,
MAGAMBA,,Tanga,Lushoto,,
PRINCE CLAUS,,Tanga,Lushoto,,
ST. MARY'S MAZINDE JUU,,Tanga,Lushoto,,
KWEULASI,,Tanga,Lushoto,,
MDANDO,,Tanga,Lushoto,,
MALIBWI,,Tanga,Lushoto,,
NTAMBWE,,Tanga,Lushoto,,
MTUMBI,,Tanga,Lushoto,,
MANOLO,,Tanga,Lushoto,,
NYWELO,,Tanga,Lushoto,,
SHUME,,Tanga,Lushoto,,
UMBA,,Tanga,Lushoto,,
CHAMBOGO,,Tanga,Lushoto,,
KALUMELE,,Tanga,Lushoto,,
MBWEI,,Tanga,Lushoto,,
MIGAMBO,,Tanga,Lushoto,,
MKUZI JUU,,Tanga,Lushoto,,
LWANDAI LUTHERAN,,Tanga,Lushoto,,
NGAZI,,Tanga,Lushoto,,
MAZASHAI,,Tanga,Lushoto,,
MLONGWEMA,,Tanga,Lushoto,,
MNAZI,,Tanga,Lushoto,,
KITIVO,,Tanga,Lushoto,,
MTAE,,Tanga,Lushoto,,
SHITA,,Tanga,Lushoto,,
KITALA,,Tanga,Lushoto,,
NGULWI,,Tanga,Lushoto,,
NGWELO,,Tanga,Lushoto,,
NDURUMO,,Tanga,Lushoto,,
RANGWI,,Tanga,Lushoto,,
SHAGHAYU,,Tanga,Lushoto,,
GOLOGOLO,,Tanga,Lushoto,,
HAMBALAWEI,,Tanga,Lushoto,,
MAVUMO,,Tanga,Lushoto,,
VITI,,Tanga,Lushoto,,
SUNGA,,Tanga,Lushoto,,
UPENDO,,Tanga,Lushoto,,
ST.CATHERINE,,Tanga,Lushoto,,
UBIRI,,Tanga,Lushoto,,
BOSHA,,Tanga,Mkinga,,
MAVOVO,,Tanga,Mkinga,,
DALUNI,,Tanga,Mkinga,,
GOMBERO,,Tanga,Mkinga,,
KIGONGOI,,Tanga,Mkinga,,
KWALE,,Tanga,Mkinga,,
MANZA,,Tanga,Mkinga,,
MAPATANO,,Tanga,Mkinga,,
MARAMBA,,Tanga,Mkinga,,
LANZONI,,Tanga,Mkinga,,
MKINGALEO,,Tanga,Mkinga,,
ZINGIBARI,,Tanga,Mkinga,,
MTIMBWANI,,Tanga,Mkinga,,
MWAKIJEMBE,,Tanga,Mkinga,,
DUGA,,Tanga,Mkinga,,
SHEBOMEZA,,Tanga,Muheza,,
BWEMBWERA,,Tanga,Muheza,,
Kicheba,,Tanga,Muheza,,
Kigombe,,Tanga,Muheza,,
Kilulu,,Tanga,Muheza,,
Kwafungo,,Tanga,Muheza,,
KWEMKABALA,,Tanga,Muheza,,
KWABUTU,,Tanga,Muheza,,
HEGONGO HOLY CROSS,,Tanga,Muheza,,
LIVINGSTONE BOYS SEMINARY,,Tanga,Muheza,,
MAGILA,,Tanga,Muheza,,
MLINGA,,Tanga,Muheza,,
AL- HUDA ISLAMIC,,Tanga,Muheza,,
Chief Mang'enya,,Tanga,Muheza,,
MUHEZA,,Tanga,Muheza,,
SWAFAA ISLAMIC,,Tanga,Muheza,,
MBARAMO,,Tanga,Muheza,,
MUHEZA MUSLIM,,Tanga,Muheza,,
Misalai,,Tanga,Muheza,,
Misozwe,,Tanga,Muheza,,
MKUZI,,Tanga,Muheza,,
Mlingano,,Tanga,Muheza,,
Mtindiro,,Tanga,Muheza,,
Ngomeni,,Tanga,Muheza,,
Nkumba,,Tanga,Muheza,,
ZIGI,,Tanga,Muheza,,
Potwe,,Tanga,Muheza,,
SONGA,,Tanga,Muheza,,
Mkurumuzi,,Tanga,Muheza,,
KERENGE,,Tanga,Muheza,,
ZIRAI,,Tanga,Muheza,,
BUSHIRI,,Tanga,Pangani,,
CAPUCHIN,,Tanga,Pangani,,
FRANCISCAN,,Tanga,Pangani,,
TONGANI,,Tanga,Pangani,,
MKWAJA,,Tanga,Pangani,,
KIPUMBWI,,Tanga,Pangani,,
MWERA,,Tanga,Pangani,,
FUNGUNI,,Tanga,Pangani,,
ALHIJRA ISLAMIC,,Tanga,Pangani,,
BOZA,,Tanga,Pangani,,
KILIMANGWIDO,,Tanga,Pangani,,
AL KHEIR ISLAMIC GIRLS SEMINARY,,Tanga,Tanga Cc,,
BURHANI,,Tanga,Tanga Cc,,
ECKERNFORDE,,Tanga,Tanga Cc,,
ECKERNFORDE CAMBRIDGE,,Tanga,Tanga Cc,,
MKWAKWANI,,Tanga,Tanga Cc,,
OLD TANGA,,Tanga,Tanga Cc,,
POPATLAL,,Tanga,Tanga Cc,,
CHONGOLEANI,,Tanga,Tanga Cc,,
NDAOYA,,Tanga,Tanga Cc,,
CHUMBAGENI,,Tanga,Tanga Cc,,
COASTAL,,Tanga,Tanga Cc,,
MACECHU,,Tanga,Tanga Cc,,
HORTEN,,Tanga,Tanga Cc,,
PANDE MAGUBENI,,Tanga,Tanga Cc,,
KIRARE,,Tanga,Tanga Cc,,
MIKANJUNI,,Tanga,Tanga Cc,,
MABOKWENI,,Tanga,Tanga Cc,,
JUMUIYA,,Tanga,Tanga Cc,,
MAAWAL,,Tanga,Tanga Cc,,
MARUNGU,,Tanga,Tanga Cc,,
ELOHIMU,,Tanga,Tanga Cc,,
ISTIQAAMA TANGA ISLAMIC,,Tanga,Tanga Cc,,
MWAPACHU,,Tanga,Tanga Cc,,
MAWENI,,Tanga,Tanga Cc,,
ROSIMIN,,Tanga,Tanga Cc,,
TANGA DON BOSCO TECHNICAL,,Tanga,Tanga Cc,,
MNYANJANI,,Tanga,Tanga Cc,,
ARAFAH ISLAMIC SEMINARY,,Tanga,Tanga Cc,,
MSAMBWENI,,Tanga,Tanga Cc,,
TOLEDO,,Tanga,Tanga Cc,,
KIHERE,,Tanga,Tanga Cc,,
SAHARE,,Tanga,Tanga Cc,,
TANGA TECHNICAL,,Tanga,Tanga Cc,,
KIOMONI,,Tanga,Tanga Cc,,
GALANOS,,Tanga,Tanga Cc,,
HAKI,,Tanga,Tanga Cc,,
NGUVUMALI,,Tanga,Tanga Cc,,
ST. CHRISTINA GIRLS,,Tanga,Tanga Cc,,
AN NOOR BOYS ISLAMIC,,Tanga,Tanga Cc,,
PONGWE,,Tanga,Tanga Cc,,
Pongwe Islamic Girls,,Tanga,Tanga Cc,,
JAPAN,,Tanga,Tanga Cc,,
TONGONI,,Tanga,Tanga Cc,,
USAGARA,,Tanga,Tanga Cc,,
BANGWE,,Mwanza,Buchosa,,
BUKOKWA,,Mwanza,Buchosa,,
ITABULYA,,Mwanza,Buchosa,,
LUSHAMBA,,Mwanza,Buchosa,,
BUPANDWA,,Mwanza,Buchosa,,
ILIGAMBA,,Mwanza,Buchosa,,
IRENZA,,Mwanza,Buchosa,,
KAFUNZO,,Mwanza,Buchosa,,
KALEBEZO,,Mwanza,Buchosa,,
MAGULUKENDA,,Mwanza,Buchosa,,
KASISA,,Mwanza,Buchosa,,
KAHUNDA,,Mwanza,Buchosa,,
KATWE,,Mwanza,Buchosa,,
KAKOBE,,Mwanza,Buchosa,,
LUGATA,,Mwanza,Buchosa,,
MAISOME,,Mwanza,Buchosa,,
NYAKALIRO,,Mwanza,Buchosa,,
KOME,,Mwanza,Buchosa,,
NYAKASUNGWA,,Mwanza,Buchosa,,
MIGUKULAMA,,Mwanza,Buchosa,,
NYAMADOKE,,Mwanza,Buchosa,,
NYEHUNGE,,Mwanza,Buchosa,,
BUGOGWA,,Mwanza,Ilemela Mc,,
TAQWA MODERN,,Mwanza,Ilemela Mc,,
BUJINGWA,,Mwanza,Ilemela Mc,,
BUSWELU,,Mwanza,Ilemela Mc,,
EDEN VALLEY,,Mwanza,Ilemela Mc,,
RORYA,,Mwanza,Ilemela Mc,,
IBUNGILO,,Mwanza,Ilemela Mc,,
KILOLELI,,Mwanza,Ilemela Mc,,
MONTESSORI MARIA,,Mwanza,Ilemela Mc,,
ILEMELA ISLAMIC,,Mwanza,Ilemela Mc,,
LIVING WATERS,,Mwanza,Ilemela Mc,,
LUMALA,,Mwanza,Ilemela Mc,,
MORNING STAR,,Mwanza,Ilemela Mc,,
BIDII,,Mwanza,Ilemela Mc,,
CENTRAL VALLEY,,Mwanza,Ilemela Mc,,
LUKOBE,,Mwanza,Ilemela Mc,,
PROSPERITY,,Mwanza,Ilemela Mc,,
PASIANSI,,Mwanza,Ilemela Mc,,
KAYENZE,,Mwanza,Ilemela Mc,,
KISUNDI,,Mwanza,Ilemela Mc,,
KABUHORO,,Mwanza,Ilemela Mc,,
KIRUMBA,,Mwanza,Ilemela Mc,,
TAQWA,,Mwanza,Ilemela Mc,,
ANGELINA MABULA,,Mwanza,Ilemela Mc,,
GREEN VIEW,,Mwanza,Ilemela Mc,,
MIHAMA,,Mwanza,Ilemela Mc,,
MWINUKO,,Mwanza,Ilemela Mc,,
EDEN,,Mwanza,Ilemela Mc,,
KANGAYE,,Mwanza,Ilemela Mc,,
LORETO GIRLS,,Mwanza,Ilemela Mc,,
MARIST BOYS,,Mwanza,Ilemela Mc,,
NUNDU,,Mwanza,Ilemela Mc,,
MWANZA BAPTIST,,Mwanza,Ilemela Mc,,
NYAMANORO,,Mwanza,Ilemela Mc,,
IBINZA,,Mwanza,Ilemela Mc,,
JELLY'S,,Mwanza,Ilemela Mc,,
NYAMUGE,,Mwanza,Ilemela Mc,,
NYASAKA,,Mwanza,Ilemela Mc,,
NYASAKA ISLAMIC SEMINARI,,Mwanza,Ilemela Mc,,
TABASAMU,,Mwanza,Ilemela Mc,,
TCRC FURAHA,,Mwanza,Ilemela Mc,,
YUSTA,,Mwanza,Ilemela Mc,,
BWIRU BOYS TECHNICAL,,Mwanza,Ilemela Mc,,
BWIRU GIRLS',,Mwanza,Ilemela Mc,,
KITANGIRI,,Mwanza,Ilemela Mc,,
MNARANI,,Mwanza,Ilemela Mc,,
SUNRISE,,Mwanza,Ilemela Mc,,
SANGABUYE,,Mwanza,Ilemela Mc,,
SHIBULA,,Mwanza,Ilemela Mc,,
BUNGULWA,,Mwanza,Kwimba,,
BUPAMWA,,Mwanza,Kwimba,,
MWAMASHIMBA,,Mwanza,Kwimba,,
NDAMHI,,Mwanza,Kwimba,,
NELA,,Mwanza,Kwimba,,
IGONGWA,,Mwanza,Kwimba,,
IMALILO,,Mwanza,Kwimba,,
ISENI,,Mwanza,Kwimba,,
KIKUBIJI,,Mwanza,Kwimba,,
LYOMA,,Mwanza,Kwimba,,
MALIGISU,,Mwanza,Kwimba,,
MALYA,,Mwanza,Kwimba,,
MANTARE,,Mwanza,Kwimba,,
MHANDE,,Mwanza,Kwimba,,
MWABOMBA,,Mwanza,Kwimba,,
MWAGI,,Mwanza,Kwimba,,
MWAKILYAMBITI,,Mwanza,Kwimba,,
MWAMALA,,Mwanza,Kwimba,,
MWANDU,,Mwanza,Kwimba,,
MWANG'HALANGA,,Mwanza,Kwimba,,
MWANKULWE,,Mwanza,Kwimba,,
NG'HUNDI,,Mwanza,Kwimba,,
BUJIKU SAKILA,,Mwanza,Kwimba,,
NGUDU,,Mwanza,Kwimba,,
NGULLA,,Mwanza,Kwimba,,
ARCHBISHOP MAYALA GIRLS',,Mwanza,Kwimba,,
KINOJA,,Mwanza,Kwimba,,
TALLO,,Mwanza,Kwimba,,
NYAMILAMA,,Mwanza,Kwimba,,
MWASHILALAGE,,Mwanza,Kwimba,,
SUMVE,,Mwanza,Kwimba,,
SUMVE GIRLS,,Mwanza,Kwimba,,
WALLA,,Mwanza,Kwimba,,
BUJASHI,,Mwanza,Magu,,
KASSA CHARITY,,Mwanza,Magu,,
LUMVE,,Mwanza,Magu,,
BUKANDWE,,Mwanza,Magu,,
MUKIDOMA,,Mwanza,Magu,,
KONGOLO,,Mwanza,Magu,,
MAGU,,Mwanza,Magu,,
PETER KATWIGA,,Mwanza,Magu,,
ITUMBILI,,Mwanza,Magu,,
KABILA,,Mwanza,Magu,,
KAHANGARA,,Mwanza,Magu,,
MUGINI,,Mwanza,Magu,,
BUJORA,,Mwanza,Magu,,
KITUMBA,,Mwanza,Magu,,
JOSEPH &MARY,,Mwanza,Magu,,
LUGEYE,,Mwanza,Magu,,
LUBUGU,,Mwanza,Magu,,
LUTALE,,Mwanza,Magu,,
NG&#8217;WAMABANZA,,Mwanza,Magu,,
MWAMANGA,,Mwanza,Magu,,
NG&#8217;HAYA,,Mwanza,Magu,,
NYANGUGE,,Mwanza,Magu,,
KANDAWE,,Mwanza,Magu,,
KINANGO,,Mwanza,Magu,,
MAHAHA,,Mwanza,Magu,,
SHISHANI,,Mwanza,Magu,,
SUKUMA,,Mwanza,Magu,,
BUHINGO,,Mwanza,Misungwi,,
BULEMEJI,,Mwanza,Misungwi,,
BUSONGO,,Mwanza,Misungwi,,
NYABUMHANDA,,Mwanza,Misungwi,,
J. MAGUFULI,,Mwanza,Misungwi,,
BUKUMBI,,Mwanza,Misungwi,,
IDETEMYA,,Mwanza,Misungwi,,
IGOKELO,,Mwanza,Misungwi,,
ILUJAMATE,,Mwanza,Misungwi,,
KANYELELE,,Mwanza,Misungwi,,
KASOLOLO,,Mwanza,Misungwi,,
ISAKAMAWE,,Mwanza,Misungwi,,
KOROMIJE,,Mwanza,Misungwi,,
LUBILI,,Mwanza,Misungwi,,
MAWEMATATU,,Mwanza,Misungwi,,
MAMAYE,,Mwanza,Misungwi,,
MBARIKA,,Mwanza,Misungwi,,
MISASI,,Mwanza,Misungwi,,
AIMEE MILEMBA,,Mwanza,Misungwi,,
ELPAS,,Mwanza,Misungwi,,
MISUNGWI,,Mwanza,Misungwi,,
ZULU,,Mwanza,Misungwi,,
MWANIKO,,Mwanza,Misungwi,,
NHUNDULU,,Mwanza,Misungwi,,
SHILALO,,Mwanza,Misungwi,,
SUMBUGU,,Mwanza,Misungwi,,
PAUL BOMANI,,Mwanza,Misungwi,,
DIPLOMAT,,Mwanza,Misungwi,,
IPWAGA,,Mwanza,Misungwi,,
SANJO,,Mwanza,Misungwi,,
BUHONGWA,,Mwanza,Mwanza Cc,,
BUHONGWA ISLAMIC,,Mwanza,Mwanza Cc,,
CENTRAL BUHONGWA,,Mwanza,Mwanza Cc,,
KINGDOM LIFE,,Mwanza,Mwanza Cc,,
MESSA,,Mwanza,Mwanza Cc,,
MUSABE GIRLS,,Mwanza,Mwanza Cc,,
TWIHULUMILE,,Mwanza,Mwanza Cc,,
BUTIMBA DAY,,Mwanza,Mwanza Cc,,
NYAMAGANA,,Mwanza,Mwanza Cc,,
NYEGEZI,,Mwanza,Mwanza Cc,,
IGOGO,,Mwanza,Mwanza Cc,,
MAPANGO,,Mwanza,Mwanza Cc,,
SHAMALIWA,,Mwanza,Mwanza Cc,,
EMARA HIGHLAND,,Mwanza,Mwanza Cc,,
LAKE,,Mwanza,Mwanza Cc,,
MBOKA,,Mwanza,Mwanza Cc,,
NYAKABUNGO,,Mwanza,Mwanza Cc,,
OLE NJOOLAY,,Mwanza,Mwanza Cc,,
THAQAAFA,,Mwanza,Mwanza Cc,,
FUMAGILA,,Mwanza,Mwanza Cc,,
IGOMA,,Mwanza,Mwanza Cc,,
KIKALA,,Mwanza,Mwanza Cc,,
FAMGI BOYS,,Mwanza,Mwanza Cc,,
FR RAMON,,Mwanza,Mwanza Cc,,
HOLY FAMILY,,Mwanza,Mwanza Cc,,
LUCHELELE,,Mwanza,Mwanza Cc,,
MALIMBE,,Mwanza,Mwanza Cc,,
NYEGEZI SEMINARI,,Mwanza,Mwanza Cc,,
LWANHIMA,,Mwanza,Mwanza Cc,,
MUSABE BOYS,,Mwanza,Mwanza Cc,,
MTONI,,Mwanza,Mwanza Cc,,
ALLIANCE GIRLS,,Mwanza,Mwanza Cc,,
ALLIANCE ROCKY ARMY,,Mwanza,Mwanza Cc,,
BISMARK,,Mwanza,Mwanza Cc,,
IGELEGELE,,Mwanza,Mwanza Cc,,
MAHINA,,Mwanza,Mwanza Cc,,
MWANZA ALLIANCE BOYS,,Mwanza,Mwanza Cc,,
NYANZA ADVENTIST,,Mwanza,Mwanza Cc,,
OMEGA,,Mwanza,Mwanza Cc,,
RODAN,,Mwanza,Mwanza Cc,,
MBUGANI,,Mwanza,Mwanza Cc,,
ISLAMIYA,,Mwanza,Mwanza Cc,,
MUHANDU,,Mwanza,Mwanza Cc,,
MIRONGO,,Mwanza,Mwanza Cc,,
MKOLANI,,Mwanza,Mwanza Cc,,
NASCO,,Mwanza,Mwanza Cc,,
NGANZA,,Mwanza,Mwanza Cc,,
NSUMBA,,Mwanza,Mwanza Cc,,
ROCKS HILL,,Mwanza,Mwanza Cc,,
MKUYUNI,,Mwanza,Mwanza Cc,,
NYAKURUNDUMA,,Mwanza,Mwanza Cc,,
CAPRIPOINT,,Mwanza,Mwanza Cc,,
CALFORNIA HILLS,,Mwanza,Mwanza Cc,,
NYABULOGOYA,,Mwanza,Mwanza Cc,,
BUGARIKA,,Mwanza,Mwanza Cc,,
MLIMANI,,Mwanza,Mwanza Cc,,
MWANZA,,Mwanza,Mwanza Cc,,
PAMBA,,Mwanza,Mwanza Cc,,
ST. JOSEPH SEMINARI,,Mwanza,Mwanza Cc,,
BITOTO,,Mwanza,Sengerema,,
BUSISI,,Mwanza,Sengerema,,
BUYAGU,,Mwanza,Sengerema,,
BUZILASOGA,,Mwanza,Sengerema,,
CHIFUNFU,,Mwanza,Sengerema,,
JUVENARY BUZINZA,,Mwanza,Sengerema,,
IBISABAGENI,,Mwanza,Sengerema,,
ST.CAROLI,,Mwanza,Sengerema,,
NGOMA,,Mwanza,Sengerema,,
BUTONGA,,Mwanza,Sengerema,,
LWENGE,,Mwanza,Sengerema,,
NYANCHENCHE,,Mwanza,Sengerema,,
KAHUMULO,,Mwanza,Sengerema,,
LUSIKWI,,Mwanza,Sengerema,,
NYAMAHONA,,Mwanza,Sengerema,,
CHRIST THE KING NYANTAKUBWA (GI,,Mwanza,Sengerema,,
KASUNGAMILE,,Mwanza,Sengerema,,
AICT KATUNGURU CHRISTIAN SEMINA,,Mwanza,Sengerema,,
KATUNGURU,,Mwanza,Sengerema,,
NYAMTELELA,,Mwanza,Sengerema,,
KISHINDA,,Mwanza,Sengerema,,
TUNYENYE,,Mwanza,Sengerema,,
NGWELI,,Mwanza,Sengerema,,
ST. MARY QUEEN OF THE APOSTLES,,Mwanza,Sengerema,,
MWABALUHI,,Mwanza,Sengerema,,
SENGEREMA,,Mwanza,Sengerema,,
NYAMATONGO,,Mwanza,Sengerema,,
KIJUKA,,Mwanza,Sengerema,,
NYAMAZUGO,,Mwanza,Sengerema,,
MWALIGA,,Mwanza,Sengerema,,
TABARUKA,,Mwanza,Sengerema,,
NYAMPULUKANO,,Mwanza,Sengerema,,
KILABELA,,Mwanza,Sengerema,,
NTUNDURU,,Mwanza,Sengerema,,
SENGEREMA ISLAMIC,,Mwanza,Sengerema,,
TWITANGE,,Mwanza,Sengerema,,
SIMA,,Mwanza,Sengerema,,
EXPERANCIA,,Mwanza,Sengerema,,
TAMABU,,Mwanza,Sengerema,,
BUKANDA,,Mwanza,Ukerewe,,
BUKIKO,,Mwanza,Ukerewe,,
BUKINDO,,Mwanza,Ukerewe,,
BUKONGO,,Mwanza,Ukerewe,,
BWIRO,,Mwanza,Ukerewe,,
BWISYA,,Mwanza,Ukerewe,,
IGALLA,,Mwanza,Ukerewe,,
IRUGWA,,Mwanza,Ukerewe,,
NAKOZA,,Mwanza,Ukerewe,,
BUGUZA,,Mwanza,Ukerewe,,
KAGUNGULI GIRLS,,Mwanza,Ukerewe,,
KAKEREGE,,Mwanza,Ukerewe,,
MIBUNGO,,Mwanza,Ukerewe,,
MUKITUNTU,,Mwanza,Ukerewe,,
MURITI,,Mwanza,Ukerewe,,
LUGONGO,,Mwanza,Ukerewe,,
MURUTUNGURU,,Mwanza,Ukerewe,,
PIUS MSEKWA,,Mwanza,Ukerewe,,
NAKATUNGURU,,Mwanza,Ukerewe,,
NAMAGONDO,,Mwanza,Ukerewe,,
BUSANGUMUGU,,Mwanza,Ukerewe,,
NANSIO,,Mwanza,Ukerewe,,
KAMEYA,,Mwanza,Ukerewe,,
NDURUMA DAY,,Mwanza,Ukerewe,,
MUMBUGA,,Mwanza,Ukerewe,,
BANEMHI,,Simiyu,Bariadi,,
DUTWA,,Simiyu,Bariadi,,
IGAGANULWA,,Simiyu,Bariadi,,
IKINABUSHU,,Simiyu,Bariadi,,
NYAWA,,Simiyu,Bariadi,,
IKUNGULYABASHASHI,,Simiyu,Bariadi,,
ITUBUKILO,,Simiyu,Bariadi,,
MWAMLAPA,,Simiyu,Bariadi,,
KASOLI,,Simiyu,Bariadi,,
MWANTIBA,,Simiyu,Bariadi,,
BYUNA,,Simiyu,Bariadi,,
MWADOBANA,,Simiyu,Bariadi,,
MISWAKI,,Simiyu,Bariadi,,
GASUMA,,Simiyu,Bariadi,,
GEGEDI,,Simiyu,Bariadi,,
NGULYATI,,Simiyu,Bariadi,,
NYASOSI,,Simiyu,Bariadi,,
NKINDWABIYE,,Simiyu,Bariadi,,
NKOLOLO,,Simiyu,Bariadi,,
IBULYU,,Simiyu,Bariadi,,
SAKWE,,Simiyu,Bariadi,,
SAPIWI,,Simiyu,Bariadi,,
KIDINDA,,Simiyu,Bariadi Tc,,
GIRIKU,,Simiyu,Bariadi Tc,,
GUDUWI,,Simiyu,Bariadi Tc,,
SIMIYU,,Simiyu,Bariadi Tc,,
MBITI,,Simiyu,Bariadi Tc,,
NTUZU,,Simiyu,Bariadi Tc,,
BUPANDAGILA,,Simiyu,Bariadi Tc,,
NYAKABINDI,,Simiyu,Bariadi Tc,,
OLD MASWA,,Simiyu,Bariadi Tc,,
NG'WANG'WALI,,Simiyu,Bariadi Tc,,
SOMANDA,,Simiyu,Bariadi Tc,,
BIASHARA BARIADI,,Simiyu,Bariadi Tc,,
KUSEKWA MEMORIAL,,Simiyu,Bariadi Tc,,
BARIADI,,Simiyu,Bariadi Tc,,
CHENGE,,Simiyu,Bariadi Tc,,
BADUGU,,Simiyu,Busega,,
IGALUKILO,,Simiyu,Busega,,
MWAMAGIGISI,,Simiyu,Busega,,
WEST SERENGETI,,Simiyu,Busega,,
KABITA,,Simiyu,Busega,,
KALEMELA,,Simiyu,Busega,,
MASANZA,,Simiyu,Busega,,
SOGESCA,,Simiyu,Busega,,
ANTONY MTAKA,,Simiyu,Busega,,
LAMADI,,Simiyu,Busega,,
WINAM CAREER,,Simiyu,Busega,,
MWASAMBA,,Simiyu,Busega,,
MALILI,,Simiyu,Busega,,
KIJELESHI,,Simiyu,Busega,,
MKULA,,Simiyu,Busega,,
NYANGWE,,Simiyu,Busega,,
KISHAMAPANDA,,Simiyu,Busega,,
NGASAMO,,Simiyu,Busega,,
NYALUHANDE,,Simiyu,Busega,,
BULIMA,,Simiyu,Busega,,
DR.CHEGENI,,Simiyu,Busega,,
NASSA,,Simiyu,Busega,,
SIMBA WA YUDA,,Simiyu,Busega,,
SHIGALA,,Simiyu,Busega,,
BUDALABUJIGA,,Simiyu,Itilima,,
BUMERA,,Simiyu,Itilima,,
HABIYA,,Simiyu,Itilima,,
CHINAMILI,,Simiyu,Itilima,,
KANADI,,Simiyu,Itilima,,
IKINDILO,,Simiyu,Itilima,,
KINANG'WELI,,Simiyu,Itilima,,
MWAKILANGI,,Simiyu,Itilima,,
LAGANGABILILI,,Simiyu,Itilima,,
IKUNGULIPU,,Simiyu,Itilima,,
INALO,,Simiyu,Itilima,,
ITILIMA,,Simiyu,Itilima,,
SUNZULA,,Simiyu,Itilima,,
MADILANA,,Simiyu,Itilima,,
MHUNZE,,Simiyu,Itilima,,
MWALUSHU,,Simiyu,Itilima,,
IDOSELO,,Simiyu,Itilima,,
MWAMAPALALA,,Simiyu,Itilima,,
MWAMTANI,,Simiyu,Itilima,,
LUNG'WA,,Simiyu,Itilima,,
MWASWALE,,Simiyu,Itilima,,
NDOLELEJI,,Simiyu,Itilima,,
NKOMA,,Simiyu,Itilima,,
BUNAMHALA MBUGANI,,Simiyu,Itilima,,
LAINI,,Simiyu,Itilima,,
SAGATA,,Simiyu,Itilima,,
MAHEMBE,,Simiyu,Itilima,,
BUKINGWAMINZI,,Simiyu,Itilima,,
KABALE - BARIADI,,Simiyu,Itilima,,
BADI,,Simiyu,Maswa,,
MWAKALEKA,,Simiyu,Maswa,,
KINAMWIGULU,,Simiyu,Maswa,,
BUDEKWA,,Simiyu,Maswa,,
ITULE,,Simiyu,Maswa,,
ISANGA,,Simiyu,Maswa,,
MAJEBELE,,Simiyu,Maswa,,
BUSHASHI,,Simiyu,Maswa,,
IPILILO,,Simiyu,Maswa,,
NG’HUMBU,,Simiyu,Maswa,,
JIJA,,Simiyu,Maswa,,
KADOTO,,Simiyu,Maswa,,
KULIMI,,Simiyu,Maswa,,
LALAGO,,Simiyu,Maswa,,
MWAGALA,,Simiyu,Maswa,,
MALAMPAKA,,Simiyu,Maswa,,
MASELA,,Simiyu,Maswa,,
MWASAYI,,Simiyu,Maswa,,
MATABA,,Simiyu,Maswa,,
MASUMBA,,Simiyu,Maswa,,
MWABAYANDA,,Simiyu,Maswa,,
MWAMANENGE,,Simiyu,Maswa,,
BUCHAMBI,,Simiyu,Maswa,,
NGULIGULI,,Simiyu,Maswa,,
NG’WIGWA,,Simiyu,Maswa,,
NYABUBINZA,,Simiyu,Maswa,,
SALAGE,,Simiyu,Maswa,,
MWANDETE,,Simiyu,Maswa,,
SANGAMWALUGESHA,,Simiyu,Maswa,,
SENANI,,Simiyu,Maswa,,
ZEBEYA,,Simiyu,Maswa,,
SENG’WA,,Simiyu,Maswa,,
Dekapoli,,Simiyu,Maswa,,
NYALIKUNGU,,Simiyu,Maswa,,
ST. ALOYSIUS GONZAGA SEMINARY S,,Simiyu,Maswa,,
SHISHIYU,,Simiyu,Maswa,,
BINZA,,Simiyu,Maswa,,
MASWA,,Simiyu,Maswa,,
BUKUNDI,,Simiyu,Meatu,,
IMALASEKO,,Simiyu,Meatu,,
ITINJE,,Simiyu,Meatu,,
PAJI,,Simiyu,Meatu,,
KISESA,,Simiyu,Meatu,,
Mwaukoli,,Simiyu,Meatu,,
LUBIGA,,Simiyu,Meatu,,
MWABUMA,,Simiyu,Meatu,,
MWABUSALU,,Simiyu,Meatu,,
NYALANJA,,Simiyu,Meatu,,
MWAMALOLE,,Simiyu,Meatu,,
MWAMANONGU,,Simiyu,Meatu,,
MWAMISHALI,,Simiyu,Meatu,,
Mwakaluba,,Simiyu,Meatu,,
MWANDOYA,,Simiyu,Meatu,,
KIMALI,,Simiyu,Meatu,,
MWANJOLO,,Simiyu,Meatu,,
MEATU,,Simiyu,Meatu,,
LINGEKA,,Simiyu,Meatu,,
NG`HOBOKO,,Simiyu,Meatu,,
LYUSA,,Simiyu,Meatu,,
SAKASAKA,,Simiyu,Meatu,,
KAGANGO,,Kagera,Biharamulo,,
KAGANGO 'B' WASICHANA,,Kagera,Biharamulo,,
MT. CLARE BIHARAMULO GIRLS',,Kagera,Biharamulo,,
RUBONDO,,Kagera,Biharamulo,,
BISIBO,,Kagera,Biharamulo,,
RUNAZI,,Kagera,Biharamulo,,
BIZIMYA,,Kagera,Biharamulo,,
KALENGE DAY,,Kagera,Biharamulo,,
MUBABA,,Kagera,Biharamulo,,
LUSAHUNGA,,Kagera,Biharamulo,,
NEMBA,,Kagera,Biharamulo,,
NYABUSOZI,,Kagera,Biharamulo,,
NYAKAHURA,,Kagera,Biharamulo,,
NYAMAHANGA,,Kagera,Biharamulo,,
NYAMIGOGO,,Kagera,Biharamulo,,
NYANTAKARA,,Kagera,Biharamulo,,
BIHARAMULO,,Kagera,Biharamulo,,
KATAHOKA,,Kagera,Biharamulo,,
ST. CHARLES LWANGA KATOKE SEMIN,,Kagera,Biharamulo,,
RWAGATI,,Kagera,Biharamulo,,
RUZIBA,,Kagera,Biharamulo,,
KALEMA,,Kagera,Bukoba,,
BUJUGO,,Kagera,Bukoba,,
TUNAMKUMBUKA,,Kagera,Bukoba,,
MWEMAGE,,Kagera,Bukoba,,
BUTULAGE,,Kagera,Bukoba,,
KAAGYA,,Kagera,Bukoba,,
ST. CECILIA,,Kagera,Bukoba,,
KAIBANJA,,Kagera,Bukoba,,
LYAMAHORO,,Kagera,Bukoba,,
BUKARA,,Kagera,Bukoba,,
KABALE,,Kagera,Bukoba,,
KARABAGAINE,,Kagera,Bukoba,,
KWAUSO,,Kagera,Bukoba,,
KATOMA,,Kagera,Bukoba,,
KATORO,,Kagera,Bukoba,,
KATORO ISLAMIC SEMINARI,,Kagera,Bukoba,,
ST. AUGUSTINE NGARAMA,,Kagera,Bukoba,,
BETHANIA UFUNDI,,Kagera,Bukoba,,
BUJUNANGOMA,,Kagera,Bukoba,,
KASHOZI,,Kagera,Bukoba,,
KEMONDO,,Kagera,Bukoba,,
KIBIRIZI,,Kagera,Bukoba,,
KIKOMELO,,Kagera,Bukoba,,
BUSILIKYA,,Kagera,Bukoba,,
ILUHYA,,Kagera,Bukoba,,
KISHOGO,,Kagera,Bukoba,,
IZIMBYA,,Kagera,Bukoba,,
KYAMULAILE,,Kagera,Bukoba,,
MARUKU,,Kagera,Bukoba,,
BUKOBA HOPE LUTHERAN,,Kagera,Bukoba,,
KARAMAGI,,Kagera,Bukoba,,
HEKIMA GIRLS,,Kagera,Bukoba,,
KABUGARO,,Kagera,Bukoba,,
NYAKATO,,Kagera,Bukoba,,
NYAKIBIMBILI,,Kagera,Bukoba,,
KATALE,,Kagera,Bukoba,,
RUBALE,,Kagera,Bukoba,,
ST. SOTHENES,,Kagera,Bukoba,,
RUHUNGA,,Kagera,Bukoba,,
BAKOBA,,Kagera,Bukoba Mc,,
BILELE,,Kagera,Bukoba Mc,,
JAFFERY BUKOBA,,Kagera,Bukoba Mc,,
BUHEMBE,,Kagera,Bukoba Mc,,
BUKOBA LUTHERAN,,Kagera,Bukoba Mc,,
STEVEN,,Kagera,Bukoba Mc,,
HAMUGEMBE,,Kagera,Bukoba Mc,,
IJUGANYONDO,,Kagera,Bukoba Mc,,
JOSIAH GIRLS,,Kagera,Bukoba Mc,,
KAIZIREGE,,Kagera,Bukoba Mc,,
KEMEBOS,,Kagera,Bukoba Mc,,
PEACE,,Kagera,Bukoba Mc,,
RWAZI,,Kagera,Bukoba Mc,,
MUGEZA,,Kagera,Bukoba Mc,,
NYANSHENYE,,Kagera,Bukoba Mc,,
QUDUS,,Kagera,Bukoba Mc,,
RUTUNGA,,Kagera,Bukoba Mc,,
KAHORORO,,Kagera,Bukoba Mc,,
KASHAI,,Kagera,Bukoba Mc,,
HARVEST MISSION,,Kagera,Bukoba Mc,,
KAJUMULO ALEXANDER GIRLS',,Kagera,Bukoba Mc,,
KIBETA,,Kagera,Bukoba Mc,,
KAGEMU,,Kagera,Bukoba Mc,,
RUGAMBWA GIRLS,,Kagera,Bukoba Mc,,
BUKOBA,,Kagera,Bukoba Mc,,
LAKE VIEW,,Kagera,Bukoba Mc,,
RUMULI,,Kagera,Bukoba Mc,,
IHUNGO,,Kagera,Bukoba Mc,,
NSHAMBYA,,Kagera,Bukoba Mc,,
OMUMWANI,,Kagera,Bukoba Mc,,
ST.JOSEPH KOLPING,,Kagera,Bukoba Mc,,
NYANGA,,Kagera,Bukoba Mc,,
RWAMISHENYE,,Kagera,Bukoba Mc,,
BUGENE,,Kagera,Karagwe,,
KAWELA,,Kagera,Karagwe,,
CHAKARURU,,Kagera,Karagwe,,
MAVUNO MODEL GIRLS,,Kagera,Karagwe,,
RUICHO,,Kagera,Karagwe,,
IHEMBE,,Kagera,Karagwe,,
KAJUNGUTI,,Kagera,Karagwe,,
IGURWA,,Kagera,Karagwe,,
RWAMBAIZI,,Kagera,Karagwe,,
KAYANGA,,Kagera,Karagwe,,
KARAGWE,,Kagera,Karagwe,,
KIHANGA,,Kagera,Karagwe,,
MUNGU BARIKI,,Kagera,Karagwe,,
KIRURUMA,,Kagera,Karagwe,,
KITUNTU,,Kagera,Karagwe,,
RUSHE,,Kagera,Karagwe,,
ARISTOTTLE,,Kagera,Karagwe,,
NDAMA,,Kagera,Karagwe,,
BWERANYANGE,,Kagera,Karagwe,,
CHABALISA,,Kagera,Karagwe,,
NYABIYONZA,,Kagera,Karagwe,,
NYAISHOZI,,Kagera,Karagwe,,
RUHINDA,,Kagera,Karagwe,,
NONO,,Kagera,Karagwe,,
NYAKAHANGA,,Kagera,Karagwe,,
NYAKASIMBI,,Kagera,Karagwe,,
RUGU,,Kagera,Karagwe,,
NYAMIYAGA,,Kagera,Kyerwa,,
BUSINDE,,Kagera,Kyerwa,,
ISINGIRO,,Kagera,Kyerwa,,
KAISHO,,Kagera,Kyerwa,,
NDAGARA,,Kagera,Kyerwa,,
WESTERN,,Kagera,Kyerwa,,
NYABISHENGE,,Kagera,Kyerwa,,
CHITWE,,Kagera,Kyerwa,,
KAMULI,,Kagera,Kyerwa,,
BUGOMORA,,Kagera,Kyerwa,,
IBANDA,,Kagera,Kyerwa,,
MUKIRE,,Kagera,Kyerwa,,
ADOLEC,,Kagera,Kyerwa,,
KIMULI,,Kagera,Kyerwa,,
BENARD,,Kagera,Kyerwa,,
KIDO,,Kagera,Kyerwa,,
KYERWA,,Kagera,Kyerwa,,
MABIRA,,Kagera,Kyerwa,,
NYAMILIMA,,Kagera,Kyerwa,,
MURONGO,,Kagera,Kyerwa,,
NKWENDA,,Kagera,Kyerwa,,
RUMANYIKA,,Kagera,Kyerwa,,
NAKAKE,,Kagera,Kyerwa,,
KITWENCHUKURA,,Kagera,Kyerwa,,
RUKURAIJO,,Kagera,Kyerwa,,
NTARE,,Kagera,Kyerwa,,
CHANYANGABWA,,Kagera,Kyerwa,,
SONGAMBELE,,Kagera,Kyerwa,,
BUGANDIKA,,Kagera,Missenyi,,
NKENGE,,Kagera,Missenyi,,
BUYANGO,,Kagera,Missenyi,,
BWANJAI,,Kagera,Missenyi,,
GERA,,Kagera,Missenyi,,
LUGOYE,,Kagera,Missenyi,,
TWEYAMBE,,Kagera,Missenyi,,
RWEMONDO,,Kagera,Missenyi,,
KAKUNYU,,Kagera,Missenyi,,
KANYIGO,,Kagera,Missenyi,,
KANYIGO MUSLIM SEMINARI,,Kagera,Missenyi,,
KIGARAMA,,Kagera,Missenyi,,
KIKUKWE,,Kagera,Missenyi,,
KASHENYE,,Kagera,Missenyi,,
BUNAZI,,Kagera,Missenyi,,
GABULANGA,,Kagera,Missenyi,,
KILIMILILE,,Kagera,Missenyi,,
BWABUKI,,Kagera,Missenyi,,
SUNLIGHT,,Kagera,Missenyi,,
KAGERA,,Kagera,Missenyi,,
MABALE,,Kagera,Missenyi,,
MINZIRO,,Kagera,Missenyi,,
KYAKA,,Kagera,Missenyi,,
MUTUKULA,,Kagera,Missenyi,,
KABWOBA,,Kagera,Missenyi,,
NSUNGA,,Kagera,Missenyi,,
RUZINGA,,Kagera,Missenyi,,
Biirabo,,Kagera,Muleba,,
Kihumulo,,Kagera,Muleba,,
Rukindo,,Kagera,Muleba,,
Bulyakashaju,,Kagera,Muleba,,
Bumbire,,Kagera,Muleba,,
Bureza,,Kagera,Muleba,,
Burungura,,Kagera,Muleba,,
Gwanseli,,Kagera,Muleba,,
Muleba,,Kagera,Muleba,,
Ibuga,,Kagera,Muleba,,
DIVINE MERCY,,Kagera,Muleba,,
Ijumbi,,Kagera,Muleba,,
Ikondo,,Kagera,Muleba,,
Izigo,,Kagera,Muleba,,
Katoke Lweru,,Kagera,Muleba,,
Sacred Heart,,Kagera,Muleba,,
Kabirizi,,Kagera,Muleba,,
Kamachumu,,Kagera,Muleba,,
Rutabo,,Kagera,Muleba,,
ST.JOSEPH RUTABO,,Kagera,Muleba,,
Karambi,,Kagera,Muleba,,
Kasharunga,,Kagera,Muleba,,
Humura,,Kagera,Muleba,,
Rulongo,,Kagera,Muleba,,
ST. MARY'S RUBYA SEMINARY,,Kagera,Muleba,,
Bujumba,,Kagera,Muleba,,
DREAM ARCHIVERS,,Kagera,Muleba,,
Kibanga,,Kagera,Muleba,,
Kagoma,,Kagera,Muleba,,
Kimwani,,Kagera,Muleba,,
Apex,,Kagera,Muleba,,
Kishanda,,Kagera,Muleba,,
Nyarubamba,,Kagera,Muleba,,
Kanyeranyere,,Kagera,Muleba,,
Kishoju,,Kagera,Muleba,,
Mayondwe,,Kagera,Muleba,,
Mubuka,,Kagera,Muleba,,
Kagondo,,Kagera,Muleba,,
Nyailigamba,,Kagera,Muleba,,
Anna Tibaijuka,,Kagera,Muleba,,
IBN HAMBAL ISLAMIC,,Kagera,Muleba,,
Kaigara,,Kagera,Muleba,,
St. Achilleus Kiwanuka Kijwire,,Kagera,Muleba,,
Jipe Moyo,,Kagera,Muleba,,
Ngenge,,Kagera,Muleba,,
Bunyagongo,,Kagera,Muleba,,
Itongo,,Kagera,Muleba,,
Nshamba,,Kagera,Muleba,,
Nyakabango,,Kagera,Muleba,,
Nyakatanga,,Kagera,Muleba,,
Ruhanga,,Kagera,Muleba,,
PROF.JOYCE NDALICHAKO,,Kagera,Muleba,,
BUKIRIRO,,Kagera,Ngara,,
KABANGA,,Kagera,Ngara,,
NYABISINDU,,Kagera,Ngara,,
KANAZI,,Kagera,Ngara,,
LUKOLE,,Kagera,Ngara,,
RUSUMO,,Kagera,Ngara,,
KEZA,,Kagera,Ngara,,
KIBIMBA,,Kagera,Ngara,,
KIBOGORA,,Kagera,Ngara,,
KIRUSHYA,,Kagera,Ngara,,
MABAWE,,Kagera,Ngara,,
NDOMBA,,Kagera,Ngara,,
ST. JOSEPH MBUBA,,Kagera,Ngara,,
MUGANZA,,Kagera,Ngara,,
MUGOMA,,Kagera,Ngara,,
MURUVYAGIRA,,Kagera,Ngara,,
SHUNGA,,Kagera,Ngara,,
GRACIOUS,,Kagera,Ngara,,
MURUSAGAMBA,,Kagera,Ngara,,
MCHUNGAJI MWEMA,,Kagera,Ngara,,
MURGWANZA,,Kagera,Ngara,,
NGARA,,Kagera,Ngara,,
NTOBEYE,,Kagera,Ngara,,
BULAMBA,,Mara,Bunda,,
CHITENGULE,,Mara,Bunda,,
HUNYARI,,Mara,Bunda,,
MWIGUNDU,,Mara,Bunda,,
KWIRAMBA,,Mara,Bunda,,
ESPERANTO,,Mara,Bunda,,
KIBARA,,Mara,Bunda,,
MWIBARA,,Mara,Bunda,,
CHISORYA,,Mara,Bunda,,
MEKOMARIRO,,Mara,Bunda,,
MIHINGO,,Mara,Bunda,,
CHAMRIHO,,Mara,Bunda,,
MURANDA,,Mara,Bunda,,
NANSIMO,,Mara,Bunda,,
NYERUMA,,Mara,Bunda,,
NYAMANG'UTA,,Mara,Bunda,,
IKIZU,,Mara,Bunda,,
MAKONGORO,,Mara,Bunda,,
SALAMA,,Mara,Bunda,,
RUBANA,,Mara,Bunda Tc,,
BUNDA,,Mara,Bunda Tc,,
ACT BUNDA GIRLS,,Mara,Bunda Tc,,
MKWEZI GIRLS,,Mara,Bunda Tc,,
NUI,,Mara,Bunda Tc,,
GUTA,,Mara,Bunda Tc,,
NYIENDO,,Mara,Bunda Tc,,
KABASA,,Mara,Bunda Tc,,
KUNZUGU,,Mara,Bunda Tc,,
SIZAKI,,Mara,Bunda Tc,,
DR. NCHIMBI,,Mara,Bunda Tc,,
ELLYS,,Mara,Bunda Tc,,
MAHENDE,,Mara,Bunda Tc,,
OLYMPUS,,Mara,Bunda Tc,,
SAZIRA,,Mara,Bunda Tc,,
WARIKU,,Mara,Bunda Tc,,
MKONO,,Mara,Butiama,,
BUHEMBA,,Mara,Butiama,,
MMAZAMI,,Mara,Butiama,,
BURUMA,,Mara,Butiama,,
BUSEGWE GIRLS',,Mara,Butiama,,
CHIEF IHUNYO,,Mara,Butiama,,
BARANGA,,Mara,Butiama,,
BUKO,,Mara,Butiama,,
WEGERO,,Mara,Butiama,,
BUTIAMA,,Mara,Butiama,,
CHIEF WANZAGI GIRLS',,Mara,Butiama,,
MBEZA BUTETE,,Mara,Butiama,,
BUTUGURI,,Mara,Butiama,,
BUMASWA,,Mara,Butiama,,
KIABAKARI,,Mara,Butiama,,
KUKIRANGO,,Mara,Butiama,,
KYANYARI,,Mara,Butiama,,
MASABA,,Mara,Butiama,,
MIRWA,,Mara,Butiama,,
BUMANGI,,Mara,Butiama,,
KIAGATA,,Mara,Butiama,,
KEMORAMBA,,Mara,Butiama,,
MUSOMA UTALII,,Mara,Butiama,,
PELAZIA,,Mara,Butiama,,
BUGWEMA,,Mara,Musoma,,
BUKIMA,,Mara,Musoma,,
MTIRO,,Mara,Musoma,,
BULINGA,,Mara,Musoma,,
BWASI,,Mara,Musoma,,
NYANJA,,Mara,Musoma,,
ETARO,,Mara,Musoma,,
KIRIBA,,Mara,Musoma,,
MAKOJO,,Mara,Musoma,,
MUGANGO,,Mara,Musoma,,
MURANGI,,Mara,Musoma,,
MABUI,,Mara,Musoma,,
NYAKATENDE,,Mara,Musoma,,
NYAMBONO,,Mara,Musoma,,
KASOMA,,Mara,Musoma,,
MKIRIRA,,Mara,Musoma,,
NYEGINA,,Mara,Musoma,,
RUSOLI,,Mara,Musoma,,
SUGUTI,,Mara,Musoma,,
TEGERUKA,,Mara,Musoma,,
BUHARE,,Mara,Musoma Mc,,
AMANI,,Mara,Musoma Mc,,
MARSHI,,Mara,Musoma Mc,,
NYABISARE,,Mara,Musoma Mc,,
PAMBAZUKO,,Mara,Musoma Mc,,
PAROMA,,Mara,Musoma Mc,,
SONGE,,Mara,Musoma Mc,,
IRINGO,,Mara,Musoma Mc,,
KAMUNYONGE,,Mara,Musoma Mc,,
MOREMBE,,Mara,Musoma Mc,,
MWEMBENI,,Mara,Musoma Mc,,
KIARA,,Mara,Musoma Mc,,
VICTORIA,,Mara,Musoma Mc,,
J.W. BUKANGA,,Mara,Musoma Mc,,
NYAMIONGO,,Mara,Musoma Mc,,
PIUS MAKOKO SEMINARI,,Mara,Musoma Mc,,
MUKENDO,,Mara,Musoma Mc,,
MSHIKAMANO,,Mara,Musoma Mc,,
MAKOKO,,Mara,Musoma Mc,,
MWISENGE,,Mara,Musoma Mc,,
BARUTI,,Mara,Musoma Mc,,
MARA,,Mara,Musoma Mc,,
NYAMITWEBIRI,,Mara,Musoma Mc,,
NYASHO,,Mara,Musoma Mc,,
BWERI,,Mara,Musoma Mc,,
MUSOMA UFUNDI,,Mara,Musoma Mc,,
ST. ALBERTO WASICHANA,,Mara,Musoma Mc,,
WANINGO,,Mara,Rorya,,
BUKURA,,Mara,Rorya,,
BUKWE,,Mara,Rorya,,
GORIBE,,Mara,Rorya,,
NYAMASANDA,,Mara,Rorya,,
BUKAMA,,Mara,Rorya,,
KINYENCHE,,Mara,Rorya,,
KIROGO,,Mara,Rorya,,
NYABIWE,,Mara,Rorya,,
KISUMWA,,Mara,Rorya,,
KUKONA,,Mara,Rorya,,
KWIBUSE,,Mara,Rorya,,
CHARYA,,Mara,Rorya,,
SUBA,,Mara,Rorya,,
NYANDUGA,,Mara,Rorya,,
NYAMAGARO,,Mara,Rorya,,
KYANG'OMBE,,Mara,Rorya,,
NYIHARA,,Mara,Rorya,,
GIRANGO,,Mara,Rorya,,
MESHPEN,,Mara,Rorya,,
MIRARE,,Mara,Rorya,,
KATURU,,Mara,Rorya,,
NGASARO,,Mara,Rorya,,
NYATHOROGO,,Mara,Rorya,,
PROF. PHILEMON SARUNGI,,Mara,Rorya,,
NYAMTINGA,,Mara,Rorya,,
NYAMUNGA,,Mara,Rorya,,
KOWAK GIRLS,,Mara,Rorya,,
MUSA AKASHA,,Mara,Rorya,,
BUTURI,,Mara,Rorya,,
PAST ODUNGAGA,,Mara,Rorya,,
RARANYA,,Mara,Rorya,,
ROCHE,,Mara,Rorya,,
MASONGA,,Mara,Rorya,,
TAI,,Mara,Rorya,,
BUSAWE,,Mara,Serengeti,,
NYABIHORE,,Mara,Serengeti,,
ROBANDA,,Mara,Serengeti,,
ISENYE,,Mara,Serengeti,,
IKORONGO,,Mara,Serengeti,,
NGOREME,,Mara,Serengeti,,
KISAKA,,Mara,Serengeti,,
KISANGURA,,Mara,Serengeti,,
NYICHOKA,,Mara,Serengeti,,
MACHOCHWE,,Mara,Serengeti,,
RING'WANI,,Mara,Serengeti,,
MAJIMOTO,,Mara,Serengeti,,
IKOMA,,Mara,Serengeti,,
MANCHIRA,,Mara,Serengeti,,
KAMBARAGE,,Mara,Serengeti,,
KITUNGURUMA,,Mara,Serengeti,,
MUGUMU,,Mara,Serengeti,,
TWIBHOKI,,Mara,Serengeti,,
KEMARONGE,,Mara,Serengeti,,
MOSONGO,,Mara,Serengeti,,
NAGUSI,,Mara,Serengeti,,
MAKUNDUSI,,Mara,Serengeti,,
NATTA,,Mara,Serengeti,,
DR.OMARI ALI JUMA,,Mara,Serengeti,,
MAMA MARIA NYERERE,,Mara,Serengeti,,
NYAMBURETI,,Mara,Serengeti,,
NYAMOKO,,Mara,Serengeti,,
NYANSURURA,,Mara,Serengeti,,
RIGICHA,,Mara,Serengeti,,
SOMOCHE,,Mara,Serengeti,,
NYAMBURI,,Mara,Serengeti,,
SEDECO,,Mara,Serengeti,,
SERENGETI NURU,,Mara,Serengeti,,
SERENGETI,,Mara,Serengeti,,
KEBOGWE,,Mara,Tarime,,
NYAMWIGURA,,Mara,Tarime,,
KURUMWA,,Mara,Tarime,,
ST. IMMACULATE,,Mara,Tarime,,
BOREGA,,Mara,Tarime,,
DR. JOHN CHACHA,,Mara,Tarime,,
GORONG'A,,Mara,Tarime,,
KITAWASI,,Mara,Tarime,,
INCHUGU,,Mara,Tarime,,
ITIRYO,,Mara,Tarime,,
INGWE,,Mara,Tarime,,
KEMAMBO,,Mara,Tarime,,
GENGE,,Mara,Tarime,,
KIBASUKA,,Mara,Tarime,,
MANGA,,Mara,Tarime,,
GIBASO,,Mara,Tarime,,
NYAMONGO,,Mara,Tarime,,
MBOGI,,Mara,Tarime,,
BUNGURERE,,Mara,Tarime,,
KOROTAMBE,,Mara,Tarime,,
MAGOTO,,Mara,Tarime,,
JULIUS KAMBARAGE NYERERE,,Mara,Tarime,,
NYAMWAGA,,Mara,Tarime,,
NYANUNGU,,Mara,Tarime,,
INCHAGE,,Mara,Tarime,,
KEMAKORERE,,Mara,Tarime,,
NYARERO,,Mara,Tarime,,
BWIREGI,,Mara,Tarime,,
NYANSINCHA,,Mara,Tarime,,
NYANTIRA,,Mara,Tarime,,
NYAIBARA,,Mara,Tarime,,
SIRARI,,Mara,Tarime,,
MWEMA,,Mara,Tarime,,
BOMANI,,Mara,Tarime Tc,,
TARIME,,Mara,Tarime Tc,,
KENYAMANYORI,,Mara,Tarime Tc,,
MOGABIRI,,Mara,Tarime Tc,,
NKENDE,,Mara,Tarime Tc,,
NYAMISANGURA,,Mara,Tarime Tc,,
ANGEL HOUSE,,Mara,Tarime Tc,,
NYANDOTO,,Mara,Tarime Tc,,
SAMARITAN TECHNICAL,,Mara,Tarime Tc,,
REBU,,Mara,Tarime Tc,,
TARIME WASICHANA,,Mara,Tarime Tc,,
FUKAYOSI,,Pwani,Bagamoyo,,
KEREGE,,Pwani,Bagamoyo,,
LORD BADEN POWELL MEMORIAL,,Pwani,Bagamoyo,,
MARIAN BOYS,,Pwani,Bagamoyo,,
AHMES,,Pwani,Bagamoyo,,
GENIUS KINGS',,Pwani,Bagamoyo,,
KIROMO,,Pwani,Bagamoyo,,
PREMIER GIRLS,,Pwani,Bagamoyo,,
EAGLES,,Pwani,Bagamoyo,,
HASSANAL DAMJI,,Pwani,Bagamoyo,,
KINGANI,,Pwani,Bagamoyo,,
MARIAN GIRLS,,Pwani,Bagamoyo,,
BAOBAB,,Pwani,Bagamoyo,,
EFATHA SEMINARY,,Pwani,Bagamoyo,,
LUTHER GIRLS,,Pwani,Bagamoyo,,
NIANJEMA,,Pwani,Bagamoyo,,
MATIMBWA,,Pwani,Bagamoyo,,
ZAMZA ISLAMIC,,Pwani,Bagamoyo,,
GRACE,,Pwani,Bagamoyo,,
ZINGA,,Pwani,Bagamoyo,,
CHALINZE,,Pwani,Chalinze,,
CHALINZE ISLAMIC,,Pwani,Chalinze,,
IMPERIAL,,Pwani,Chalinze,,
MDAULA,,Pwani,Chalinze,,
KIBINDU,,Pwani,Chalinze,,
KIMANGE,,Pwani,Chalinze,,
KIWANGWA,,Pwani,Chalinze,,
LUGOBA,,Pwani,Chalinze,,
MORETO,,Pwani,Chalinze,,
MANDERA (GIRLS),,Pwani,Chalinze,,
CHANGALIKWA,,Pwani,Chalinze,,
KIKARO,,Pwani,Chalinze,,
MIONO,,Pwani,Chalinze,,
MATIPWILI,,Pwani,Chalinze,,
MSATA,,Pwani,Chalinze,,
MBOGA,,Pwani,Chalinze,,
BERACHAH VALLEY,,Pwani,Chalinze,,
TALAWANDA,,Pwani,Chalinze,,
BWAWANI,,Pwani,Chalinze,,
UBENA,,Pwani,Chalinze,,
VIGWAZA,,Pwani,Chalinze,,
ROSE MARIE,,Pwani,Kibaha,,
REGINA SANTORUM,,Pwani,Kibaha,,
KILANGALANGA,,Pwani,Kibaha,,
ST. GETRUDE GIRLS MLANDIZI,,Pwani,Kibaha,,
KWALA,,Pwani,Kibaha,,
MAGINDU,,Pwani,Kibaha,,
ACACIA,,Pwani,Kibaha,,
DOSA AZIZI,,Pwani,Kibaha,,
MIHANDE,,Pwani,Kibaha,,
RUVU,,Pwani,Kibaha,,
RUVU STATION,,Pwani,Kibaha,,
HERITAGE,,Pwani,Kibaha,,
NYALUSI,,Pwani,Kibaha,,
RAFSANJANI SOGA,,Pwani,Kibaha,,
WAAMUZI,,Pwani,Kibaha,,
GIFT SKILFUL,,Pwani,Kibaha Tc,,
SIMBANI,,Pwani,Kibaha Tc,,
KONGOWE POLYTECHNIC,,Pwani,Kibaha Tc,,
MIEMBESABA,,Pwani,Kibaha Tc,,
MWAMBISI FOREST,,Pwani,Kibaha Tc,,
SAMBU,,Pwani,Kibaha Tc,,
BUNDIKANI,,Pwani,Kibaha Tc,,
GILI,,Pwani,Kibaha Tc,,
JOSTIHEGO,,Pwani,Kibaha Tc,,
MBWAWA,,Pwani,Kibaha Tc,,
MBWAWA MISWE,,Pwani,Kibaha Tc,,
MOUNT ARARAT GIRLS,,Pwani,Kibaha Tc,,
RoNeCa GIRLS,,Pwani,Kibaha Tc,,
WESTGATE GIRLS,,Pwani,Kibaha Tc,,
ZOGOWALE,,Pwani,Kibaha Tc,,
FABCAST,,Pwani,Kibaha Tc,,
MKUZA GIRLS',,Pwani,Kibaha Tc,,
NYUMBU,,Pwani,Kibaha Tc,,
SULLIVAN PROVOST (BOYS),,Pwani,Kibaha Tc,,
KASSINGA,,Pwani,Kibaha Tc,,
MSANGANI,,Pwani,Kibaha Tc,,
KATOROSIA,,Pwani,Kibaha Tc,,
PANGANI,,Pwani,Kibaha Tc,,
EAST COAST,,Pwani,Kibaha Tc,,
FILBERT BAYI GIRLS',,Pwani,Kibaha Tc,,
SUNSHINE,,Pwani,Kibaha Tc,,
KIBAHA,,Pwani,Kibaha Tc,,
KIBAHA GIRLS,,Pwani,Kibaha Tc,,
MWANALUGALI,,Pwani,Kibaha Tc,,
TUMBI,,Pwani,Kibaha Tc,,
WAL UL ASR GIRLS,,Pwani,Kibaha Tc,,
ATHENA (GIRLS),,Pwani,Kibaha Tc,,
KAFULUSU,,Pwani,Kibaha Tc,,
ST. ALOYSIUS GIRLS,,Pwani,Kibaha Tc,,
ST. MARY'S VISIGA,,Pwani,Kibaha Tc,,
VISIGA,,Pwani,Kibaha Tc,,
WAWETU ELISHADAI,,Pwani,Kibaha Tc,,
INSPIRE,,Pwani,Kibaha Tc,,
MSAFIRI,,Pwani,Kibiti,,
DIMANI,,Pwani,Kibiti,,
ZIMBWINI,,Pwani,Kibiti,,
MTANGA DELTA,,Pwani,Kibiti,,
MAHEGE,,Pwani,Kibiti,,
MCHUKWI,,Pwani,Kibiti,,
MJAWA,,Pwani,Kibiti,,
MLANZI,,Pwani,Kibiti,,
KIBITI,,Pwani,Kibiti,,
KIKALE,,Pwani,Kibiti,,
RUARUKE,,Pwani,Kibiti,,
NYAMISATI,,Pwani,Kibiti,,
WAMA NAKAYAMA,,Pwani,Kibiti,,
CHOLE,,Pwani,Kisarawe,,
KIBUTA,,Pwani,Kisarawe,,
MAKURUNGE,,Pwani,Kisarawe,,
OSLO,,Pwani,Kisarawe,,
WALI -UL - ASR BOYS,,Pwani,Kisarawe,,
CHANZIGE,,Pwani,Kisarawe,,
KIMANI,,Pwani,Kisarawe,,
KISARAWE JUNIOUR SEMINARY,,Pwani,Kisarawe,,
MINAKI,,Pwani,Kisarawe,,
KURUI,,Pwani,Kisarawe,,
GWATA-KISARAWE,,Pwani,Kisarawe,,
GONGONI,,Pwani,Kisarawe,,
MANEROMANGO,,Pwani,Kisarawe,,
MFURU,,Pwani,Kisarawe,,
OVERLAND,,Pwani,Kisarawe,,
THE GREAT LAKES,,Pwani,Kisarawe,,
MASAKI,,Pwani,Kisarawe,,
JANGUO,,Pwani,Kisarawe,,
CHRISTON MEMORIAL,,Pwani,Kisarawe,,
MSIMBU,,Pwani,Kisarawe,,
MZENGA,,Pwani,Kisarawe,,
VIKUMBURU,,Pwani,Kisarawe,,
BALENI,,Pwani,Mafia,,
BWENI,,Pwani,Mafia,,
KITOMONDO,,Pwani,Mafia,,
KILINDONI,,Pwani,Mafia,,
KIRONGWE,,Pwani,Mafia,,
MICHENI,,Pwani,Mafia,,
KIIMBWANINDI,,Pwani,Mkuranga,,
MAMNDIMKONGO,,Pwani,Mkuranga,,
KISIJU,,Pwani,Mkuranga,,
SOTELE,,Pwani,Mkuranga,,
MKAMBA,,Pwani,Mkuranga,,
KIPARANG'ANDA,,Pwani,Mkuranga,,
KISIJUPWANI,,Pwani,Mkuranga,,
MKUGILO,,Pwani,Mkuranga,,
LUKANGA,,Pwani,Mkuranga,,
MAGAWA,,Pwani,Mkuranga,,
SHUNGUBWENI,,Pwani,Mkuranga,,
TAMBANI,,Pwani,Mkuranga,,
KIZOMLA,,Pwani,Mkuranga,,
DUNDANI,,Pwani,Mkuranga,,
MWINYI,,Pwani,Mkuranga,,
UJENZI,,Pwani,Mkuranga,,
NASIBUGANI,,Pwani,Mkuranga,,
CENTENNIAL CHRISTIAN SEMINARY,,Pwani,Mkuranga,,
KIZUMBA,,Pwani,Mkuranga,,
MSAMARIA,,Pwani,Mkuranga,,
MSERU,,Pwani,Mkuranga,,
MWANDEGE,,Pwani,Mkuranga,,
MWANDEGE BOYS,,Pwani,Mkuranga,,
ST.MATHEWS,,Pwani,Mkuranga,,
VICTORY,,Pwani,Mkuranga,,
MWARUSEMBE,,Pwani,Mkuranga,,
MITEZA,,Pwani,Mkuranga,,
MKIU,,Pwani,Mkuranga,,
PANZUO,,Pwani,Mkuranga,,
HOCET,,Pwani,Mkuranga,,
ABDALLA H. ULEGA,,Pwani,Mkuranga,,
TENGELEA,,Pwani,Mkuranga,,
KISIMA,,Pwani,Mkuranga,,
VIANZI,,Pwani,Mkuranga,,
BRIGHT ANGELS,,Pwani,Mkuranga,,
CARMEL MUONT GIRLS,,Pwani,Mkuranga,,
IBUN JAZAR,,Pwani,Mkuranga,,
VIKINDU,,Pwani,Mkuranga,,
KAZAMOYO,,Pwani,Rufiji,,
MBWARA,,Pwani,Rufiji,,
IKWIRIRI,,Pwani,Rufiji,,
MKONGO,,Pwani,Rufiji,,
MOHORO,,Pwani,Rufiji,,
MWASENI,,Pwani,Rufiji,,
NGORONGO,,Pwani,Rufiji,,
UMWE,,Pwani,Rufiji,,
UMMU-SSALAMA GIRLS',,Pwani,Rufiji,,
UTETE,,Pwani,Rufiji,,
ALGEBRA ISLAMIC SEMINARI,,Dar Es Salaam,Kigamboni Mc,,
KIBADA,,Dar Es Salaam,Kigamboni Mc,,
KINGS VISION,,Dar Es Salaam,Kigamboni Mc,,
MIZIMBINI,,Dar Es Salaam,Kigamboni Mc,,
KIGAMBONI,,Dar Es Salaam,Kigamboni Mc,,
KIMBIJI,,Dar Es Salaam,Kigamboni Mc,,
IHSAN ISLAMIC,,Dar Es Salaam,Kigamboni Mc,,
KISARAWE II,,Dar Es Salaam,Kigamboni Mc,,
ABOUD JUMBE,,Dar Es Salaam,Kigamboni Mc,,
KIBUGUMO,,Dar Es Salaam,Kigamboni Mc,,
KIDETE,,Dar Es Salaam,Kigamboni Mc,,
KISOTA,,Dar Es Salaam,Kigamboni Mc,,
PEMBA MNAZI,,Dar Es Salaam,Kigamboni Mc,,
DAARUL-ARQAM,,Dar Es Salaam,Kigamboni Mc,,
IBUN RUSHDY,,Dar Es Salaam,Kigamboni Mc,,
NGUVA,,Dar Es Salaam,Kigamboni Mc,,
SOMANGILA,,Dar Es Salaam,Kigamboni Mc,,
FLAY LUIS AMIGO,,Dar Es Salaam,Kigamboni Mc,,
TUNGI,,Dar Es Salaam,Kigamboni Mc,,
MINAZINI,,Dar Es Salaam,Kigamboni Mc,,
VIJIBWENI,,Dar Es Salaam,Kigamboni Mc,,
BOKO,,Dar Es Salaam,Kinondoni Mc,,
BUNJU,,Dar Es Salaam,Kinondoni Mc,,
BUNJU A,,Dar Es Salaam,Kinondoni Mc,,
FAITH,,Dar Es Salaam,Kinondoni Mc,,
FANAKA MEMORIAL,,Dar Es Salaam,Kinondoni Mc,,
LYCEUM,,Dar Es Salaam,Kinondoni Mc,,
MIANZINI,,Dar Es Salaam,Kinondoni Mc,,
ONE STOP,,Dar Es Salaam,Kinondoni Mc,,
STAMARIA SALOME,,Dar Es Salaam,Kinondoni Mc,,
HANANASIF,,Dar Es Salaam,Kinondoni Mc,,
CROWN,,Dar Es Salaam,Kinondoni Mc,,
FEZA GIRLS,,Dar Es Salaam,Kinondoni Mc,,
KAWE UKWAMANI,,Dar Es Salaam,Kinondoni Mc,,
MWAMBAO,,Dar Es Salaam,Kinondoni Mc,,
KIGOGO,,Dar Es Salaam,Kinondoni Mc,,
MASJID QUBAH,,Dar Es Salaam,Kinondoni Mc,,
SALMA KIKWETE,,Dar Es Salaam,Kinondoni Mc,,
ZUHURA ISLAMIC,,Dar Es Salaam,Kinondoni Mc,,
KINONDONI MUSLIM,,Dar Es Salaam,Kinondoni Mc,,
MIVUMONI ISLAMIC,,Dar Es Salaam,Kinondoni Mc,,
BAHARI BEACH,,Dar Es Salaam,Kinondoni Mc,,
CANOSSA,,Dar Es Salaam,Kinondoni Mc,,
DESTINY,,Dar Es Salaam,Kinondoni Mc,,
FEZA BOYS,,Dar Es Salaam,Kinondoni Mc,,
GHOMME GIRLS',,Dar Es Salaam,Kinondoni Mc,,
JOHN THE BAPTIST,,Dar Es Salaam,Kinondoni Mc,,
JORDAN,,Dar Es Salaam,Kinondoni Mc,,
KONDO,,Dar Es Salaam,Kinondoni Mc,,
KO'SIRYAMU,,Dar Es Salaam,Kinondoni Mc,,
KUNDUCHI GIRLS',,Dar Es Salaam,Kinondoni Mc,,
MTAKUJA BEACH,,Dar Es Salaam,Kinondoni Mc,,
ST. GASPAR DE BUFALLO,,Dar Es Salaam,Kinondoni Mc,,
UNUNIO BOYS,,Dar Es Salaam,Kinondoni Mc,,
MABWE,,Dar Es Salaam,Kinondoni Mc,,
MBOPO 'A',,Dar Es Salaam,Kinondoni Mc,,
NJECHELE,,Dar Es Salaam,Kinondoni Mc,,
DAR-ES-SALAAM BAPTIST,,Dar Es Salaam,Kinondoni Mc,,
NUR ISLAMIC,,Dar Es Salaam,Kinondoni Mc,,
GEORGE WASHINGTON,,Dar Es Salaam,Kinondoni Mc,,
MAKONGO,,Dar Es Salaam,Kinondoni Mc,,
MAKONGO JUU,,Dar Es Salaam,Kinondoni Mc,,
WHITE LAKE,,Dar Es Salaam,Kinondoni Mc,,
MAKUMBUSHO,,Dar Es Salaam,Kinondoni Mc,,
BRAEBURN INTERNATIONAL,,Dar Es Salaam,Kinondoni Mc,,
LAUREATE INTERNATIONAL,,Dar Es Salaam,Kinondoni Mc,,
LIBERMANN,,Dar Es Salaam,Kinondoni Mc,,
MBEZI BEACH,,Dar Es Salaam,Kinondoni Mc,,
MBEZI JUU,,Dar Es Salaam,Kinondoni Mc,,
ST.MARYS MBEZI BEACH,,Dar Es Salaam,Kinondoni Mc,,
HOPE & JOY,,Dar Es Salaam,Kinondoni Mc,,
MBWENI,,Dar Es Salaam,Kinondoni Mc,,
MBWENI TETA,,Dar Es Salaam,Kinondoni Mc,,
NEW ERA,,Dar Es Salaam,Kinondoni Mc,,
SHAMSIYE,,Dar Es Salaam,Kinondoni Mc,,
ACADEMIC INTERNATIONAL,,Dar Es Salaam,Kinondoni Mc,,
ALPHA,,Dar Es Salaam,Kinondoni Mc,,
MIKOCHENI,,Dar Es Salaam,Kinondoni Mc,,
SHREE HINDU MANDAL,,Dar Es Salaam,Kinondoni Mc,,
DAR ES SALAAM INDEPENDENT SCHO,,Dar Es Salaam,Kinondoni Mc,,
INTERNATIONAL SCHOOL OF TANGAN,,Dar Es Salaam,Kinondoni Mc,,
MSASANI ISLAMIC,,Dar Es Salaam,Kinondoni Mc,,
OYSTERBAY,,Dar Es Salaam,Kinondoni Mc,,
KAMBANGWA,,Dar Es Salaam,Kinondoni Mc,,
RIDHWAA,,Dar Es Salaam,Kinondoni Mc,,
MZIMUNI,,Dar Es Salaam,Kinondoni Mc,,
TURIANI,,Dar Es Salaam,Kinondoni Mc,,
AFRICANA,,Dar Es Salaam,Kinondoni Mc,,
ANDREW FAZA MEMORIAL,,Dar Es Salaam,Kinondoni Mc,,
ATLAS,,Dar Es Salaam,Kinondoni Mc,,
CORNELIUS GIRLS,,Dar Es Salaam,Kinondoni Mc,,
DYNAMIC,,Dar Es Salaam,Kinondoni Mc,,
FEZA- SALASALA,,Dar Es Salaam,Kinondoni Mc,,
GREEN ACRES,,Dar Es Salaam,Kinondoni Mc,,
GREEN LIGHT,,Dar Es Salaam,Kinondoni Mc,,
HAVEN OF PEACE SEMINARI,,Dar Es Salaam,Kinondoni Mc,,
KISAUKE,,Dar Es Salaam,Kinondoni Mc,,
MAENDELEO,,Dar Es Salaam,Kinondoni Mc,,
MASJID QIBRATAIN,,Dar Es Salaam,Kinondoni Mc,,
MIVUMONI,,Dar Es Salaam,Kinondoni Mc,,
PATRIC MISSION,,Dar Es Salaam,Kinondoni Mc,,
TWIGA,,Dar Es Salaam,Kinondoni Mc,,
WAZO HILL,,Dar Es Salaam,Kinondoni Mc,,
KICHANGA,,Dar Es Salaam,Temeke Mc,,
BUZA,,Dar Es Salaam,Temeke Mc,,
CHAMAZI,,Dar Es Salaam,Temeke Mc,,
CHAMAZI ISLAMIC,,Dar Es Salaam,Temeke Mc,,
CHAMAZI MIFE,,Dar Es Salaam,Temeke Mc,,
CHEM-BANDE,,Dar Es Salaam,Temeke Mc,,
DEBRABANT,,Dar Es Salaam,Temeke Mc,,
EMMANUEL II,,Dar Es Salaam,Temeke Mc,,
EPIPHANY,,Dar Es Salaam,Temeke Mc,,
KENT,,Dar Es Salaam,Temeke Mc,,
MBANDE,,Dar Es Salaam,Temeke Mc,,
SAKU,,Dar Es Salaam,Temeke Mc,,
NZASA,,Dar Es Salaam,Temeke Mc,,
KEKO,,Dar Es Salaam,Temeke Mc,,
KINGUGI,,Dar Es Salaam,Temeke Mc,,
HELASITA,,Dar Es Salaam,Temeke Mc,,
MBAGALA KUU,,Dar Es Salaam,Temeke Mc,,
NELUKA,,Dar Es Salaam,Temeke Mc,,
BARABARA YA MWINYI,,Dar Es Salaam,Temeke Mc,,
AL-FURQAAN,,Dar Es Salaam,Temeke Mc,,
KURASINI,,Dar Es Salaam,Temeke Mc,,
MAKANGARAWE,,Dar Es Salaam,Temeke Mc,,
BALILI,,Dar Es Salaam,Temeke Mc,,
MBAGALA,,Dar Es Salaam,Temeke Mc,,
ST. ANTHONY'S,,Dar Es Salaam,Temeke Mc,,
CHARAMBE,,Dar Es Salaam,Temeke Mc,,
THAQALAIN,,Dar Es Salaam,Temeke Mc,,
AL-AMIN,,Dar Es Salaam,Temeke Mc,,
CHANG'OMBE,,Dar Es Salaam,Temeke Mc,,
JITEGEMEE,,Dar Es Salaam,Temeke Mc,,
KIBASILA,,Dar Es Salaam,Temeke Mc,,
KIBASILA 'B',,Dar Es Salaam,Temeke Mc,,
MIBURANI,,Dar Es Salaam,Temeke Mc,,
TEDEO,,Dar Es Salaam,Temeke Mc,,
WAILESI,,Dar Es Salaam,Temeke Mc,,
YEMEN,,Dar Es Salaam,Temeke Mc,,
RELINI,,Dar Es Salaam,Temeke Mc,,
TEMEKE,,Dar Es Salaam,Temeke Mc,,
MAARIFA TANDIKA,,Dar Es Salaam,Temeke Mc,,
TANDIKA,,Dar Es Salaam,Temeke Mc,,
YESHUA,,Dar Es Salaam,Temeke Mc,,
AL HIKMA GIRLS',,Dar Es Salaam,Temeke Mc,,
NDALALA,,Dar Es Salaam,Temeke Mc,,
PENDAMOYO,,Dar Es Salaam,Temeke Mc,,
TWAYYIBAT ISLAMIYYAT,,Dar Es Salaam,Temeke Mc,,
AGAPE MBAGALA,,Dar Es Salaam,Temeke Mc,,
AL HIKMA,,Dar Es Salaam,Temeke Mc,,
CHANGANYIKENI,,Dar Es Salaam,Temeke Mc,,
DSM CHRISTIAN SEMINARY,,Dar Es Salaam,Temeke Mc,,
GEORGE KONGOWE,,Dar Es Salaam,Temeke Mc,,
JOYLAND,,Dar Es Salaam,Temeke Mc,,
MALELA,,Dar Es Salaam,Temeke Mc,,
MIKWAMBE,,Dar Es Salaam,Temeke Mc,,
PIUS,,Dar Es Salaam,Temeke Mc,,
ST. MARKS,,Dar Es Salaam,Temeke Mc,,
TOANGOMA,,Dar Es Salaam,Temeke Mc,,
LOUIS MONTFORT,,Dar Es Salaam,Temeke Mc,,
LUMO,,Dar Es Salaam,Temeke Mc,,
TIRAV,,Dar Es Salaam,Temeke Mc,,
VITUKA,,Dar Es Salaam,Temeke Mc,,
YOMBO,,Dar Es Salaam,Temeke Mc,,
FAHARI,,Dar Es Salaam,Ubungo Mc,,
GOBA,,Dar Es Salaam,Ubungo Mc,,
GOBA MPAKANI,,Dar Es Salaam,Ubungo Mc,,
KINZUDI,,Dar Es Salaam,Ubungo Mc,,
LILIAN KIBO,,Dar Es Salaam,Ubungo Mc,,
MATOSA,,Dar Es Salaam,Ubungo Mc,,
ST. JOSEPH MILLENIUM,,Dar Es Salaam,Ubungo Mc,,
G.G. SHULUA,,Dar Es Salaam,Ubungo Mc,,
GLENRONS,,Dar Es Salaam,Ubungo Mc,,
GOGONI,,Dar Es Salaam,Ubungo Mc,,
HERI,,Dar Es Salaam,Ubungo Mc,,
HONDOGO B,,Dar Es Salaam,Ubungo Mc,,
KIBAMBA,,Dar Es Salaam,Ubungo Mc,,
KIBWEGERE,,Dar Es Salaam,Ubungo Mc,,
KIBWEHERI,,Dar Es Salaam,Ubungo Mc,,
KIFAI MODERN,,Dar Es Salaam,Ubungo Mc,,
KILUVYA,,Dar Es Salaam,Ubungo Mc,,
SAKANA,,Dar Es Salaam,Ubungo Mc,,
KIMARA,,Dar Es Salaam,Ubungo Mc,,
MAKANGE,,Dar Es Salaam,Ubungo Mc,,
PEACE LAND,,Dar Es Salaam,Ubungo Mc,,
TEMBONI,,Dar Es Salaam,Ubungo Mc,,
THEOFLO NGOWI MEMORIAL,,Dar Es Salaam,Ubungo Mc,,
THOMAS MORE MACHRINA,,Dar Es Salaam,Ubungo Mc,,
BABRO JOHNSON,,Dar Es Salaam,Ubungo Mc,,
EMET,,Dar Es Salaam,Ubungo Mc,,
KWEMBE 'B',,Dar Es Salaam,Ubungo Mc,,
LUGURUNI,,Dar Es Salaam,Ubungo Mc,,
LOYOLA,,Dar Es Salaam,Ubungo Mc,,
MABIBO,,Dar Es Salaam,Ubungo Mc,,
MAKOKA,,Dar Es Salaam,Ubungo Mc,,
YUSUF R. MAKAMBA,,Dar Es Salaam,Ubungo Mc,,
MAKURUMLA,,Dar Es Salaam,Ubungo Mc,,
MANZESE,,Dar Es Salaam,Ubungo Mc,,
AUREKE,,Dar Es Salaam,Ubungo Mc,,
BETHSAIDA,,Dar Es Salaam,Ubungo Mc,,
HELLEN'S,,Dar Es Salaam,Ubungo Mc,,
MBEZI,,Dar Es Salaam,Ubungo Mc,,
MBEZI INN,,Dar Es Salaam,Ubungo Mc,,
MPIJI MAGOHE,,Dar Es Salaam,Ubungo Mc,,
RISING STAR,,Dar Es Salaam,Ubungo Mc,,
SAVIACK,,Dar Es Salaam,Ubungo Mc,,
ST. ANN'S,,Dar Es Salaam,Ubungo Mc,,
MBURAHATI,,Dar Es Salaam,Ubungo Mc,,
ANNE MARIE,,Dar Es Salaam,Ubungo Mc,,
BRILLIANT,,Dar Es Salaam,Ubungo Mc,,
KINGS,,Dar Es Salaam,Ubungo Mc,,
MACMILLAN,,Dar Es Salaam,Ubungo Mc,,
MALAMBAMAWILI,,Dar Es Salaam,Ubungo Mc,,
MATANGINI ISLAMIC SEMINARI,,Dar Es Salaam,Ubungo Mc,,
MIDLANDS,,Dar Es Salaam,Ubungo Mc,,
MSIGANI,,Dar Es Salaam,Ubungo Mc,,
TEMBONI GOVT,,Dar Es Salaam,Ubungo Mc,,
KING'ONGO,,Dar Es Salaam,Ubungo Mc,,
SARANGA,,Dar Es Salaam,Ubungo Mc,,
ST. AUGUSTINE TAGASTE,,Dar Es Salaam,Ubungo Mc,,
LUQMAN ISLAMIC SEMINARI,,Dar Es Salaam,Ubungo Mc,,
MASHUJAA,,Dar Es Salaam,Ubungo Mc,,
MUGABE,,Dar Es Salaam,Ubungo Mc,,
SINZA TOWER,,Dar Es Salaam,Ubungo Mc,,
PERFECT VISION,,Dar Es Salaam,Ubungo Mc,,
UBUNGO ISLAMIC,,Dar Es Salaam,Ubungo Mc,,
UBUNGO MODERN,,Dar Es Salaam,Ubungo Mc,,
URAFIKI,,Dar Es Salaam,Ubungo Mc,,
BUYUNI,,,Ilala Mc,,
NYEBURU,,,Ilala Mc,,
DR.DIDASI MASABURI,,,Ilala Mc,,
NGUVU MPYA,,,Ilala Mc,,
ALHARAMAIN,,,Ilala Mc,,
B.W.MKAPA,,,Ilala Mc,,
DAR ES SALAAM,,,Ilala Mc,,
DAR ES SALAAM ISLAMIC SEMINARI (,,,Ilala Mc,,
GEREZANI,,,Ilala Mc,,
MCHANGANYIKO,,,Ilala Mc,,
GONGOLAMBOTO,,,Ilala Mc,,
JUHUDI,,,Ilala Mc,,
THOMAS,,,Ilala Mc,,
ULONGONI,,,Ilala Mc,,
ILALA ISLAMIC,,,Ilala Mc,,
KASULU,,,Ilala Mc,,
MSIMBAZI,,,Ilala Mc,,
MNAZI MMOJA,,,Ilala Mc,,
KAMENE,,,Ilala Mc,,
KIMANGA,,,Ilala Mc,,
TABATA,,,Ilala Mc,,
ARI,,,Ilala Mc,,
KINYEREZI,,,Ilala Mc,,
KISUNGU,,,Ilala Mc,,
MIDWAY,,,Ilala Mc,,
MUHANGA,,,Ilala Mc,,
AIRWING,,,Ilala Mc,,
GOSPEL CAMPAIGN,,,Ilala Mc,,
ILALA,,,Ilala Mc,,
MAJANI YA CHAI,,,Ilala Mc,,
MAGOZA,,,Ilala Mc,,
MWENYEHERI ANUARITE,,,Ilala Mc,,
KISUTU,,,Ilala Mc,,
KITUNDA,,,Ilala Mc,,
ST JOSEPH CATHEDRAL,,,Ilala Mc,,
ABUUY JUMAA,,,Ilala Mc,,
HOPE KIVULE,,,Ilala Mc,,
KANANURA,,,Ilala Mc,,
KEREZANGE,,,Ilala Mc,,
KIVULE,,,Ilala Mc,,
MBONEA,,,Ilala Mc,,
MESAC,,,Ilala Mc,,
MISITU,,,Ilala Mc,,
SANDVALLEY,,,Ilala Mc,,
AFRICAN TABATA,,,Ilala Mc,,
DAORA,,,Ilala Mc,,
GOLDEN,,,Ilala Mc,,
HALISI,,,Ilala Mc,,
MAGNUS,,,Ilala Mc,,
MAJOHE,,,Ilala Mc,,
VIWEGE,,,Ilala Mc,,
JAMHURI,,,Ilala Mc,,
MCHIKICHINI,,,Ilala Mc,,
BINTI MUSSA,,,Ilala Mc,,
AHMADIYYA,,,Ilala Mc,,
BRIGHT FUTURE GIRLS',,,Ilala Mc,,
KITONGA,,,Ilala Mc,,
MBONDOLE,,,Ilala Mc,,
MKERA,,,Ilala Mc,,
MSONGOLA,,,Ilala Mc,,
MVUTI,,,Ilala Mc,,
SANGARA,,,Ilala Mc,,
LILASIA,,,Ilala Mc,,
MISSION KITUNDA,,,Ilala Mc,,
MWANAGATI,,,Ilala Mc,,
MZINGA,,,Ilala Mc,,
TUMAINI NKEREZANGE,,,Ilala Mc,,
KINYAMWEZI,,,Ilala Mc,,
PUGU,,,Ilala Mc,,
ROSEHILL,,,Ilala Mc,,
AARON HARRIS,,,Ilala Mc,,
HIGHVIEW,,,Ilala Mc,,
MAIN GREENHILL,,,Ilala Mc,,
PUGU STATION,,,Ilala Mc,,
AMBASSADOR,,,Ilala Mc,,
MADIBA,,,Ilala Mc,,
MIGOMBANI,,,Ilala Mc,,
SEGEREA HILL,,,Ilala Mc,,
ST. MAXIMILLIAN,,,Ilala Mc,,
TUSIIME,,,Ilala Mc,,
UGOMBOLWA,,,Ilala Mc,,
ALFAROUQ,,,Ilala Mc,,
CHRIST THE KING,,,Ilala Mc,,
KENTON TABATA,,,Ilala Mc,,
ZAWADI,,,Ilala Mc,,
MARKAZ ISLAMIC,,,Ilala Mc,,
AL-MADRASATUS SAIFIYA TUL BURHA,,,Ilala Mc,,
AL-MUNTAZIL,,,Ilala Mc,,
AZANIA,,,Ilala Mc,,
JANGWANI,,,Ilala Mc,,
TAMBAZA,,,Ilala Mc,,
AGAKHAN MZIZIMA,,,Ilala Mc,,
SHAABAN ROBERT,,,Ilala Mc,,
ZANAKI,,,Ilala Mc,,
VINGUNGUTI,,,Ilala Mc,,
CHANIKA,,,Ilala Mc,,
FURAHA,,,Ilala Mc,,
ZINGIZIWA,,,Ilala Mc,,
ISANGE,,Mbeya,Busokelo,,
SELYA,,Mbeya,Busokelo,,
KABULA,,Mbeya,Busokelo,,
MANOW SEMINARI,,Mbeya,Busokelo,,
MPATA,,Mbeya,Busokelo,,
IKAPU,,Mbeya,Busokelo,,
NTABA,,Mbeya,Busokelo,,
BUSOKELO WASICHANA,,Mbeya,Busokelo,,
MWATISI,,Mbeya,Busokelo,,
KISEGESE,,Mbeya,Busokelo,,
LUFILYO,,Mbeya,Busokelo,,
LUPATA,,Mbeya,Busokelo,,
MZALENDO,,Mbeya,Busokelo,,
LUTEBA,,Mbeya,Busokelo,,
MWAKALELI,,Mbeya,Busokelo,,
LWANGWA,,Mbeya,Busokelo,,
MBIGILI,,Mbeya,Busokelo,,
KYEJO,,Mbeya,Busokelo,,
CHALANGWA,,Mbeya,Chunya,,
CHOKAA,,Mbeya,Chunya,,
HILL LAND,,Mbeya,Chunya,,
IFUMBO,,Mbeya,Chunya,,
CHUNYA,,Mbeya,Chunya,,
ITEWE,,Mbeya,Chunya,,
LUPA,,Mbeya,Chunya,,
MTANDE,,Mbeya,Chunya,,
MAKALLA,,Mbeya,Chunya,,
ISANGAWANA,,Mbeya,Chunya,,
ISENYELA,,Mbeya,Chunya,,
KIWANJA,,Mbeya,Chunya,,
MAKONGOLOSI,,Mbeya,Chunya,,
MTANILA,,Mbeya,Chunya,,
BUJONDE,,Mbeya,Kyela,,
KIWIRA COAL MINE,,Mbeya,Kyela,,
IKIMBA,,Mbeya,Kyela,,
SAKAMBONA,,Mbeya,Kyela,,
IKOLO,,Mbeya,Kyela,,
MWIGO,,Mbeya,Kyela,,
IPANDE,,Mbeya,Kyela,,
DINOBB,,Mbeya,Kyela,,
IPINDA,,Mbeya,Kyela,,
KAFUNDO,,Mbeya,Kyela,,
ITOPE,,Mbeya,Kyela,,
ITUNGE,,Mbeya,Kyela,,
KAJUNJUMELE,,Mbeya,Kyela,,
KATUMBASONGWE,,Mbeya,Kyela,,
KYELA,,Mbeya,Kyela,,
LUSUNGO,,Mbeya,Kyela,,
MAKWALE,,Mbeya,Kyela,,
MATEMA BEACH,,Mbeya,Kyela,,
NYASA LAKE SHORE,,Mbeya,Kyela,,
MWAYA,,Mbeya,Kyela,,
NDOBO,,Mbeya,Kyela,,
MASUKILA,,Mbeya,Kyela,,
NGANA,,Mbeya,Kyela,,
NGONGA,,Mbeya,Kyela,,
NKUYU,,Mbeya,Kyela,,
KEIFO,,Mbeya,Kyela,,
IKAMA,,Mbeya,Kyela,,
CHIMALA,,Mbeya,Mbarali,,
HERRING CHRISTIAN,,Mbeya,Mbarali,,
IGUMBILO,,Mbeya,Mbarali,,
MENGELE,,Mbeya,Mbarali,,
USANGU,,Mbeya,Mbarali,,
IGAVA,,Mbeya,Mbarali,,
IGURUSI,,Mbeya,Mbarali,,
IHAHI,,Mbeya,Mbarali,,
IMALILO SONGWE,,Mbeya,Mbarali,,
IPWANI,,Mbeya,Mbarali,,
JAKAYA,,Mbeya,Mbarali,,
IGOMELO,,Mbeya,Mbarali,,
MBARALI RIVERSIDE,,Mbeya,Mbarali,,
MADIBIRA,,Mbeya,Mbarali,,
RUIWA,,Mbeya,Mbarali,,
MALENGA,,Mbeya,Mbarali,,
MAWINDI,,Mbeya,Mbarali,,
MIYOMBWENI,,Mbeya,Mbarali,,
GWILI,,Mbeya,Mbarali,,
RUJEWA,,Mbeya,Mbarali,,
MBARALI,,Mbeya,Mbarali,,
MONTFORT,,Mbeya,Mbarali,,
MWAKAGANGA,,Mbeya,Mbarali,,
UTENGULE USANGU,,Mbeya,Mbarali,,
PANDAHILL,,Mbeya,Mbeya,,
SONGWE,,Mbeya,Mbeya,,
HORONGO,,Mbeya,Mbeya,,
IHANGO,,Mbeya,Mbeya,,
IWALANJE,,Mbeya,Mbeya,,
MATANJI,,Mbeya,Mbeya,,
NSONGWI JUU,,Mbeya,Mbeya,,
NTONZO,,Mbeya,Mbeya,,
IKUKWA,,Mbeya,Mbeya,,
ILEMBO,,Mbeya,Mbeya,,
SHISYETE,,Mbeya,Mbeya,,
ILUNGU,,Mbeya,Mbeya,,
IMEZU,,Mbeya,Mbeya,,
SOLACE GIRLS,,Mbeya,Mbeya,,
UFUNUO GIRLS,,Mbeya,Mbeya,,
ISUTO,,Mbeya,Mbeya,,
ITUNDU,,Mbeya,Mbeya,,
MPESU,,Mbeya,Mbeya,,
ADAM,,Mbeya,Mbeya,,
IYELANYALA,,Mbeya,Mbeya,,
TEMBELA,,Mbeya,Mbeya,,
IWIJI,,Mbeya,Mbeya,,
IZYIRA,,Mbeya,Mbeya,,
IWINDI,,Mbeya,Mbeya,,
MWASELELA,,Mbeya,Mbeya,,
WENDA,,Mbeya,Mbeya,,
IZUO,,Mbeya,Mbeya,,
MWAKIPESILE,,Mbeya,Mbeya,,
IKHOHO,,Mbeya,Mbeya,,
SASYAKA,,Mbeya,Mbeya,,
MSHEWE,,Mbeya,Mbeya,,
ARISE,,Mbeya,Mbeya,,
MALAMA,,Mbeya,Mbeya,,
SWILA,,Mbeya,Mbeya,,
USHINDI,,Mbeya,Mbeya,,
SANTILYA,,Mbeya,Mbeya,,
YALAWE,,Mbeya,Mbeya,,
SWAYA,,Mbeya,Mbeya,,
SHIBOLYA,,Mbeya,Mbeya,,
TEULE,,Mbeya,Mbeya,,
IRAMBO,,Mbeya,Mbeya,,
ITALA,,Mbeya,Mbeya,,
ILUNGA,,Mbeya,Mbeya,,
MAGHABE,,Mbeya,Mbeya,,
MARANATHA,,Mbeya,Mbeya,,
MBALIZI,,Mbeya,Mbeya,,
ONICAH,,Mbeya,Mbeya,,
ROHILA,,Mbeya,Mbeya,,
SAMARITAN GIRLS,,Mbeya,Mbeya,,
ST.MARY'S MBALIZI SEMINARI,,Mbeya,Mbeya,,
USONGWE,,Mbeya,Mbeya,,
FOREST,,Mbeya,Mbeya Cc,,
MBEYA ADVENTIST,,Mbeya,Mbeya Cc,,
LOLEZA,,Mbeya,Mbeya Cc,,
AMKA,,Mbeya,Mbeya Cc,,
IDUDA,,Mbeya,Mbeya Cc,,
HAYOMBO,,Mbeya,Mbeya Cc,,
IGAWILO,,Mbeya,Mbeya Cc,,
IGANZO,,Mbeya,Mbeya Cc,,
MPONJA,,Mbeya,Mbeya Cc,,
LYOTO,,Mbeya,Mbeya Cc,,
ILOMBA,,Mbeya,Mbeya Cc,,
JIFUNZENI,,Mbeya,Mbeya Cc,,
WIGAMBA,,Mbeya,Mbeya Cc,,
ISYESYE,,Mbeya,Mbeya Cc,,
ULAMBYA,,Mbeya,Mbeya Cc,,
UWATA BOYS,,Mbeya,Mbeya Cc,,
VANESSA,,Mbeya,Mbeya Cc,,
ITENDE,,Mbeya,Mbeya Cc,,
STELLA FARM,,Mbeya,Mbeya Cc,,
AGGREY,,Mbeya,Mbeya Cc,,
ITEZI,,Mbeya,Mbeya Cc,,
ITIJI,,Mbeya,Mbeya Cc,,
IWAMBI,,Mbeya,Mbeya Cc,,
IYUNGA TECHNICAL,,Mbeya,Mbeya Cc,,
NSENGA,,Mbeya,Mbeya Cc,,
SINAI,,Mbeya,Mbeya Cc,,
ST. MARCUS,,Mbeya,Mbeya Cc,,
AIRPORT,,Mbeya,Mbeya Cc,,
IYELA,,Mbeya,Mbeya Cc,,
NAZARENE,,Mbeya,Mbeya Cc,,
SAMORA,,Mbeya,Mbeya Cc,,
SOUTHERN HIGHLANDS,,Mbeya,Mbeya Cc,,
HARRISON -UWATA GIRLS',,Mbeya,Mbeya Cc,,
LUPETA,,Mbeya,Mbeya Cc,,
MAZIWA,,Mbeya,Mbeya Cc,,
KALOBE,,Mbeya,Mbeya Cc,,
LEGICO,,Mbeya,Mbeya Cc,,
MBEYA,,Mbeya,Mbeya Cc,,
META,,Mbeya,Mbeya Cc,,
SANGU,,Mbeya,Mbeya Cc,,
IVUMWE,,Mbeya,Mbeya Cc,,
MWAKIBETE,,Mbeya,Mbeya Cc,,
AGAPE BOYS,,Mbeya,Mbeya Cc,,
MWASANGA,,Mbeya,Mbeya Cc,,
UYOLE,,Mbeya,Mbeya Cc,,
NSOHO,,Mbeya,Mbeya Cc,,
ITEBWA,,Mbeya,Mbeya Cc,,
MLIMA MBEYA,,Mbeya,Mbeya Cc,,
NZONDAHAKI,,Mbeya,Mbeya Cc,,
ST. MARY&#8217;S MBEYA,,Mbeya,Mbeya Cc,,
IHANGA,,Mbeya,Mbeya Cc,,
SINDE,,Mbeya,Mbeya Cc,,
ST. FRANCIS GIRLS,,Mbeya,Mbeya Cc,,
EDI,,Mbeya,Mbeya Cc,,
PANKUMBI,,Mbeya,Mbeya Cc,,
BUJINGA,,Mbeya,Rungwe,,
BUJELA,,Mbeya,Rungwe,,
MWAJI,,Mbeya,Rungwe,,
BULYAGA,,Mbeya,Rungwe,,
TUKUYU,,Mbeya,Rungwe,,
LUPOTO,,Mbeya,Rungwe,,
IKUTI,,Mbeya,Rungwe,,
ILIMA,,Mbeya,Rungwe,,
KAYUKI,,Mbeya,Rungwe,,
GOD'S BRIDGE,,Mbeya,Rungwe,,
IPONJOLA,,Mbeya,Rungwe,,
ISONGOLE,,Mbeya,Rungwe,,
MPOROTO,,Mbeya,Rungwe,,
KINYALA,,Mbeya,Rungwe,,
LUBALA,,Mbeya,Rungwe,,
KISIBA,,Mbeya,Rungwe,,
KISONDELA,,Mbeya,Rungwe,,
LUTENGANO,,Mbeya,Rungwe,,
ST. JOSEPH ALLAMANO,,Mbeya,Rungwe,,
KIPOKE,,Mbeya,Rungwe,,
KIWIRA,,Mbeya,Rungwe,,
MPANDAPANDA,,Mbeya,Rungwe,,
RUNGWE,,Mbeya,Rungwe,,
UKUKWE,,Mbeya,Rungwe,,
GREENWOOD,,Mbeya,Rungwe,,
KYIMO,,Mbeya,Rungwe,,
LUFINGO,,Mbeya,Rungwe,,
KIGUGU,,Mbeya,Rungwe,,
NDEMBELA,,Mbeya,Rungwe,,
IBUNGILA,,Mbeya,Rungwe,,
KAPUGI,,Mbeya,Rungwe,,
KALENGO,,Mbeya,Rungwe,,
MASOKO,,Mbeya,Rungwe,,
MASUKULU,,Mbeya,Rungwe,,
KIMAMMPE,,Mbeya,Rungwe,,
MPUGUSO,,Mbeya,Rungwe,,
NDANTO,,Mbeya,Rungwe,,
NKUNGA,,Mbeya,Rungwe,,
SUMA,,Mbeya,Rungwe,,
ZIWA NGOSI,,Mbeya,Rungwe,,
LUANA,,Njombe,Ludewa,,
MASIMBWE,,Njombe,Ludewa,,
ST. MONTFORT,,Njombe,Ludewa,,
IKOVO,,Njombe,Ludewa,,
CHIEF KIDULILE,,Njombe,Ludewa,,
LUDEWA,,Njombe,Ludewa,,
ST. ALOIS,,Njombe,Ludewa,,
LUGARAWA,,Njombe,Ludewa,,
UMAWANJO,,Njombe,Ludewa,,
MCHUCHUMA,,Njombe,Ludewa,,
MOUNT MASUSA,,Njombe,Ludewa,,
MT. LIVINGSTONE,,Njombe,Ludewa,,
MADILU,,Njombe,Ludewa,,
KAYAO,,Njombe,Ludewa,,
MAKONDE,,Njombe,Ludewa,,
MANDA,,Njombe,Ludewa,,
MAVANGA,,Njombe,Ludewa,,
MADUNDA,,Njombe,Ludewa,,
MAVALA,,Njombe,Ludewa,,
ULAYASI,,Njombe,Ludewa,,
MUNDINDI,,Njombe,Ludewa,,
NJELELA,,Njombe,Ludewa,,
KETEWAKA,,Njombe,Ludewa,,
KITANDILILO,,Njombe,Makambako Tc,,
DEO SANGA,,Njombe,Makambako Tc,,
MAKAMBAKO,,Njombe,Makambako Tc,,
EMMABERG GIRLS,,Njombe,Makambako Tc,,
LYAMKENA,,Njombe,Makambako Tc,,
NGOGO,,Njombe,Makambako Tc,,
MAGUVANI,,Njombe,Makambako Tc,,
MAHONGOLE,,Njombe,Makambako Tc,,
GENESIS,,Njombe,Makambako Tc,,
MCF MAKAMBAKO WASICHANA,,Njombe,Makambako Tc,,
MUKILIMA,,Njombe,Makambako Tc,,
NABOTI,,Njombe,Makambako Tc,,
Anney Trust,,Njombe,Makambako Tc,,
KIPAGAMO,,Njombe,Makambako Tc,,
MLOWA,,Njombe,Makambako Tc,,
MTIMBWE,,Njombe,Makambako Tc,,
BULONGWA,,Njombe,Makete,,
IKUWO,,Njombe,Makete,,
MWAKAVUTA,,Njombe,Makete,,
IPELELE,,Njombe,Makete,,
IPEPO,,Njombe,Makete,,
ISAPULANO,,Njombe,Makete,,
IWAWA,,Njombe,Makete,,
KIPAGALO,,Njombe,Makete,,
KINYIKA,,Njombe,Makete,,
KITULO,,Njombe,Makete,,
LUPALILO,,Njombe,Makete,,
LUPILA,,Njombe,Makete,,
USILILO,,Njombe,Makete,,
MANG&#8217;OTO,,Njombe,Makete,,
MATAMBA,,Njombe,Makete,,
MBALATSE,,Njombe,Makete,,
MOUNT CHAFUKWE,,Njombe,Makete,,
ITAMBA,,Njombe,Makete,,
MLONDWE,,Njombe,Makete,,
MAKETE GIRLS',,Njombe,Makete,,
UKWAMA,,Njombe,Makete,,
IDAMBA,,Njombe,Njombe,,
ITIPINGI,,Njombe,Njombe,,
MULUNGA,,Njombe,Njombe,,
IKUNA,,Njombe,Njombe,,
URSULINE GIRLS,,Njombe,Njombe,,
J.M.MAKWETA,,Njombe,Njombe,,
KIDEGEMBYE,,Njombe,Njombe,,
LUPEMBE,,Njombe,Njombe,,
MANYUNYU,,Njombe,Njombe,,
MFRIGA,,Njombe,Njombe,,
COLLEGINE GIRLS,,Njombe,Njombe,,
MTWANGO,,Njombe,Njombe,,
SOVI,,Njombe,Njombe,,
NINGA DAY,,Njombe,Njombe,,
ANNE MAKINDA,,Njombe,Njombe Tc,,
ILOWOLA,,Njombe,Njombe Tc,,
ST. JOSEPH KILOCHA SEMINARY,,Njombe,Njombe Tc,,
ROMAN BOYS,,Njombe,Njombe Tc,,
ULIWA,,Njombe,Njombe Tc,,
KIFANYA,,Njombe,Njombe Tc,,
MGOLA,,Njombe,Njombe Tc,,
LUHOLOLO,,Njombe,Njombe Tc,,
MATOLA,,Njombe,Njombe Tc,,
ST. GETRUDE GIRLS,,Njombe,Njombe Tc,,
GILGAL,,Njombe,Njombe Tc,,
HAGAFILO,,Njombe,Njombe Tc,,
MPECHI,,Njombe,Njombe Tc,,
NJOMBE,,Njombe,Njombe Tc,,
VENITE,,Njombe,Njombe Tc,,
VIZIWI NJOMBE,,Njombe,Njombe Tc,,
WENDE,,Njombe,Njombe Tc,,
JOSEPH MBEYELA,,Njombe,Njombe Tc,,
MABATINI,,Njombe,Njombe Tc,,
AGNES TRUST,,Njombe,Njombe Tc,,
JOSEPHINE GIRLS',,Njombe,Njombe Tc,,
LIVINGSTONE,,Njombe,Njombe Tc,,
MAHEVE,,Njombe,Njombe Tc,,
MBOGAMO,,Njombe,Njombe Tc,,
OSP.RUHUJI,,Njombe,Njombe Tc,,
UWEMBA,,Njombe,Njombe Tc,,
YAKOBI,,Njombe,Njombe Tc,,
IGIMA,,Njombe,Wanging'Ombe,,
IGOSI,,Njombe,Wanging'Ombe,,
IGWACHANYA,,Njombe,Wanging'Ombe,,
ILEMBULA,,Njombe,Wanging'Ombe,,
PHILIP MANGULA,,Njombe,Wanging'Ombe,,
ITULAHUMBA,,Njombe,Wanging'Ombe,,
KIDUGALA,,Njombe,Wanging'Ombe,,
MKEHA,,Njombe,Wanging'Ombe,,
KIJOMBE,,Njombe,Wanging'Ombe,,
MOUNT KIPENGELE,,Njombe,Wanging'Ombe,,
LUDUGA,,Njombe,Wanging'Ombe,,
ST. MONICA GIRLS',,Njombe,Wanging'Ombe,,
MAKOGA,,Njombe,Wanging'Ombe,,
SAMARIA,,Njombe,Wanging'Ombe,,
WANIKE,,Njombe,Wanging'Ombe,,
SAJA,,Njombe,Wanging'Ombe,,
THOMAS NYIMBO,,Njombe,Wanging'Ombe,,
ULEMBWE,,Njombe,Wanging'Ombe,,
USUKA,,Njombe,Wanging'Ombe,,
MARIA NYERERE,,Njombe,Wanging'Ombe,,
WANGING'OMBE,,Njombe,Wanging'Ombe,,
BUPIGU,,Songwe,Ileje,,
CONSOLATA,,Songwe,Ileje,,
KAKOMA,,Songwe,Ileje,,
IBABA,,Songwe,Ileje,,
IKINGA,,Songwe,Ileje,,
NAKALULU,,Songwe,Ileje,,
ITALE,,Songwe,Ileje,,
SHANGWALE,,Songwe,Ileje,,
ILEJE,,Songwe,Ileje,,
ITUMBA,,Songwe,Ileje,,
MBAGATUZINDE,,Songwe,Ileje,,
KAFULE,,Songwe,Ileje,,
STEVEN KIBONA,,Songwe,Ileje,,
LUBANDA,,Songwe,Ileje,,
LUSWISI,,Songwe,Ileje,,
MSOMBA,,Songwe,Ileje,,
MBEBE,,Songwe,Ileje,,
MLALE,,Songwe,Ileje,,
NDOLA,,Songwe,Ileje,,
NGULILO,,Songwe,Ileje,,
NGULUGULU,,Songwe,Ileje,,
SANGE,,Songwe,Ileje,,
BARA,,Songwe,Mbozi,,
ITAKA,,Songwe,Mbozi,,
HALUNGU,,Songwe,Mbozi,,
HAMPANGALA,,Songwe,Mbozi,,
LWATI,,Songwe,Mbozi,,
HASANGA WASICHANA,,Songwe,Mbozi,,
IDIMI,,Songwe,Mbozi,,
IGAMBA,,Songwe,Mbozi,,
ITEPULA,,Songwe,Mbozi,,
MBOZI,,Songwe,Mbozi,,
SHIWINGA,,Songwe,Mbozi,,
IHANDA,,Songwe,Mbozi,,
OSWE GIRLS,,Songwe,Mbozi,,
IPUNGA,,Songwe,Mbozi,,
ISANDULA,,Songwe,Mbozi,,
KILIMAMPIMBI,,Songwe,Mbozi,,
OSWE BOYS,,Songwe,Mbozi,,
IGANYA,,Songwe,Mbozi,,
ISANSA,,Songwe,Mbozi,,
ITUMPI,,Songwe,Mbozi,,
MSENSE,,Songwe,Mbozi,,
INSANI,,Songwe,Mbozi,,
MSANGAWALE,,Songwe,Mbozi,,
THOMAS MORE,,Songwe,Mbozi,,
IDIGIMA,,Songwe,Mbozi,,
MSANKWI,,Songwe,Mbozi,,
NZOVU,,Songwe,Mbozi,,
SIMBEGA,,Songwe,Mbozi,,
MLANGALI,,Songwe,Mbozi,,
SHAJI,,Songwe,Mbozi,,
CANAAN,,Songwe,Mbozi,,
HOLLYWOOD,,Songwe,Mbozi,,
MLOWO,,Songwe,Mbozi,,
NALYELYE,,Songwe,Mbozi,,
NDYUDA,,Songwe,Mbozi,,
IGANDUKA,,Songwe,Mbozi,,
ISALALO,,Songwe,Mbozi,,
MSIA,,Songwe,Mbozi,,
MAHENJE,,Songwe,Mbozi,,
MYOVIZI,,Songwe,Mbozi,,
NAMBINZO,,Songwe,Mbozi,,
NKANGA,,Songwe,Mbozi,,
SHIKULA,,Songwe,Mbozi,,
SONGWE SUNRISE,,Songwe,Mbozi,,
HEZYA,,Songwe,Mbozi,,
NYIMBILI,,Songwe,Mbozi,,
SEREJELE,,Songwe,Mbozi,,
IYULA,,Songwe,Mbozi,,
LUMBILA,,Songwe,Mbozi,,
NANSWILU,,Songwe,Mbozi,,
HASANGA,,Songwe,Mbozi,,
ILASI,,Songwe,Mbozi,,
ILOLO,,Songwe,Mbozi,,
ISANGU,,Songwe,Mbozi,,
JAMES SANGU GIRLS',,Songwe,Mbozi,,
NDUGU,,Songwe,Mbozi,,
NG'AMBA,,Songwe,Mbozi,,
SHIWANDA,,Songwe,Mbozi,,
VWAWA,,Songwe,Mbozi,,
WIZA,,Songwe,Mbozi,,
CHILULUMO,,Songwe,Momba,,
CHITETE,,Songwe,Momba,,
IVUNA,,Songwe,Momba,,
UWANDA,,Songwe,Momba,,
KAPELE,,Songwe,Momba,,
MKULWE,,Songwe,Momba,,
MSANGANO,,Songwe,Momba,,
MOMBA,,Songwe,Momba,,
CHIKANAMLILO,,Songwe,Momba,,
NKANGAMO,,Songwe,Momba,,
NZOKA,,Songwe,Momba,,
MWAGALA- CHUNYA,,Songwe,Songwe,,
GALULA,,Songwe,Songwe,,
IFWENKENYA,,Songwe,Songwe,,
KANGA,,Songwe,Songwe,,
KAPALALA,,Songwe,Songwe,,
MKWAJUNI,,Songwe,Songwe,,
TOTOWE,,Songwe,Songwe,,
NAMKUKWE,,Songwe,Songwe,,
SAZA,,Songwe,Songwe,,
CHAPWA,,Songwe,Tunduma Tc,,
MPAKANI,,Songwe,Tunduma Tc,,
MT. KALOLO BAROMEO,,Songwe,Tunduma Tc,,
MWL J.K. NYERERE,,Songwe,Tunduma Tc,,
TUNDUMA,,Songwe,Tunduma Tc,,
NAMOLE,,Songwe,Tunduma Tc,,
KATETE,,Songwe,Tunduma Tc,,
MPEMBA ILASI,,Songwe,Tunduma Tc,,
TWIZA,,Songwe,Tunduma Tc,,
MPEMBA,,Songwe,Tunduma Tc,,
SUMAGHA,,Songwe,Tunduma Tc,,
MUUNGANO -1,,Songwe,Tunduma Tc,,
MWAKAKATI,,Songwe,Tunduma Tc,,
J.M. KIKWETE,,Songwe,Tunduma Tc,,
KASANGA,,Rukwa,Kalambo,,
KATAZI,,Rukwa,Kalambo,,
KATUNDA,,Rukwa,Kalambo,,
MACHINDA,,Rukwa,Kalambo,,
NINGA,,Rukwa,Kalambo,,
CHISENGA,,Rukwa,Kalambo,,
ZENGWA,,Rukwa,Kalambo,,
KALEMBE,,Rukwa,Kalambo,,
NAMEMA,,Rukwa,Kalambo,,
MATAI,,Rukwa,Kalambo,,
MPANZI,,Rukwa,Kalambo,,
KALAMBO,,Rukwa,Kalambo,,
MSANZI,,Rukwa,Kalambo,,
MWAZYE,,Rukwa,Kalambo,,
MWIMBI,,Rukwa,Kalambo,,
KANYELE,,Rukwa,Kalambo,,
ULUNGU,,Rukwa,Kalambo,,
MAMBWE,,Rukwa,Kalambo,,
NTUMBE,,Rukwa,Kalambo,,
CHALA,,Rukwa,Nkasi,,
ISALE,,Rukwa,Nkasi,,
NTUCHI,,Rukwa,Nkasi,,
KABWE,,Rukwa,Nkasi,,
KALA,,Rukwa,Nkasi,,
KATE,,Rukwa,Nkasi,,
KIPANDE,,Rukwa,Nkasi,,
NKUNDI,,Rukwa,Nkasi,,
KIPILI,,Rukwa,Nkasi,,
NKASI,,Rukwa,Nkasi,,
KIRANDO,,Rukwa,Nkasi,,
KAZOVU SEKONDARI,,Rukwa,Nkasi,,
KORONGWE,,Rukwa,Nkasi,,
MKWAMBA,,Rukwa,Nkasi,,
MASHETE,,Rukwa,Nkasi,,
MTENGA,,Rukwa,Nkasi,,
MKANGALE,,Rukwa,Nkasi,,
NINDE,,Rukwa,Nkasi,,
MILUNDIKWA,,Rukwa,Nkasi,,
MKOLE,,Rukwa,Nkasi,,
NKOMOLO,,Rukwa,Nkasi,,
ILYEMA,,Rukwa,Nkasi,,
SINTALI SEKONDARI,,Rukwa,Nkasi,,
WAMPEMBE,,Rukwa,Nkasi,,
KAPENTA,,Rukwa,Sumbawanga,,
LULA,,Rukwa,Sumbawanga,,
ILEMBA,,Rukwa,Sumbawanga,,
NANKANGA,,Rukwa,Sumbawanga,,
KAENGESA,,Rukwa,Sumbawanga,,
MZINDAKAYA,,Rukwa,Sumbawanga,,
SICHOWE,,Rukwa,Sumbawanga,,
FINGWA,,Rukwa,Sumbawanga,,
KWELA,,Rukwa,Sumbawanga,,
KAOZE,,Rukwa,Sumbawanga,,
KIPETA,,Rukwa,Sumbawanga,,
LAELA,,Rukwa,Sumbawanga,,
UCHILE,,Rukwa,Sumbawanga,,
LUSAKA,,Rukwa,Sumbawanga,,
KIKWALE,,Rukwa,Sumbawanga,,
MIANGALUA,,Rukwa,Sumbawanga,,
MILENIA,,Rukwa,Sumbawanga,,
MPUI,,Rukwa,Sumbawanga,,
UNYIHA,,Rukwa,Sumbawanga,,
VUMA,,Rukwa,Sumbawanga,,
MAZOKA,,Rukwa,Sumbawanga,,
MAKUZANI,,Rukwa,Sumbawanga,,
MEMYA,,Rukwa,Sumbawanga,,
AGGREY CHANJI,,Rukwa,Sumbawanga Mc,,
KANTALAMBA,,Rukwa,Sumbawanga Mc,,
MAZWI,,Rukwa,Sumbawanga Mc,,
SUMBAWANGA,,Rukwa,Sumbawanga Mc,,
TAWHEED,,Rukwa,Sumbawanga Mc,,
MTIPE,,Rukwa,Sumbawanga Mc,,
MSAKILA,,Rukwa,Sumbawanga Mc,,
KIZWITE,,Rukwa,Sumbawanga Mc,,
ST. THERESIA,,Rukwa,Sumbawanga Mc,,
NENO,,Rukwa,Sumbawanga Mc,,
MAFULALA,,Rukwa,Sumbawanga Mc,,
KILIMANI MAWENI,,Rukwa,Sumbawanga Mc,,
ST. MAURUS CHEMCHEMI,,Rukwa,Sumbawanga Mc,,
MHAMA,,Rukwa,Sumbawanga Mc,,
KICHEMA,,Rukwa,Sumbawanga Mc,,
KANDA,,Rukwa,Sumbawanga Mc,,
KALANGASA,,Rukwa,Sumbawanga Mc,,
FPCT USHINDI,,Rukwa,Sumbawanga Mc,,
IPEPA,,Rukwa,Sumbawanga Mc,,
AFRICAN RAINBOW,,Rukwa,Sumbawanga Mc,,
CHANJI,,Rukwa,Sumbawanga Mc,,
SANTAKAGWA,,Rukwa,Sumbawanga Mc,,
WAKALANDA,,Rukwa,Sumbawanga Mc,,
LUKANGAO,,Rukwa,Sumbawanga Mc,,
ITWELELE,,Rukwa,Sumbawanga Mc,,
MBIZI,,Rukwa,Sumbawanga Mc,,
OJAKI,,Rukwa,Sumbawanga Mc,,
KATUMA,,Rukwa,Sumbawanga Mc,,
ILELA,,Katavi,Mlele,,
INYONGA,,Katavi,Mlele,,
UTENDE,,Katavi,Mlele,,
BULAMATA,,Katavi,Mpanda,,
IKOLA,,Katavi,Mpanda,,
ILANGU,,Katavi,Mpanda,,
MAZWE,,Katavi,Mpanda,,
KABUNGU,,Katavi,Mpanda,,
KAREMA,,Katavi,Mpanda,,
ILANDAMILUMBA,,Katavi,Mpanda,,
MISHAMO,,Katavi,Mpanda,,
MPANDANDOGO,,Katavi,Mpanda,,
ST.JOHN PAUL II JUNIOR SEMINARY,,Katavi,Mpanda,,
MWESE,,Katavi,Mpanda,,
SIBWESA,,Katavi,Mpanda,,
KASIMBA,,Katavi,Mpanda Mc,,
SISTERS OF USHIRIKA WA NEEMA,,Katavi,Mpanda Mc,,
ST. MARY&#8217;S MPANDA,,Katavi,Mpanda Mc,,
KASOKOLA,,Katavi,Mpanda Mc,,
RUNGWA,,Katavi,Mpanda Mc,,
ISTIQAMA,,Katavi,Mpanda Mc,,
MWANGAZA,,Katavi,Mpanda Mc,,
MILALA,,Katavi,Mpanda Mc,,
MISUNKUMILO,,Katavi,Mpanda Mc,,
MPANDA GIRLS,,Katavi,Mpanda Mc,,
KASHAULILI,,Katavi,Mpanda Mc,,
SHANWE,,Katavi,Mpanda Mc,,
NSEMULWA,,Katavi,Mpanda Mc,,
MIZENGO PINDA,,Katavi,Mpimbwe,,
MAMBA,,Katavi,Mpimbwe,,
MBEDE,,Katavi,Mpimbwe,,
USEVYA,,Katavi,Mpimbwe,,
KANOGE,,Katavi,Nsimbo,,
FPCT-TUMAINI,,Katavi,Nsimbo,,
KATUMBA,,Katavi,Nsimbo,,
KENSWA,,Katavi,Nsimbo,,
MACHIMBONI,,Katavi,Nsimbo,,
MTAPENDA,,Katavi,Nsimbo,,
NSIMBO,,Katavi,Nsimbo,,
SITALIKE,,Katavi,Nsimbo,,
GUMBIRO,,Ruvuma,Madaba,,
MADABA,,Ruvuma,Madaba,,
MAHANJE,,Ruvuma,Madaba,,
WILIMA,,Ruvuma,Madaba,,
IFINGA,,Ruvuma,Madaba,,
LIPUPUMA,,Ruvuma,Madaba,,
MAGINGO,,Ruvuma,Madaba,,
FEO GIRLS,,Ruvuma,Madaba,,
NGULUMA,,Ruvuma,Madaba,,
ST. MONICA WINO GIRLS,,Ruvuma,Madaba,,
WINO,,Ruvuma,Madaba,,
LITETEMA,,Ruvuma,Mbinga,,
MALINDINDO,,Ruvuma,Mbinga,,
KIHANGIMAHUKA,,Ruvuma,Mbinga,,
KAMPALA JUNIOR,,Ruvuma,Mbinga,,
KIAMILI,,Ruvuma,Mbinga,,
KIGONSERA,,Ruvuma,Mbinga,,
KIGONSERA CATECHIST,,Ruvuma,Mbinga,,
MBINGA GIRLS',,Ruvuma,Mbinga,,
KIPOLOLO,,Ruvuma,Mbinga,,
KITURA,,Ruvuma,Mbinga,,
LANGIRO,,Ruvuma,Mbinga,,
MKOHA,,Ruvuma,Mbinga,,
LINDA,,Ruvuma,Mbinga,,
MTAZAMO,,Ruvuma,Mbinga,,
LITEMBO,,Ruvuma,Mbinga,,
LITUMBANDYOSI,,Ruvuma,Mbinga,,
LUHAGARA,,Ruvuma,Mbinga,,
LULI,,Ruvuma,Mbinga,,
LUKIMA,,Ruvuma,Mbinga,,
MAGUU,,Ruvuma,Mbinga,,
MKUWANI,,Ruvuma,Mbinga,,
ST.LUISE,,Ruvuma,Mbinga,,
HAGATI,,Ruvuma,Mbinga,,
MATIRI,,Ruvuma,Mbinga,,
MAHILO,,Ruvuma,Mbinga,,
MBUJI,,Ruvuma,Mbinga,,
HILELA,,Ruvuma,Mbinga,,
KIKODI,,Ruvuma,Mbinga,,
MIKALANGA,,Ruvuma,Mbinga,,
AKILIMALI,,Ruvuma,Mbinga,,
LIKONDE SEMINARI,,Ruvuma,Mbinga,,
MKAKO,,Ruvuma,Mbinga,,
LONGA,,Ruvuma,Mbinga,,
MKUMBI,,Ruvuma,Mbinga,,
PILIKANO,,Ruvuma,Mbinga,,
KITESA MOUNTAIN,,Ruvuma,Mbinga,,
MIPARU,,Ruvuma,Mbinga,,
KINDIMBA JUU,,Ruvuma,Mbinga,,
NAMSWEA,,Ruvuma,Mbinga,,
NYONI,,Ruvuma,Mbinga,,
RUANDA,,Ruvuma,Mbinga,,
ST. LUKE,,Ruvuma,Mbinga,,
UKATA,,Ruvuma,Mbinga,,
WUKIRO,,Ruvuma,Mbinga,,
KIKOLO,,Ruvuma,Mbinga Tc,,
MKWAYA,,Ruvuma,Mbinga Tc,,
NGWILIZI,,Ruvuma,Mbinga Tc,,
DE PAUL MBINGA,,Ruvuma,Mbinga Tc,,
LUHUWIKO,,Ruvuma,Mbinga Tc,,
LUSETU,,Ruvuma,Mbinga Tc,,
AGUSTIVO,,Ruvuma,Mbinga Tc,,
MAKITA,,Ruvuma,Mbinga Tc,,
MIKIGA,,Ruvuma,Mbinga Tc,,
MBAMBI,,Ruvuma,Mbinga Tc,,
DE PAUL,,Ruvuma,Mbinga Tc,,
MBANGAMAO,,Ruvuma,Mbinga Tc,,
MBINGA,,Ruvuma,Mbinga Tc,,
DR. SHEIN,,Ruvuma,Mbinga Tc,,
KINDIMBA,,Ruvuma,Mbinga Tc,,
MKINGA,,Ruvuma,Mbinga Tc,,
NDELA,,Ruvuma,Mbinga Tc,,
COLLAND,,Ruvuma,Namtumbo,,
HANGA SEMINARI,,Ruvuma,Namtumbo,,
NANUNGU,,Ruvuma,Namtumbo,,
ST. BENEDICT,,Ruvuma,Namtumbo,,
MBUNGA,,Ruvuma,Namtumbo,,
MKOMANILE,,Ruvuma,Namtumbo,,
LUKIMWA,,Ruvuma,Namtumbo,,
SELOUS,,Ruvuma,Namtumbo,,
WASICHANA MARY WILSON,,Ruvuma,Namtumbo,,
MWALIKO,,Ruvuma,Namtumbo,,
LISIMONJI,,Ruvuma,Namtumbo,,
LUEGU,,Ruvuma,Namtumbo,,
LUCHILI,,Ruvuma,Namtumbo,,
LUNA,,Ruvuma,Namtumbo,,
SASAWALA,,Ruvuma,Namtumbo,,
MAGAZINI,,Ruvuma,Namtumbo,,
KORIDO,,Ruvuma,Namtumbo,,
MGOMBASI,,Ruvuma,Namtumbo,,
EXEVIA VISITATION,,Ruvuma,Namtumbo,,
KIMOLO,,Ruvuma,Namtumbo,,
NAHIMBA,,Ruvuma,Namtumbo,,
STELLA MATUTINA,,Ruvuma,Namtumbo,,
MSINDO,,Ruvuma,Namtumbo,,
MTAKANINI,,Ruvuma,Namtumbo,,
NAMABENGO,,Ruvuma,Namtumbo,,
UTWANGO,,Ruvuma,Namtumbo,,
NAMTUMBO,,Ruvuma,Namtumbo,,
NARWI,,Ruvuma,Namtumbo,,
NASULI,,Ruvuma,Namtumbo,,
RWINGA,,Ruvuma,Namtumbo,,
NYASA,,Ruvuma,Nyasa,,
MANGO,,Ruvuma,Nyasa,,
LIMBO,,Ruvuma,Nyasa,,
KINGERIKITI,,Ruvuma,Nyasa,,
LIPARAMBA,,Ruvuma,Nyasa,,
LUNDO,,Ruvuma,Nyasa,,
LITUHI,,Ruvuma,Nyasa,,
ST.PAUL&#8217;S LIULI,,Ruvuma,Nyasa,,
KILUMBA,,Ruvuma,Nyasa,,
MONICA MBEGA,,Ruvuma,Nyasa,,
MBAMBA-BAY,,Ruvuma,Nyasa,,
ENG. STELLA MANYANYA,,Ruvuma,Nyasa,,
MPEPO,,Ruvuma,Nyasa,,
UNBERKANT,,Ruvuma,Nyasa,,
NGUMBO,,Ruvuma,Nyasa,,
TINGI,,Ruvuma,Nyasa,,
KILAGANO,,Ruvuma,Songea,,
MKOMBOZI HIILS,,Ruvuma,Songea,,
LIGANGA,,Ruvuma,Songea,,
MUHUKURU,,Ruvuma,Songea,,
LITAPWASI,,Ruvuma,Songea,,
NALIMA,,Ruvuma,Songea,,
MAGAGULA,,Ruvuma,Songea,,
ST. AGNES CHIPOLE,,Ruvuma,Songea,,
DARAJAMBILI,,Ruvuma,Songea,,
PEHISCO,,Ruvuma,Songea,,
MATIMIRA,,Ruvuma,Songea,,
MHALULE,,Ruvuma,Songea,,
LUPUNGA,,Ruvuma,Songea,,
LIPAYA,,Ruvuma,Songea,,
MPITIMBI,,Ruvuma,Songea,,
BARABARANI,,Ruvuma,Songea,,
NAMATUHI,,Ruvuma,Songea,,
NDONGOSI,,Ruvuma,Songea,,
MAPOSENI,,Ruvuma,Songea,,
NAMIHORO,,Ruvuma,Songea,,
PERAMIHO GIRLS,,Ruvuma,Songea,,
ALI MCHUMO,,Lindi,Kilwa,,
KANDAWALE,,Lindi,Kilwa,,
KIBATA,,Lindi,Kilwa,,
KIKOLE,,Lindi,Kilwa,,
KINJUMBI,,Lindi,Kilwa,,
KIPATIMU,,Lindi,Kilwa,,
KIRANJERANJE,,Lindi,Kilwa,,
DODOMEZI,,Lindi,Kilwa,,
KIVINJE,,Lindi,Kilwa,,
MIBUYUNI,,Lindi,Kilwa,,
MATANDA,,Lindi,Kilwa,,
LIKAWAGE,,Lindi,Kilwa,,
MPUNYULE,,Lindi,Kilwa,,
KILWA,,Lindi,Kilwa,,
KILWA ISLAMIC,,Lindi,Kilwa,,
MTANGA,,Lindi,Kilwa,,
MIGURUWE,,Lindi,Kilwa,,
MINGUMBI,,Lindi,Kilwa,,
MITEJA,,Lindi,Kilwa,,
MITOLE,,Lindi,Kilwa,,
NAMAYUNI,,Lindi,Kilwa,,
NAKIU,,Lindi,Kilwa,,
NJINJO,,Lindi,Kilwa,,
PANDE,,Lindi,Kilwa,,
SONGOSONGO,,Lindi,Kilwa,,
ILULU GIRLS,,Lindi,Kilwa,,
KIKANDA,,Lindi,Kilwa,,
MVULENI,,Lindi,Lindi Mc,,
KITOMANGA,,Lindi,Lindi Mc,,
FPCT RUO,,Lindi,Lindi Mc,,
KIWALALA,,Lindi,Lindi Mc,,
MTAMA,,Lindi,Lindi Mc,,
CHIUTA,,Lindi,Lindi Mc,,
MANDWANGA,,Lindi,Lindi Mc,,
MCHINGA,,Lindi,Lindi Mc,,
MILOLA,,Lindi,Lindi Mc,,
MIPINGO,,Lindi,Lindi Mc,,
MNARA,,Lindi,Lindi Mc,,
RONDO JUNIOR SEMINARY,,Lindi,Lindi Mc,,
MNOLELA,,Lindi,Lindi Mc,,
MTUA,,Lindi,Lindi Mc,,
MKOPWE,,Lindi,Lindi Mc,,
NAHUKAHUKA,,Lindi,Lindi Mc,,
NAMANGALE,,Lindi,Lindi Mc,,
NAMUPA DAY,,Lindi,Lindi Mc,,
NAMUPA SEMINARI,,Lindi,Lindi Mc,,
NANGARU,,Lindi,Lindi Mc,,
LITIPU,,Lindi,Lindi Mc,,
MBAWE,,Lindi,Lindi Mc,,
MAHIWA,,Lindi,Lindi Mc,,
NYANGAO,,Lindi,Lindi Mc,,
NYENGEDI,,Lindi,Lindi Mc,,
RUTAMBA,,Lindi,Lindi Mc,,
MADANGWA,,Lindi,Lindi Mc,,
CHIKONJI,,Lindi,Lindi Mc,,
NGONGO,,Lindi,Lindi Mc,,
MINGOYO,,Lindi,Lindi Mc,,
MKONGE,,Lindi,Lindi Mc,,
KINENG'ENE,,Lindi,Lindi Mc,,
LINDI,,Lindi,Lindi Mc,,
NG'APA,,Lindi,Lindi Mc,,
KHAIRAAT,,Lindi,Lindi Mc,,
MITWERO,,Lindi,Lindi Mc,,
WAMA SHARAF,,Lindi,Lindi Mc,,
ANGAZA,,Lindi,Lindi Mc,,
BARIKIWA,,Lindi,Liwale,,
KIANGARA,,Lindi,Liwale,,
KIBUTUKA,,Lindi,Liwale,,
LIKONGOWELE,,Lindi,Liwale,,
MILINA,,Lindi,Liwale,,
LIWALE,,Lindi,Liwale,,
RASHIDI MFAUME KAWAWA,,Lindi,Liwale,,
MAKATA,,Lindi,Liwale,,
ANNA MAGOWA,,Lindi,Liwale,,
NICODEMUS BANDUKA,,Lindi,Liwale,,
MIHUMO,,Lindi,Liwale,,
MIRUI,,Lindi,Liwale,,
KIKULYUNGU,,Lindi,Liwale,,
MLEMBWE,,Lindi,Liwale,,
NANGANO,,Lindi,Liwale,,
HANGAI,,Lindi,Liwale,,
NACHINGWEA GIRLS,,Lindi,Nachingwea,,
CHIOLA,,Lindi,Nachingwea,,
KIEGEI,,Lindi,Nachingwea,,
NACHINGWEA,,Lindi,Nachingwea,,
KILIMARONDO,,Lindi,Nachingwea,,
KIPARA,,Lindi,Nachingwea,,
FARM 17,,Lindi,Nachingwea,,
LIONJA,,Lindi,Nachingwea,,
MARAMBO,,Lindi,Nachingwea,,
MATEKWE,,Lindi,Nachingwea,,
MBONDO,,Lindi,Nachingwea,,
MKOKA,,Lindi,Nachingwea,,
MKOTOKUYANA,,Lindi,Nachingwea,,
NDANGALIMBO,,Lindi,Nachingwea,,
MNERO,,Lindi,Nachingwea,,
MISUFINI,,Lindi,Nachingwea,,
NAIPANGA,,Lindi,Nachingwea,,
NAIPINGO,,Lindi,Nachingwea,,
NAMAPWIA,,Lindi,Nachingwea,,
NAMATULA,,Lindi,Nachingwea,,
NAMIKANGO,,Lindi,Nachingwea,,
KIPAUMBELE,,Lindi,Nachingwea,,
NDITI,,Lindi,Nachingwea,,
NDOMONI,,Lindi,Nachingwea,,
RUPONDA,,Lindi,Nachingwea,,
STESHENI,,Lindi,Nachingwea,,
NAMBAMBO,,Lindi,Nachingwea,,
CHIENJERE,,Lindi,Ruangwa,,
CHINONGWE,,Lindi,Ruangwa,,
CHUNYU,,Lindi,Ruangwa,,
LIKUNJA,,Lindi,Ruangwa,,
MAKANJIRO,,Lindi,Ruangwa,,
HAWA MCHOPA,,Lindi,Ruangwa,,
MANDAWA,,Lindi,Ruangwa,,
MBEKENYERA,,Lindi,Ruangwa,,
MNACHO,,Lindi,Ruangwa,,
KASSIM MAJALIWA,,Lindi,Ruangwa,,
NAMBILANJE,,Lindi,Ruangwa,,
NAMICHIGA,,Lindi,Ruangwa,,
LIUGURU,,Lindi,Ruangwa,,
NARUNGOMBE,,Lindi,Ruangwa,,
NKOWE,,Lindi,Ruangwa,,
RUANGWA,,Lindi,Ruangwa,,
MBEMBA,,Mtwara,Masasi,,
ISDORE SHIRIMA,,Mtwara,Masasi,,
MKALAPA,,Mtwara,Masasi,,
CHIUNGUTWA,,Mtwara,Masasi,,
CHIWALE,,Mtwara,Masasi,,
CHIDYA,,Mtwara,Masasi,,
CHIWATA,,Mtwara,Masasi,,
LUKULEDI,,Mtwara,Masasi,,
LULINDI,,Mtwara,Masasi,,
NDWIKA,,Mtwara,Masasi,,
LUPASO,,Mtwara,Masasi,,
MAKONG'ONDA,,Mtwara,Masasi,,
MBUYUNI,,Mtwara,Masasi,,
NAMOMBWE,,Mtwara,Masasi,,
MKULULU,,Mtwara,Masasi,,
NAMWANGA,,Mtwara,Masasi,,
MPINDIMBI,,Mtwara,Masasi,,
ABBEY,,Mtwara,Masasi,,
NAMAJANI,,Mtwara,Masasi,,
NAMALENGA,,Mtwara,Masasi,,
NAMATUTWE,,Mtwara,Masasi,,
NANGANGA,,Mtwara,Masasi,,
NANGOO,,Mtwara,Masasi,,
NANJOTA,,Mtwara,Masasi,,
MWENA,,Mtwara,Masasi,,
NDANDA,,Mtwara,Masasi,,
SINDANO,,Mtwara,Masasi,,
CHANIKANGUO,,Mtwara,Masasi Tc,,
MASASI DAY,,Mtwara,Masasi Tc,,
MASASI GIRLS,,Mtwara,Masasi Tc,,
NANGAYA,,Mtwara,Masasi Tc,,
MKUTI,,Mtwara,Masasi Tc,,
MTANDI,,Mtwara,Masasi Tc,,
MARIKA,,Mtwara,Masasi Tc,,
MTAPIKA,,Mtwara,Masasi Tc,,
ANNA ABDALLAH,,Mtwara,Masasi Tc,,
SULULU,,Mtwara,Masasi Tc,,
DIHIMBA,,Mtwara,Mtwara,,
KITERE,,Mtwara,Mtwara,,
LIBOBE,,Mtwara,Mtwara,,
MADIMBA,,Mtwara,Mtwara,,
MAHURUNGA,,Mtwara,Mtwara,,
MAYANGA,,Mtwara,Mtwara,,
MIKINDANI ISLAMIC,,Mtwara,Mtwara,,
MUSTAFA SABODO,,Mtwara,Mtwara,,
MSIMBATI,,Mtwara,Mtwara,,
NANGURUWE,,Mtwara,Mtwara,,
KISIWA,,Mtwara,Mtwara,,
NDUMBWE,,Mtwara,Mtwara,,
ZIWANI,,Mtwara,Mtwara,,
SABASABA,,Mtwara,Mtwara Mc,,
CALL AND VISION,,Mtwara,Mtwara Mc,,
CHUNO,,Mtwara,Mtwara Mc,,
MIKINDANI,,Mtwara,Mtwara Mc,,
MTWARA ISLAMIC,,Mtwara,Mtwara Mc,,
UMOJA,,Mtwara,Mtwara Mc,,
KING DAVID,,Mtwara,Mtwara Mc,,
MITENGO,,Mtwara,Mtwara Mc,,
MANGAMBA,,Mtwara,Mtwara Mc,,
MTWARA GIRLS,,Mtwara,Mtwara Mc,,
NALIENDELE,,Mtwara,Mtwara Mc,,
AMANAH ISLAMIC,,Mtwara,Mtwara Mc,,
BANDARI,,Mtwara,Mtwara Mc,,
ALSAFA,,Mtwara,Mtwara Mc,,
MTWARA SISTERS,,Mtwara,Mtwara Mc,,
MTWARA TECHNICAL,,Mtwara,Mtwara Mc,,
OCEAN,,Mtwara,Mtwara Mc,,
SHANGANI,,Mtwara,Mtwara Mc,,
AQUINAS,,Mtwara,Mtwara Mc,,
SINO TANZANIA FRIENDSHIP,,Mtwara,Mtwara Mc,,
RAHALEO,,Mtwara,Mtwara Mc,,
CHAWI,,Mtwara,Nanyamba Tc,,
KIROMBA,,Mtwara,Nanyamba Tc,,
KITAYA,,Mtwara,Nanyamba Tc,,
MBEMBALEO,,Mtwara,Nanyamba Tc,,
MNYAWI,,Mtwara,Nanyamba Tc,,
MNIMA,,Mtwara,Nanyamba Tc,,
MTINIKO,,Mtwara,Nanyamba Tc,,
NANYAMBA,,Mtwara,Nanyamba Tc,,
NITEKELA,,Mtwara,Nanyamba Tc,,
NJENGWA,,Mtwara,Nanyamba Tc,,
CHIPUPUTA,,Mtwara,Nanyumbu,,
MANGAKA,,Mtwara,Nanyumbu,,
LIKOKONA,,Mtwara,Nanyumbu,,
LUMESULE,,Mtwara,Nanyumbu,,
MICHIGA,,Mtwara,Nanyumbu,,
MIKANGAULA,,Mtwara,Nanyumbu,,
MARATANI,,Mtwara,Nanyumbu,,
NAPACHO,,Mtwara,Nanyumbu,,
NANDETE,,Mtwara,Nanyumbu,,
NANGOMBA,,Mtwara,Nanyumbu,,
NANYUMBU,,Mtwara,Nanyumbu,,
SENGENYA,,Mtwara,Nanyumbu,,
CHIHANGU,,Mtwara,Newala,,
MIKUMBI,,Mtwara,Newala,,
CHITEKETE,,Mtwara,Newala,,
MMULUNGA,,Mtwara,Newala,,
KITANGARI,,Mtwara,Newala,,
MPOTOLA,,Mtwara,Newala,,
MAKUKWE,,Mtwara,Newala,,
MALATU,,Mtwara,Newala,,
MAPUTI,,Mtwara,Newala,,
LENGO,,Mtwara,Newala,,
MPELEPELE,,Mtwara,Newala,,
USHIRIKA,,Mtwara,Newala,,
MNYAMBE,,Mtwara,Newala,,
MTOPWA,,Mtwara,Newala,,
MKOMA,,Mtwara,Newala,,
VIHOKOLI,,Mtwara,Newala,,
DR.ALEX MTAVALA,,Mtwara,Newala Tc,,
MAKOTE,,Mtwara,Newala Tc,,
MTANGALANGA,,Mtwara,Newala Tc,,
KUSINI,,Mtwara,Newala Tc,,
KIUTA,,Mtwara,Newala Tc,,
NAMBUNGA,,Mtwara,Newala Tc,,
MALEGESI,,Mtwara,Newala Tc,,
GEORGE MKUCHIKA,,Mtwara,Newala Tc,,
MALOCHO,,Mtwara,Newala Tc,,
NANGWANDA,,Mtwara,Newala Tc,,
NEWALA,,Mtwara,Newala Tc,,
CHAUME,,Mtwara,Tandahimba,,
MAHUTA T.D.F,,Mtwara,Tandahimba,,
CHINGUNGWE,,Mtwara,Tandahimba,,
DINDUMA,,Mtwara,Tandahimba,,
MWEMINAKI,,Mtwara,Tandahimba,,
LUAGALA,,Mtwara,Tandahimba,,
LUKOKODA,,Mtwara,Tandahimba,,
LIENJE,,Mtwara,Tandahimba,,
TANDAHIMBA,,Mtwara,Tandahimba,,
MAUNDO,,Mtwara,Tandahimba,,
MCHICHIRA,,Mtwara,Tandahimba,,
MDIMBA,,Mtwara,Tandahimba,,
MICHENJELE,,Mtwara,Tandahimba,,
MIHAMBWE,,Mtwara,Tandahimba,,
MILONGODI,,Mtwara,Tandahimba,,
KITAMA,,Mtwara,Tandahimba,,
MKONJOWANO,,Mtwara,Tandahimba,,
MKOREHA,,Mtwara,Tandahimba,,
MKUNDI,,Mtwara,Tandahimba,,
MKWITI,,Mtwara,Tandahimba,,
MNYAWA,,Mtwara,Tandahimba,,
NACHUNYU,,Mtwara,Tandahimba,,
NAMIKUPA,,Mtwara,Tandahimba,,
NANHYANGA,,Mtwara,Tandahimba,,
NAPUTA,,Mtwara,Tandahimba,,
NGUNJA,,Mtwara,Tandahimba,,
NANDONDE,,Mtwara,Tandahimba,,
N/A,,,Bukombe,,
BUYENZI,,Kigoma,Buhigwe,,
BWAFUMBA,,Kigoma,Buhigwe,,
JANDA,,Kigoma,Buhigwe,,
ST. MATHIAS MULUMBA,,Kigoma,Buhigwe,,
NYAMILAMBO,,Kigoma,Buhigwe,,
ST. RUFINO & RINALDO,,Kigoma,Buhigwe,,
KIBWIGWA,,Kigoma,Buhigwe,,
MANUS DEI,,Kigoma,Buhigwe,,
YANZA,,Kigoma,Buhigwe,,
MKOZA,,Kigoma,Buhigwe,,
MKATANGA,,Kigoma,Buhigwe,,
MUHARULO,,Kigoma,Buhigwe,,
MUHINDA,,Kigoma,Buhigwe,,
NYARUBOZA,,Kigoma,Buhigwe,,
ST. BAKANJA,,Kigoma,Buhigwe,,
MUNANILA,,Kigoma,Buhigwe,,
NYAKIMUE,,Kigoma,Buhigwe,,
TWING MEMORIAL,,Kigoma,Buhigwe,,
KAHUNGA,,Kigoma,Buhigwe,,
MUNZEZE,,Kigoma,Buhigwe,,
MUYAMA,,Kigoma,Buhigwe,,
MANYOVU,,Kigoma,Buhigwe,,
BUHA,,Kigoma,Buhigwe,,
RUSABA,,Kigoma,Buhigwe,,
GWANUMPU,,Kigoma,Kakonko,,
KAKONKO,,Kigoma,Kakonko,,
DONNYBROOK,,Kigoma,Kakonko,,
KANYONZA,,Kigoma,Kakonko,,
KASANDA,,Kigoma,Kakonko,,
ST.THOMAS- MORE KIBOGORA,,Kigoma,Kakonko,,
SHUHUDIA,,Kigoma,Kakonko,,
BEREA,,Kigoma,Kakonko,,
BUYUNGU,,Kigoma,Kakonko,,
MUGUNZU,,Kigoma,Kakonko,,
MUHANGE,,Kigoma,Kakonko,,
KASHOZA,,Kigoma,Kakonko,,
TASNIM MUSLIM,,Kigoma,Kakonko,,
NYAMTUKUZA,,Kigoma,Kakonko,,
RUGENGE,,Kigoma,Kakonko,,
AHSANTE NYERERE,,Kigoma,Kasulu,,
MOYOVOZI,,Kigoma,Kasulu,,
NTAMYA,,Kigoma,Kasulu,,
KIHENYA,,Kigoma,Kasulu,,
KIMENYI,,Kigoma,Kasulu,,
KASANGEZI,,Kigoma,Kasulu,,
KITANGA,,Kigoma,Kasulu,,
KURUNYEMI,,Kigoma,Kasulu,,
KABAGWE,,Kigoma,Kasulu,,
MAKERE,,Kigoma,Kasulu,,
NKUNDUTSI,,Kigoma,Kasulu,,
KIMWANYA,,Kigoma,Kasulu,,
MAGABA,,Kigoma,Kasulu,,
NYAKITONTO,,Kigoma,Kasulu,,
KINYAKA,,Kigoma,Kasulu,,
NICODEMUS,,Kigoma,Kasulu,,
RUNGWE MPYA,,Kigoma,Kasulu,,
RUSESA,,Kigoma,Kasulu,,
ZEZE,,Kigoma,Kasulu,,
TITYE,,Kigoma,Kasulu,,
KASANGE,,Kigoma,Kasulu Tc,,
ISHIMWE,,Kigoma,Kasulu Tc,,
KIGODYA,,Kigoma,Kasulu Tc,,
REV.A.BUNGWA,,Kigoma,Kasulu Tc,,
WILLIAM'S,,Kigoma,Kasulu Tc,,
KINKATI,,Kigoma,Kasulu Tc,,
ST.FRANCIS XAVIER,,Kigoma,Kasulu Tc,,
KIGOMA GRAND,,Kigoma,Kasulu Tc,,
MAVUNO GIRLS',,Kigoma,Kasulu Tc,,
MUKA,,Kigoma,Kasulu Tc,,
MWIBUYE,,Kigoma,Kasulu Tc,,
MUHUNGA,,Kigoma,Kasulu Tc,,
MURUBONA,,Kigoma,Kasulu Tc,,
MURUBONA MUSLIM,,Kigoma,Kasulu Tc,,
MURUFITI,,Kigoma,Kasulu Tc,,
BOGWE,,Kigoma,Kasulu Tc,,
HAMENYA GIRLS,,Kigoma,Kasulu Tc,,
HWAZI,,Kigoma,Kasulu Tc,,
MWILAMVYA,,Kigoma,Kasulu Tc,,
BARAKA,,Kigoma,Kasulu Tc,,
BUSEKO HILL,,Kigoma,Kasulu Tc,,
NYANSHA,,Kigoma,Kasulu Tc,,
WESTERN TANGANYIKA,,Kigoma,Kasulu Tc,,
Madandi,,Kigoma,Kasulu Tc,,
NYUMBIGWA,,Kigoma,Kasulu Tc,,
SCIENCE TOWN,,Kigoma,Kasulu Tc,,
MUBONDO,,Kigoma,Kasulu Tc,,
BITURANA,,Kigoma,Kibondo,,
KIBONDO,,Kigoma,Kibondo,,
BUSAMI,,Kigoma,Kibondo,,
MOYOWOSI,,Kigoma,Kibondo,,
MIGEZI,,Kigoma,Kibondo,,
MKUGWA GIRLS,,Kigoma,Kibondo,,
ITABA,,Kigoma,Kibondo,,
MUGOMBE,,Kigoma,Kibondo,,
BISHOP MPANGO,,Kigoma,Kibondo,,
KAKANGAGA MUSLIM,,Kigoma,Kibondo,,
KANYAMAHELA,,Kigoma,Kibondo,,
MALAGARASI,,Kigoma,Kibondo,,
MOUNT CHANZA,,Kigoma,Kibondo,,
MWALIMU TUTUBA,,Kigoma,Kibondo,,
MOUNT SAMBA,,Kigoma,Kibondo,,
KUMWAMBU,,Kigoma,Kibondo,,
BONICONSILII MABAMBA GIRLS,,Kigoma,Kibondo,,
KUMGOGO,,Kigoma,Kibondo,,
MISEZERO,,Kigoma,Kibondo,,
OLIVEGREEN,,Kigoma,Kibondo,,
MURUNGU,,Kigoma,Kibondo,,
BUSAGARA,,Kigoma,Kibondo,,
MURAMBA,,Kigoma,Kibondo,,
RUBANGA,,Kigoma,Kibondo,,
BITALE,,Kigoma,Kigoma,,
AMAHORO,,Kigoma,Kigoma,,
KAGONGO,,Kigoma,Kigoma,,
ZASHE,,Kigoma,Kigoma,,
KALINZI,,Kigoma,Kigoma,,
MATYAZO,,Kigoma,Kigoma,,
MKABOGO,,Kigoma,Kigoma,,
KIDAHWE,,Kigoma,Kigoma,,
MGAWA,,Kigoma,Kigoma,,
MIKAMBA,,Kigoma,Kigoma,,
ST. JOSEPH ITERAMBOGO,,Kigoma,Kigoma,,
LAKE TANGANYIKA,,Kigoma,Kigoma,,
MKIGO,,Kigoma,Kigoma,,
MKONGORO,,Kigoma,Kigoma,,
NYAMHOZA,,Kigoma,Kigoma,,
LUICHE,,Kigoma,Kigoma,,
NEWMAN KIHINGA,,Kigoma,Kigoma,,
BUGAMBA,,Kigoma,Kigoma,,
BIGABIRO,,Kigoma,Kigoma,,
GOMBE,,Kigoma,Kigoma,,
KIMWA GIRLS' ISLAMIC SEMINARI,,Kigoma,Kigoma,,
MUNGONYA,,Kigoma,Kigoma,,
MWANDIGA,,Kigoma,Kigoma,,
NYARUBANDA,,Kigoma,Kigoma,,
KASEKE,,Kigoma,Kigoma,,
ST. FRANCISCO DE ASIZ,,Kigoma,Kigoma,,
BUTEKO,,Kigoma,Kigoma Mc,,
KIGOMA,,Kigoma,Kigoma Mc,,
KITWE,,Kigoma,Kigoma Mc,,
ST. VINCENT,,Kigoma,Kigoma Mc,,
BUHANDA,,Kigoma,Kigoma Mc,,
AHLULBAYT ISLAMIC SEMINARY,,Kigoma,Kigoma Mc,,
ARCH BISHOP KAHURANANGA,,Kigoma,Kigoma Mc,,
JIHAD,,Kigoma,Kigoma Mc,,
GUNGU,,Kigoma,Kigoma Mc,,
MLOLE,,Kigoma,Kigoma Mc,,
MWASENGA,,Kigoma,Kigoma Mc,,
ST. LUKAS KIGOMA,,Kigoma,Kigoma Mc,,
WAKULIMA,,Kigoma,Kigoma Mc,,
KASIMBU,,Kigoma,Kigoma Mc,,
MOUNT CARMEL GIRLS,,Kigoma,Kigoma Mc,,
KASINGIRIMA,,Kigoma,Kigoma Mc,,
BURONGE,,Kigoma,Kigoma Mc,,
BUSHABANI,,Kigoma,Kigoma Mc,,
KITONGONI,,Kigoma,Kigoma Mc,,
KICHANGACHUI,,Kigoma,Kigoma Mc,,
KIRUGU,,Kigoma,Kigoma Mc,,
UJIJI ISLAMIC,,Kigoma,Kigoma Mc,,
KATUBUKA,,Kigoma,Kigoma Mc,,
MASANGA,,Kigoma,Kigoma Mc,,
ST. JAMES KIGOMA,,Kigoma,Kigoma Mc,,
UJIJI,,Kigoma,Kigoma Mc,,
MWANANCHI,,Kigoma,Kigoma Mc,,
NJELEKELA ISLAMIC SEMINARI,,Kigoma,Kigoma Mc,,
RUBUGA,,Kigoma,Kigoma Mc,,
RUSIMBI,,Kigoma,Kigoma Mc,,
BASANZA,,Kigoma,Uvinza,,
MWAKIZEGA,,Kigoma,Uvinza,,
BUHINGU,,Kigoma,Uvinza,,
HEREMBE,,Kigoma,Uvinza,,
LAGOSA,,Kigoma,Uvinza,,
ILAGALA,,Kigoma,Uvinza,,
ITEBULA,,Kigoma,Uvinza,,
NGURUKA,,Kigoma,Uvinza,,
KALYA,,Kigoma,Uvinza,,
KALENGE,,Kigoma,Uvinza,,
KANDAGA,,Kigoma,Uvinza,,
MAZUNGWE,,Kigoma,Uvinza,,
MGANZA,,Kigoma,Uvinza,,
SAGARA,,Kigoma,Uvinza,,
NYAMAGOMA,,Kigoma,Uvinza,,
SUNUKA,,Kigoma,Uvinza,,
CHUMVI WAZAZI,,Kigoma,Uvinza,,
LUGUFU,,Kigoma,Uvinza,,
LUGUFU WASICHANA,,Kigoma,Uvinza,,
RUCHUGI,,Kigoma,Uvinza,,
BUKOKO,,Tabora,Igunga,,
ICHAMA,,Tabora,Igunga,,
CHOMA,,Tabora,Igunga,,
HANIHANI,,Tabora,Igunga,,
IGUNGA,,Tabora,Igunga,,
MWANZUGI,,Tabora,Igunga,,
MWAYUNGE,,Tabora,Igunga,,
ST. MARGARETH MARIA ALAKOK GIRL,,Tabora,Igunga,,
IGURUBI,,Tabora,Igunga,,
ISAKAMALIWA,,Tabora,Igunga,,
ITUNDURU,,Tabora,Igunga,,
KINING'INILA,,Tabora,Igunga,,
KINUNGU,,Tabora,Igunga,,
MBUTU,,Tabora,Igunga,,
MWAMASHIGA,,Tabora,Igunga,,
MWASHIKU,,Tabora,Igunga,,
MWISI,,Tabora,Igunga,,
NANGA,,Tabora,Igunga,,
NDEMBEZI,,Tabora,Igunga,,
Ngulumwa,,Tabora,Igunga,,
NGUVUMOJA,,Tabora,Igunga,,
NKINGA,,Tabora,Igunga,,
ULAYA,,Tabora,Igunga,,
MISANA,,Tabora,Igunga,,
MWAKIPANGA,,Tabora,Igunga,,
ST.THOMAS AQUINAS,,Tabora,Igunga,,
SIMBO,,Tabora,Igunga,,
SUNGWIZI,,Tabora,Igunga,,
IGOWEKO,,Tabora,Igunga,,
ZIBA,,Tabora,Igunga,,
MKINDO,,Tabora,Kaliua,,
IGAGALA,,Tabora,Kaliua,,
IGWISI,,Tabora,Kaliua,,
ILEGE,,Tabora,Kaliua,,
KALIUA,,Tabora,Kaliua,,
KANINDO,,Tabora,Kaliua,,
KASHISHI,,Tabora,Kaliua,,
KAZAROHO,,Tabora,Kaliua,,
FPCT NEEMA,,Tabora,Kaliua,,
ULYANKULU,,Tabora,Kaliua,,
MWONGOZO,,Tabora,Kaliua,,
SELELI,,Tabora,Kaliua,,
SILAMBO,,Tabora,Kaliua,,
KAPUYA,,Tabora,Kaliua,,
UGUNGA,,Tabora,Kaliua,,
UKUMBISIGANGA,,Tabora,Kaliua,,
USHOKOLA,,Tabora,Kaliua,,
USINGE,,Tabora,Kaliua,,
UYOWA,,Tabora,Kaliua,,
ZUGIMLOLE,,Tabora,Kaliua,,
BUDUSHI,,Tabora,Nzega,,
BUKENE,,Tabora,Nzega,,
IGUSULE,,Tabora,Nzega,,
IKINDWA,,Tabora,Nzega,,
ISAGENHE,,Tabora,Nzega,,
ISANZU,,Tabora,Nzega,,
ITOBO,,Tabora,Nzega,,
MABONDE,,Tabora,Nzega,,
KARITU,,Tabora,Nzega,,
KASELA,,Tabora,Nzega,,
HAMZA AZIZI ALLY,,Tabora,Nzega,,
MAGENGATI,,Tabora,Nzega,,
MAMBALI,,Tabora,Nzega,,
MILAMBO ITOBO,,Tabora,Nzega,,
MIZIBAZIBA,,Tabora,Nzega,,
MOGWA,,Tabora,Nzega,,
MUHUGI,,Tabora,Nzega,,
MWAKASHANHALA,,Tabora,Nzega,,
MWANGOYE,,Tabora,Nzega,,
NATA,,Tabora,Nzega,,
KAMPALA,,Tabora,Nzega,,
NKINIZIWA,,Tabora,Nzega,,
PUGE,,Tabora,Nzega,,
SEMEMBELA,,Tabora,Nzega,,
SHIGAMBA,,Tabora,Nzega,,
SIGILI,,Tabora,Nzega,,
TONGI,,Tabora,Nzega,,
KILI,,Tabora,Nzega,,
MWANHALA,,Tabora,Nzega,,
WELA,,Tabora,Nzega,,
ITILO,,Tabora,Nzega Tc,,
BUGWANDEGE,,Tabora,Nzega Tc,,
MIGUWA,,Tabora,Nzega Tc,,
MWANZOLI,,Tabora,Nzega Tc,,
BADRI,,Tabora,Nzega Tc,,
CHIEF NTINGINYA,,Tabora,Nzega Tc,,
NZEGA,,Tabora,Nzega Tc,,
QUEEN OF PEACE,,Tabora,Nzega Tc,,
BULUNDE,,Tabora,Nzega Tc,,
KANUDA,,Tabora,Nzega Tc,,
IJANIJA,,Tabora,Nzega Tc,,
UCHAMA,,Tabora,Nzega Tc,,
UNDOMO,,Tabora,Nzega Tc,,
Chabutwa,,Tabora,Sikonge,,
Igigwa,,Tabora,Sikonge,,
Ugunda,,Tabora,Sikonge,,
Langwa,,Tabora,Sikonge,,
Kiloli,,Tabora,Sikonge,,
KILUMBI,,Tabora,Sikonge,,
Mibono,,Tabora,Sikonge,,
Kisanga,,Tabora,Sikonge,,
Kiwere,,Tabora,Sikonge,,
Kamagi,,Tabora,Sikonge,,
LUSANGI MORAVIAN JUNIOR SEMINA,,Tabora,Sikonge,,
Mkolye,,Tabora,Sikonge,,
Mole,,Tabora,Sikonge,,
MPOMBWE,,Tabora,Sikonge,,
Msuva,,Tabora,Sikonge,,
Pangale,,Tabora,Sikonge,,
Ngulu,,Tabora,Sikonge,,
Pearlicy,,Tabora,Sikonge,,
Tutuo,,Tabora,Sikonge,,
Usunga,,Tabora,Sikonge,,
ALI HASSAN MWINYI,,Tabora,Tabora Mc,,
MILAMBO,,Tabora,Tabora Mc,,
CHEYO,,Tabora,Tabora Mc,,
KAZIMA,,Tabora,Tabora Mc,,
UYUI,,Tabora,Tabora Mc,,
LWANZALI,,Tabora,Tabora Mc,,
IKOMWA,,Tabora,Tabora Mc,,
IPULI,,Tabora,Tabora Mc,,
ISEVYA,,Tabora,Tabora Mc,,
HOPE GATE,,Tabora,Tabora Mc,,
ITETEMIA,,Tabora,Tabora Mc,,
ITONJANDA,,Tabora,Tabora Mc,,
KALUNDE,,Tabora,Tabora Mc,,
MIHAYO,,Tabora,Tabora Mc,,
FUNDIKIRA,,Tabora,Tabora Mc,,
KARIAKOO,,Tabora,Tabora Mc,,
TABORA BOYS,,Tabora,Tabora Mc,,
KANYENYE,,Tabora,Tabora Mc,,
NYAMWEZI,,Tabora,Tabora Mc,,
ITAGA SEMINARI,,Tabora,Tabora Mc,,
MISHA,,Tabora,Tabora Mc,,
ST. FRANCIS DE SALES MISSION,,Tabora,Tabora Mc,,
THEMI HILL,,Tabora,Tabora Mc,,
BOMBAMZINGA,,Tabora,Tabora Mc,,
SIKANDA,,Tabora,Tabora Mc,,
NDEVELWA,,Tabora,Tabora Mc,,
KAZE HILL,,Tabora,Tabora Mc,,
ST. PETERS TABORA,,Tabora,Tabora Mc,,
TABORA GIRLS',,Tabora,Tabora Mc,,
UNYANYEMBE,,Tabora,Tabora Mc,,
CHANG'A,,Tabora,Tabora Mc,,
IMALA,,Tabora,Urambo,,
ST. VICENT DE PAUL,,Tabora,Urambo,,
MATWIGA,,Tabora,Urambo,,
KAPILULA,,Tabora,Urambo,,
KILOLENI,,Tabora,Urambo,,
URAMBO,,Tabora,Urambo,,
CHETU,,Tabora,Urambo,,
MUKANGWA,,Tabora,Urambo,,
IMALAMAKOYE,,Tabora,Urambo,,
USOJI,,Tabora,Urambo,,
UGALLA,,Tabora,Urambo,,
UKONDAMOYO,,Tabora,Urambo,,
SANTA LUCIA,,Tabora,Urambo,,
UKOMBOZI,,Tabora,Urambo,,
USISYA,,Tabora,Urambo,,
USONGELANI,,Tabora,Urambo,,
UYOGO,,Tabora,Urambo,,
USSOKE,,Tabora,Urambo,,
UYUMBU,,Tabora,Urambo,,
VUMILIA,,Tabora,Urambo,,
MADAHA,,Tabora,Uyui,,
MPYAGULA,,Tabora,Uyui,,
GOWEKO,,Tabora,Uyui,,
IBIRI,,Tabora,Uyui,,
IGALULA,,Tabora,Uyui,,
IKONGOLO,,Tabora,Uyui,,
LOLANGULU,,Tabora,Uyui,,
IDETE,,Tabora,Uyui,,
BISHOP KISANJI GIRLS,,Tabora,Uyui,,
KIGWA,,Tabora,Uyui,,
KIZENGI,,Tabora,Uyui,,
LOYA,,Tabora,Uyui,,
LUTENDE,,Tabora,Uyui,,
MABAMA,,Tabora,Uyui,,
BLUE SKY,,Tabora,Uyui,,
IMALAMPAKA,,Tabora,Uyui,,
MAKAZI,,Tabora,Uyui,,
NDONO,,Tabora,Uyui,,
SHITAGE,,Tabora,Uyui,,
TURA,,Tabora,Uyui,,
UPUGE,,Tabora,Uyui,,
USAGARI,,Tabora,Uyui,,
IYOGELO,,Geita,Bukombe,,
BUKOMBE,,Geita,Bukombe,,
EMINK,,Geita,Bukombe,,
USHIROMBO,,Geita,Bukombe,,
BUSONZO,,Geita,Bukombe,,
BUTINZYA,,Geita,Bukombe,,
GOLDLAND,,Geita,Bukombe,,
QUEEN OF APOSTLE USHIROMBO SEM,,Geita,Bukombe,,
BUSONGE,,Geita,Bukombe,,
KATENTE,,Geita,Bukombe,,
LYAMBAMGONGO,,Geita,Bukombe,,
NAMONGE,,Geita,Bukombe,,
BULEGA,,Geita,Bukombe,,
MUSASA,,Geita,Bukombe,,
MSONGA,,Geita,Bukombe,,
BUSINDA,,Geita,Bukombe,,
RUNZEWE,,Geita,Bukombe,,
UYOVU,,Geita,Bukombe,,
BUZIRAYOMBO,,Geita,Chato,,
BUSERESERE,,Geita,Chato,,
MAGS,,Geita,Chato,,
BUTENGORUMASA,,Geita,Chato,,
SUMAYE-BUZIKU,,Geita,Chato,,
BWANGA,,Geita,Chato,,
MAGUFULI,,Geita,Chato,,
BWERA,,Geita,Chato,,
BWINA,,Geita,Chato,,
BWONGERA,,Geita,Chato,,
CHATO,,Geita,Chato,,
EMAU BOYS,,Geita,Chato,,
EMAU GIRLS,,Geita,Chato,,
ICHWANKIMA,,Geita,Chato,,
ILEMELA,,Geita,Chato,,
ILYAMCHELE,,Geita,Chato,,
IPARAMASA,,Geita,Chato,,
MNEKEZI,,Geita,Chato,,
BUHINGO CHATO,,Geita,Chato,,
KACHWAMBA,,Geita,Chato,,
KATENDE,,Geita,Chato,,
KIGONGO,,Geita,Chato,,
MAKURUGUSI,,Geita,Chato,,
MUJUMUZI,,Geita,Chato,,
ZAKIA MEGHJI,,Geita,Chato,,
JIKOMBOE,,Geita,Chato,,
PARADISE,,Geita,Chato,,
WEMA,,Geita,Chato,,
NYAMIREMBE,,Geita,Chato,,
NYARUTEMBO,,Geita,Chato,,
BUGALAMA,,Geita,Geita,,
KAGU,,Geita,Geita,,
BUJULA,,Geita,Geita,,
BUKOLI,,Geita,Geita,,
BUKONDO,,Geita,Geita,,
BUSANDA,,Geita,Geita,,
BUTOBELA,,Geita,Geita,,
BUSANZU,,Geita,Geita,,
CHIGUNGA,,Geita,Geita,,
LUBANGA,,Geita,Geita,,
LWEMO,,Geita,Geita,,
KAKUBILO,,Geita,Geita,,
KAMENA,,Geita,Geita,,
KAMHANGA,,Geita,Geita,,
KASEME,,Geita,Geita,,
LUTOZO,,Geita,Geita,,
NYANKONGOCHORO,,Geita,Geita,,
KILIMAHEWA,,Geita,Geita,,
LUDETE,,Geita,Geita,,
ISINGILO,,Geita,Geita,,
LWAMGASA,,Geita,Geita,,
LWEZERA,,Geita,Geita,,
MHARAMBA,,Geita,Geita,,
NKOME,,Geita,Geita,,
NYACHILULUMA,,Geita,Geita,,
BUTUNDWE,,Geita,Geita,,
NYAKAMWAGA,,Geita,Geita,,
NYAMALIMBE,,Geita,Geita,,
NYAMBOGE,,Geita,Geita,,
NYAMIGOTA,,Geita,Geita,,
NYAMWILOLELWA,,Geita,Geita,,
NYARUGUSU,,Geita,Geita,,
NYARUYEYE,,Geita,Geita,,
BUGANDO,,Geita,Geita,,
SENGA,,Geita,Geita,,
WAJA BOYS,,Geita,Geita Tc,,
WAJA GIRLS,,Geita,Geita Tc,,
GEITA ISLAMIC SEMINARY,,Geita,Geita Tc,,
KALANGALALA,,Geita,Geita Tc,,
MWATULOLE,,Geita,Geita Tc,,
BULELA,,Geita,Geita Tc,,
BUNG'WANGOKO,,Geita,Geita Tc,,
IHANAMILO,,Geita,Geita Tc,,
ALOYSIUS,,Geita,Geita Tc,,
GEITA,,Geita,Geita Tc,,
KASAMWA,,Geita,Geita Tc,,
SHANTAMINE,,Geita,Geita Tc,,
GEITA ADVENTIST,,Geita,Geita Tc,,
GOLDEN RIDGE,,Geita,Geita Tc,,
KIVUKONI,,Geita,Geita Tc,,
NYANKUMBU GIRLS,,Geita,Geita Tc,,
KANEGERE,,Geita,Mbogwe,,
IKOBE,,Geita,Mbogwe,,
IKUNGUIGAZI,,Geita,Mbogwe,,
ILOLANGULU,,Geita,Mbogwe,,
IPONYA,,Geita,Mbogwe,,
LUGUNGA,,Geita,Mbogwe,,
LULEMBELA,,Geita,Mbogwe,,
NYAKASALUMA,,Geita,Mbogwe,,
MBOGWE,,Geita,Mbogwe,,
NHOMOLWA,,Geita,Mbogwe,,
MASUMBWE,,Geita,Mbogwe,,
NYASATO,,Geita,Mbogwe,,
ISANGIJO,,Geita,Mbogwe,,
BUKWIMBA,,Geita,Nyang'Hwale,,
BUSOLWA,,Geita,Nyang'Hwale,,
IZUNYA,,Geita,Nyang'Hwale,,
KAFITA,,Geita,Nyang'Hwale,,
KAKORA,,Geita,Nyang'Hwale,,
MSALALA,,Geita,Nyang'Hwale,,
MWINGIRO,,Geita,Nyang'Hwale,,
NYANG'HWALE,,Geita,Nyang'Hwale,,
NYIJUNDU,,Geita,Nyang'Hwale,,
NYUGWA,,Geita,Nyang'Hwale,,
SHABAKA,,Geita,Nyang'Hwale,,
ABDUL RAHIM BUSOKA,,Shinyanga,Kahama Tc,,
ISAGEHE,,Shinyanga,Kahama Tc,,
MPERA,,Shinyanga,Kahama Tc,,
KAHAMA MUSLIM,,Shinyanga,Kahama Tc,,
BUKAMBA,,Shinyanga,Kahama Tc,,
KINAGA,,Shinyanga,Kahama Tc,,
KISHIMBA,,Shinyanga,Kahama Tc,,
ST.THERESA OF AVILA GIRLS,,Shinyanga,Kahama Tc,,
JOHN PAUL II KAHAMA,,Shinyanga,Kahama Tc,,
MHONGOLO PROGRESSIVE,,Shinyanga,Kahama Tc,,
NYASHIMBI,,Shinyanga,Kahama Tc,,
SISTER IRENE,,Shinyanga,Kahama Tc,,
NYIHOGO,,Shinyanga,Kahama Tc,,
RWEPA'S,,Shinyanga,Kahama Tc,,
VAILETH,,Shinyanga,Kahama Tc,,
BUGISHA,,Shinyanga,Kahama Tc,,
GOOD HOPE,,Shinyanga,Kahama Tc,,
ANDERLEK RIDGES,,Shinyanga,Kahama Tc,,
KWEMA MORDEN,,Shinyanga,Kahama Tc,,
MWENDAKULIMA,,Shinyanga,Kahama Tc,,
QUEEN OF FAMILY GIRLS',,Shinyanga,Kahama Tc,,
NGOGWA,,Shinyanga,Kahama Tc,,
MOUNT MORIE,,Shinyanga,Kahama Tc,,
NYANDEKWA,,Shinyanga,Kahama Tc,,
NYASUBI,,Shinyanga,Kahama Tc,,
OASIS,,Shinyanga,Kahama Tc,,
ISUNUKA,,Shinyanga,Kahama Tc,,
SEEKE,,Shinyanga,Kahama Tc,,
WIGEHE,,Shinyanga,Kahama Tc,,
BUBIKI,,Shinyanga,Kishapu,,
BUNAMBIYU,,Shinyanga,Kishapu,,
IDUKILO,,Shinyanga,Kishapu,,
BUSIYA,,Shinyanga,Kishapu,,
KISHAPU,,Shinyanga,Kishapu,,
MWAMADULU,,Shinyanga,Kishapu,,
MAGANZO,,Shinyanga,Kishapu,,
BULEKELA,,Shinyanga,Kishapu,,
MWIGUMBI,,Shinyanga,Kishapu,,
WISHITELEJA,,Shinyanga,Kishapu,,
MWADUI,,Shinyanga,Kishapu,,
MWADUI UFUNDI,,Shinyanga,Kishapu,,
SHINYANGA,,Shinyanga,Kishapu,,
MWAKIPOYA,,Shinyanga,Kishapu,,
MWAMALASA,,Shinyanga,Kishapu,,
MWAMASHELE,,Shinyanga,Kishapu,,
MWATAGA,,Shinyanga,Kishapu,,
NGOFILA,,Shinyanga,Kishapu,,
MIPA,,Shinyanga,Kishapu,,
MANGU,,Shinyanga,Kishapu,,
SOMAGEDI,,Shinyanga,Kishapu,,
SONGWA,,Shinyanga,Kishapu,,
TALAGA,,Shinyanga,Kishapu,,
IGAGA,,Shinyanga,Kishapu,,
UCHUNGA,,Shinyanga,Kishapu,,
KANAWA,,Shinyanga,Kishapu,,
UKENYENGE,,Shinyanga,Kishapu,,
BUGARAMA,,Shinyanga,Msalala,,
BULIGE,,Shinyanga,Msalala,,
BULYANHULU,,Shinyanga,Msalala,,
BUSANGI,,Shinyanga,Msalala,,
BALOHA,,Shinyanga,Msalala,,
ISAKA,,Shinyanga,Msalala,,
JANA,,Shinyanga,Msalala,,
LUNGUYA,,Shinyanga,Msalala,,
MWALUGULU,,Shinyanga,Msalala,,
MWAMANDI,,Shinyanga,Msalala,,
NGAYA,,Shinyanga,Msalala,,
NTOBO,,Shinyanga,Msalala,,
MWL NYERERE,,Shinyanga,Msalala,,
SEGESE,,Shinyanga,Msalala,,
SHAMMAH,,Shinyanga,Msalala,,
NYIKOBOKO,,Shinyanga,Msalala,,
USULE,,Shinyanga,Shinyanga,,
DIDIA,,Shinyanga,Shinyanga,,
IMESELA,,Shinyanga,Shinyanga,,
ISELAMAGAZI,,Shinyanga,Shinyanga,,
ILOLA,,Shinyanga,Shinyanga,,
LYABUKANDE,,Shinyanga,Shinyanga,,
LYABUSALU,,Shinyanga,Shinyanga,,
IHUGI,,Shinyanga,Shinyanga,,
MASENGWA,,Shinyanga,Shinyanga,,
NG'WAKITOLYO,,Shinyanga,Shinyanga,,
MWALUKWA,,Shinyanga,Shinyanga,,
KASELYA,,Shinyanga,Shinyanga,,
MWANTINI,,Shinyanga,Shinyanga,,
GEMBE,,Shinyanga,Shinyanga,,
ZUNZULI,,Shinyanga,Shinyanga,,
TINDE,,Shinyanga,Shinyanga,,
MISHEPO,,Shinyanga,Shinyanga,,
ITWANGI,,Shinyanga,Shinyanga,,
PANDAGI CHIZA,,Shinyanga,Shinyanga,,
SALAWE,,Shinyanga,Shinyanga,,
ISELA,,Shinyanga,Shinyanga,,
SOLWA,,Shinyanga,Shinyanga,,
KITULI,,Shinyanga,Shinyanga,,
TINDE GIRLS,,Shinyanga,Shinyanga,,
SAMUYE,,Shinyanga,Shinyanga,,
SHINGITA,,Shinyanga,Shinyanga,,
USANDA,,Shinyanga,Shinyanga,,
CHAMAGUHA,,Shinyanga,Shinyanga Mc,,
BISHOP NKOLA,,Shinyanga,Shinyanga Mc,,
ISTIQAAMA SHINYANGA ISLAMIC,,Shinyanga,Shinyanga Mc,,
MHUMBU ISLAMIC SEMINARI,,Shinyanga,Shinyanga Mc,,
RAJANI,,Shinyanga,Shinyanga Mc,,
SAVANNAH PLAINS,,Shinyanga,Shinyanga Mc,,
UZOGOLE,,Shinyanga,Shinyanga Mc,,
BUHANGIJA,,Shinyanga,Shinyanga Mc,,
IBINZAMATA,,Shinyanga,Shinyanga Mc,,
LITTLE TREASURES,,Shinyanga,Shinyanga Mc,,
MWASELE,,Shinyanga,Shinyanga Mc,,
BUSULWA,,Shinyanga,Shinyanga Mc,,
KIZUMBI,,Shinyanga,Shinyanga Mc,,
KOLANDOTO,,Shinyanga,Shinyanga Mc,,
MASEKELO,,Shinyanga,Shinyanga Mc,,
BULUBA,,Shinyanga,Shinyanga Mc,,
TOWN,,Shinyanga,Shinyanga Mc,,
UHURU,,Shinyanga,Shinyanga Mc,,
MWAMALILI,,Shinyanga,Shinyanga Mc,,
MWAWAZA,,Shinyanga,Shinyanga Mc,,
NDALA,,Shinyanga,Shinyanga Mc,,
KOM,,Shinyanga,Shinyanga Mc,,
MAZINGE,,Shinyanga,Shinyanga Mc,,
NGOKOLO,,Shinyanga,Shinyanga Mc,,
ST. FRANCIS OF ASSIS,,Shinyanga,Shinyanga Mc,,
OLD SHINYANGA,,Shinyanga,Shinyanga Mc,,
BULUNGWA,,Shinyanga,Ushetu,,
CHAMBO,,Shinyanga,Ushetu,,
CHONA,,Shinyanga,Ushetu,,
IDAHINA,,Shinyanga,Ushetu,,
IGUNDA,,Shinyanga,Ushetu,,
IGWAMANONI,,Shinyanga,Ushetu,,
KINAMAPULA,,Shinyanga,Ushetu,,
KISUKE,,Shinyanga,Ushetu,,
MPUNZE,,Shinyanga,Ushetu,,
NYANKENDE,,Shinyanga,Ushetu,,
SABASABINI,,Shinyanga,Ushetu,,
DAKAMA,,Shinyanga,Ushetu,,
UKUNE,,Shinyanga,Ushetu,,
ULEWE,,Shinyanga,Ushetu,,
ULOWA,,Shinyanga,Ushetu,,
MWELI,,Shinyanga,Ushetu,,
USHETU,,Shinyanga,Ushetu,,
BABAYU,,Dodoma,Bahi,,
BAHI,,Dodoma,Bahi,,
CHIKOPELO,,Dodoma,Bahi,,
CHIBELELA,,Dodoma,Bahi,,
MAGAGA,,Dodoma,Bahi,,
CHIKOLA,,Dodoma,Bahi,,
CHIPANGA,,Dodoma,Bahi,,
IBIHWA,,Dodoma,Bahi,,
IBUGULE,,Dodoma,Bahi,,
ILINDI,,Dodoma,Bahi,,
KIGWE,,Dodoma,Bahi,,
LAMAITI,,Dodoma,Bahi,,
CHONAMA,,Dodoma,Bahi,,
MPALANGA,,Dodoma,Bahi,,
MPAMANTWA,,Dodoma,Bahi,,
MSISI JUU,,Dodoma,Bahi,,
MTITAA,,Dodoma,Bahi,,
MUNDEMU,,Dodoma,Bahi,,
MWITIKIRA,,Dodoma,Bahi,,
ZANKA,,Dodoma,Bahi,,
BUIGIRI,CHAMWINO DODOMA/ IKULU,Dodoma,Chamwino,,
CHAMWINO,CHAMWINO DODOMA/ IKULU,Dodoma,Chamwino,,
CHILONWA,CHAMWINO DODOMA/ IKULU,Dodoma,Chamwino,,
DABALO,CHAMWINO DODOMA/ IKULU,Dodoma,Chamwino,,
FUFU,CHAMWINO DODOMA/ IKULU,Dodoma,Chamwino,,
HANDALI,CHAMWINO DODOMA/ IKULU,Dodoma,Chamwino,,
HANETI,CHAMWINO DODOMA/ IKULU,Dodoma,Chamwino,,
HUZI,CHAMWINO DODOMA/ IKULU,Dodoma,Chamwino,,
IDIFU,CHAMWINO DODOMA/ IKULU,Dodoma,Chamwino,,
IGANDU,CHAMWINO DODOMA/ IKULU,Dodoma,Chamwino,,
IKOWA,CHAMWINO DODOMA/ IKULU,Dodoma,Chamwino,,
MAKWAWA,CHAMWINO DODOMA/ IKULU,Dodoma,Chamwino,,
ITISO,CHAMWINO DODOMA/ IKULU,Dodoma,Chamwino,,
MAJELEKO,CHAMWINO DODOMA/ IKULU,Dodoma,Chamwino,,
MANCHALI,CHAMWINO DODOMA/ IKULU,Dodoma,Chamwino,,
MAILA,CHAMWINO DODOMA/ IKULU,Dodoma,Chamwino,,
MANZASE,CHAMWINO DODOMA/ IKULU,Dodoma,Chamwino,,
MEMBE,CHAMWINO DODOMA/ IKULU,Dodoma,Chamwino,,
MLOWA BARABARANI,CHAMWINO DODOMA/ IKULU,Dodoma,Chamwino,,
MLOWA BWAWANI,CHAMWINO DODOMA/ IKULU,Dodoma,Chamwino,,
MPWAYUNGU,CHAMWINO DODOMA/ IKULU,Dodoma,Chamwino,,
MSAMALO,CHAMWINO DODOMA/ IKULU,Dodoma,Chamwino,,
MSANGA,CHAMWINO DODOMA/ IKULU,Dodoma,Chamwino,,
DR. JOHN SAMWEL MALECELA,CHAMWINO DODOMA/ IKULU,Dodoma,Chamwino,,
MVUMI MAKULU,CHAMWINO DODOMA/ IKULU,Dodoma,Chamwino,,
MVUMI,CHAMWINO DODOMA/ IKULU,Dodoma,Chamwino,,
MVUMI MISSION,CHAMWINO DODOMA/ IKULU,Dodoma,Chamwino,,
SEGALA,CHAMWINO DODOMA/ IKULU,Dodoma,Chamwino,,
CHANDAMA,,Dodoma,Chemba,,
CHEMBA,,Dodoma,Chemba,,
DALAI,,Dodoma,Chemba,,
FARKWA,,Dodoma,Chemba,,
GOIMA,,Dodoma,Chemba,,
GWANDI,,Dodoma,Chemba,,
ITOLWA,,Dodoma,Chemba,,
JANGALO,,Dodoma,Chemba,,
KIMAHA,,Dodoma,Chemba,,
KWAMTORO,,Dodoma,Chemba,,
LALTA,,Dodoma,Chemba,,
MAKORONGO,,Dodoma,Chemba,,
AYA,,Dodoma,Chemba,,
MONDO,,Dodoma,Chemba,,
MPENDO,,Dodoma,Chemba,,
MRIJO,,Dodoma,Chemba,,
MSAADA,,Dodoma,Chemba,,
MSAKWALO,,Dodoma,Chemba,,
KELEMA BALAI,,Dodoma,Chemba,,
PARANGA,,Dodoma,Chemba,,
SANZAWA,,Dodoma,Chemba,,
SONGOLO,,Dodoma,Chemba,,
SOYA,,Dodoma,Chemba,,
CHINANGALI,,Dodoma,Dodoma Cc,,
HIJRA SEMINARY,,Dodoma,Dodoma Cc,,
LUKUNDO,,Dodoma,Dodoma Cc,,
CHIGONGWE,,Dodoma,Dodoma Cc,,
CHIHANGA,,Dodoma,Dodoma Cc,,
DODOMA MAKULU,,Dodoma,Dodoma Cc,,
KISASA,,Dodoma,Dodoma Cc,,
MARIA DE MATTIAS,,Dodoma,Dodoma Cc,,
HAZINA,,Dodoma,Dodoma Cc,,
HURUMA GIRLS,,Dodoma,Dodoma Cc,,
HOMBOLO,,Dodoma,Dodoma Cc,,
IHUMWA,,Dodoma,Dodoma Cc,,
ST. PETER CLAVER,,Dodoma,Dodoma Cc,,
MAKOLE,,Dodoma,Dodoma Cc,,
MERRIWA,,Dodoma,Dodoma Cc,,
IPALA,,Dodoma,Dodoma Cc,,
KIKOMBO,,Dodoma,Dodoma Cc,,
KIKUYU,,Dodoma,Dodoma Cc,,
WELLA,,Dodoma,Dodoma Cc,,
SECHELELA,,Dodoma,Dodoma Cc,,
KIWANJA CHA NDEGE,,Dodoma,Dodoma Cc,,
MLIMWA,,Dodoma,Dodoma Cc,,
CITY,,Dodoma,Dodoma Cc,,
KIZOTA,,Dodoma,Dodoma Cc,,
UMONGA,,Dodoma,Dodoma Cc,,
DODOMA,,Dodoma,Dodoma Cc,,
MAKUTUPORA,,Dodoma,Dodoma Cc,,
ST. GABRIEL UFUNDI,,Dodoma,Dodoma Cc,,
BIHAWANA,,Dodoma,Dodoma Cc,,
BIHAWANA JUNIOR SEMINARY,,Dodoma,Dodoma Cc,,
MBABALA,,Dodoma,Dodoma Cc,,
MBALAWALA,,Dodoma,Dodoma Cc,,
AZIMIO,,Dodoma,Dodoma Cc,,
JAMII,,Dodoma,Dodoma Cc,,
JOHN MERLINI,,Dodoma,Dodoma Cc,,
SALESIAN SEMINARY,,Dodoma,Dodoma Cc,,
MKONZE,,Dodoma,Dodoma Cc,,
MIYUJI,,Dodoma,Dodoma Cc,,
MPUNGUZI,,Dodoma,Dodoma Cc,,
CHIKOLE,,Dodoma,Dodoma Cc,,
MSALATO,,Dodoma,Dodoma Cc,,
MTUMBA,,Dodoma,Dodoma Cc,,
NALA,,Dodoma,Dodoma Cc,,
NG'HONG'HONHA,,Dodoma,Dodoma Cc,,
ITEGA,,Dodoma,Dodoma Cc,,
MNADANI,,Dodoma,Dodoma Cc,,
NKUHUNGU,,Dodoma,Dodoma Cc,,
NTYUKA,,Dodoma,Dodoma Cc,,
NZUGUNI,,Dodoma,Dodoma Cc,,
AL-QAEM SEMINARY,,Dodoma,Dodoma Cc,,
DCT JUBILEE,,Dodoma,Dodoma Cc,,
ST. IRENE MEDELI,,Dodoma,Dodoma Cc,,
DODOMA CENTRAL,,Dodoma,Dodoma Cc,,
VIWANDANI,,Dodoma,Dodoma Cc,,
ZUZU,,Dodoma,Dodoma Cc,,
BEREKO,KONDOA,Dodoma,Kondoa,,
BUMBUTA,KONDOA,Dodoma,Kondoa,,
BUSI,KONDOA,Dodoma,Kondoa,,
CHANGAA,KONDOA,Dodoma,Kondoa,,
INTELA,KONDOA,Dodoma,Kondoa,,
HONDOMOIRO,KONDOA,Dodoma,Kondoa,,
ITASWI,KONDOA,Dodoma,Kondoa,,
REGINA MUMBA LOWASA,KONDOA,Dodoma,Kondoa,,
KALAMBA,KONDOA,Dodoma,Kondoa,,
LOO,KONDOA,Dodoma,Kondoa,,
BERABERA,KONDOA,Dodoma,Kondoa,,
KIKILO,KONDOA,Dodoma,Kondoa,,
ORORIMO ISLAMIC,KONDOA,Dodoma,Kondoa,,
HURUI,KONDOA,Dodoma,Kondoa,,
KIKORE,KONDOA,Dodoma,Kondoa,,
KINYASI,KONDOA,Dodoma,Kondoa,,
KISESE,KONDOA,Dodoma,Kondoa,,
KWADELO,KONDOA,Dodoma,Kondoa,,
MASANGE,KONDOA,Dodoma,Kondoa,,
IMBAFI,KONDOA,Dodoma,Kondoa,,
AMANI A. KARUME,KONDOA,Dodoma,Kondoa,,
KITEO,KONDOA,Dodoma,Kondoa,,
TANNER GIRLS,KONDOA,Dodoma,Kondoa,,
MASAWI,KONDOA,Dodoma,Kondoa,,
BUKULU,KONDOA,Dodoma,Kondoa,,
SAKAMI,KONDOA,Dodoma,Kondoa,,
THAWI,KONDOA,Dodoma,Kondoa,,
GUBALI,,Dodoma,Kondoa Tc,,
KWAPAKACHA,,Dodoma,Kondoa Tc,,
BICHA,,Dodoma,Kondoa Tc,,
EMBEKO,,Dodoma,Kondoa Tc,,
DILAI,,Dodoma,Kondoa Tc,,
KOLO,,Dodoma,Kondoa Tc,,
IBRA,,Dodoma,Kondoa Tc,,
KONDOA GIRLS,,Dodoma,Kondoa Tc,,
KONDOA ISLAMIC,,Dodoma,Kondoa Tc,,
ULA,,Dodoma,Kondoa Tc,,
SERYA,,Dodoma,Kondoa Tc,,
MTOBUBU,,Dodoma,Kondoa Tc,,
MANG'HWETA,,Dodoma,Kongwa,,
CHIWE,,Dodoma,Kongwa,,
BANYIBANYI,,Dodoma,Kongwa,,
HOGORO,,Dodoma,Kongwa,,
IDUO,,Dodoma,Kongwa,,
BENJAMINI,,Dodoma,Kongwa,,
CHRISTOPHER,,Dodoma,Kongwa,,
KIBAIGWA,,Dodoma,Kongwa,,
NDURUGUMI,,Dodoma,Kongwa,,
PIO,,Dodoma,Kongwa,,
KONGWA,,Dodoma,Kongwa,,
MNYAKONGO,,Dodoma,Kongwa,,
MT. FRANCISCO WA ASSISI (GIRLS),,Dodoma,Kongwa,,
MAKAWA,,Dodoma,Kongwa,,
NORINI,,Dodoma,Kongwa,,
ZOISSA,,Dodoma,Kongwa,,
MLALI,,Dodoma,Kongwa,,
ST. CLARA MLALI GIRLS,,Dodoma,Kongwa,,
MTANANA,,Dodoma,Kongwa,,
NDALIBO,,Dodoma,Kongwa,,
NG'HUMBI,,Dodoma,Kongwa,,
NGOMAI,,Dodoma,Kongwa,,
HEMBAHEMBA,,Dodoma,Kongwa,,
PANDAMBILI,,Dodoma,Kongwa,,
LAIKALA,,Dodoma,Kongwa,,
SEJELI,,Dodoma,Kongwa,,
SONGAMBELE KILIMANI,,Dodoma,Kongwa,,
IBWAGA,,Dodoma,Kongwa,,
MUMI,,Dodoma,Kongwa,,
MANG'HAILA,,Dodoma,Kongwa,,
BEREGE,,Dodoma,Mpwapwa,,
CHIPOGORO,,Dodoma,Mpwapwa,,
GODEGODE,,Dodoma,Mpwapwa,,
IPERA,,Dodoma,Mpwapwa,,
KIBAKWE,,Dodoma,Mpwapwa,,
IKUYU,,Dodoma,Mpwapwa,,
LUHUNDWA,,Dodoma,Mpwapwa,,
KIMAGHAI,,Dodoma,Mpwapwa,,
MASSA,,Dodoma,Mpwapwa,,
MATOMONDO,,Dodoma,Mpwapwa,,
MADANYA NEW VISION,,Dodoma,Mpwapwa,,
MAZAE,,Dodoma,Mpwapwa,,
QUEEN ESTHER GIRLS',,Dodoma,Mpwapwa,,
MBUGA,,Dodoma,Mpwapwa,,
MIMA,,Dodoma,Mpwapwa,,
CHINYIKA,,Dodoma,Mpwapwa,,
IHALA,,Dodoma,Mpwapwa,,
MOUNT IGOVU,,Dodoma,Mpwapwa,,
MPWAPWA,,Dodoma,Mpwapwa,,
MWANAKIANGA,,Dodoma,Mpwapwa,,
MTERA DAM,,Dodoma,Mpwapwa,,
PWAGA,,Dodoma,Mpwapwa,,
RUDI,,Dodoma,Mpwapwa,,
VING'HAWE,,Dodoma,Mpwapwa,,
WOTTA,,Dodoma,Mpwapwa,,
DADU,,Singida,Ikungi,,
DUNG'UNYI SEMINARY,,Singida,Ikungi,,
MUNKINYA,,Singida,Ikungi,,
IGHOMBWE,,Singida,Ikungi,,
IGLANSONI,,Singida,Ikungi,,
MASINDA,,Singida,Ikungi,,
IKUNGI,,Singida,Ikungi,,
IRISYA,,Singida,Ikungi,,
IHANJA TECHNICAL,,Singida,Ikungi,,
ISEKE,,Singida,Ikungi,,
ISSUNA,,Singida,Ikungi,,
MKUNGUAKIHENDO,,Singida,Ikungi,,
MIANDI,,Singida,Ikungi,,
SINAI PUMA JUNIOR SEMINARI,,Singida,Ikungi,,
UTAHO,,Singida,Ikungi,,
LIGHWA,,Singida,Ikungi,,
MIFUMBU,,Singida,Ikungi,,
MAKIUNGU,,Singida,Ikungi,,
MANG'ONYI SHANTA,,Singida,Ikungi,,
MWAU,,Singida,Ikungi,,
WEMBERE,,Singida,Ikungi,,
MINYUGHE,,Singida,Ikungi,,
DR.ALI MOHAMED SHEIN,,Singida,Ikungi,,
MKIWA,,Singida,Ikungi,,
MTUNDURU,,Singida,Ikungi,,
MUHINTIRI,,Singida,Ikungi,,
MUNGAA,,Singida,Ikungi,,
MWARU,,Singida,Ikungi,,
NTUNTU,,Singida,Ikungi,,
MARIA STIEREN,,Singida,Ikungi,,
PUMA,,Singida,Ikungi,,
MSUNGUA,,Singida,Ikungi,,
SEPUKA,,Singida,Ikungi,,
PALLOTTI GIRLS,,Singida,Ikungi,,
SIUYU,,Singida,Ikungi,,
UNYAHATI,,Singida,Ikungi,,
KIDARU,,Singida,Iramba,,
KINAMPANDA,,Singida,Iramba,,
NEW KIOMBOI,,Singida,Iramba,,
RURUMA,,Singida,Iramba,,
KISANA,,Singida,Iramba,,
KISIRIRI,,Singida,Iramba,,
KYENGEGE,,Singida,Iramba,,
MBELEKESE,,Singida,Iramba,,
MGONGO,,Singida,Iramba,,
MTEKENTE,,Singida,Iramba,,
MTOA,,Singida,Iramba,,
MUKULU,,Singida,Iramba,,
NDAGO,,Singida,Iramba,,
USHORA,,Singida,Iramba,,
NTWIKE,,Singida,Iramba,,
KINAMBEU,,Singida,Iramba,,
LULUMBA,,Singida,Iramba,,
SHELUI,,Singida,Iramba,,
TULYA,,Singida,Iramba,,
KIZAGA,,Singida,Iramba,,
URUGHU,,Singida,Iramba,,
KAMENYANGA,,Singida,Itigi,,
IDODYANDOLE,,Singida,Itigi,,
IPAMUDA,,Singida,Itigi,,
HANDU,,Singida,Itigi,,
KIMADOI,,Singida,Itigi,,
MGANDU,,Singida,Itigi,,
KALEKWA,,Singida,Itigi,,
MARGARETA NASEAU,,Singida,Itigi,,
MITUNDU,,Singida,Itigi,,
SANJARANDA,,Singida,Itigi,,
ITIGI,,Singida,Itigi,,
KIZIGO,MANYONI,Singida,Manyoni,,
CHIKUYU,MANYONI,Singida,Manyoni,,
HEKA,MANYONI,Singida,Manyoni,,
ISSEKE,MANYONI,Singida,Manyoni,,
KINTINKU,MANYONI,Singida,Manyoni,,
KINANGALI,MANYONI,Singida,Manyoni,,
MAKANDA,MANYONI,Singida,Manyoni,,
MAKURU,MANYONI,Singida,Manyoni,,
AMANI GIRLS,MANYONI,Singida,Manyoni,,
MANYONI,MANYONI,Singida,Manyoni,,
MLEWA,MANYONI,Singida,Manyoni,,
MWANZI,MANYONI,Singida,Manyoni,,
NGAITI,MANYONI,Singida,Manyoni,,
MKWESE,MANYONI,Singida,Manyoni,,
NKONKO,MANYONI,Singida,Manyoni,,
SANZA,MANYONI,Singida,Manyoni,,
SASAJILA,MANYONI,Singida,Manyoni,,
KILIMATINDE,MANYONI,Singida,Manyoni,,
ST. JOHN'S SEMINARY,MANYONI,Singida,Manyoni,,
GUMANGA,,Singida,Mkalama,,
IBAGA,,Singida,Mkalama,,
IGUGUNO,,Singida,Mkalama,,
GUNDA,,Singida,Mkalama,,
IAMBI,,Singida,Mkalama,,
KIKHONDA,,Singida,Mkalama,,
GRACE MESAKI,,Singida,Mkalama,,
KINAMPUNDU,,Singida,Mkalama,,
KINYANGIRI,,Singida,Mkalama,,
MIGANGA,,Singida,Mkalama,,
CHEMCHEM,,Singida,Mkalama,,
JORMA,,Singida,Mkalama,,
SELENGE,,Singida,Mkalama,,
MWANGEZA,,Singida,Mkalama,,
NDUGUTI,,Singida,Mkalama,,
MALAJA,,Singida,Mkalama,,
SETH BENJAMIN,,Singida,Mkalama,,
NKINTO,,Singida,Mkalama,,
TUMULI,,Singida,Mkalama,,
IKHANODA,,Singida,Singida,,
AL-SWIDIIQ,,Singida,Singida,,
AMANAH,,Singida,Singida,,
ILONGERO,,Singida,Singida,,
ITAJA,,Singida,Singida,,
KIJOTA,,Singida,Singida,,
KIJOTA HILL GIRLS,,Singida,Singida,,
MIKIWU,,Singida,Singida,,
NYERI,,Singida,Singida,,
KINYETO,,Singida,Singida,,
MAGHOJOA,,Singida,Singida,,
MAKURO,,Singida,Singida,,
MATUMBO,,Singida,Singida,,
MERYA,,Singida,Singida,,
MWANAMWEMA SHEIN,,Singida,Singida,,
MRAMA,,Singida,Singida,,
MADASENGA,,Singida,Singida,,
MURIGHA GIRLS,,Singida,Singida,,
MSISI,,Singida,Singida,,
MTINKO,,Singida,Singida,,
SINGITU,,Singida,Singida,,
MUDIDA,,Singida,Singida,,
MUGHAMO,,Singida,Singida,,
MUGHUNGA,,Singida,Singida,,
MWASAUYA,,Singida,Singida,,
NGIMU,,Singida,Singida,,
POHAMA,,Singida,Singida,,
NTONGE,,Singida,Singida,,
MISINKO,,Singida,Singida,,
UGHANDI,,Singida,Singida,,
IPEMBE,,Singida,Singida Mc,,
KINDAI,,Singida,Singida Mc,,
MWENGE,,Singida,Singida Mc,,
ABETI,,Singida,Singida Mc,,
MANDEWA,,Singida,Singida Mc,,
MANGUANJUKI,,Singida,Singida Mc,,
SINGIDA,,Singida,Singida Mc,,
MUGHANGA,,Singida,Singida Mc,,
AL-AZHARY,,Singida,Singida Mc,,
DR. SALMIN AMOUR,,Singida,Singida Mc,,
KIMPUNGUA,,Singida,Singida Mc,,
MPINDA BOYS,,Singida,Singida Mc,,
ST.CAROLUS,,Singida,Singida Mc,,
MITUNDURUNI,,Singida,Singida Mc,,
MTAMAA,,Singida,Singida Mc,,
MTIPA,,Singida,Singida Mc,,
MUNGUMAJI,,Singida,Singida Mc,,
MWANKOKO,,Singida,Singida Mc,,
UNYAMBWA,,Singida,Singida Mc,,
MUFUMBU,,Singida,Singida Mc,,
UNYAMIKUMBI,,Singida,Singida Mc,,
UNYIANGA,,Singida,Singida Mc,,
SENGE,,Singida,Singida Mc,,
UTEMINI,,Singida,Singida Mc,,
CHAGONGWE,,Morogoro,Gairo,,
GAIRO,,Morogoro,Gairo,,
IYOGWE,,Morogoro,Gairo,,
KIBEDYA,,Morogoro,Gairo,,
CHAKWALE,,Morogoro,Gairo,,
A.M. SHABIBY,,Morogoro,Gairo,,
NJUNGWA,,Morogoro,Gairo,,
MAJEMBWE,,Morogoro,Gairo,,
NONGWE,,Morogoro,Gairo,,
RUBEHO,,Morogoro,Gairo,,
SEKWAO,,Morogoro,Gairo,,
BENIGNIS GIRLS,,Morogoro,Ifakara Tc,,
KILOMBERO,,Morogoro,Ifakara Tc,,
KIBAONI,,Morogoro,Ifakara Tc,,
KINGCOLLINS,,Morogoro,Ifakara Tc,,
MWALA,,Morogoro,Ifakara Tc,,
PREISWERK,,Morogoro,Ifakara Tc,,
QUEEN MARY'S,,Morogoro,Ifakara Tc,,
ST. RAPHAEL,,Morogoro,Ifakara Tc,,
KIYONGWILE,,Morogoro,Ifakara Tc,,
MLEKIA WINNERS,,Morogoro,Ifakara Tc,,
BRAVO,,Morogoro,Ifakara Tc,,
CIRKET,,Morogoro,Ifakara Tc,,
IFAKARA,,Morogoro,Ifakara Tc,,
LUMEMO,,Morogoro,Ifakara Tc,,
MLABANI,,Morogoro,Ifakara Tc,,
KWASHUNGU,,Morogoro,Ifakara Tc,,
TECHFORT,,Morogoro,Ifakara Tc,,
MGUGU,,Morogoro,Kilosa,,
CHANZURU,,Morogoro,Kilosa,,
DUMILA,,Morogoro,Kilosa,,
DENDEGO,,Morogoro,Kilosa,,
IWEMBA,,Morogoro,Kilosa,,
KILANGALI,,Morogoro,Kilosa,,
KIMAMBA,,Morogoro,Kilosa,,
MKULO,,Morogoro,Kilosa,,
MSOLWA ST. GASPARE BERTONI,,Morogoro,Kilosa,,
KITETE,,Morogoro,Kilosa,,
LUMBIJI,,Morogoro,Kilosa,,
LUMUMA,,Morogoro,Kilosa,,
MABULA,,Morogoro,Kilosa,,
MABWEREBWERE,,Morogoro,Kilosa,,
MKONO WA MARA,,Morogoro,Kilosa,,
MAGOLE,,Morogoro,Kilosa,,
KUTUKUTU,,Morogoro,Kilosa,,
MAGUBIKE,,Morogoro,Kilosa,,
CARMEL,,Morogoro,Kilosa,,
MWEGA,,Morogoro,Kilosa,,
MAMBOYA,,Morogoro,Kilosa,,
MASANZE,,Morogoro,Kilosa,,
DAKAWA,,Morogoro,Kilosa,,
MBUMI,,Morogoro,Kilosa,,
MIKUMI,,Morogoro,Kilosa,,
MAZINYUNGU,,Morogoro,Kilosa,,
MSOWERO,,Morogoro,Kilosa,,
MTUMBATU,,Morogoro,Kilosa,,
GONGWE,,Morogoro,Kilosa,,
PARAKUYO,,Morogoro,Kilosa,,
KIDODI,,Morogoro,Kilosa,,
LYAHIRA,,Morogoro,Kilosa,,
BETTY MITCHEL,,Morogoro,Kilosa,,
KILOSA,,Morogoro,Kilosa,,
RUDEWA,,Morogoro,Kilosa,,
RUHEMBE,,Morogoro,Kilosa,,
MATI,,Morogoro,Kilosa,,
UKWIVA,,Morogoro,Kilosa,,
ULELING'OMBE,,Morogoro,Kilosa,,
VIDUNDA,,Morogoro,Kilosa,,
ZOMBO,,Morogoro,Kilosa,,
BIRO,,Morogoro,Malinyi,,
IGAWA,,Morogoro,Malinyi,,
TUMAINI LUTHERAN SEMINARI,,Morogoro,Malinyi,,
BISHOP MCHONDE,,Morogoro,Malinyi,,
ITETE,,Morogoro,Malinyi,,
KIPINGO,,Morogoro,Malinyi,,
MALINYI,,Morogoro,Malinyi,,
ST. PIO MALINYI BOYS,,Morogoro,Malinyi,,
VITIRA,,Morogoro,Malinyi,,
MTIMBIRA,,Morogoro,Malinyi,,
ST. DON BOSCO GIRLS MTIMBIRA,,Morogoro,Malinyi,,
NGOHERANGA,,Morogoro,Malinyi,,
SOFI,,Morogoro,Malinyi,,
USANGULE,,Morogoro,Malinyi,,
BWAKIRA CHINI,,Morogoro,Morogoro,,
BWAKIRA JUU,,Morogoro,Morogoro,,
GWATA,,Morogoro,Morogoro,,
KIZAGILA,,Morogoro,Morogoro,,
KIBOGWA,,Morogoro,Morogoro,,
KIBUNGO JUU,,Morogoro,Morogoro,,
FATEMI,,Morogoro,Morogoro,,
KINOLE,,Morogoro,Morogoro,,
KIROKA,,Morogoro,Morogoro,,
KISAKI,,Morogoro,Morogoro,,
KISEMU,,Morogoro,Morogoro,,
KOLERO,,Morogoro,Morogoro,,
MATOMBO,,Morogoro,Morogoro,,
LUNDI,,Morogoro,Morogoro,,
MIKESE,,Morogoro,Morogoro,,
NELSON MANDELA,,Morogoro,Morogoro,,
MKULAZI,,Morogoro,Morogoro,,
MILENGWELENGWE,,Morogoro,Morogoro,,
MTOMBOZI,,Morogoro,Morogoro,,
MVUHA,,Morogoro,Morogoro,,
KIZUKA,,Morogoro,Morogoro,,
NGERENGERE 'B',,Morogoro,Morogoro,,
SELEMBALA,,Morogoro,Morogoro,,
SINGISA,,Morogoro,Morogoro,,
TAWA,,Morogoro,Morogoro,,
TEGETERO,,Morogoro,Morogoro,,
TOMONDO,,Morogoro,Morogoro,,
TUNUNGUO,,Morogoro,Morogoro,,
B. HILHORST,,Morogoro,Morogoro Mc,,
BIGWA Girls,,Morogoro,Morogoro Mc,,
MALATI,,Morogoro,Morogoro Mc,,
FOREST HILL,,Morogoro,Morogoro Mc,,
MOROGORO,,Morogoro,Morogoro Mc,,
TUBUYU,,Morogoro,Morogoro Mc,,
MGULASI,,Morogoro,Morogoro Mc,,
KAUZENI,,Morogoro,Morogoro Mc,,
KOLA HILL,,Morogoro,Morogoro Mc,,
EDUCARE,,Morogoro,Morogoro Mc,,
PADRE PIO,,Morogoro,Morogoro Mc,,
PRESBYTERIAN SEMINARI,,Morogoro,Morogoro Mc,,
SEGA GIRLS',,Morogoro,Morogoro Mc,,
ST. ANN'S GIRLS SEMINARY,,Morogoro,Morogoro Mc,,
ST. FRANCIS DE SALES SEMINARI,,Morogoro,Morogoro Mc,,
ULUGURU,,Morogoro,Morogoro Mc,,
UPENDO AMANI,,Morogoro,Morogoro Mc,,
YESPA,,Morogoro,Morogoro Mc,,
KIHONDA,,Morogoro,Morogoro Mc,,
KILAKALA,,Morogoro,Morogoro Mc,,
KINGALU,,Morogoro,Morogoro Mc,,
LUPANGA,,Morogoro,Morogoro Mc,,
ST. PETER'S,,Morogoro,Morogoro Mc,,
KIGURUNYEMBE,,Morogoro,Morogoro Mc,,
KINGO,,Morogoro,Morogoro Mc,,
IYULA MALAIKA,,Morogoro,Morogoro Mc,,
KINGOLWIRA,,Morogoro,Morogoro Mc,,
KITUNGWA,,Morogoro,Morogoro Mc,,
LUTHERAN JUNIOR SEMINARY,,Morogoro,Morogoro Mc,,
BONDWA,,Morogoro,Morogoro Mc,,
DENIS,,Morogoro,Morogoro Mc,,
ELU,,Morogoro,Morogoro Mc,,
MAFIGA,,Morogoro,Morogoro Mc,,
KAYENZI,,Morogoro,Morogoro Mc,,
SUA,,Morogoro,Morogoro Mc,,
JABAL HIRA ISLAMIC SEMINARY,,Morogoro,Morogoro Mc,,
MTONI MORO,,Morogoro,Morogoro Mc,,
NANENANE,,Morogoro,Morogoro Mc,,
AT-TAAUN,,Morogoro,Morogoro Mc,,
GREEN CITY,,Morogoro,Morogoro Mc,,
PADUCAH,,Morogoro,Morogoro Mc,,
BUNGODIMWE,,Morogoro,Morogoro Mc,,
MWEMBESONGO,,Morogoro,Morogoro Mc,,
TUSHIKAMANE,,Morogoro,Morogoro Mc,,
ALFAGEMS,,Morogoro,Morogoro Mc,,
CHARLOTTE,,Morogoro,Morogoro Mc,,
LAMIRIAM,,Morogoro,Morogoro Mc,,
UWANJA WA TAIFA,,Morogoro,Morogoro Mc,,
BUNDUKI,,Morogoro,Mvomero,,
WAMI,,Morogoro,Mvomero,,
DIONGOYA,,Morogoro,Mvomero,,
LUSANGA,,Morogoro,Mvomero,,
DOMA,,Morogoro,Mvomero,,
HEMBETI,,Morogoro,Mvomero,,
MZIHA,,Morogoro,Mvomero,,
UNGULU,,Morogoro,Mvomero,,
LANGALI,,Morogoro,Mvomero,,
KIKEO,,Morogoro,Mvomero,,
MASKATI,,Morogoro,Mvomero,,
DR. MEZGER,,Morogoro,Mvomero,,
MELELA,,Morogoro,Mvomero,,
MGETA,,Morogoro,Mvomero,,
MURAD SADDIQ,,Morogoro,Mvomero,,
KIPERA,,Morogoro,Mvomero,,
MTIBWA,,Morogoro,Mvomero,,
NASSORO SEIF,,Morogoro,Mvomero,,
MVOMERO,,Morogoro,Mvomero,,
ASKOFU ADRIAN MKOBA,,Morogoro,Mvomero,,
MONGOLA,,Morogoro,Mvomero,,
MZUMBE,,Morogoro,Mvomero,,
TCHENZEMA,,Morogoro,Mvomero,,
SUNGAJI,,Morogoro,Mvomero,,
CHIROMBOLA,,Morogoro,Ulanga,,
EUGA,,Morogoro,Ulanga,,
ILONGA,,Morogoro,Ulanga,,
IRAGUA,,Morogoro,Ulanga,,
ISONGO,,Morogoro,Ulanga,,
REGINA MUNDI GIRLS,,Morogoro,Ulanga,,
KICHANGANI,,Morogoro,Ulanga,,
IGOTA,,Morogoro,Ulanga,,
LUPIRO,,Morogoro,Ulanga,,
MAHENGE,,Morogoro,Ulanga,,
MINEPA,,Morogoro,Ulanga,,
CELINA KOMBANI,,Morogoro,Ulanga,,
NAWENGE,,Morogoro,Ulanga,,
KASITA SEMINARY,,Morogoro,Ulanga,,
UPONERA,,Morogoro,Ulanga,,
KWIRO,,Morogoro,Ulanga,,
ST. AGNESS KWIRO GIRLS',,Morogoro,Ulanga,,
ST. JOSEPH SOGA BOYS,,Morogoro,Ulanga,,
VIGOI,,Morogoro,Ulanga,,
CHISANO,,Morogoro,Kilombero,,
CHITA,,Morogoro,Kilombero,,
MATUNDU HILL,,Morogoro,Kilombero,,
MBINGU,,Morogoro,Kilombero,,
KAOZYA,,Morogoro,Kilombero,,
KAMWENE,,Morogoro,Kilombero,,
KILAMSA,,Morogoro,Kilombero,,
MLIMBA GIRLS,,Morogoro,Kilombero,,
KIBEREGE,,Morogoro,Kilombero,,
CANE GROWERS,,Morogoro,Kilombero,,
MALECELA,,Morogoro,Kilombero,,
NYANDEO,,Morogoro,Kilombero,,
KISAWASAWA,,Morogoro,Kilombero,,
BOKELA,,Morogoro,Kilombero,,
MASAGATI,,Morogoro,Kilombero,,
TAITA,,Morogoro,Kilombero,,
ST. MARTIN'S GIRLS',,Morogoro,Kilombero,,
NAKAGURU,,Morogoro,Kilombero,,
MWANIHANA,,Morogoro,Kilombero,,
SOLE,,Morogoro,Kilombero,,
KELLU HILL,,Morogoro,Kilombero,,
MLIMBA DAY,,Morogoro,Kilombero,,
TREE FARM,,Morogoro,Kilombero,,
KIBURUBUTU,,Morogoro,Kilombero,,
MCHOMBE,,Morogoro,Kilombero,,
MOFU,,Morogoro,Kilombero,,
NYANGE,,Morogoro,Kilombero,,
MANG'ULA,,Morogoro,Kilombero,,
MT. UDZUNGWA,,Morogoro,Kilombero,,
COMPASSION,,Morogoro,Kilombero,,
KIDATU,,Morogoro,Kilombero,,
SANJE,,Morogoro,Kilombero,,
SIGNAL,,Morogoro,Kilombero,,
UCHINDILE,,Morogoro,Kilombero,,
MUTENGA,,Morogoro,Kilombero,,
IDODI,,Iringa,Iringa,,
ST. JOHN PAUL II,,Iringa,Iringa,,
IFUNDA GIRLS,,Iringa,Iringa,,
IFUNDA TECHNICAL,,Iringa,Iringa,,
KIBENA,,Iringa,Iringa,,
LYANDEMBELA,,Iringa,Iringa,,
LYASA,,Iringa,Iringa,,
ST THERESIA MIBIKIMITALI,,Iringa,Iringa,,
WILIUM LUKUVI,,Iringa,Iringa,,
PAWAGA,,Iringa,Iringa,,
LIPULI,,Iringa,Iringa,,
ST.DOMINIC SAVIO,,Iringa,Iringa,,
TOSAMAGANGA,,Iringa,Iringa,,
KIMAIGA,,Iringa,Iringa,,
ISMANI,,Iringa,Iringa,,
ILAMBILOLE,,Iringa,Iringa,,
BREAD OF LIFE,,Iringa,Iringa,,
DOKAMAN,,Iringa,Iringa,,
LUHOTA,,Iringa,Iringa,,
ST. THOMAS NYABULA,,Iringa,Iringa,,
LUMULI,,Iringa,Iringa,,
ST MARY&#8217;S ULETE,,Iringa,Iringa,,
ISIMILA,,Iringa,Iringa,,
KIPONZELO,,Iringa,Iringa,,
MAGULILWA,,Iringa,Iringa,,
MUHWANA,,Iringa,Iringa,,
FURAHIA,,Iringa,Iringa,,
MSEKE,,Iringa,Iringa,,
MGAMA,,Iringa,Iringa,,
MTERA,,Iringa,Iringa,,
NYERERE - MIGOLI,,Iringa,Iringa,,
NYANG'ORO,,Iringa,Iringa,,
DIMITRIOS,,Iringa,Iringa,,
KIDAMALI,,Iringa,Iringa,,
KALENGA,,Iringa,Iringa,,
ST. MONICA WASA,,Iringa,Iringa,,
WASA,,Iringa,Iringa,,
HIGHLANDS,,Iringa,Iringa Mc,,
IRINGA GIRLS,,Iringa,Iringa Mc,,
KLERUU,,Iringa,Iringa Mc,,
LUGALO,,Iringa,Iringa Mc,,
UMMU -SALAMA,,Iringa,Iringa Mc,,
MLAMKE,,Iringa,Iringa Mc,,
CONSOLATA IRINGA,,Iringa,Iringa Mc,,
KITWIRU,,Iringa,Iringa Mc,,
KIHESA,,Iringa,Iringa Mc,,
MIYOMBONI,,Iringa,Iringa Mc,,
CAGLIELO,,Iringa,Iringa Mc,,
EASTERN STAR,,Iringa,Iringa Mc,,
EFATHA,,Iringa,Iringa Mc,,
IPOGOLO,,Iringa,Iringa Mc,,
IRINGA ADVENTIST,,Iringa,Iringa Mc,,
RUAHA SEMINARI,,Iringa,Iringa Mc,,
KWAKILOSA,,Iringa,Iringa Mc,,
MWEMBETOGWA,,Iringa,Iringa Mc,,
MTWIVILA,,Iringa,Iringa Mc,,
WENDYRAYNA,,Iringa,Iringa Mc,,
KWELU,,Iringa,Iringa Mc,,
MKWAWA,,Iringa,Iringa Mc,,
SPRING VALLEY GIRLS',,Iringa,Iringa Mc,,
MLANDEGE,,Iringa,Iringa Mc,,
MAWELEWELE,,Iringa,Iringa Mc,,
SCIM POLYTECH,,Iringa,Iringa Mc,,
SUN,,Iringa,Iringa Mc,,
EBENEZER SEMINARI,,Iringa,Iringa Mc,,
NDULI,,Iringa,Iringa Mc,,
ST. JOSEPH IPOGOLO,,Iringa,Iringa Mc,,
TAGAMENDA,,Iringa,Iringa Mc,,
BOMALANG'OMBE,,Iringa,Kilolo,,
IPETA,,Iringa,Kilolo,,
DABAGA,,Iringa,Kilolo,,
MARIACONSOLATA,,Iringa,Kilolo,,
UDZUNGWA,,Iringa,Kilolo,,
IBUMU,,Iringa,Kilolo,,
IMAGE,,Iringa,Kilolo,,
NAMNYAKI,,Iringa,Kilolo,,
LUTANGILO,,Iringa,Kilolo,,
MADEGE,,Iringa,Kilolo,,
MTITU,,Iringa,Kilolo,,
ST. JAMES KILOLO,,Iringa,Kilolo,,
ILULA,,Iringa,Kilolo,,
IMAGE VOSA,,Iringa,Kilolo,,
THE LORD'S HILL,,Iringa,Kilolo,,
NGANGWE,,Iringa,Kilolo,,
SELEBU,,Iringa,Kilolo,,
IROLE,,Iringa,Kilolo,,
LUNDAMATWE,,Iringa,Kilolo,,
UMBUYA,,Iringa,Kilolo,,
LUGHANO,,Iringa,Kilolo,,
KISING'A,,Iringa,Kilolo,,
MAZOMBE,,Iringa,Kilolo,,
MASISIWE,,Iringa,Kilolo,,
MLAFU,,Iringa,Kilolo,,
KILOLO,,Iringa,Kilolo,,
LULANZI,,Iringa,Kilolo,,
ST. MICHAEL,,Iringa,Kilolo,,
MAKWEMA,,Iringa,Kilolo,,
POMERINI,,Iringa,Kilolo,,
KIHEKA,,Iringa,Kilolo,,
NYALUMBU,,Iringa,Kilolo,,
SAYUNI,,Iringa,Kilolo,,
NYANZWA,,Iringa,Kilolo,,
LUKOSI,,Iringa,Kilolo,,
UDEKWA,,Iringa,Kilolo,,
UHAMBINGETO,,Iringa,Kilolo,,
KITOWO,,Iringa,Kilolo,,
MAWAMBALA,,Iringa,Kilolo,,
UKUMBI,,Iringa,Kilolo,,
IPALAMWA,,Iringa,Kilolo,,
UKWEGA,,Iringa,Kilolo,,
IHONGOLE,,Iringa,Mafinga Tc,,
J.J. MUNGAI,,Iringa,Mafinga Tc,,
NYAMALALA,,Iringa,Mafinga Tc,,
BUKIMAU,,Iringa,Mafinga Tc,,
BUMILAYINGA,,Iringa,Mafinga Tc,,
CHANGARAWE,,Iringa,Mafinga Tc,,
CONSOLATA SEMINARY,,Iringa,Mafinga Tc,,
MAFINGA SEMINARY,,Iringa,Mafinga Tc,,
ISALAVANU,,Iringa,Mafinga Tc,,
KINYANAMBO,,Iringa,Mafinga Tc,,
REAL HOPE,,Iringa,Mafinga Tc,,
ADONAI,,Iringa,Mafinga Tc,,
MNYIGUMBA,,Iringa,Mafinga Tc,,
LUMWAGO,,Iringa,Mafinga Tc,,
BETHEL SABS,,Iringa,Mafinga Tc,,
DONBOSCO SEMINARY,,Iringa,Mafinga Tc,,
KAWAWA,,Iringa,Mafinga Tc,,
LUGANGA,,Iringa,Mafinga Tc,,
MISO,,Iringa,Mafinga Tc,,
IDUNDA,,Iringa,Mufindi,,
ITONA,,Iringa,Mufindi,,
IGOMBAVANU,,Iringa,Mufindi,,
IMAULUMA,,Iringa,Mufindi,,
IGOWOLE,,Iringa,Mufindi,,
NZIVI,,Iringa,Mufindi,,
AMBROSE BARLOW,,Iringa,Mufindi,,
IHALIMBA,,Iringa,Mufindi,,
IHANU,,Iringa,Mufindi,,
IHOWANZA,,Iringa,Mufindi,,
IFWAGI,,Iringa,Mufindi,,
ILONGO,,Iringa,Mufindi,,
ITANDULA,,Iringa,Mufindi,,
ILOGOMBE,,Iringa,Mufindi,,
KIBENGU,,Iringa,Mufindi,,
ST.ANSELM,,Iringa,Mufindi,,
KIYOWELA,,Iringa,Mufindi,,
LUHUNGA,,Iringa,Mufindi,,
MADISI,,Iringa,Mufindi,,
MADUMA,,Iringa,Mufindi,,
MAKUNGU,,Iringa,Mufindi,,
MGOLOLO,,Iringa,Mufindi,,
ITENGULE,,Iringa,Mufindi,,
KINGEGE,,Iringa,Mufindi,,
LYANIKA,,Iringa,Mufindi,,
MALANGALI,,Iringa,Mufindi,,
KIHANSI,,Iringa,Mufindi,,
MBALAMAZIWA,,Iringa,Mufindi,,
